account_id,owner_entity_id,owner_entity_type,account_type,currency,opened_at,status,home_branch,initial_balance,bank_id
ACCT-000001,CUST-000001,CUSTOMER,PAYMENT,VND,2022-11-16T02:59:59Z,ACTIVE,BR-627,74845055,BANK-MBB-003
ACCT-000002,CUST-000002,CUSTOMER,SAVINGS,VND,2025-08-22T08:59:59Z,ACTIVE,BR-107,114092856,BANK-VCB-001
ACCT-000003,CUST-000002,CUSTOMER,PAYMENT,VND,2025-06-19T07:59:59Z,ACTIVE,BR-625,51709926,BANK-VCB-001
ACCT-000004,CUST-000003,CUSTOMER,PAYMENT,VND,2024-07-20T00:59:59Z,ACTIVE,BR-664,32089138,BANK-VPB-005
ACCT-000005,CUST-000003,CUSTOMER,PAYMENT,VND,2023-01-09T10:59:59Z,ACTIVE,BR-588,87745694,BANK-TCB-002
ACCT-000006,CUST-000004,CUSTOMER,PAYMENT,VND,2024-07-22T08:59:59Z,ACTIVE,BR-961,34579693,BANK-VPB-005
ACCT-000007,CUST-000005,CUSTOMER,PAYMENT,VND,2024-11-03T07:59:59Z,ACTIVE,BR-198,10632297,BANK-TCB-002
ACCT-000008,CUST-000006,CUSTOMER,SAVINGS,VND,2020-10-06T00:59:59Z,ACTIVE,BR-854,29866226,BANK-ACB-004
ACCT-000009,CUST-000007,CUSTOMER,PAYMENT,VND,2025-01-01T10:59:59Z,ACTIVE,BR-632,71641146,BANK-VCB-001
ACCT-000010,CUST-000008,CUSTOMER,SAVINGS,VND,2024-04-03T09:59:59Z,ACTIVE,BR-521,21793856,BANK-TCB-002
ACCT-000011,CUST-000008,CUSTOMER,PAYMENT,VND,2024-09-11T11:59:59Z,ACTIVE,BR-729,22273309,BANK-VPB-005
ACCT-000012,CUST-000009,CUSTOMER,PAYMENT,VND,2022-05-28T01:59:59Z,ACTIVE,BR-445,59184143,BANK-ACB-004
ACCT-000013,CUST-000010,CUSTOMER,SAVINGS,VND,2022-11-16T06:59:59Z,ACTIVE,BR-311,31966467,BANK-VCB-001
ACCT-000014,CUST-000010,CUSTOMER,PAYMENT,VND,2025-01-03T03:59:59Z,ACTIVE,BR-433,20531796,BANK-TCB-002
ACCT-000015,CUST-000011,CUSTOMER,SAVINGS,VND,2023-07-07T10:59:59Z,ACTIVE,BR-919,70620401,BANK-ACB-004
ACCT-000016,CUST-000012,CUSTOMER,PAYMENT,VND,2023-08-30T04:59:59Z,ACTIVE,BR-775,71015507,BANK-ACB-004
ACCT-000017,CUST-000013,CUSTOMER,SAVINGS,VND,2021-11-14T07:59:59Z,ACTIVE,BR-871,5876897,BANK-ACB-004
ACCT-000018,CUST-000014,CUSTOMER,PAYMENT,VND,2024-10-23T11:59:59Z,ACTIVE,BR-710,56455426,BANK-TCB-002
ACCT-000019,CUST-000014,CUSTOMER,PAYMENT,VND,2022-04-02T06:59:59Z,ACTIVE,BR-647,49253738,BANK-MBB-003
ACCT-000020,CUST-000015,CUSTOMER,PAYMENT,VND,2025-07-24T02:59:59Z,ACTIVE,BR-989,74807074,BANK-VCB-001
ACCT-000021,CUST-000016,CUSTOMER,PAYMENT,VND,2024-01-23T03:59:59Z,ACTIVE,BR-292,99589717,BANK-VCB-001
ACCT-000022,CUST-000017,CUSTOMER,PAYMENT,VND,2024-10-25T23:59:59Z,ACTIVE,BR-525,5720480,BANK-VPB-005
ACCT-000023,CUST-000018,CUSTOMER,PAYMENT,VND,2024-12-15T06:59:59Z,ACTIVE,BR-538,45469653,BANK-MBB-003
ACCT-000024,CUST-000019,CUSTOMER,PAYMENT,VND,2024-06-23T10:59:59Z,ACTIVE,BR-627,24113941,BANK-VCB-001
ACCT-000025,CUST-000020,CUSTOMER,PAYMENT,VND,2025-09-14T02:59:59Z,ACTIVE,BR-208,79856558,BANK-TCB-002
ACCT-000026,CUST-000021,CUSTOMER,PAYMENT,VND,2024-04-17T04:59:59Z,ACTIVE,BR-386,70714110,BANK-ACB-004
ACCT-000027,CUST-000022,CUSTOMER,PAYMENT,VND,2025-08-20T23:59:59Z,ACTIVE,BR-167,11740849,BANK-MBB-003
ACCT-000028,CUST-000023,CUSTOMER,PAYMENT,VND,2025-05-26T04:59:59Z,ACTIVE,BR-430,199146023,BANK-ACB-004
ACCT-000029,CUST-000024,CUSTOMER,SAVINGS,VND,2024-09-07T08:59:59Z,ACTIVE,BR-658,12071801,BANK-TCB-002
ACCT-000030,CUST-000025,CUSTOMER,PAYMENT,VND,2022-05-23T03:59:59Z,ACTIVE,BR-333,71029534,BANK-VCB-001
ACCT-000031,CUST-000026,CUSTOMER,PAYMENT,VND,2022-09-23T04:59:59Z,ACTIVE,BR-955,182123005,BANK-VPB-005
ACCT-000032,CUST-000027,CUSTOMER,PAYMENT,VND,2025-02-04T02:59:59Z,ACTIVE,BR-126,14445695,BANK-VCB-001
ACCT-000033,CUST-000028,CUSTOMER,PAYMENT,VND,2025-05-13T01:59:59Z,ACTIVE,BR-959,64798742,BANK-ACB-004
ACCT-000034,CUST-000029,CUSTOMER,PAYMENT,VND,2025-02-21T11:59:59Z,ACTIVE,BR-937,10721134,BANK-ACB-004
ACCT-000035,CUST-000030,CUSTOMER,SAVINGS,VND,2023-06-06T02:59:59Z,ACTIVE,BR-484,4410709,BANK-TCB-002
ACCT-000036,CUST-000031,CUSTOMER,PAYMENT,VND,2025-10-08T06:59:59Z,ACTIVE,BR-134,93589035,BANK-VCB-001
ACCT-000037,CUST-000032,CUSTOMER,PAYMENT,VND,2025-08-16T03:59:59Z,ACTIVE,BR-867,135928487,BANK-VCB-001
ACCT-000038,CUST-000033,CUSTOMER,PAYMENT,VND,2021-05-13T07:59:59Z,ACTIVE,BR-323,12377867,BANK-VCB-001
ACCT-000039,CUST-000034,CUSTOMER,PAYMENT,VND,2024-04-16T23:59:59Z,ACTIVE,BR-854,37951825,BANK-MBB-003
ACCT-000040,CUST-000035,CUSTOMER,PAYMENT,VND,2024-01-15T06:59:59Z,ACTIVE,BR-302,20214045,BANK-ACB-004
ACCT-000041,CUST-000036,CUSTOMER,PAYMENT,VND,2022-01-17T23:59:59Z,ACTIVE,BR-547,188324863,BANK-VCB-001
ACCT-000042,CUST-000037,CUSTOMER,PAYMENT,VND,2022-10-15T05:59:59Z,ACTIVE,BR-373,35888994,BANK-VPB-005
ACCT-000043,CUST-000038,CUSTOMER,PAYMENT,VND,2025-10-04T07:59:59Z,ACTIVE,BR-662,67680075,BANK-VPB-005
ACCT-000044,CUST-000039,CUSTOMER,SAVINGS,VND,2024-03-16T04:59:59Z,ACTIVE,BR-850,70981507,BANK-VPB-005
ACCT-000045,CUST-000040,CUSTOMER,PAYMENT,VND,2023-11-15T10:59:59Z,ACTIVE,BR-399,16449064,BANK-VCB-001
ACCT-000046,CUST-000041,CUSTOMER,SAVINGS,VND,2023-11-07T06:59:59Z,ACTIVE,BR-526,83747551,BANK-MBB-003
ACCT-000047,CUST-000041,CUSTOMER,SAVINGS,VND,2025-04-27T23:59:59Z,ACTIVE,BR-919,82041639,BANK-TCB-002
ACCT-000048,CUST-000042,CUSTOMER,PAYMENT,VND,2025-04-14T09:59:59Z,ACTIVE,BR-121,52560131,BANK-VCB-001
ACCT-000049,CUST-000043,CUSTOMER,SAVINGS,VND,2024-04-04T10:59:59Z,ACTIVE,BR-880,32409901,BANK-TCB-002
ACCT-000050,CUST-000044,CUSTOMER,PAYMENT,VND,2025-07-17T05:59:59Z,ACTIVE,BR-776,62130920,BANK-VPB-005
ACCT-000051,CUST-000045,CUSTOMER,PAYMENT,VND,2025-04-09T07:59:59Z,ACTIVE,BR-334,7381057,BANK-VCB-001
ACCT-000052,CUST-000046,CUSTOMER,PAYMENT,VND,2024-03-22T11:59:59Z,ACTIVE,BR-999,35643618,BANK-VCB-001
ACCT-000053,CUST-000047,CUSTOMER,PAYMENT,VND,2025-03-08T03:59:59Z,ACTIVE,BR-140,41585234,BANK-TCB-002
ACCT-000054,CUST-000048,CUSTOMER,SAVINGS,VND,2024-01-06T04:59:59Z,ACTIVE,BR-445,34924542,BANK-TCB-002
ACCT-000055,CUST-000048,CUSTOMER,PAYMENT,VND,2024-11-20T03:59:59Z,ACTIVE,BR-154,68939550,BANK-ACB-004
ACCT-000056,CUST-000049,CUSTOMER,SAVINGS,VND,2023-04-16T10:59:59Z,ACTIVE,BR-131,61046808,BANK-VCB-001
ACCT-000057,CUST-000050,CUSTOMER,SAVINGS,VND,2025-09-12T01:59:59Z,ACTIVE,BR-408,69136403,BANK-VCB-001
ACCT-000058,CUST-000051,CUSTOMER,SAVINGS,VND,2023-12-24T07:59:59Z,ACTIVE,BR-507,77846116,BANK-ACB-004
ACCT-000059,CUST-000051,CUSTOMER,PAYMENT,VND,2025-05-08T11:59:59Z,ACTIVE,BR-485,60187126,BANK-ACB-004
ACCT-000060,CUST-000052,CUSTOMER,SAVINGS,VND,2025-01-24T00:59:59Z,ACTIVE,BR-407,31328212,BANK-MBB-003
ACCT-000061,CUST-000053,CUSTOMER,PAYMENT,VND,2024-04-09T11:59:59Z,ACTIVE,BR-971,42680833,BANK-TCB-002
ACCT-000062,CUST-000053,CUSTOMER,SAVINGS,VND,2025-03-20T02:59:59Z,ACTIVE,BR-800,73734217,BANK-TCB-002
ACCT-000063,CUST-000054,CUSTOMER,SAVINGS,VND,2023-05-30T07:59:59Z,ACTIVE,BR-167,53676893,BANK-TCB-002
ACCT-000064,CUST-000054,CUSTOMER,PAYMENT,VND,2021-12-26T23:59:59Z,ACTIVE,BR-143,49529574,BANK-VPB-005
ACCT-000065,CUST-000055,CUSTOMER,SAVINGS,VND,2023-09-28T23:59:59Z,ACTIVE,BR-386,995550,BANK-TCB-002
ACCT-000066,CUST-000055,CUSTOMER,PAYMENT,VND,2024-07-09T23:59:59Z,ACTIVE,BR-287,12519057,BANK-MBB-003
ACCT-000067,CUST-000056,CUSTOMER,SAVINGS,VND,2025-08-23T02:59:59Z,ACTIVE,BR-179,38319557,BANK-TCB-002
ACCT-000068,CUST-000057,CUSTOMER,PAYMENT,VND,2025-09-20T09:59:59Z,ACTIVE,BR-741,11402870,BANK-MBB-003
ACCT-000069,CUST-000058,CUSTOMER,SAVINGS,VND,2025-06-29T08:59:59Z,ACTIVE,BR-965,57818492,BANK-TCB-002
ACCT-000070,CUST-000058,CUSTOMER,SAVINGS,VND,2025-06-12T11:59:59Z,ACTIVE,BR-757,44503930,BANK-TCB-002
ACCT-000071,CUST-000059,CUSTOMER,PAYMENT,VND,2025-03-10T01:59:59Z,ACTIVE,BR-239,18907198,BANK-ACB-004
ACCT-000072,CUST-000060,CUSTOMER,SAVINGS,VND,2023-12-13T07:59:59Z,ACTIVE,BR-188,1857396,BANK-MBB-003
ACCT-000073,CUST-000061,CUSTOMER,PAYMENT,VND,2025-09-12T23:59:59Z,ACTIVE,BR-531,68811875,BANK-VPB-005
ACCT-000074,CUST-000062,CUSTOMER,PAYMENT,VND,2024-07-14T01:59:59Z,ACTIVE,BR-700,13102379,BANK-MBB-003
ACCT-000075,CUST-000063,CUSTOMER,SAVINGS,VND,2022-01-17T08:59:59Z,ACTIVE,BR-194,96831032,BANK-MBB-003
ACCT-000076,CUST-000064,CUSTOMER,PAYMENT,VND,2024-12-30T01:59:59Z,ACTIVE,BR-595,42091319,BANK-MBB-003
ACCT-000077,CUST-000064,CUSTOMER,SAVINGS,VND,2025-03-05T04:59:59Z,ACTIVE,BR-897,76308318,BANK-ACB-004
ACCT-000078,CUST-000065,CUSTOMER,PAYMENT,VND,2025-09-14T05:59:59Z,ACTIVE,BR-623,33746640,BANK-ACB-004
ACCT-000079,CUST-000066,CUSTOMER,PAYMENT,VND,2024-03-13T06:59:59Z,ACTIVE,BR-282,65157262,BANK-VCB-001
ACCT-000080,CUST-000066,CUSTOMER,SAVINGS,VND,2024-12-29T08:59:59Z,ACTIVE,BR-906,96161810,BANK-VPB-005
ACCT-000081,CUST-000067,CUSTOMER,PAYMENT,VND,2021-07-16T06:59:59Z,ACTIVE,BR-781,138386099,BANK-VCB-001
ACCT-000082,CUST-000068,CUSTOMER,PAYMENT,VND,2023-05-27T09:59:59Z,ACTIVE,BR-762,22039983,BANK-TCB-002
ACCT-000083,CUST-000069,CUSTOMER,PAYMENT,VND,2025-04-05T11:59:59Z,ACTIVE,BR-444,5141385,BANK-MBB-003
ACCT-000084,CUST-000070,CUSTOMER,SAVINGS,VND,2025-09-25T03:59:59Z,ACTIVE,BR-324,5010461,BANK-VCB-001
ACCT-000085,CUST-000071,CUSTOMER,PAYMENT,VND,2023-02-28T07:59:59Z,ACTIVE,BR-901,8367043,BANK-ACB-004
ACCT-000086,CUST-000072,CUSTOMER,SAVINGS,VND,2024-10-29T04:59:59Z,ACTIVE,BR-189,46274199,BANK-VPB-005
ACCT-000087,CUST-000073,CUSTOMER,PAYMENT,VND,2025-02-01T07:59:59Z,ACTIVE,BR-766,43805943,BANK-VPB-005
ACCT-000088,CUST-000074,CUSTOMER,PAYMENT,VND,2024-12-19T03:59:59Z,ACTIVE,BR-107,30959105,BANK-TCB-002
ACCT-000089,CUST-000075,CUSTOMER,PAYMENT,VND,2024-11-08T01:59:59Z,ACTIVE,BR-613,79210060,BANK-ACB-004
ACCT-000090,CUST-000076,CUSTOMER,PAYMENT,VND,2024-12-25T09:59:59Z,ACTIVE,BR-855,52264496,BANK-MBB-003
ACCT-000091,CUST-000077,CUSTOMER,SAVINGS,VND,2023-06-04T04:59:59Z,ACTIVE,BR-595,43513358,BANK-MBB-003
ACCT-000092,CUST-000078,CUSTOMER,PAYMENT,VND,2024-03-21T04:59:59Z,ACTIVE,BR-865,24234979,BANK-MBB-003
ACCT-000093,CUST-000079,CUSTOMER,PAYMENT,VND,2024-08-16T02:59:59Z,ACTIVE,BR-327,8977021,BANK-VCB-001
ACCT-000094,CUST-000079,CUSTOMER,SAVINGS,VND,2024-04-21T04:59:59Z,ACTIVE,BR-364,6718336,BANK-VCB-001
ACCT-000095,CUST-000080,CUSTOMER,PAYMENT,VND,2024-07-25T01:59:59Z,ACTIVE,BR-870,57779104,BANK-MBB-003
ACCT-000096,CUST-000081,CUSTOMER,PAYMENT,VND,2025-07-30T04:59:59Z,ACTIVE,BR-387,550724,BANK-VPB-005
ACCT-000097,CUST-000082,CUSTOMER,SAVINGS,VND,2024-03-03T04:59:59Z,ACTIVE,BR-200,64529353,BANK-TCB-002
ACCT-000098,CUST-000083,CUSTOMER,PAYMENT,VND,2023-08-20T01:59:59Z,ACTIVE,BR-281,61901361,BANK-ACB-004
ACCT-000099,CUST-000083,CUSTOMER,PAYMENT,VND,2024-02-15T03:59:59Z,ACTIVE,BR-306,62508347,BANK-VCB-001
ACCT-000100,CUST-000084,CUSTOMER,SAVINGS,VND,2025-09-28T01:59:59Z,ACTIVE,BR-592,70419542,BANK-VCB-001
ACCT-000101,CUST-000085,CUSTOMER,PAYMENT,VND,2022-03-30T23:59:59Z,ACTIVE,BR-891,47429629,BANK-VPB-005
ACCT-000102,CUST-000086,CUSTOMER,SAVINGS,VND,2025-08-11T09:59:59Z,ACTIVE,BR-744,39619372,BANK-VCB-001
ACCT-000103,CUST-000087,CUSTOMER,PAYMENT,VND,2024-01-17T08:59:59Z,ACTIVE,BR-589,57229654,BANK-VPB-005
ACCT-000104,CUST-000088,CUSTOMER,SAVINGS,VND,2023-12-20T11:59:59Z,ACTIVE,BR-873,88852611,BANK-TCB-002
ACCT-000105,CUST-000089,CUSTOMER,PAYMENT,VND,2025-07-23T02:59:59Z,ACTIVE,BR-556,31295784,BANK-VPB-005
ACCT-000106,CUST-000090,CUSTOMER,PAYMENT,VND,2024-02-11T07:59:59Z,ACTIVE,BR-694,7186685,BANK-VPB-005
ACCT-000107,CUST-000091,CUSTOMER,PAYMENT,VND,2025-08-19T04:59:59Z,ACTIVE,BR-670,65050605,BANK-TCB-002
ACCT-000108,CUST-000092,CUSTOMER,PAYMENT,VND,2024-03-13T07:59:59Z,ACTIVE,BR-284,55854176,BANK-MBB-003
ACCT-000109,CUST-000093,CUSTOMER,PAYMENT,VND,2025-08-02T04:59:59Z,ACTIVE,BR-656,36625228,BANK-ACB-004
ACCT-000110,CUST-000094,CUSTOMER,PAYMENT,VND,2024-06-01T10:59:59Z,ACTIVE,BR-693,22860287,BANK-VCB-001
ACCT-000111,CUST-000095,CUSTOMER,SAVINGS,VND,2023-09-21T05:59:59Z,ACTIVE,BR-513,39312970,BANK-VPB-005
ACCT-000112,CUST-000095,CUSTOMER,SAVINGS,VND,2024-03-15T02:59:59Z,ACTIVE,BR-957,28690726,BANK-VPB-005
ACCT-000113,CUST-000096,CUSTOMER,PAYMENT,VND,2024-09-18T23:59:59Z,ACTIVE,BR-836,65236529,BANK-TCB-002
ACCT-000114,CUST-000096,CUSTOMER,PAYMENT,VND,2025-03-08T01:59:59Z,ACTIVE,BR-513,10593764,BANK-ACB-004
ACCT-000115,CUST-000097,CUSTOMER,PAYMENT,VND,2023-06-04T06:59:59Z,ACTIVE,BR-973,64629753,BANK-VPB-005
ACCT-000116,CUST-000098,CUSTOMER,PAYMENT,VND,2025-03-04T09:59:59Z,ACTIVE,BR-593,97117072,BANK-VPB-005
ACCT-000117,CUST-000098,CUSTOMER,PAYMENT,VND,2024-08-24T08:59:59Z,ACTIVE,BR-548,90518165,BANK-VPB-005
ACCT-000118,CUST-000099,CUSTOMER,PAYMENT,VND,2024-01-27T05:59:59Z,ACTIVE,BR-333,80062323,BANK-VPB-005
ACCT-000119,CUST-000100,CUSTOMER,PAYMENT,VND,2024-10-16T02:59:59Z,ACTIVE,BR-784,42665512,BANK-VCB-001
ACCT-000120,CUST-000101,CUSTOMER,PAYMENT,VND,2025-09-25T03:59:59Z,ACTIVE,BR-826,20750272,BANK-VCB-001
ACCT-000121,CUST-000102,CUSTOMER,SAVINGS,VND,2025-07-25T03:59:59Z,ACTIVE,BR-292,68382236,BANK-ACB-004
ACCT-000122,CUST-000103,CUSTOMER,PAYMENT,VND,2025-03-09T07:59:59Z,ACTIVE,BR-649,19902265,BANK-VPB-005
ACCT-000123,CUST-000104,CUSTOMER,PAYMENT,VND,2025-02-18T00:59:59Z,ACTIVE,BR-509,45419098,BANK-VCB-001
ACCT-000124,CUST-000105,CUSTOMER,PAYMENT,VND,2025-02-26T06:59:59Z,ACTIVE,BR-968,67693983,BANK-ACB-004
ACCT-000125,CUST-000106,CUSTOMER,PAYMENT,VND,2025-09-28T04:59:59Z,ACTIVE,BR-776,24786834,BANK-ACB-004
ACCT-000126,CUST-000107,CUSTOMER,PAYMENT,VND,2022-11-29T23:59:59Z,ACTIVE,BR-793,23773207,BANK-VPB-005
ACCT-000127,CUST-000108,CUSTOMER,PAYMENT,VND,2023-01-19T07:59:59Z,ACTIVE,BR-637,12152784,BANK-MBB-003
ACCT-000128,CUST-000109,CUSTOMER,PAYMENT,VND,2025-09-01T23:59:59Z,ACTIVE,BR-544,73579890,BANK-ACB-004
ACCT-000129,CUST-000110,CUSTOMER,PAYMENT,VND,2025-08-27T08:59:59Z,ACTIVE,BR-806,40936161,BANK-MBB-003
ACCT-000130,CUST-000110,CUSTOMER,SAVINGS,VND,2025-05-23T00:59:59Z,ACTIVE,BR-615,8852508,BANK-MBB-003
ACCT-000131,CUST-000111,CUSTOMER,PAYMENT,VND,2025-05-08T06:59:59Z,ACTIVE,BR-599,51270299,BANK-VPB-005
ACCT-000132,CUST-000112,CUSTOMER,SAVINGS,VND,2024-10-02T03:59:59Z,ACTIVE,BR-490,48163522,BANK-TCB-002
ACCT-000133,CUST-000113,CUSTOMER,PAYMENT,VND,2024-02-27T08:59:59Z,ACTIVE,BR-611,13254205,BANK-ACB-004
ACCT-000134,CUST-000114,CUSTOMER,PAYMENT,VND,2025-08-15T08:59:59Z,ACTIVE,BR-253,132547387,BANK-TCB-002
ACCT-000135,CUST-000114,CUSTOMER,SAVINGS,VND,2025-06-02T03:59:59Z,ACTIVE,BR-874,111700120,BANK-VCB-001
ACCT-000136,CUST-000115,CUSTOMER,PAYMENT,VND,2023-07-23T02:59:59Z,ACTIVE,BR-251,19164657,BANK-VCB-001
ACCT-000137,CUST-000116,CUSTOMER,SAVINGS,VND,2024-12-05T06:59:59Z,ACTIVE,BR-962,13037525,BANK-ACB-004
ACCT-000138,CUST-000117,CUSTOMER,SAVINGS,VND,2025-04-19T06:59:59Z,ACTIVE,BR-810,195991389,BANK-ACB-004
ACCT-000139,CUST-000118,CUSTOMER,PAYMENT,VND,2023-02-15T04:59:59Z,ACTIVE,BR-991,53096265,BANK-TCB-002
ACCT-000140,CUST-000119,CUSTOMER,PAYMENT,VND,2025-05-20T08:59:59Z,ACTIVE,BR-628,41411237,BANK-ACB-004
ACCT-000141,CUST-000120,CUSTOMER,SAVINGS,VND,2021-09-11T01:59:59Z,ACTIVE,BR-450,8030656,BANK-ACB-004
ACCT-000142,CUST-000121,CUSTOMER,PAYMENT,VND,2023-02-05T23:59:59Z,ACTIVE,BR-456,85916784,BANK-VCB-001
ACCT-000143,CUST-000122,CUSTOMER,SAVINGS,VND,2025-08-31T04:59:59Z,ACTIVE,BR-777,34399549,BANK-VPB-005
ACCT-000144,CUST-000122,CUSTOMER,PAYMENT,VND,2023-08-04T03:59:59Z,ACTIVE,BR-446,52771037,BANK-ACB-004
ACCT-000145,CUST-000123,CUSTOMER,PAYMENT,VND,2024-07-13T02:59:59Z,ACTIVE,BR-860,35747399,BANK-MBB-003
ACCT-000146,CUST-000124,CUSTOMER,PAYMENT,VND,2025-09-21T03:59:59Z,ACTIVE,BR-736,16263713,BANK-TCB-002
ACCT-000147,CUST-000125,CUSTOMER,PAYMENT,VND,2024-12-08T08:59:59Z,ACTIVE,BR-511,32922812,BANK-ACB-004
ACCT-000148,CUST-000126,CUSTOMER,SAVINGS,VND,2023-07-02T02:59:59Z,ACTIVE,BR-181,37006663,BANK-VPB-005
ACCT-000149,CUST-000127,CUSTOMER,PAYMENT,VND,2025-10-11T04:59:59Z,ACTIVE,BR-113,21164823,BANK-ACB-004
ACCT-000150,CUST-000128,CUSTOMER,SAVINGS,VND,2025-07-23T09:59:59Z,ACTIVE,BR-825,170453876,BANK-MBB-003
ACCT-000151,CUST-000128,CUSTOMER,PAYMENT,VND,2024-12-01T02:59:59Z,ACTIVE,BR-927,40057486,BANK-VCB-001
ACCT-000152,CUST-000129,CUSTOMER,SAVINGS,VND,2025-05-10T07:59:59Z,ACTIVE,BR-821,5386686,BANK-VCB-001
ACCT-000153,CUST-000130,CUSTOMER,PAYMENT,VND,2024-05-30T00:59:59Z,ACTIVE,BR-803,30601763,BANK-VCB-001
ACCT-000154,CUST-000131,CUSTOMER,PAYMENT,VND,2025-02-10T08:59:59Z,ACTIVE,BR-170,76184682,BANK-TCB-002
ACCT-000155,CUST-000132,CUSTOMER,PAYMENT,VND,2021-10-29T07:59:59Z,ACTIVE,BR-716,74718531,BANK-VPB-005
ACCT-000156,CUST-000133,CUSTOMER,PAYMENT,VND,2025-05-04T01:59:59Z,ACTIVE,BR-899,34483110,BANK-VCB-001
ACCT-000157,CUST-000134,CUSTOMER,PAYMENT,VND,2023-11-02T03:59:59Z,ACTIVE,BR-614,24395576,BANK-VCB-001
ACCT-000158,CUST-000135,CUSTOMER,SAVINGS,VND,2022-09-29T05:59:59Z,ACTIVE,BR-861,78112678,BANK-TCB-002
ACCT-000159,CUST-000135,CUSTOMER,PAYMENT,VND,2021-06-26T01:59:59Z,ACTIVE,BR-818,10163999,BANK-MBB-003
ACCT-000160,CUST-000136,CUSTOMER,PAYMENT,VND,2025-05-22T07:59:59Z,ACTIVE,BR-531,73906168,BANK-VPB-005
ACCT-000161,CUST-000137,CUSTOMER,PAYMENT,VND,2025-06-06T07:59:59Z,ACTIVE,BR-115,82966638,BANK-MBB-003
ACCT-000162,CUST-000138,CUSTOMER,SAVINGS,VND,2022-07-08T07:59:59Z,ACTIVE,BR-415,62427624,BANK-MBB-003
ACCT-000163,CUST-000139,CUSTOMER,PAYMENT,VND,2025-06-26T11:59:59Z,ACTIVE,BR-803,8881555,BANK-VCB-001
ACCT-000164,CUST-000140,CUSTOMER,PAYMENT,VND,2024-05-16T07:59:59Z,ACTIVE,BR-137,76066769,BANK-ACB-004
ACCT-000165,CUST-000141,CUSTOMER,PAYMENT,VND,2024-02-07T01:59:59Z,ACTIVE,BR-501,11348168,BANK-MBB-003
ACCT-000166,CUST-000142,CUSTOMER,SAVINGS,VND,2025-07-02T09:59:59Z,ACTIVE,BR-992,41536109,BANK-ACB-004
ACCT-000167,CUST-000142,CUSTOMER,PAYMENT,VND,2024-09-11T00:59:59Z,ACTIVE,BR-153,34684865,BANK-MBB-003
ACCT-000168,CUST-000143,CUSTOMER,PAYMENT,VND,2025-09-20T05:59:59Z,ACTIVE,BR-956,55485797,BANK-ACB-004
ACCT-000169,CUST-000143,CUSTOMER,SAVINGS,VND,2025-09-12T23:59:59Z,ACTIVE,BR-973,7794417,BANK-VPB-005
ACCT-000170,CUST-000144,CUSTOMER,PAYMENT,VND,2022-05-19T09:59:59Z,ACTIVE,BR-437,66440563,BANK-ACB-004
ACCT-000171,CUST-000145,CUSTOMER,PAYMENT,VND,2024-11-07T11:59:59Z,ACTIVE,BR-697,12236420,BANK-TCB-002
ACCT-000172,CUST-000145,CUSTOMER,PAYMENT,VND,2025-02-13T06:59:59Z,ACTIVE,BR-997,8245523,BANK-TCB-002
ACCT-000173,CUST-000146,CUSTOMER,PAYMENT,VND,2025-04-03T08:59:59Z,ACTIVE,BR-990,30594614,BANK-MBB-003
ACCT-000174,CUST-000146,CUSTOMER,SAVINGS,VND,2025-08-11T11:59:59Z,ACTIVE,BR-706,57023375,BANK-VCB-001
ACCT-000175,CUST-000147,CUSTOMER,PAYMENT,VND,2025-03-13T23:59:59Z,ACTIVE,BR-609,59718704,BANK-MBB-003
ACCT-000176,CUST-000147,CUSTOMER,SAVINGS,VND,2025-08-25T11:59:59Z,ACTIVE,BR-791,28137889,BANK-MBB-003
ACCT-000177,CUST-000148,CUSTOMER,PAYMENT,VND,2023-12-08T02:59:59Z,ACTIVE,BR-932,18517167,BANK-VCB-001
ACCT-000178,CUST-000149,CUSTOMER,PAYMENT,VND,2025-05-09T01:59:59Z,ACTIVE,BR-340,60905881,BANK-TCB-002
ACCT-000179,CUST-000150,CUSTOMER,SAVINGS,VND,2024-05-31T09:59:59Z,ACTIVE,BR-976,2329840,BANK-TCB-002
ACCT-000180,CUST-000151,CUSTOMER,SAVINGS,VND,2025-09-03T08:59:59Z,ACTIVE,BR-200,77107317,BANK-TCB-002
ACCT-000181,CUST-000152,CUSTOMER,PAYMENT,VND,2024-09-19T01:59:59Z,ACTIVE,BR-312,74673766,BANK-VCB-001
ACCT-000182,CUST-000153,CUSTOMER,PAYMENT,VND,2021-11-21T11:59:59Z,ACTIVE,BR-553,29249427,BANK-VPB-005
ACCT-000183,CUST-000154,CUSTOMER,PAYMENT,VND,2022-04-05T11:59:59Z,ACTIVE,BR-665,47934943,BANK-ACB-004
ACCT-000184,CUST-000155,CUSTOMER,PAYMENT,VND,2025-07-01T23:59:59Z,ACTIVE,BR-141,6097927,BANK-VPB-005
ACCT-000185,CUST-000155,CUSTOMER,PAYMENT,VND,2024-07-16T07:59:59Z,ACTIVE,BR-657,6366549,BANK-TCB-002
ACCT-000186,CUST-000156,CUSTOMER,PAYMENT,VND,2021-10-04T04:59:59Z,ACTIVE,BR-194,54991718,BANK-VCB-001
ACCT-000187,CUST-000157,CUSTOMER,PAYMENT,VND,2023-10-21T02:59:59Z,ACTIVE,BR-653,49697340,BANK-ACB-004
ACCT-000188,CUST-000157,CUSTOMER,PAYMENT,VND,2022-07-27T06:59:59Z,ACTIVE,BR-841,41740707,BANK-VPB-005
ACCT-000189,CUST-000158,CUSTOMER,PAYMENT,VND,2021-12-07T11:59:59Z,ACTIVE,BR-992,74203008,BANK-VPB-005
ACCT-000190,CUST-000159,CUSTOMER,SAVINGS,VND,2023-12-26T09:59:59Z,ACTIVE,BR-377,20321034,BANK-MBB-003
ACCT-000191,CUST-000160,CUSTOMER,PAYMENT,VND,2024-04-08T08:59:59Z,ACTIVE,BR-213,50785032,BANK-MBB-003
ACCT-000192,CUST-000161,CUSTOMER,SAVINGS,VND,2022-09-28T23:59:59Z,ACTIVE,BR-524,119165436,BANK-MBB-003
ACCT-000193,CUST-000162,CUSTOMER,PAYMENT,VND,2025-03-16T05:59:59Z,ACTIVE,BR-397,9782577,BANK-MBB-003
ACCT-000194,CUST-000163,CUSTOMER,PAYMENT,VND,2024-05-12T09:59:59Z,ACTIVE,BR-609,58558890,BANK-TCB-002
ACCT-000195,CUST-000164,CUSTOMER,PAYMENT,VND,2025-09-22T05:59:59Z,ACTIVE,BR-460,172266681,BANK-VPB-005
ACCT-000196,CUST-000165,CUSTOMER,PAYMENT,VND,2024-12-25T01:59:59Z,ACTIVE,BR-892,39981277,BANK-MBB-003
ACCT-000197,CUST-000166,CUSTOMER,PAYMENT,VND,2023-11-21T11:59:59Z,ACTIVE,BR-288,124858041,BANK-TCB-002
ACCT-000198,CUST-000167,CUSTOMER,SAVINGS,VND,2023-06-27T07:59:59Z,ACTIVE,BR-763,19457576,BANK-VPB-005
ACCT-000199,CUST-000168,CUSTOMER,SAVINGS,VND,2025-02-18T05:59:59Z,ACTIVE,BR-339,157281689,BANK-VPB-005
ACCT-000200,CUST-000169,CUSTOMER,PAYMENT,VND,2025-08-16T04:59:59Z,ACTIVE,BR-869,26053710,BANK-MBB-003
ACCT-000201,CUST-000170,CUSTOMER,PAYMENT,VND,2020-12-26T09:59:59Z,ACTIVE,BR-793,31798070,BANK-VCB-001
ACCT-000202,CUST-000171,CUSTOMER,PAYMENT,VND,2023-10-07T05:59:59Z,ACTIVE,BR-104,17666657,BANK-ACB-004
ACCT-000203,CUST-000171,CUSTOMER,PAYMENT,VND,2024-09-01T03:59:59Z,ACTIVE,BR-567,42876662,BANK-MBB-003
ACCT-000204,CUST-000172,CUSTOMER,SAVINGS,VND,2025-04-20T08:59:59Z,ACTIVE,BR-866,64809382,BANK-TCB-002
ACCT-000205,CUST-000172,CUSTOMER,SAVINGS,VND,2024-12-17T08:59:59Z,ACTIVE,BR-881,19796630,BANK-ACB-004
ACCT-000206,CUST-000173,CUSTOMER,PAYMENT,VND,2024-11-21T00:59:59Z,ACTIVE,BR-264,59669019,BANK-VPB-005
ACCT-000207,CUST-000174,CUSTOMER,PAYMENT,VND,2024-12-03T07:59:59Z,ACTIVE,BR-933,188853267,BANK-VPB-005
ACCT-000208,CUST-000175,CUSTOMER,PAYMENT,VND,2025-04-26T00:59:59Z,ACTIVE,BR-812,97645728,BANK-MBB-003
ACCT-000209,CUST-000176,CUSTOMER,PAYMENT,VND,2025-06-01T03:59:59Z,ACTIVE,BR-557,65052719,BANK-MBB-003
ACCT-000210,CUST-000177,CUSTOMER,PAYMENT,VND,2024-12-24T02:59:59Z,ACTIVE,BR-743,25331598,BANK-VPB-005
ACCT-000211,CUST-000178,CUSTOMER,PAYMENT,VND,2025-08-04T04:59:59Z,ACTIVE,BR-703,127920522,BANK-ACB-004
ACCT-000212,CUST-000179,CUSTOMER,PAYMENT,VND,2021-11-10T05:59:59Z,ACTIVE,BR-368,37603602,BANK-MBB-003
ACCT-000213,CUST-000179,CUSTOMER,PAYMENT,VND,2022-03-31T00:59:59Z,ACTIVE,BR-441,47447325,BANK-MBB-003
ACCT-000214,CUST-000180,CUSTOMER,PAYMENT,VND,2024-03-12T00:59:59Z,ACTIVE,BR-206,21916704,BANK-MBB-003
ACCT-000215,CUST-000181,CUSTOMER,SAVINGS,VND,2023-04-28T07:59:59Z,ACTIVE,BR-660,36795341,BANK-MBB-003
ACCT-000216,CUST-000182,CUSTOMER,SAVINGS,VND,2024-12-13T05:59:59Z,ACTIVE,BR-149,16694126,BANK-ACB-004
ACCT-000217,CUST-000183,CUSTOMER,PAYMENT,VND,2025-06-21T09:59:59Z,ACTIVE,BR-411,84448493,BANK-VCB-001
ACCT-000218,CUST-000184,CUSTOMER,PAYMENT,VND,2023-04-29T02:59:59Z,ACTIVE,BR-120,51915311,BANK-TCB-002
ACCT-000219,CUST-000184,CUSTOMER,PAYMENT,VND,2024-02-25T05:59:59Z,ACTIVE,BR-789,42056036,BANK-ACB-004
ACCT-000220,CUST-000185,CUSTOMER,PAYMENT,VND,2023-10-02T05:59:59Z,ACTIVE,BR-459,45102873,BANK-VCB-001
ACCT-000221,CUST-000186,CUSTOMER,PAYMENT,VND,2024-04-24T02:59:59Z,ACTIVE,BR-107,74485490,BANK-MBB-003
ACCT-000222,CUST-000187,CUSTOMER,PAYMENT,VND,2025-08-18T02:59:59Z,ACTIVE,BR-170,70954255,BANK-VPB-005
ACCT-000223,CUST-000187,CUSTOMER,PAYMENT,VND,2025-08-13T06:59:59Z,ACTIVE,BR-757,55242890,BANK-ACB-004
ACCT-000224,CUST-000188,CUSTOMER,SAVINGS,VND,2022-03-28T09:59:59Z,ACTIVE,BR-419,49280604,BANK-VCB-001
ACCT-000225,CUST-000189,CUSTOMER,PAYMENT,VND,2024-10-04T03:59:59Z,ACTIVE,BR-644,53203248,BANK-MBB-003
ACCT-000226,CUST-000190,CUSTOMER,SAVINGS,VND,2024-05-14T06:59:59Z,ACTIVE,BR-137,56494021,BANK-VPB-005
ACCT-000227,CUST-000191,CUSTOMER,PAYMENT,VND,2024-03-17T01:59:59Z,ACTIVE,BR-965,60222343,BANK-VCB-001
ACCT-000228,CUST-000192,CUSTOMER,PAYMENT,VND,2023-09-24T07:59:59Z,ACTIVE,BR-170,74855057,BANK-VPB-005
ACCT-000229,CUST-000193,CUSTOMER,PAYMENT,VND,2024-09-25T03:59:59Z,ACTIVE,BR-300,67867613,BANK-TCB-002
ACCT-000230,CUST-000194,CUSTOMER,PAYMENT,VND,2022-04-29T08:59:59Z,ACTIVE,BR-906,66159640,BANK-VCB-001
ACCT-000231,CUST-000195,CUSTOMER,PAYMENT,VND,2024-08-18T03:59:59Z,ACTIVE,BR-122,5430367,BANK-TCB-002
ACCT-000232,CUST-000196,CUSTOMER,PAYMENT,VND,2023-02-11T09:59:59Z,ACTIVE,BR-790,6499827,BANK-VCB-001
ACCT-000233,CUST-000197,CUSTOMER,PAYMENT,VND,2022-12-12T07:59:59Z,ACTIVE,BR-336,9110824,BANK-ACB-004
ACCT-000234,CUST-000198,CUSTOMER,PAYMENT,VND,2022-12-06T01:59:59Z,ACTIVE,BR-831,53682649,BANK-TCB-002
ACCT-000235,CUST-000199,CUSTOMER,PAYMENT,VND,2025-01-21T06:59:59Z,ACTIVE,BR-327,32746659,BANK-ACB-004
ACCT-000236,CUST-000200,CUSTOMER,PAYMENT,VND,2025-03-31T04:59:59Z,ACTIVE,BR-764,65711355,BANK-TCB-002
ACCT-000237,CUST-000201,CUSTOMER,PAYMENT,VND,2022-09-20T04:59:59Z,ACTIVE,BR-339,4868216,BANK-ACB-004
ACCT-000238,CUST-000202,CUSTOMER,PAYMENT,VND,2023-09-29T01:59:59Z,ACTIVE,BR-366,13210764,BANK-MBB-003
ACCT-000239,CUST-000203,CUSTOMER,SAVINGS,VND,2020-10-09T11:59:59Z,ACTIVE,BR-676,51167883,BANK-TCB-002
ACCT-000240,CUST-000204,CUSTOMER,PAYMENT,VND,2022-04-24T11:59:59Z,ACTIVE,BR-299,52546861,BANK-VCB-001
ACCT-000241,CUST-000205,CUSTOMER,PAYMENT,VND,2022-06-04T11:59:59Z,ACTIVE,BR-248,63296600,BANK-MBB-003
ACCT-000242,CUST-000206,CUSTOMER,SAVINGS,VND,2025-08-17T05:59:59Z,ACTIVE,BR-724,12495955,BANK-VCB-001
ACCT-000243,CUST-000207,CUSTOMER,PAYMENT,VND,2025-03-06T01:59:59Z,ACTIVE,BR-191,685743,BANK-MBB-003
ACCT-000244,CUST-000208,CUSTOMER,SAVINGS,VND,2023-08-07T00:59:59Z,ACTIVE,BR-193,54908944,BANK-MBB-003
ACCT-000245,CUST-000209,CUSTOMER,SAVINGS,VND,2025-07-14T08:59:59Z,ACTIVE,BR-475,31858900,BANK-ACB-004
ACCT-000246,CUST-000210,CUSTOMER,SAVINGS,VND,2022-10-28T09:59:59Z,ACTIVE,BR-395,51980749,BANK-MBB-003
ACCT-000247,CUST-000211,CUSTOMER,PAYMENT,VND,2023-11-04T05:59:59Z,ACTIVE,BR-652,60396937,BANK-TCB-002
ACCT-000248,CUST-000212,CUSTOMER,PAYMENT,VND,2024-01-23T09:59:59Z,ACTIVE,BR-365,30412689,BANK-VPB-005
ACCT-000249,CUST-000213,CUSTOMER,SAVINGS,VND,2025-08-20T08:59:59Z,ACTIVE,BR-761,30182831,BANK-VPB-005
ACCT-000250,CUST-000214,CUSTOMER,PAYMENT,VND,2025-06-17T03:59:59Z,ACTIVE,BR-271,9933700,BANK-VPB-005
ACCT-000251,CUST-000214,CUSTOMER,PAYMENT,VND,2022-08-09T09:59:59Z,ACTIVE,BR-280,8656068,BANK-MBB-003
ACCT-000252,CUST-000215,CUSTOMER,PAYMENT,VND,2024-04-01T08:59:59Z,ACTIVE,BR-475,50696684,BANK-ACB-004
ACCT-000253,CUST-000216,CUSTOMER,SAVINGS,VND,2024-10-25T07:59:59Z,ACTIVE,BR-789,14094311,BANK-VPB-005
ACCT-000254,CUST-000217,CUSTOMER,PAYMENT,VND,2024-05-08T05:59:59Z,ACTIVE,BR-602,30251364,BANK-ACB-004
ACCT-000255,CUST-000218,CUSTOMER,PAYMENT,VND,2023-10-11T11:59:59Z,ACTIVE,BR-852,31209309,BANK-VCB-001
ACCT-000256,CUST-000218,CUSTOMER,PAYMENT,VND,2022-10-09T01:59:59Z,ACTIVE,BR-759,35935496,BANK-TCB-002
ACCT-000257,CUST-000219,CUSTOMER,PAYMENT,VND,2025-08-15T06:59:59Z,ACTIVE,BR-282,31214822,BANK-MBB-003
ACCT-000258,CUST-000219,CUSTOMER,PAYMENT,VND,2024-05-04T10:59:59Z,ACTIVE,BR-792,48069741,BANK-MBB-003
ACCT-000259,CUST-000220,CUSTOMER,PAYMENT,VND,2025-03-04T11:59:59Z,ACTIVE,BR-677,65944025,BANK-MBB-003
ACCT-000260,CUST-000221,CUSTOMER,PAYMENT,VND,2025-09-01T08:59:59Z,ACTIVE,BR-675,74839031,BANK-TCB-002
ACCT-000261,CUST-000222,CUSTOMER,PAYMENT,VND,2023-10-02T01:59:59Z,ACTIVE,BR-136,43433527,BANK-TCB-002
ACCT-000262,CUST-000223,CUSTOMER,PAYMENT,VND,2024-11-30T04:59:59Z,ACTIVE,BR-165,48583431,BANK-TCB-002
ACCT-000263,CUST-000224,CUSTOMER,PAYMENT,VND,2024-09-23T02:59:59Z,ACTIVE,BR-530,43457191,BANK-ACB-004
ACCT-000264,CUST-000225,CUSTOMER,PAYMENT,VND,2020-06-07T11:59:59Z,ACTIVE,BR-755,9435077,BANK-VPB-005
ACCT-000265,CUST-000226,CUSTOMER,SAVINGS,VND,2025-03-20T10:59:59Z,ACTIVE,BR-204,39326924,BANK-ACB-004
ACCT-000266,CUST-000227,CUSTOMER,PAYMENT,VND,2025-03-23T11:59:59Z,ACTIVE,BR-658,17146381,BANK-VCB-001
ACCT-000267,CUST-000227,CUSTOMER,SAVINGS,VND,2024-02-07T23:59:59Z,ACTIVE,BR-283,5719502,BANK-TCB-002
ACCT-000268,CUST-000228,CUSTOMER,PAYMENT,VND,2022-08-25T10:59:59Z,ACTIVE,BR-209,50399286,BANK-MBB-003
ACCT-000269,CUST-000228,CUSTOMER,PAYMENT,VND,2024-05-31T08:59:59Z,ACTIVE,BR-256,23307063,BANK-TCB-002
ACCT-000270,CUST-000229,CUSTOMER,SAVINGS,VND,2025-03-01T04:59:59Z,ACTIVE,BR-229,16250194,BANK-MBB-003
ACCT-000271,CUST-000230,CUSTOMER,PAYMENT,VND,2025-02-04T02:59:59Z,ACTIVE,BR-216,60359471,BANK-TCB-002
ACCT-000272,CUST-000231,CUSTOMER,SAVINGS,VND,2025-01-04T02:59:59Z,ACTIVE,BR-761,19281161,BANK-MBB-003
ACCT-000273,CUST-000231,CUSTOMER,SAVINGS,VND,2025-01-06T00:59:59Z,ACTIVE,BR-656,57716066,BANK-ACB-004
ACCT-000274,CUST-000232,CUSTOMER,PAYMENT,VND,2024-10-05T06:59:59Z,ACTIVE,BR-795,9327290,BANK-VCB-001
ACCT-000275,CUST-000232,CUSTOMER,PAYMENT,VND,2024-07-07T11:59:59Z,ACTIVE,BR-532,32924559,BANK-TCB-002
ACCT-000276,CUST-000233,CUSTOMER,PAYMENT,VND,2025-07-23T03:59:59Z,ACTIVE,BR-294,56947537,BANK-ACB-004
ACCT-000277,CUST-000234,CUSTOMER,PAYMENT,VND,2023-05-30T05:59:59Z,ACTIVE,BR-296,10452312,BANK-TCB-002
ACCT-000278,CUST-000235,CUSTOMER,PAYMENT,VND,2024-12-05T10:59:59Z,ACTIVE,BR-555,1088838,BANK-MBB-003
ACCT-000279,CUST-000235,CUSTOMER,PAYMENT,VND,2024-04-28T02:59:59Z,ACTIVE,BR-202,12297801,BANK-VPB-005
ACCT-000280,CUST-000236,CUSTOMER,PAYMENT,VND,2024-06-18T03:59:59Z,ACTIVE,BR-672,23474516,BANK-ACB-004
ACCT-000281,CUST-000237,CUSTOMER,SAVINGS,VND,2025-01-18T09:59:59Z,ACTIVE,BR-286,56130859,BANK-VCB-001
ACCT-000282,CUST-000238,CUSTOMER,PAYMENT,VND,2025-06-15T05:59:59Z,ACTIVE,BR-737,36235576,BANK-VCB-001
ACCT-000283,CUST-000239,CUSTOMER,PAYMENT,VND,2025-10-01T07:59:59Z,ACTIVE,BR-841,15509275,BANK-VPB-005
ACCT-000284,CUST-000240,CUSTOMER,PAYMENT,VND,2025-09-25T10:59:59Z,ACTIVE,BR-501,69497284,BANK-VPB-005
ACCT-000285,CUST-000241,CUSTOMER,PAYMENT,VND,2025-03-28T08:59:59Z,ACTIVE,BR-683,75411955,BANK-VCB-001
ACCT-000286,CUST-000242,CUSTOMER,PAYMENT,VND,2021-06-07T09:59:59Z,ACTIVE,BR-498,66756677,BANK-MBB-003
ACCT-000287,CUST-000242,CUSTOMER,PAYMENT,VND,2022-01-21T09:59:59Z,ACTIVE,BR-245,6178348,BANK-VCB-001
ACCT-000288,CUST-000243,CUSTOMER,PAYMENT,VND,2024-02-20T00:59:59Z,ACTIVE,BR-968,20177146,BANK-ACB-004
ACCT-000289,CUST-000244,CUSTOMER,PAYMENT,VND,2024-09-10T11:59:59Z,ACTIVE,BR-315,68450297,BANK-ACB-004
ACCT-000290,CUST-000245,CUSTOMER,SAVINGS,VND,2022-09-04T01:59:59Z,ACTIVE,BR-616,1074796,BANK-TCB-002
ACCT-000291,CUST-000246,CUSTOMER,PAYMENT,VND,2025-10-06T08:59:59Z,ACTIVE,BR-543,63315354,BANK-VPB-005
ACCT-000292,CUST-000247,CUSTOMER,SAVINGS,VND,2025-05-31T04:59:59Z,ACTIVE,BR-171,41048550,BANK-TCB-002
ACCT-000293,CUST-000247,CUSTOMER,PAYMENT,VND,2023-05-01T00:59:59Z,ACTIVE,BR-983,59371912,BANK-MBB-003
ACCT-000294,CUST-000248,CUSTOMER,PAYMENT,VND,2025-05-12T11:59:59Z,ACTIVE,BR-311,38964944,BANK-ACB-004
ACCT-000295,CUST-000249,CUSTOMER,PAYMENT,VND,2025-01-28T10:59:59Z,ACTIVE,BR-180,43947295,BANK-TCB-002
ACCT-000296,CUST-000249,CUSTOMER,PAYMENT,VND,2025-01-03T06:59:59Z,ACTIVE,BR-796,11065048,BANK-TCB-002
ACCT-000297,CUST-000250,CUSTOMER,SAVINGS,VND,2021-10-21T09:59:59Z,ACTIVE,BR-687,66867511,BANK-MBB-003
ACCT-000298,CUST-000251,CUSTOMER,PAYMENT,VND,2025-07-11T07:59:59Z,ACTIVE,BR-293,65581206,BANK-VPB-005
ACCT-000299,CUST-000252,CUSTOMER,PAYMENT,VND,2024-09-08T03:59:59Z,ACTIVE,BR-202,26623380,BANK-TCB-002
ACCT-000300,CUST-000253,CUSTOMER,PAYMENT,VND,2025-05-28T11:59:59Z,ACTIVE,BR-453,18612474,BANK-TCB-002
ACCT-000301,CUST-000254,CUSTOMER,PAYMENT,VND,2025-09-07T05:59:59Z,ACTIVE,BR-874,23649174,BANK-VCB-001
ACCT-000302,CUST-000255,CUSTOMER,PAYMENT,VND,2023-10-13T00:59:59Z,ACTIVE,BR-768,41579192,BANK-VCB-001
ACCT-000303,CUST-000256,CUSTOMER,PAYMENT,VND,2025-07-26T10:59:59Z,ACTIVE,BR-227,20493380,BANK-MBB-003
ACCT-000304,CUST-000257,CUSTOMER,PAYMENT,VND,2023-12-06T10:59:59Z,ACTIVE,BR-906,5286175,BANK-MBB-003
ACCT-000305,CUST-000257,CUSTOMER,PAYMENT,VND,2024-01-22T23:59:59Z,ACTIVE,BR-590,37498970,BANK-MBB-003
ACCT-000306,CUST-000258,CUSTOMER,PAYMENT,VND,2025-05-21T10:59:59Z,ACTIVE,BR-902,58893696,BANK-TCB-002
ACCT-000307,CUST-000259,CUSTOMER,PAYMENT,VND,2023-11-07T01:59:59Z,ACTIVE,BR-563,60288510,BANK-MBB-003
ACCT-000308,CUST-000259,CUSTOMER,PAYMENT,VND,2025-08-03T03:59:59Z,ACTIVE,BR-448,28931781,BANK-MBB-003
ACCT-000309,CUST-000260,CUSTOMER,SAVINGS,VND,2025-03-15T08:59:59Z,ACTIVE,BR-967,56396744,BANK-VCB-001
ACCT-000310,CUST-000261,CUSTOMER,PAYMENT,VND,2025-01-22T23:59:59Z,ACTIVE,BR-389,32456460,BANK-ACB-004
ACCT-000311,CUST-000262,CUSTOMER,PAYMENT,VND,2025-05-24T01:59:59Z,ACTIVE,BR-816,34848563,BANK-VPB-005
ACCT-000312,CUST-000263,CUSTOMER,SAVINGS,VND,2025-10-07T11:59:59Z,ACTIVE,BR-869,75856557,BANK-MBB-003
ACCT-000313,CUST-000264,CUSTOMER,SAVINGS,VND,2025-07-18T11:59:59Z,ACTIVE,BR-976,63050419,BANK-VPB-005
ACCT-000314,CUST-000264,CUSTOMER,PAYMENT,VND,2025-09-16T00:59:59Z,ACTIVE,BR-269,78675766,BANK-VCB-001
ACCT-000315,CUST-000265,CUSTOMER,SAVINGS,VND,2023-08-07T03:59:59Z,ACTIVE,BR-225,56562837,BANK-ACB-004
ACCT-000316,CUST-000266,CUSTOMER,SAVINGS,VND,2025-05-04T01:59:59Z,ACTIVE,BR-719,154122160,BANK-VCB-001
ACCT-000317,CUST-000267,CUSTOMER,PAYMENT,VND,2021-11-15T01:59:59Z,ACTIVE,BR-822,67820180,BANK-VPB-005
ACCT-000318,CUST-000267,CUSTOMER,PAYMENT,VND,2024-04-21T09:59:59Z,ACTIVE,BR-737,18625214,BANK-MBB-003
ACCT-000319,CUST-000268,CUSTOMER,PAYMENT,VND,2023-04-25T00:59:59Z,ACTIVE,BR-220,33618543,BANK-TCB-002
ACCT-000320,CUST-000269,CUSTOMER,SAVINGS,VND,2022-02-19T09:59:59Z,ACTIVE,BR-610,3919219,BANK-TCB-002
ACCT-000321,CUST-000270,CUSTOMER,PAYMENT,VND,2023-10-14T07:59:59Z,ACTIVE,BR-578,46390045,BANK-TCB-002
ACCT-000322,CUST-000271,CUSTOMER,PAYMENT,VND,2023-01-23T07:59:59Z,ACTIVE,BR-578,54364779,BANK-TCB-002
ACCT-000323,CUST-000271,CUSTOMER,PAYMENT,VND,2021-11-24T23:59:59Z,ACTIVE,BR-345,48396713,BANK-TCB-002
ACCT-000324,CUST-000272,CUSTOMER,PAYMENT,VND,2024-10-24T23:59:59Z,ACTIVE,BR-491,3626620,BANK-MBB-003
ACCT-000325,CUST-000273,CUSTOMER,PAYMENT,VND,2023-12-06T03:59:59Z,ACTIVE,BR-295,38745492,BANK-VCB-001
ACCT-000326,CUST-000274,CUSTOMER,SAVINGS,VND,2025-08-08T00:59:59Z,ACTIVE,BR-709,52886503,BANK-VCB-001
ACCT-000327,CUST-000275,CUSTOMER,PAYMENT,VND,2021-12-01T08:59:59Z,ACTIVE,BR-261,77394996,BANK-MBB-003
ACCT-000328,CUST-000275,CUSTOMER,PAYMENT,VND,2024-04-28T05:59:59Z,ACTIVE,BR-317,54386065,BANK-MBB-003
ACCT-000329,CUST-000276,CUSTOMER,SAVINGS,VND,2024-03-08T08:59:59Z,ACTIVE,BR-757,8939811,BANK-TCB-002
ACCT-000330,CUST-000277,CUSTOMER,PAYMENT,VND,2024-05-22T10:59:59Z,ACTIVE,BR-464,36120123,BANK-VCB-001
ACCT-000331,CUST-000278,CUSTOMER,PAYMENT,VND,2025-02-17T04:59:59Z,ACTIVE,BR-608,55890416,BANK-ACB-004
ACCT-000332,CUST-000278,CUSTOMER,PAYMENT,VND,2023-10-16T03:59:59Z,ACTIVE,BR-185,31273207,BANK-MBB-003
ACCT-000333,CUST-000279,CUSTOMER,PAYMENT,VND,2025-06-23T04:59:59Z,ACTIVE,BR-317,72127210,BANK-TCB-002
ACCT-000334,CUST-000279,CUSTOMER,PAYMENT,VND,2025-07-05T09:59:59Z,ACTIVE,BR-775,44445537,BANK-VPB-005
ACCT-000335,CUST-000280,CUSTOMER,PAYMENT,VND,2023-11-05T10:59:59Z,ACTIVE,BR-681,64975757,BANK-VPB-005
ACCT-000336,CUST-000281,CUSTOMER,SAVINGS,VND,2024-10-10T08:59:59Z,ACTIVE,BR-567,6460712,BANK-ACB-004
ACCT-000337,CUST-000282,CUSTOMER,PAYMENT,VND,2025-04-06T09:59:59Z,ACTIVE,BR-785,28660460,BANK-VCB-001
ACCT-000338,CUST-000283,CUSTOMER,PAYMENT,VND,2024-12-07T09:59:59Z,ACTIVE,BR-395,11749085,BANK-ACB-004
ACCT-000339,CUST-000283,CUSTOMER,SAVINGS,VND,2025-03-17T10:59:59Z,ACTIVE,BR-431,181976158,BANK-VCB-001
ACCT-000340,CUST-000284,CUSTOMER,PAYMENT,VND,2022-08-06T23:59:59Z,ACTIVE,BR-615,40069708,BANK-ACB-004
ACCT-000341,CUST-000285,CUSTOMER,SAVINGS,VND,2025-08-01T06:59:59Z,ACTIVE,BR-509,6950793,BANK-VCB-001
ACCT-000342,CUST-000286,CUSTOMER,PAYMENT,VND,2024-12-21T09:59:59Z,ACTIVE,BR-684,30443951,BANK-MBB-003
ACCT-000343,CUST-000286,CUSTOMER,PAYMENT,VND,2023-11-11T23:59:59Z,ACTIVE,BR-719,21826791,BANK-ACB-004
ACCT-000344,CUST-000287,CUSTOMER,PAYMENT,VND,2025-09-19T05:59:59Z,ACTIVE,BR-271,58487225,BANK-MBB-003
ACCT-000345,CUST-000288,CUSTOMER,PAYMENT,VND,2021-11-11T10:59:59Z,ACTIVE,BR-800,7315319,BANK-MBB-003
ACCT-000346,CUST-000289,CUSTOMER,PAYMENT,VND,2024-01-08T02:59:59Z,ACTIVE,BR-763,61127020,BANK-VPB-005
ACCT-000347,CUST-000290,CUSTOMER,SAVINGS,VND,2024-03-21T08:59:59Z,ACTIVE,BR-499,69258784,BANK-MBB-003
ACCT-000348,CUST-000291,CUSTOMER,PAYMENT,VND,2025-08-30T05:59:59Z,ACTIVE,BR-104,59806181,BANK-TCB-002
ACCT-000349,CUST-000292,CUSTOMER,PAYMENT,VND,2021-05-12T10:59:59Z,ACTIVE,BR-599,32608215,BANK-TCB-002
ACCT-000350,CUST-000293,CUSTOMER,SAVINGS,VND,2024-09-07T10:59:59Z,ACTIVE,BR-931,78839650,BANK-TCB-002
ACCT-000351,CUST-000293,CUSTOMER,PAYMENT,VND,2024-01-28T23:59:59Z,ACTIVE,BR-223,60973329,BANK-ACB-004
ACCT-000352,CUST-000294,CUSTOMER,PAYMENT,VND,2025-10-08T08:59:59Z,ACTIVE,BR-389,5476295,BANK-VPB-005
ACCT-000353,CUST-000295,CUSTOMER,PAYMENT,VND,2025-10-03T07:59:59Z,ACTIVE,BR-463,44365257,BANK-ACB-004
ACCT-000354,CUST-000296,CUSTOMER,PAYMENT,VND,2023-08-21T05:59:59Z,ACTIVE,BR-389,66065895,BANK-VPB-005
ACCT-000355,CUST-000297,CUSTOMER,PAYMENT,VND,2022-05-25T10:59:59Z,ACTIVE,BR-627,6925750,BANK-ACB-004
ACCT-000356,CUST-000298,CUSTOMER,PAYMENT,VND,2024-01-11T07:59:59Z,ACTIVE,BR-173,47061878,BANK-ACB-004
ACCT-000357,CUST-000299,CUSTOMER,PAYMENT,VND,2023-09-15T11:59:59Z,ACTIVE,BR-171,56051418,BANK-ACB-004
ACCT-000358,CUST-000300,CUSTOMER,PAYMENT,VND,2022-10-06T08:59:59Z,ACTIVE,BR-849,3687501,BANK-TCB-002
ACCT-000359,CUST-000301,CUSTOMER,PAYMENT,VND,2024-02-07T07:59:59Z,ACTIVE,BR-443,76438740,BANK-VPB-005
ACCT-000360,CUST-000302,CUSTOMER,PAYMENT,VND,2025-02-22T05:59:59Z,ACTIVE,BR-933,61333013,BANK-VCB-001
ACCT-000361,CUST-000303,CUSTOMER,PAYMENT,VND,2023-01-21T03:59:59Z,ACTIVE,BR-180,69778652,BANK-VCB-001
ACCT-000362,CUST-000304,CUSTOMER,PAYMENT,VND,2025-03-16T06:59:59Z,ACTIVE,BR-339,184476343,BANK-TCB-002
ACCT-000363,CUST-000305,CUSTOMER,PAYMENT,VND,2025-09-09T04:59:59Z,ACTIVE,BR-810,47366590,BANK-VCB-001
ACCT-000364,CUST-000306,CUSTOMER,PAYMENT,VND,2024-02-21T09:59:59Z,ACTIVE,BR-256,1090436,BANK-ACB-004
ACCT-000365,CUST-000306,CUSTOMER,PAYMENT,VND,2021-01-27T11:59:59Z,ACTIVE,BR-253,6736005,BANK-VPB-005
ACCT-000366,CUST-000307,CUSTOMER,PAYMENT,VND,2023-07-09T02:59:59Z,ACTIVE,BR-169,175701806,BANK-MBB-003
ACCT-000367,CUST-000307,CUSTOMER,PAYMENT,VND,2022-12-11T02:59:59Z,ACTIVE,BR-609,176442641,BANK-VPB-005
ACCT-000368,CUST-000308,CUSTOMER,PAYMENT,VND,2025-09-22T10:59:59Z,ACTIVE,BR-943,37701647,BANK-VPB-005
ACCT-000369,CUST-000309,CUSTOMER,PAYMENT,VND,2023-11-04T06:59:59Z,ACTIVE,BR-548,65784282,BANK-ACB-004
ACCT-000370,CUST-000310,CUSTOMER,PAYMENT,VND,2025-09-23T01:59:59Z,ACTIVE,BR-831,6032014,BANK-VPB-005
ACCT-000371,CUST-000311,CUSTOMER,SAVINGS,VND,2021-06-24T08:59:59Z,ACTIVE,BR-206,59774501,BANK-MBB-003
ACCT-000372,CUST-000312,CUSTOMER,SAVINGS,VND,2025-07-30T03:59:59Z,ACTIVE,BR-570,55573602,BANK-MBB-003
ACCT-000373,CUST-000313,CUSTOMER,PAYMENT,VND,2025-07-28T05:59:59Z,ACTIVE,BR-640,6116924,BANK-ACB-004
ACCT-000374,CUST-000313,CUSTOMER,PAYMENT,VND,2025-10-04T09:59:59Z,ACTIVE,BR-741,78970785,BANK-VPB-005
ACCT-000375,CUST-000314,CUSTOMER,PAYMENT,VND,2022-07-16T08:59:59Z,ACTIVE,BR-151,61927339,BANK-TCB-002
ACCT-000376,CUST-000314,CUSTOMER,PAYMENT,VND,2025-02-26T07:59:59Z,ACTIVE,BR-877,30982544,BANK-VCB-001
ACCT-000377,CUST-000315,CUSTOMER,PAYMENT,VND,2024-02-24T07:59:59Z,ACTIVE,BR-222,34319995,BANK-VPB-005
ACCT-000378,CUST-000316,CUSTOMER,PAYMENT,VND,2022-08-20T08:59:59Z,ACTIVE,BR-817,18594814,BANK-VCB-001
ACCT-000379,CUST-000317,CUSTOMER,PAYMENT,VND,2025-02-22T08:59:59Z,ACTIVE,BR-740,62350076,BANK-VCB-001
ACCT-000380,CUST-000318,CUSTOMER,SAVINGS,VND,2022-03-17T06:59:59Z,ACTIVE,BR-447,42522515,BANK-VPB-005
ACCT-000381,CUST-000318,CUSTOMER,PAYMENT,VND,2023-10-14T03:59:59Z,ACTIVE,BR-199,27925532,BANK-ACB-004
ACCT-000382,CUST-000319,CUSTOMER,PAYMENT,VND,2025-09-15T01:59:59Z,ACTIVE,BR-823,5801704,BANK-TCB-002
ACCT-000383,CUST-000320,CUSTOMER,SAVINGS,VND,2025-07-10T03:59:59Z,ACTIVE,BR-188,17961979,BANK-ACB-004
ACCT-000384,CUST-000321,CUSTOMER,SAVINGS,VND,2024-05-12T02:59:59Z,ACTIVE,BR-379,59824146,BANK-TCB-002
ACCT-000385,CUST-000322,CUSTOMER,PAYMENT,VND,2025-09-27T10:59:59Z,ACTIVE,BR-770,98703060,BANK-VCB-001
ACCT-000386,CUST-000323,CUSTOMER,PAYMENT,VND,2024-07-17T01:59:59Z,ACTIVE,BR-601,37854621,BANK-TCB-002
ACCT-000387,CUST-000323,CUSTOMER,PAYMENT,VND,2024-10-14T06:59:59Z,ACTIVE,BR-138,88987291,BANK-VCB-001
ACCT-000388,CUST-000324,CUSTOMER,PAYMENT,VND,2024-03-06T06:59:59Z,ACTIVE,BR-524,24305169,BANK-TCB-002
ACCT-000389,CUST-000325,CUSTOMER,PAYMENT,VND,2022-07-26T08:59:59Z,ACTIVE,BR-231,12558167,BANK-MBB-003
ACCT-000390,CUST-000326,CUSTOMER,PAYMENT,VND,2025-08-28T11:59:59Z,ACTIVE,BR-185,75650431,BANK-MBB-003
ACCT-000391,CUST-000327,CUSTOMER,PAYMENT,VND,2025-08-31T04:59:59Z,ACTIVE,BR-521,14834301,BANK-VCB-001
ACCT-000392,CUST-000328,CUSTOMER,PAYMENT,VND,2025-04-29T03:59:59Z,ACTIVE,BR-381,58102031,BANK-VPB-005
ACCT-000393,CUST-000329,CUSTOMER,PAYMENT,VND,2021-10-15T02:59:59Z,ACTIVE,BR-894,12878655,BANK-VCB-001
ACCT-000394,CUST-000329,CUSTOMER,PAYMENT,VND,2022-03-11T08:59:59Z,ACTIVE,BR-890,50423845,BANK-VPB-005
ACCT-000395,CUST-000330,CUSTOMER,PAYMENT,VND,2025-01-14T09:59:59Z,ACTIVE,BR-476,16212915,BANK-VPB-005
ACCT-000396,CUST-000331,CUSTOMER,PAYMENT,VND,2023-02-15T23:59:59Z,ACTIVE,BR-234,54537142,BANK-VCB-001
ACCT-000397,CUST-000332,CUSTOMER,PAYMENT,VND,2025-06-08T04:59:59Z,ACTIVE,BR-506,50345143,BANK-VPB-005
ACCT-000398,CUST-000333,CUSTOMER,PAYMENT,VND,2024-10-21T08:59:59Z,ACTIVE,BR-650,82660947,BANK-VCB-001
ACCT-000399,CUST-000333,CUSTOMER,PAYMENT,VND,2023-10-08T10:59:59Z,ACTIVE,BR-931,125104843,BANK-TCB-002
ACCT-000400,CUST-000334,CUSTOMER,PAYMENT,VND,2022-06-13T05:59:59Z,ACTIVE,BR-150,56344561,BANK-ACB-004
ACCT-000401,CUST-000334,CUSTOMER,PAYMENT,VND,2022-07-10T05:59:59Z,ACTIVE,BR-641,29168972,BANK-ACB-004
ACCT-000402,CUST-000335,CUSTOMER,PAYMENT,VND,2025-05-09T07:59:59Z,ACTIVE,BR-889,67885567,BANK-VPB-005
ACCT-000403,CUST-000336,CUSTOMER,PAYMENT,VND,2023-09-05T00:59:59Z,ACTIVE,BR-964,85635780,BANK-TCB-002
ACCT-000404,CUST-000337,CUSTOMER,PAYMENT,VND,2021-12-30T03:59:59Z,ACTIVE,BR-456,64542471,BANK-VCB-001
ACCT-000405,CUST-000338,CUSTOMER,SAVINGS,VND,2022-02-25T09:59:59Z,ACTIVE,BR-585,12949397,BANK-MBB-003
ACCT-000406,CUST-000339,CUSTOMER,PAYMENT,VND,2023-11-24T09:59:59Z,ACTIVE,BR-268,29797788,BANK-VPB-005
ACCT-000407,CUST-000340,CUSTOMER,PAYMENT,VND,2023-07-24T00:59:59Z,ACTIVE,BR-958,12197835,BANK-MBB-003
ACCT-000408,CUST-000341,CUSTOMER,SAVINGS,VND,2024-03-05T09:59:59Z,ACTIVE,BR-855,34791924,BANK-MBB-003
ACCT-000409,CUST-000342,CUSTOMER,PAYMENT,VND,2025-03-11T11:59:59Z,ACTIVE,BR-575,56243011,BANK-VPB-005
ACCT-000410,CUST-000343,CUSTOMER,PAYMENT,VND,2025-05-31T03:59:59Z,ACTIVE,BR-522,97951901,BANK-VPB-005
ACCT-000411,CUST-000344,CUSTOMER,PAYMENT,VND,2023-11-15T11:59:59Z,ACTIVE,BR-704,15715069,BANK-VCB-001
ACCT-000412,CUST-000345,CUSTOMER,PAYMENT,VND,2025-10-03T10:59:59Z,ACTIVE,BR-383,33343704,BANK-TCB-002
ACCT-000413,CUST-000346,CUSTOMER,PAYMENT,VND,2023-05-17T03:59:59Z,ACTIVE,BR-782,53859348,BANK-VCB-001
ACCT-000414,CUST-000346,CUSTOMER,PAYMENT,VND,2024-12-18T23:59:59Z,ACTIVE,BR-979,64497897,BANK-ACB-004
ACCT-000415,CUST-000347,CUSTOMER,PAYMENT,VND,2022-06-20T00:59:59Z,ACTIVE,BR-497,54954740,BANK-VCB-001
ACCT-000416,CUST-000348,CUSTOMER,PAYMENT,VND,2023-01-21T07:59:59Z,ACTIVE,BR-418,14841244,BANK-ACB-004
ACCT-000417,CUST-000349,CUSTOMER,SAVINGS,VND,2024-12-31T09:59:59Z,ACTIVE,BR-713,182059433,BANK-VCB-001
ACCT-000418,CUST-000350,CUSTOMER,PAYMENT,VND,2022-02-28T07:59:59Z,ACTIVE,BR-624,150461937,BANK-VCB-001
ACCT-000419,CUST-000350,CUSTOMER,PAYMENT,VND,2023-08-20T08:59:59Z,ACTIVE,BR-899,47496923,BANK-TCB-002
ACCT-000420,CUST-000351,CUSTOMER,SAVINGS,VND,2023-08-01T03:59:59Z,ACTIVE,BR-478,24965958,BANK-MBB-003
ACCT-000421,CUST-000352,CUSTOMER,PAYMENT,VND,2025-09-11T03:59:59Z,ACTIVE,BR-184,66902110,BANK-TCB-002
ACCT-000422,CUST-000353,CUSTOMER,SAVINGS,VND,2025-10-13T05:59:59Z,ACTIVE,BR-126,59189484,BANK-TCB-002
ACCT-000423,CUST-000354,CUSTOMER,PAYMENT,VND,2025-02-10T00:59:59Z,ACTIVE,BR-793,41575066,BANK-VPB-005
ACCT-000424,CUST-000355,CUSTOMER,PAYMENT,VND,2022-06-26T06:59:59Z,ACTIVE,BR-169,26148744,BANK-TCB-002
ACCT-000425,CUST-000356,CUSTOMER,PAYMENT,VND,2023-08-12T00:59:59Z,ACTIVE,BR-943,57394388,BANK-ACB-004
ACCT-000426,CUST-000357,CUSTOMER,SAVINGS,VND,2025-05-19T02:59:59Z,ACTIVE,BR-814,21008622,BANK-VCB-001
ACCT-000427,CUST-000358,CUSTOMER,PAYMENT,VND,2025-06-17T11:59:59Z,ACTIVE,BR-625,4114847,BANK-MBB-003
ACCT-000428,CUST-000359,CUSTOMER,SAVINGS,VND,2024-08-22T10:59:59Z,ACTIVE,BR-592,11845232,BANK-MBB-003
ACCT-000429,CUST-000359,CUSTOMER,PAYMENT,VND,2025-05-31T04:59:59Z,ACTIVE,BR-951,16858588,BANK-TCB-002
ACCT-000430,CUST-000360,CUSTOMER,PAYMENT,VND,2025-07-01T04:59:59Z,ACTIVE,BR-977,49501127,BANK-ACB-004
ACCT-000431,CUST-000361,CUSTOMER,PAYMENT,VND,2025-07-01T00:59:59Z,ACTIVE,BR-499,47349359,BANK-ACB-004
ACCT-000432,CUST-000362,CUSTOMER,PAYMENT,VND,2025-03-09T04:59:59Z,ACTIVE,BR-941,18049281,BANK-VCB-001
ACCT-000433,CUST-000362,CUSTOMER,PAYMENT,VND,2025-02-22T06:59:59Z,ACTIVE,BR-809,73103167,BANK-VCB-001
ACCT-000434,CUST-000363,CUSTOMER,PAYMENT,VND,2023-08-09T09:59:59Z,ACTIVE,BR-683,30738049,BANK-MBB-003
ACCT-000435,CUST-000364,CUSTOMER,PAYMENT,VND,2025-09-21T11:59:59Z,ACTIVE,BR-470,57932869,BANK-TCB-002
ACCT-000436,CUST-000365,CUSTOMER,PAYMENT,VND,2025-03-02T01:59:59Z,ACTIVE,BR-457,61509667,BANK-VCB-001
ACCT-000437,CUST-000365,CUSTOMER,PAYMENT,VND,2025-09-09T02:59:59Z,ACTIVE,BR-648,73889216,BANK-MBB-003
ACCT-000438,CUST-000366,CUSTOMER,PAYMENT,VND,2024-07-09T07:59:59Z,ACTIVE,BR-788,70643117,BANK-ACB-004
ACCT-000439,CUST-000367,CUSTOMER,PAYMENT,VND,2025-03-27T09:59:59Z,ACTIVE,BR-938,30659497,BANK-VCB-001
ACCT-000440,CUST-000368,CUSTOMER,PAYMENT,VND,2024-02-05T01:59:59Z,ACTIVE,BR-653,83922066,BANK-ACB-004
ACCT-000441,CUST-000369,CUSTOMER,PAYMENT,VND,2025-08-23T00:59:59Z,ACTIVE,BR-829,3449061,BANK-VCB-001
ACCT-000442,CUST-000370,CUSTOMER,PAYMENT,VND,2025-06-22T07:59:59Z,ACTIVE,BR-678,34153789,BANK-VCB-001
ACCT-000443,CUST-000370,CUSTOMER,PAYMENT,VND,2024-08-30T23:59:59Z,ACTIVE,BR-667,61420981,BANK-MBB-003
ACCT-000444,CUST-000371,CUSTOMER,SAVINGS,VND,2025-08-08T10:59:59Z,ACTIVE,BR-411,7133558,BANK-VCB-001
ACCT-000445,CUST-000371,CUSTOMER,PAYMENT,VND,2025-08-15T05:59:59Z,ACTIVE,BR-954,5054319,BANK-TCB-002
ACCT-000446,CUST-000372,CUSTOMER,PAYMENT,VND,2022-10-24T06:59:59Z,ACTIVE,BR-147,10003074,BANK-VPB-005
ACCT-000447,CUST-000373,CUSTOMER,PAYMENT,VND,2024-09-21T23:59:59Z,ACTIVE,BR-677,64867886,BANK-VPB-005
ACCT-000448,CUST-000373,CUSTOMER,PAYMENT,VND,2024-02-10T02:59:59Z,ACTIVE,BR-881,12126825,BANK-VPB-005
ACCT-000449,CUST-000374,CUSTOMER,PAYMENT,VND,2024-06-12T00:59:59Z,ACTIVE,BR-530,30890936,BANK-VPB-005
ACCT-000450,CUST-000375,CUSTOMER,PAYMENT,VND,2025-10-01T11:59:59Z,ACTIVE,BR-518,56055431,BANK-TCB-002
ACCT-000451,CUST-000376,CUSTOMER,PAYMENT,VND,2024-06-28T00:59:59Z,ACTIVE,BR-555,3752281,BANK-ACB-004
ACCT-000452,CUST-000377,CUSTOMER,PAYMENT,VND,2025-09-15T00:59:59Z,ACTIVE,BR-289,66430641,BANK-MBB-003
ACCT-000453,CUST-000378,CUSTOMER,PAYMENT,VND,2025-08-12T09:59:59Z,ACTIVE,BR-805,90302928,BANK-TCB-002
ACCT-000454,CUST-000379,CUSTOMER,SAVINGS,VND,2021-08-28T04:59:59Z,ACTIVE,BR-747,12366791,BANK-VPB-005
ACCT-000455,CUST-000380,CUSTOMER,PAYMENT,VND,2025-09-10T07:59:59Z,ACTIVE,BR-198,16801703,BANK-MBB-003
ACCT-000456,CUST-000381,CUSTOMER,SAVINGS,VND,2023-08-14T04:59:59Z,ACTIVE,BR-870,13836619,BANK-ACB-004
ACCT-000457,CUST-000382,CUSTOMER,PAYMENT,VND,2025-03-11T04:59:59Z,ACTIVE,BR-445,76567782,BANK-ACB-004
ACCT-000458,CUST-000383,CUSTOMER,PAYMENT,VND,2022-08-30T04:59:59Z,ACTIVE,BR-962,40636499,BANK-MBB-003
ACCT-000459,CUST-000384,CUSTOMER,PAYMENT,VND,2022-03-06T07:59:59Z,ACTIVE,BR-775,77029002,BANK-VPB-005
ACCT-000460,CUST-000385,CUSTOMER,PAYMENT,VND,2023-10-14T06:59:59Z,ACTIVE,BR-984,82419461,BANK-MBB-003
ACCT-000461,CUST-000385,CUSTOMER,PAYMENT,VND,2022-11-21T08:59:59Z,ACTIVE,BR-638,80443494,BANK-TCB-002
ACCT-000462,CUST-000386,CUSTOMER,PAYMENT,VND,2022-12-04T23:59:59Z,ACTIVE,BR-405,42363542,BANK-VCB-001
ACCT-000463,CUST-000387,CUSTOMER,PAYMENT,VND,2021-01-18T00:59:59Z,ACTIVE,BR-979,86673913,BANK-VPB-005
ACCT-000464,CUST-000388,CUSTOMER,PAYMENT,VND,2025-03-22T10:59:59Z,ACTIVE,BR-418,188174141,BANK-VCB-001
ACCT-000465,CUST-000388,CUSTOMER,PAYMENT,VND,2024-10-07T01:59:59Z,ACTIVE,BR-803,153062266,BANK-ACB-004
ACCT-000466,CUST-000389,CUSTOMER,SAVINGS,VND,2024-10-16T02:59:59Z,ACTIVE,BR-320,62061995,BANK-TCB-002
ACCT-000467,CUST-000390,CUSTOMER,SAVINGS,VND,2023-10-18T06:59:59Z,ACTIVE,BR-613,72438629,BANK-VCB-001
ACCT-000468,CUST-000391,CUSTOMER,PAYMENT,VND,2025-06-15T02:59:59Z,ACTIVE,BR-506,42824577,BANK-MBB-003
ACCT-000469,CUST-000392,CUSTOMER,SAVINGS,VND,2024-03-25T11:59:59Z,ACTIVE,BR-865,57953054,BANK-VCB-001
ACCT-000470,CUST-000393,CUSTOMER,PAYMENT,VND,2024-03-25T08:59:59Z,ACTIVE,BR-528,56946640,BANK-VPB-005
ACCT-000471,CUST-000393,CUSTOMER,PAYMENT,VND,2025-05-27T11:59:59Z,ACTIVE,BR-900,30258461,BANK-VCB-001
ACCT-000472,CUST-000394,CUSTOMER,SAVINGS,VND,2025-06-18T08:59:59Z,ACTIVE,BR-725,15198881,BANK-VPB-005
ACCT-000473,CUST-000395,CUSTOMER,SAVINGS,VND,2025-05-03T11:59:59Z,ACTIVE,BR-556,42437428,BANK-ACB-004
ACCT-000474,CUST-000396,CUSTOMER,PAYMENT,VND,2025-03-21T23:59:59Z,ACTIVE,BR-194,54959209,BANK-VCB-001
ACCT-000475,CUST-000397,CUSTOMER,SAVINGS,VND,2023-11-16T10:59:59Z,ACTIVE,BR-426,59219661,BANK-TCB-002
ACCT-000476,CUST-000398,CUSTOMER,PAYMENT,VND,2024-05-08T01:59:59Z,ACTIVE,BR-134,86998553,BANK-VPB-005
ACCT-000477,CUST-000398,CUSTOMER,PAYMENT,VND,2022-04-07T04:59:59Z,ACTIVE,BR-482,82233275,BANK-MBB-003
ACCT-000478,CUST-000399,CUSTOMER,SAVINGS,VND,2024-01-05T23:59:59Z,ACTIVE,BR-380,78937576,BANK-MBB-003
ACCT-000479,CUST-000399,CUSTOMER,PAYMENT,VND,2025-02-22T11:59:59Z,ACTIVE,BR-483,73951712,BANK-VCB-001
ACCT-000480,CUST-000400,CUSTOMER,PAYMENT,VND,2025-05-31T01:59:59Z,ACTIVE,BR-921,126448542,BANK-TCB-002
ACCT-000481,CUST-000401,CUSTOMER,PAYMENT,VND,2024-11-19T23:59:59Z,ACTIVE,BR-653,8066552,BANK-MBB-003
ACCT-000482,CUST-000402,CUSTOMER,PAYMENT,VND,2025-09-23T07:59:59Z,ACTIVE,BR-428,97023344,BANK-VCB-001
ACCT-000483,CUST-000403,CUSTOMER,PAYMENT,VND,2023-10-31T00:59:59Z,ACTIVE,BR-825,89177086,BANK-ACB-004
ACCT-000484,CUST-000404,CUSTOMER,PAYMENT,VND,2024-03-21T09:59:59Z,ACTIVE,BR-256,3645530,BANK-TCB-002
ACCT-000485,CUST-000405,CUSTOMER,SAVINGS,VND,2023-11-23T07:59:59Z,ACTIVE,BR-332,61888050,BANK-TCB-002
ACCT-000486,CUST-000406,CUSTOMER,PAYMENT,VND,2025-09-03T04:59:59Z,ACTIVE,BR-377,68867993,BANK-VPB-005
ACCT-000487,CUST-000407,CUSTOMER,PAYMENT,VND,2025-05-15T07:59:59Z,ACTIVE,BR-383,14437799,BANK-TCB-002
ACCT-000488,CUST-000407,CUSTOMER,PAYMENT,VND,2025-08-19T03:59:59Z,ACTIVE,BR-765,3120757,BANK-ACB-004
ACCT-000489,CUST-000408,CUSTOMER,PAYMENT,VND,2025-08-26T08:59:59Z,ACTIVE,BR-598,78861994,BANK-VCB-001
ACCT-000490,CUST-000409,CUSTOMER,SAVINGS,VND,2025-09-28T09:59:59Z,ACTIVE,BR-642,61681727,BANK-MBB-003
ACCT-000491,CUST-000410,CUSTOMER,PAYMENT,VND,2024-07-26T06:59:59Z,ACTIVE,BR-475,57945854,BANK-MBB-003
ACCT-000492,CUST-000410,CUSTOMER,PAYMENT,VND,2024-04-06T08:59:59Z,ACTIVE,BR-681,23461075,BANK-ACB-004
ACCT-000493,CUST-000411,CUSTOMER,PAYMENT,VND,2024-09-29T03:59:59Z,ACTIVE,BR-967,11932392,BANK-TCB-002
ACCT-000494,CUST-000412,CUSTOMER,SAVINGS,VND,2024-08-09T07:59:59Z,ACTIVE,BR-454,17240794,BANK-ACB-004
ACCT-000495,CUST-000412,CUSTOMER,PAYMENT,VND,2024-08-07T07:59:59Z,ACTIVE,BR-210,32890451,BANK-MBB-003
ACCT-000496,CUST-000413,CUSTOMER,PAYMENT,VND,2025-08-12T07:59:59Z,ACTIVE,BR-346,76174983,BANK-ACB-004
ACCT-000497,CUST-000414,CUSTOMER,PAYMENT,VND,2025-07-25T00:59:59Z,ACTIVE,BR-551,69215788,BANK-ACB-004
ACCT-000498,CUST-000415,CUSTOMER,PAYMENT,VND,2023-05-04T11:59:59Z,ACTIVE,BR-118,64830615,BANK-VCB-001
ACCT-000499,CUST-000416,CUSTOMER,PAYMENT,VND,2023-03-20T07:59:59Z,ACTIVE,BR-598,27032400,BANK-ACB-004
ACCT-000500,CUST-000417,CUSTOMER,SAVINGS,VND,2025-06-08T23:59:59Z,ACTIVE,BR-913,77392114,BANK-VPB-005
ACCT-000501,CUST-000418,CUSTOMER,PAYMENT,VND,2023-01-06T06:59:59Z,ACTIVE,BR-109,40946732,BANK-TCB-002
ACCT-000502,CUST-000419,CUSTOMER,PAYMENT,VND,2024-04-24T23:59:59Z,ACTIVE,BR-647,97082205,BANK-ACB-004
ACCT-000503,CUST-000420,CUSTOMER,PAYMENT,VND,2025-09-23T01:59:59Z,ACTIVE,BR-314,12351330,BANK-ACB-004
ACCT-000504,CUST-000421,CUSTOMER,PAYMENT,VND,2025-03-08T04:59:59Z,ACTIVE,BR-978,99801917,BANK-ACB-004
ACCT-000505,CUST-000422,CUSTOMER,PAYMENT,VND,2023-02-18T04:59:59Z,ACTIVE,BR-400,2725316,BANK-VCB-001
ACCT-000506,CUST-000423,CUSTOMER,PAYMENT,VND,2025-04-15T10:59:59Z,ACTIVE,BR-613,178745556,BANK-VPB-005
ACCT-000507,CUST-000424,CUSTOMER,PAYMENT,VND,2025-03-15T08:59:59Z,ACTIVE,BR-537,62736318,BANK-VPB-005
ACCT-000508,CUST-000425,CUSTOMER,PAYMENT,VND,2025-06-09T09:59:59Z,ACTIVE,BR-902,120020632,BANK-VCB-001
ACCT-000509,CUST-000426,CUSTOMER,SAVINGS,VND,2025-06-16T23:59:59Z,ACTIVE,BR-342,49967722,BANK-VPB-005
ACCT-000510,CUST-000427,CUSTOMER,PAYMENT,VND,2025-06-07T23:59:59Z,ACTIVE,BR-808,49932549,BANK-MBB-003
ACCT-000511,CUST-000428,CUSTOMER,PAYMENT,VND,2023-01-04T05:59:59Z,ACTIVE,BR-495,20948066,BANK-MBB-003
ACCT-000512,CUST-000429,CUSTOMER,PAYMENT,VND,2025-08-03T04:59:59Z,ACTIVE,BR-674,53492148,BANK-ACB-004
ACCT-000513,CUST-000430,CUSTOMER,SAVINGS,VND,2025-06-19T02:59:59Z,ACTIVE,BR-656,2425094,BANK-ACB-004
ACCT-000514,CUST-000431,CUSTOMER,PAYMENT,VND,2022-03-28T01:59:59Z,ACTIVE,BR-184,67159614,BANK-VCB-001
ACCT-000515,CUST-000432,CUSTOMER,PAYMENT,VND,2022-11-25T07:59:59Z,ACTIVE,BR-864,24210003,BANK-VCB-001
ACCT-000516,CUST-000433,CUSTOMER,PAYMENT,VND,2024-01-24T23:59:59Z,ACTIVE,BR-553,76615128,BANK-MBB-003
ACCT-000517,CUST-000434,CUSTOMER,PAYMENT,VND,2023-08-14T04:59:59Z,ACTIVE,BR-397,70214879,BANK-TCB-002
ACCT-000518,CUST-000435,CUSTOMER,PAYMENT,VND,2023-10-27T01:59:59Z,ACTIVE,BR-169,4340127,BANK-VPB-005
ACCT-000519,CUST-000436,CUSTOMER,SAVINGS,VND,2024-06-27T07:59:59Z,ACTIVE,BR-499,37352510,BANK-ACB-004
ACCT-000520,CUST-000437,CUSTOMER,PAYMENT,VND,2025-08-24T08:59:59Z,ACTIVE,BR-625,51093912,BANK-VPB-005
ACCT-000521,CUST-000438,CUSTOMER,PAYMENT,VND,2023-08-09T03:59:59Z,ACTIVE,BR-311,74249315,BANK-ACB-004
ACCT-000522,CUST-000438,CUSTOMER,SAVINGS,VND,2025-01-17T06:59:59Z,ACTIVE,BR-875,73514801,BANK-MBB-003
ACCT-000523,CUST-000439,CUSTOMER,PAYMENT,VND,2025-01-14T05:59:59Z,ACTIVE,BR-577,38730323,BANK-TCB-002
ACCT-000524,CUST-000439,CUSTOMER,SAVINGS,VND,2024-07-03T03:59:59Z,ACTIVE,BR-637,115326857,BANK-VPB-005
ACCT-000525,CUST-000440,CUSTOMER,PAYMENT,VND,2025-09-02T04:59:59Z,ACTIVE,BR-716,10809295,BANK-VCB-001
ACCT-000526,CUST-000440,CUSTOMER,PAYMENT,VND,2025-09-09T23:59:59Z,ACTIVE,BR-303,8341184,BANK-VPB-005
ACCT-000527,CUST-000441,CUSTOMER,PAYMENT,VND,2022-04-23T05:59:59Z,ACTIVE,BR-515,62134914,BANK-MBB-003
ACCT-000528,CUST-000442,CUSTOMER,SAVINGS,VND,2025-04-10T07:59:59Z,ACTIVE,BR-281,79274715,BANK-ACB-004
ACCT-000529,CUST-000443,CUSTOMER,PAYMENT,VND,2023-10-05T11:59:59Z,ACTIVE,BR-245,37549901,BANK-VCB-001
ACCT-000530,CUST-000444,CUSTOMER,PAYMENT,VND,2024-04-29T11:59:59Z,ACTIVE,BR-276,21510239,BANK-VPB-005
ACCT-000531,CUST-000445,CUSTOMER,PAYMENT,VND,2025-07-25T02:59:59Z,ACTIVE,BR-628,21888220,BANK-VPB-005
ACCT-000532,CUST-000445,CUSTOMER,PAYMENT,VND,2022-09-23T01:59:59Z,ACTIVE,BR-449,58766412,BANK-VCB-001
ACCT-000533,CUST-000446,CUSTOMER,SAVINGS,VND,2025-08-28T00:59:59Z,ACTIVE,BR-180,73157039,BANK-MBB-003
ACCT-000534,CUST-000447,CUSTOMER,PAYMENT,VND,2025-10-13T03:59:59Z,ACTIVE,BR-832,44011107,BANK-VCB-001
ACCT-000535,CUST-000448,CUSTOMER,SAVINGS,VND,2025-04-20T01:59:59Z,ACTIVE,BR-101,8696591,BANK-VCB-001
ACCT-000536,CUST-000449,CUSTOMER,PAYMENT,VND,2025-06-24T06:59:59Z,ACTIVE,BR-155,15376041,BANK-VPB-005
ACCT-000537,CUST-000450,CUSTOMER,PAYMENT,VND,2021-11-04T01:59:59Z,ACTIVE,BR-587,62835974,BANK-VCB-001
ACCT-000538,CUST-000451,CUSTOMER,PAYMENT,VND,2024-07-27T07:59:59Z,ACTIVE,BR-536,35189958,BANK-TCB-002
ACCT-000539,CUST-000452,CUSTOMER,PAYMENT,VND,2025-07-18T07:59:59Z,ACTIVE,BR-179,5066172,BANK-TCB-002
ACCT-000540,CUST-000453,CUSTOMER,PAYMENT,VND,2022-07-24T01:59:59Z,ACTIVE,BR-779,34131952,BANK-VPB-005
ACCT-000541,CUST-000454,CUSTOMER,PAYMENT,VND,2022-10-16T02:59:59Z,ACTIVE,BR-341,63340342,BANK-ACB-004
ACCT-000542,CUST-000454,CUSTOMER,PAYMENT,VND,2023-05-05T07:59:59Z,ACTIVE,BR-735,28356867,BANK-VCB-001
ACCT-000543,CUST-000455,CUSTOMER,PAYMENT,VND,2025-07-17T10:59:59Z,ACTIVE,BR-727,50805486,BANK-VPB-005
ACCT-000544,CUST-000456,CUSTOMER,PAYMENT,VND,2022-05-25T01:59:59Z,ACTIVE,BR-796,15505636,BANK-TCB-002
ACCT-000545,CUST-000457,CUSTOMER,PAYMENT,VND,2022-03-06T01:59:59Z,ACTIVE,BR-613,52081992,BANK-VPB-005
ACCT-000546,CUST-000458,CUSTOMER,PAYMENT,VND,2024-02-10T10:59:59Z,ACTIVE,BR-588,32649200,BANK-VCB-001
ACCT-000547,CUST-000459,CUSTOMER,PAYMENT,VND,2024-01-06T00:59:59Z,ACTIVE,BR-121,47271443,BANK-ACB-004
ACCT-000548,CUST-000460,CUSTOMER,PAYMENT,VND,2024-05-01T23:59:59Z,ACTIVE,BR-820,14452170,BANK-VPB-005
ACCT-000549,CUST-000461,CUSTOMER,SAVINGS,VND,2025-03-27T09:59:59Z,ACTIVE,BR-359,30026165,BANK-MBB-003
ACCT-000550,CUST-000462,CUSTOMER,PAYMENT,VND,2025-10-04T04:59:59Z,ACTIVE,BR-769,135868439,BANK-MBB-003
ACCT-000551,CUST-000463,CUSTOMER,PAYMENT,VND,2025-01-17T00:59:59Z,ACTIVE,BR-927,19787564,BANK-MBB-003
ACCT-000552,CUST-000464,CUSTOMER,PAYMENT,VND,2025-01-15T11:59:59Z,ACTIVE,BR-219,70292100,BANK-TCB-002
ACCT-000553,CUST-000465,CUSTOMER,PAYMENT,VND,2023-08-27T03:59:59Z,ACTIVE,BR-715,44684700,BANK-MBB-003
ACCT-000554,CUST-000466,CUSTOMER,PAYMENT,VND,2025-08-07T02:59:59Z,ACTIVE,BR-641,40548398,BANK-ACB-004
ACCT-000555,CUST-000467,CUSTOMER,PAYMENT,VND,2025-07-31T02:59:59Z,ACTIVE,BR-114,6685851,BANK-VPB-005
ACCT-000556,CUST-000468,CUSTOMER,PAYMENT,VND,2024-04-16T07:59:59Z,ACTIVE,BR-238,145137078,BANK-ACB-004
ACCT-000557,CUST-000469,CUSTOMER,PAYMENT,VND,2025-07-18T01:59:59Z,ACTIVE,BR-135,68558009,BANK-MBB-003
ACCT-000558,CUST-000470,CUSTOMER,PAYMENT,VND,2024-05-02T09:59:59Z,ACTIVE,BR-413,3093993,BANK-ACB-004
ACCT-000559,CUST-000471,CUSTOMER,PAYMENT,VND,2025-06-13T23:59:59Z,ACTIVE,BR-933,78792172,BANK-ACB-004
ACCT-000560,CUST-000471,CUSTOMER,SAVINGS,VND,2025-08-09T07:59:59Z,ACTIVE,BR-600,78464295,BANK-VCB-001
ACCT-000561,CUST-000472,CUSTOMER,SAVINGS,VND,2024-03-31T05:59:59Z,ACTIVE,BR-605,46280598,BANK-VPB-005
ACCT-000562,CUST-000472,CUSTOMER,PAYMENT,VND,2024-08-08T08:59:59Z,ACTIVE,BR-676,5354523,BANK-VCB-001
ACCT-000563,CUST-000473,CUSTOMER,PAYMENT,VND,2024-04-23T09:59:59Z,ACTIVE,BR-863,4981153,BANK-TCB-002
ACCT-000564,CUST-000474,CUSTOMER,PAYMENT,VND,2024-04-24T02:59:59Z,ACTIVE,BR-695,2908303,BANK-TCB-002
ACCT-000565,CUST-000475,CUSTOMER,PAYMENT,VND,2024-01-22T01:59:59Z,ACTIVE,BR-620,13375992,BANK-VCB-001
ACCT-000566,CUST-000476,CUSTOMER,SAVINGS,VND,2025-03-29T23:59:59Z,ACTIVE,BR-992,10380586,BANK-VPB-005
ACCT-000567,CUST-000476,CUSTOMER,PAYMENT,VND,2022-02-09T23:59:59Z,ACTIVE,BR-143,22617011,BANK-TCB-002
ACCT-000568,CUST-000477,CUSTOMER,PAYMENT,VND,2025-07-01T08:59:59Z,ACTIVE,BR-884,53232485,BANK-ACB-004
ACCT-000569,CUST-000477,CUSTOMER,PAYMENT,VND,2025-07-31T07:59:59Z,ACTIVE,BR-172,61997919,BANK-ACB-004
ACCT-000570,CUST-000478,CUSTOMER,SAVINGS,VND,2025-02-19T00:59:59Z,ACTIVE,BR-392,5081516,BANK-VCB-001
ACCT-000571,CUST-000479,CUSTOMER,PAYMENT,VND,2025-09-13T01:59:59Z,ACTIVE,BR-678,65516735,BANK-MBB-003
ACCT-000572,CUST-000480,CUSTOMER,PAYMENT,VND,2024-10-23T11:59:59Z,ACTIVE,BR-681,70376004,BANK-TCB-002
ACCT-000573,CUST-000480,CUSTOMER,PAYMENT,VND,2025-03-21T05:59:59Z,ACTIVE,BR-643,59075085,BANK-VPB-005
ACCT-000574,CUST-000481,CUSTOMER,PAYMENT,VND,2024-11-13T10:59:59Z,ACTIVE,BR-897,67015069,BANK-ACB-004
ACCT-000575,CUST-000481,CUSTOMER,PAYMENT,VND,2024-05-29T02:59:59Z,ACTIVE,BR-949,7670558,BANK-TCB-002
ACCT-000576,CUST-000482,CUSTOMER,PAYMENT,VND,2024-09-28T23:59:59Z,ACTIVE,BR-115,45986450,BANK-MBB-003
ACCT-000577,CUST-000483,CUSTOMER,PAYMENT,VND,2023-06-08T01:59:59Z,ACTIVE,BR-258,13160403,BANK-MBB-003
ACCT-000578,CUST-000484,CUSTOMER,PAYMENT,VND,2023-04-22T00:59:59Z,ACTIVE,BR-933,7671675,BANK-VPB-005
ACCT-000579,CUST-000485,CUSTOMER,SAVINGS,VND,2024-04-07T05:59:59Z,ACTIVE,BR-525,54216369,BANK-VPB-005
ACCT-000580,CUST-000486,CUSTOMER,PAYMENT,VND,2024-10-01T11:59:59Z,ACTIVE,BR-521,91602104,BANK-MBB-003
ACCT-000581,CUST-000487,CUSTOMER,PAYMENT,VND,2023-08-31T03:59:59Z,ACTIVE,BR-108,72783631,BANK-MBB-003
ACCT-000582,CUST-000487,CUSTOMER,SAVINGS,VND,2025-09-01T23:59:59Z,ACTIVE,BR-878,19729072,BANK-TCB-002
ACCT-000583,CUST-000488,CUSTOMER,PAYMENT,VND,2025-09-10T06:59:59Z,ACTIVE,BR-377,130083648,BANK-VPB-005
ACCT-000584,CUST-000489,CUSTOMER,SAVINGS,VND,2022-06-03T23:59:59Z,ACTIVE,BR-931,37245965,BANK-VPB-005
ACCT-000585,CUST-000489,CUSTOMER,PAYMENT,VND,2022-11-21T01:59:59Z,ACTIVE,BR-328,77771246,BANK-TCB-002
ACCT-000586,CUST-000490,CUSTOMER,SAVINGS,VND,2024-02-13T05:59:59Z,ACTIVE,BR-991,25070011,BANK-TCB-002
ACCT-000587,CUST-000491,CUSTOMER,PAYMENT,VND,2024-11-19T03:59:59Z,ACTIVE,BR-382,20516394,BANK-MBB-003
ACCT-000588,CUST-000491,CUSTOMER,PAYMENT,VND,2025-08-11T05:59:59Z,ACTIVE,BR-934,77343569,BANK-ACB-004
ACCT-000589,CUST-000492,CUSTOMER,PAYMENT,VND,2025-01-03T00:59:59Z,ACTIVE,BR-119,11773053,BANK-VCB-001
ACCT-000590,CUST-000493,CUSTOMER,PAYMENT,VND,2023-06-11T00:59:59Z,ACTIVE,BR-759,56165637,BANK-TCB-002
ACCT-000591,CUST-000494,CUSTOMER,SAVINGS,VND,2023-01-31T08:59:59Z,ACTIVE,BR-740,86637652,BANK-TCB-002
ACCT-000592,CUST-000495,CUSTOMER,PAYMENT,VND,2025-09-27T03:59:59Z,ACTIVE,BR-157,16440979,BANK-MBB-003
ACCT-000593,CUST-000495,CUSTOMER,PAYMENT,VND,2025-10-03T08:59:59Z,ACTIVE,BR-188,57198842,BANK-TCB-002
ACCT-000594,CUST-000496,CUSTOMER,PAYMENT,VND,2023-11-12T10:59:59Z,ACTIVE,BR-148,52108093,BANK-VPB-005
ACCT-000595,CUST-000497,CUSTOMER,PAYMENT,VND,2025-09-22T06:59:59Z,ACTIVE,BR-436,50428214,BANK-ACB-004
ACCT-000596,CUST-000497,CUSTOMER,PAYMENT,VND,2025-10-04T02:59:59Z,ACTIVE,BR-239,34980572,BANK-VPB-005
ACCT-000597,CUST-000498,CUSTOMER,PAYMENT,VND,2024-07-13T06:59:59Z,ACTIVE,BR-381,77142525,BANK-MBB-003
ACCT-000598,CUST-000499,CUSTOMER,PAYMENT,VND,2025-05-29T09:59:59Z,ACTIVE,BR-746,19146895,BANK-TCB-002
ACCT-000599,CUST-000500,CUSTOMER,PAYMENT,VND,2022-11-25T07:59:59Z,ACTIVE,BR-973,93774510,BANK-MBB-003
ACCT-000600,CUST-000500,CUSTOMER,PAYMENT,VND,2023-04-06T01:59:59Z,ACTIVE,BR-857,24587520,BANK-ACB-004
ACCT-000601,CUST-000501,CUSTOMER,PAYMENT,VND,2024-01-01T04:59:59Z,ACTIVE,BR-982,13821541,BANK-ACB-004
ACCT-000602,CUST-000502,CUSTOMER,PAYMENT,VND,2023-03-26T02:59:59Z,ACTIVE,BR-168,70384749,BANK-VCB-001
ACCT-000603,CUST-000502,CUSTOMER,PAYMENT,VND,2022-09-28T02:59:59Z,ACTIVE,BR-908,51439261,BANK-MBB-003
ACCT-000604,CUST-000503,CUSTOMER,PAYMENT,VND,2025-09-30T08:59:59Z,ACTIVE,BR-691,29674994,BANK-ACB-004
ACCT-000605,CUST-000504,CUSTOMER,PAYMENT,VND,2025-07-13T23:59:59Z,ACTIVE,BR-762,57085592,BANK-TCB-002
ACCT-000606,CUST-000505,CUSTOMER,PAYMENT,VND,2025-04-24T04:59:59Z,ACTIVE,BR-720,13495428,BANK-VPB-005
ACCT-000607,CUST-000506,CUSTOMER,PAYMENT,VND,2025-08-21T23:59:59Z,ACTIVE,BR-218,15915065,BANK-MBB-003
ACCT-000608,CUST-000507,CUSTOMER,PAYMENT,VND,2024-12-30T23:59:59Z,ACTIVE,BR-512,53240486,BANK-ACB-004
ACCT-000609,CUST-000508,CUSTOMER,SAVINGS,VND,2023-04-30T00:59:59Z,ACTIVE,BR-663,79641862,BANK-TCB-002
ACCT-000610,CUST-000509,CUSTOMER,PAYMENT,VND,2022-08-28T10:59:59Z,ACTIVE,BR-614,139067620,BANK-MBB-003
ACCT-000611,CUST-000510,CUSTOMER,PAYMENT,VND,2022-02-07T04:59:59Z,ACTIVE,BR-699,36870300,BANK-VCB-001
ACCT-000612,CUST-000511,CUSTOMER,PAYMENT,VND,2025-05-15T02:59:59Z,ACTIVE,BR-368,29605704,BANK-VCB-001
ACCT-000613,CUST-000512,CUSTOMER,PAYMENT,VND,2022-11-19T07:59:59Z,ACTIVE,BR-196,119538456,BANK-VPB-005
ACCT-000614,CUST-000513,CUSTOMER,PAYMENT,VND,2024-04-06T00:59:59Z,ACTIVE,BR-658,95836154,BANK-ACB-004
ACCT-000615,CUST-000514,CUSTOMER,PAYMENT,VND,2024-09-19T04:59:59Z,ACTIVE,BR-783,56277491,BANK-MBB-003
ACCT-000616,CUST-000515,CUSTOMER,PAYMENT,VND,2021-04-30T23:59:59Z,ACTIVE,BR-892,25558316,BANK-MBB-003
ACCT-000617,CUST-000516,CUSTOMER,PAYMENT,VND,2023-04-10T23:59:59Z,ACTIVE,BR-160,103870173,BANK-VPB-005
ACCT-000618,CUST-000517,CUSTOMER,PAYMENT,VND,2025-08-06T11:59:59Z,ACTIVE,BR-360,59454230,BANK-TCB-002
ACCT-000619,CUST-000518,CUSTOMER,SAVINGS,VND,2022-12-08T10:59:59Z,ACTIVE,BR-630,10259726,BANK-VPB-005
ACCT-000620,CUST-000519,CUSTOMER,SAVINGS,VND,2022-12-24T03:59:59Z,ACTIVE,BR-187,9665925,BANK-TCB-002
ACCT-000621,CUST-000520,CUSTOMER,PAYMENT,VND,2024-03-31T06:59:59Z,ACTIVE,BR-965,3244493,BANK-ACB-004
ACCT-000622,CUST-000521,CUSTOMER,PAYMENT,VND,2025-09-19T06:59:59Z,ACTIVE,BR-148,33146498,BANK-MBB-003
ACCT-000623,CUST-000522,CUSTOMER,PAYMENT,VND,2025-08-07T11:59:59Z,ACTIVE,BR-670,72369808,BANK-VCB-001
ACCT-000624,CUST-000522,CUSTOMER,SAVINGS,VND,2024-09-29T00:59:59Z,ACTIVE,BR-781,70911209,BANK-ACB-004
ACCT-000625,CUST-000523,CUSTOMER,PAYMENT,VND,2025-03-26T00:59:59Z,ACTIVE,BR-278,41183637,BANK-VCB-001
ACCT-000626,CUST-000523,CUSTOMER,PAYMENT,VND,2025-07-05T02:59:59Z,ACTIVE,BR-427,69854633,BANK-MBB-003
ACCT-000627,CUST-000524,CUSTOMER,SAVINGS,VND,2025-01-19T11:59:59Z,ACTIVE,BR-741,19157892,BANK-ACB-004
ACCT-000628,CUST-000525,CUSTOMER,PAYMENT,VND,2025-04-15T03:59:59Z,ACTIVE,BR-911,5773834,BANK-VCB-001
ACCT-000629,CUST-000525,CUSTOMER,PAYMENT,VND,2023-12-03T00:59:59Z,ACTIVE,BR-838,12916269,BANK-TCB-002
ACCT-000630,CUST-000526,CUSTOMER,SAVINGS,VND,2023-07-18T03:59:59Z,ACTIVE,BR-361,82023139,BANK-VCB-001
ACCT-000631,CUST-000527,CUSTOMER,PAYMENT,VND,2022-03-19T00:59:59Z,ACTIVE,BR-265,38183390,BANK-VPB-005
ACCT-000632,CUST-000527,CUSTOMER,PAYMENT,VND,2025-06-20T09:59:59Z,ACTIVE,BR-253,15470754,BANK-VPB-005
ACCT-000633,CUST-000528,CUSTOMER,PAYMENT,VND,2025-07-02T11:59:59Z,ACTIVE,BR-395,22764336,BANK-MBB-003
ACCT-000634,CUST-000529,CUSTOMER,PAYMENT,VND,2025-06-17T10:59:59Z,ACTIVE,BR-486,43788333,BANK-MBB-003
ACCT-000635,CUST-000529,CUSTOMER,SAVINGS,VND,2025-08-29T10:59:59Z,ACTIVE,BR-674,46641128,BANK-ACB-004
ACCT-000636,CUST-000530,CUSTOMER,PAYMENT,VND,2025-06-26T00:59:59Z,ACTIVE,BR-862,194758965,BANK-VPB-005
ACCT-000637,CUST-000531,CUSTOMER,SAVINGS,VND,2022-06-08T05:59:59Z,ACTIVE,BR-599,64475712,BANK-MBB-003
ACCT-000638,CUST-000532,CUSTOMER,PAYMENT,VND,2023-05-02T03:59:59Z,ACTIVE,BR-717,194583796,BANK-VCB-001
ACCT-000639,CUST-000533,CUSTOMER,SAVINGS,VND,2024-02-20T08:59:59Z,ACTIVE,BR-328,73572190,BANK-TCB-002
ACCT-000640,CUST-000534,CUSTOMER,SAVINGS,VND,2025-08-25T01:59:59Z,ACTIVE,BR-532,110897893,BANK-MBB-003
ACCT-000641,CUST-000534,CUSTOMER,PAYMENT,VND,2023-04-22T07:59:59Z,ACTIVE,BR-656,165867098,BANK-ACB-004
ACCT-000642,CUST-000535,CUSTOMER,PAYMENT,VND,2024-12-23T01:59:59Z,ACTIVE,BR-694,60221047,BANK-VPB-005
ACCT-000643,CUST-000535,CUSTOMER,SAVINGS,VND,2025-09-06T08:59:59Z,ACTIVE,BR-790,66413525,BANK-ACB-004
ACCT-000644,CUST-000536,CUSTOMER,SAVINGS,VND,2024-10-26T09:59:59Z,ACTIVE,BR-463,61952433,BANK-ACB-004
ACCT-000645,CUST-000537,CUSTOMER,SAVINGS,VND,2025-06-09T03:59:59Z,ACTIVE,BR-480,12803335,BANK-ACB-004
ACCT-000646,CUST-000538,CUSTOMER,PAYMENT,VND,2023-02-21T06:59:59Z,ACTIVE,BR-575,45916613,BANK-VPB-005
ACCT-000647,CUST-000539,CUSTOMER,PAYMENT,VND,2025-05-19T02:59:59Z,ACTIVE,BR-140,73043219,BANK-VCB-001
ACCT-000648,CUST-000540,CUSTOMER,PAYMENT,VND,2024-01-16T23:59:59Z,ACTIVE,BR-236,58227412,BANK-VPB-005
ACCT-000649,CUST-000541,CUSTOMER,SAVINGS,VND,2024-12-30T02:59:59Z,ACTIVE,BR-679,73082941,BANK-TCB-002
ACCT-000650,CUST-000542,CUSTOMER,PAYMENT,VND,2023-06-17T11:59:59Z,ACTIVE,BR-544,17527296,BANK-TCB-002
ACCT-000651,CUST-000543,CUSTOMER,SAVINGS,VND,2025-07-18T05:59:59Z,ACTIVE,BR-557,8029571,BANK-VCB-001
ACCT-000652,CUST-000544,CUSTOMER,SAVINGS,VND,2025-06-26T07:59:59Z,ACTIVE,BR-960,52403097,BANK-MBB-003
ACCT-000653,CUST-000545,CUSTOMER,PAYMENT,VND,2024-07-16T01:59:59Z,ACTIVE,BR-238,64728006,BANK-TCB-002
ACCT-000654,CUST-000545,CUSTOMER,PAYMENT,VND,2023-09-29T23:59:59Z,ACTIVE,BR-796,71981950,BANK-ACB-004
ACCT-000655,CUST-000546,CUSTOMER,PAYMENT,VND,2025-08-03T08:59:59Z,ACTIVE,BR-637,178741794,BANK-VPB-005
ACCT-000656,CUST-000547,CUSTOMER,SAVINGS,VND,2021-07-11T10:59:59Z,ACTIVE,BR-772,23995196,BANK-VPB-005
ACCT-000657,CUST-000548,CUSTOMER,SAVINGS,VND,2022-06-22T11:59:59Z,ACTIVE,BR-733,72098790,BANK-ACB-004
ACCT-000658,CUST-000549,CUSTOMER,PAYMENT,VND,2024-10-04T07:59:59Z,ACTIVE,BR-933,33895463,BANK-ACB-004
ACCT-000659,CUST-000550,CUSTOMER,PAYMENT,VND,2022-10-19T08:59:59Z,ACTIVE,BR-902,14185243,BANK-VPB-005
ACCT-000660,CUST-000551,CUSTOMER,PAYMENT,VND,2023-02-02T01:59:59Z,ACTIVE,BR-454,91883707,BANK-VCB-001
ACCT-000661,CUST-000552,CUSTOMER,PAYMENT,VND,2024-05-17T11:59:59Z,ACTIVE,BR-946,15567769,BANK-VPB-005
ACCT-000662,CUST-000553,CUSTOMER,PAYMENT,VND,2025-05-08T23:59:59Z,ACTIVE,BR-860,41288068,BANK-VPB-005
ACCT-000663,CUST-000554,CUSTOMER,PAYMENT,VND,2025-03-24T00:59:59Z,ACTIVE,BR-724,52508237,BANK-MBB-003
ACCT-000664,CUST-000555,CUSTOMER,PAYMENT,VND,2025-04-28T08:59:59Z,ACTIVE,BR-532,37373077,BANK-TCB-002
ACCT-000665,CUST-000556,CUSTOMER,PAYMENT,VND,2024-06-04T08:59:59Z,ACTIVE,BR-746,59042635,BANK-TCB-002
ACCT-000666,CUST-000557,CUSTOMER,PAYMENT,VND,2025-06-19T11:59:59Z,ACTIVE,BR-372,132179477,BANK-TCB-002
ACCT-000667,CUST-000557,CUSTOMER,PAYMENT,VND,2025-03-22T05:59:59Z,ACTIVE,BR-158,188436827,BANK-ACB-004
ACCT-000668,CUST-000558,CUSTOMER,PAYMENT,VND,2023-06-08T10:59:59Z,ACTIVE,BR-995,18561743,BANK-MBB-003
ACCT-000669,CUST-000559,CUSTOMER,PAYMENT,VND,2025-08-29T06:59:59Z,ACTIVE,BR-576,15284190,BANK-VPB-005
ACCT-000670,CUST-000559,CUSTOMER,PAYMENT,VND,2025-07-19T23:59:59Z,ACTIVE,BR-686,49776626,BANK-VPB-005
ACCT-000671,CUST-000560,CUSTOMER,SAVINGS,VND,2023-06-20T10:59:59Z,ACTIVE,BR-628,66931402,BANK-VCB-001
ACCT-000672,CUST-000561,CUSTOMER,SAVINGS,VND,2023-06-28T09:59:59Z,ACTIVE,BR-180,50224860,BANK-TCB-002
ACCT-000673,CUST-000562,CUSTOMER,PAYMENT,VND,2025-09-30T08:59:59Z,ACTIVE,BR-135,9342687,BANK-MBB-003
ACCT-000674,CUST-000563,CUSTOMER,PAYMENT,VND,2025-07-22T05:59:59Z,ACTIVE,BR-585,88092922,BANK-VCB-001
ACCT-000675,CUST-000564,CUSTOMER,SAVINGS,VND,2022-10-09T06:59:59Z,ACTIVE,BR-385,37462133,BANK-VCB-001
ACCT-000676,CUST-000565,CUSTOMER,PAYMENT,VND,2025-09-20T04:59:59Z,ACTIVE,BR-925,46978063,BANK-VCB-001
ACCT-000677,CUST-000566,CUSTOMER,SAVINGS,VND,2025-06-02T02:59:59Z,ACTIVE,BR-701,101339247,BANK-MBB-003
ACCT-000678,CUST-000566,CUSTOMER,PAYMENT,VND,2025-06-30T10:59:59Z,ACTIVE,BR-515,103668201,BANK-ACB-004
ACCT-000679,CUST-000567,CUSTOMER,PAYMENT,VND,2024-07-09T23:59:59Z,ACTIVE,BR-338,56250609,BANK-TCB-002
ACCT-000680,CUST-000568,CUSTOMER,PAYMENT,VND,2025-09-18T03:59:59Z,ACTIVE,BR-155,49664159,BANK-VCB-001
ACCT-000681,CUST-000569,CUSTOMER,PAYMENT,VND,2022-11-20T03:59:59Z,ACTIVE,BR-967,58146274,BANK-MBB-003
ACCT-000682,CUST-000570,CUSTOMER,PAYMENT,VND,2021-06-20T08:59:59Z,ACTIVE,BR-507,54109230,BANK-TCB-002
ACCT-000683,CUST-000571,CUSTOMER,PAYMENT,VND,2021-03-02T11:59:59Z,ACTIVE,BR-537,63406300,BANK-VPB-005
ACCT-000684,CUST-000572,CUSTOMER,PAYMENT,VND,2024-07-02T11:59:59Z,ACTIVE,BR-740,70155316,BANK-VPB-005
ACCT-000685,CUST-000572,CUSTOMER,PAYMENT,VND,2025-09-27T02:59:59Z,ACTIVE,BR-253,46464973,BANK-MBB-003
ACCT-000686,CUST-000573,CUSTOMER,PAYMENT,VND,2023-11-27T03:59:59Z,ACTIVE,BR-889,63143195,BANK-MBB-003
ACCT-000687,CUST-000574,CUSTOMER,PAYMENT,VND,2024-09-11T02:59:59Z,ACTIVE,BR-117,8289151,BANK-VPB-005
ACCT-000688,CUST-000575,CUSTOMER,PAYMENT,VND,2021-07-13T04:59:59Z,ACTIVE,BR-383,1773329,BANK-VPB-005
ACCT-000689,CUST-000575,CUSTOMER,SAVINGS,VND,2025-05-28T05:59:59Z,ACTIVE,BR-715,10542398,BANK-TCB-002
ACCT-000690,CUST-000576,CUSTOMER,PAYMENT,VND,2024-05-31T09:59:59Z,ACTIVE,BR-898,53853935,BANK-VCB-001
ACCT-000691,CUST-000577,CUSTOMER,PAYMENT,VND,2024-01-06T06:59:59Z,ACTIVE,BR-733,9635678,BANK-MBB-003
ACCT-000692,CUST-000578,CUSTOMER,PAYMENT,VND,2024-09-19T01:59:59Z,ACTIVE,BR-628,42616658,BANK-TCB-002
ACCT-000693,CUST-000579,CUSTOMER,PAYMENT,VND,2025-09-15T10:59:59Z,ACTIVE,BR-920,18154594,BANK-VPB-005
ACCT-000694,CUST-000579,CUSTOMER,PAYMENT,VND,2025-08-17T04:59:59Z,ACTIVE,BR-979,17759388,BANK-ACB-004
ACCT-000695,CUST-000580,CUSTOMER,PAYMENT,VND,2023-05-06T02:59:59Z,ACTIVE,BR-937,25320489,BANK-TCB-002
ACCT-000696,CUST-000581,CUSTOMER,PAYMENT,VND,2025-02-26T01:59:59Z,ACTIVE,BR-992,32531786,BANK-TCB-002
ACCT-000697,CUST-000582,CUSTOMER,PAYMENT,VND,2023-10-20T06:59:59Z,ACTIVE,BR-811,42137973,BANK-VCB-001
ACCT-000698,CUST-000583,CUSTOMER,PAYMENT,VND,2025-04-16T01:59:59Z,ACTIVE,BR-623,19514516,BANK-TCB-002
ACCT-000699,CUST-000584,CUSTOMER,SAVINGS,VND,2024-02-22T23:59:59Z,ACTIVE,BR-991,60392668,BANK-TCB-002
ACCT-000700,CUST-000585,CUSTOMER,PAYMENT,VND,2025-04-26T00:59:59Z,ACTIVE,BR-274,185998189,BANK-VPB-005
ACCT-000701,CUST-000586,CUSTOMER,PAYMENT,VND,2024-02-08T05:59:59Z,ACTIVE,BR-560,16983109,BANK-ACB-004
ACCT-000702,CUST-000587,CUSTOMER,PAYMENT,VND,2024-12-16T10:59:59Z,ACTIVE,BR-735,4056294,BANK-ACB-004
ACCT-000703,CUST-000588,CUSTOMER,PAYMENT,VND,2023-06-17T06:59:59Z,ACTIVE,BR-333,3005468,BANK-TCB-002
ACCT-000704,CUST-000589,CUSTOMER,PAYMENT,VND,2025-07-01T04:59:59Z,ACTIVE,BR-470,4675938,BANK-TCB-002
ACCT-000705,CUST-000590,CUSTOMER,PAYMENT,VND,2023-09-15T02:59:59Z,ACTIVE,BR-978,27490687,BANK-VPB-005
ACCT-000706,CUST-000591,CUSTOMER,PAYMENT,VND,2023-05-06T10:59:59Z,ACTIVE,BR-889,50519657,BANK-VCB-001
ACCT-000707,CUST-000592,CUSTOMER,PAYMENT,VND,2025-10-12T23:59:59Z,ACTIVE,BR-912,2236948,BANK-MBB-003
ACCT-000708,CUST-000593,CUSTOMER,SAVINGS,VND,2025-09-16T00:59:59Z,ACTIVE,BR-269,62594000,BANK-VPB-005
ACCT-000709,CUST-000594,CUSTOMER,PAYMENT,VND,2025-09-12T07:59:59Z,ACTIVE,BR-397,76962567,BANK-TCB-002
ACCT-000710,CUST-000595,CUSTOMER,SAVINGS,VND,2024-05-25T01:59:59Z,ACTIVE,BR-299,17986419,BANK-ACB-004
ACCT-000711,CUST-000596,CUSTOMER,PAYMENT,VND,2025-05-21T06:59:59Z,ACTIVE,BR-973,75220675,BANK-ACB-004
ACCT-000712,CUST-000597,CUSTOMER,SAVINGS,VND,2025-03-20T10:59:59Z,ACTIVE,BR-999,187098654,BANK-ACB-004
ACCT-000713,CUST-000598,CUSTOMER,PAYMENT,VND,2025-06-02T01:59:59Z,ACTIVE,BR-358,21663467,BANK-TCB-002
ACCT-000714,CUST-000598,CUSTOMER,PAYMENT,VND,2023-10-30T02:59:59Z,ACTIVE,BR-502,77653674,BANK-TCB-002
ACCT-000715,CUST-000599,CUSTOMER,PAYMENT,VND,2023-05-29T01:59:59Z,ACTIVE,BR-450,18962369,BANK-MBB-003
ACCT-000716,CUST-000600,CUSTOMER,SAVINGS,VND,2025-08-22T07:59:59Z,ACTIVE,BR-386,14145834,BANK-VPB-005
ACCT-000717,CUST-000601,CUSTOMER,PAYMENT,VND,2023-01-07T03:59:59Z,ACTIVE,BR-553,42988040,BANK-VCB-001
ACCT-000718,CUST-000602,CUSTOMER,PAYMENT,VND,2025-01-29T03:59:59Z,ACTIVE,BR-569,10938596,BANK-MBB-003
ACCT-000719,CUST-000603,CUSTOMER,PAYMENT,VND,2025-09-06T10:59:59Z,ACTIVE,BR-873,48183141,BANK-TCB-002
ACCT-000720,CUST-000604,CUSTOMER,PAYMENT,VND,2024-08-31T08:59:59Z,ACTIVE,BR-406,22206597,BANK-MBB-003
ACCT-000721,CUST-000605,CUSTOMER,PAYMENT,VND,2025-09-20T11:59:59Z,ACTIVE,BR-690,55225527,BANK-VCB-001
ACCT-000722,CUST-000606,CUSTOMER,SAVINGS,VND,2025-08-28T04:59:59Z,ACTIVE,BR-560,78837157,BANK-VPB-005
ACCT-000723,CUST-000607,CUSTOMER,PAYMENT,VND,2025-10-05T11:59:59Z,ACTIVE,BR-903,21292656,BANK-VPB-005
ACCT-000724,CUST-000607,CUSTOMER,PAYMENT,VND,2025-07-20T09:59:59Z,ACTIVE,BR-282,60436610,BANK-ACB-004
ACCT-000725,CUST-000608,CUSTOMER,PAYMENT,VND,2022-08-18T11:59:59Z,ACTIVE,BR-277,18895741,BANK-ACB-004
ACCT-000726,CUST-000609,CUSTOMER,PAYMENT,VND,2025-02-02T02:59:59Z,ACTIVE,BR-227,130419159,BANK-ACB-004
ACCT-000727,CUST-000610,CUSTOMER,SAVINGS,VND,2024-04-12T07:59:59Z,ACTIVE,BR-630,27147889,BANK-MBB-003
ACCT-000728,CUST-000611,CUSTOMER,PAYMENT,VND,2024-09-17T05:59:59Z,ACTIVE,BR-992,28071670,BANK-VPB-005
ACCT-000729,CUST-000612,CUSTOMER,PAYMENT,VND,2025-01-20T02:59:59Z,ACTIVE,BR-236,62039522,BANK-VPB-005
ACCT-000730,CUST-000613,CUSTOMER,PAYMENT,VND,2024-04-04T23:59:59Z,ACTIVE,BR-756,7862892,BANK-ACB-004
ACCT-000731,CUST-000614,CUSTOMER,PAYMENT,VND,2020-06-17T08:59:59Z,ACTIVE,BR-136,29487993,BANK-TCB-002
ACCT-000732,CUST-000615,CUSTOMER,PAYMENT,VND,2022-09-02T04:59:59Z,ACTIVE,BR-762,18437465,BANK-VCB-001
ACCT-000733,CUST-000616,CUSTOMER,SAVINGS,VND,2025-06-19T03:59:59Z,ACTIVE,BR-795,31243608,BANK-MBB-003
ACCT-000734,CUST-000617,CUSTOMER,PAYMENT,VND,2025-09-07T00:59:59Z,ACTIVE,BR-986,24047600,BANK-ACB-004
ACCT-000735,CUST-000618,CUSTOMER,SAVINGS,VND,2023-10-02T08:59:59Z,ACTIVE,BR-422,6507679,BANK-TCB-002
ACCT-000736,CUST-000618,CUSTOMER,PAYMENT,VND,2023-06-06T11:59:59Z,ACTIVE,BR-590,27525087,BANK-TCB-002
ACCT-000737,CUST-000619,CUSTOMER,SAVINGS,VND,2025-10-09T07:59:59Z,ACTIVE,BR-957,2784923,BANK-MBB-003
ACCT-000738,CUST-000620,CUSTOMER,PAYMENT,VND,2025-10-09T07:59:59Z,ACTIVE,BR-316,85189298,BANK-MBB-003
ACCT-000739,CUST-000620,CUSTOMER,PAYMENT,VND,2025-02-06T02:59:59Z,ACTIVE,BR-150,25915898,BANK-MBB-003
ACCT-000740,CUST-000621,CUSTOMER,SAVINGS,VND,2023-06-10T23:59:59Z,ACTIVE,BR-757,67784953,BANK-ACB-004
ACCT-000741,CUST-000621,CUSTOMER,SAVINGS,VND,2021-08-29T06:59:59Z,ACTIVE,BR-208,18974122,BANK-ACB-004
ACCT-000742,CUST-000622,CUSTOMER,SAVINGS,VND,2024-09-10T23:59:59Z,ACTIVE,BR-251,77758588,BANK-MBB-003
ACCT-000743,CUST-000623,CUSTOMER,PAYMENT,VND,2021-04-07T07:59:59Z,ACTIVE,BR-478,160871981,BANK-VPB-005
ACCT-000744,CUST-000624,CUSTOMER,PAYMENT,VND,2022-06-22T09:59:59Z,ACTIVE,BR-466,48830786,BANK-VCB-001
ACCT-000745,CUST-000624,CUSTOMER,PAYMENT,VND,2022-08-12T01:59:59Z,ACTIVE,BR-492,73481316,BANK-ACB-004
ACCT-000746,CUST-000625,CUSTOMER,SAVINGS,VND,2022-01-22T23:59:59Z,ACTIVE,BR-835,81299985,BANK-VPB-005
ACCT-000747,CUST-000626,CUSTOMER,PAYMENT,VND,2025-05-28T08:59:59Z,ACTIVE,BR-897,19709195,BANK-VCB-001
ACCT-000748,CUST-000627,CUSTOMER,SAVINGS,VND,2024-11-29T08:59:59Z,ACTIVE,BR-402,34502246,BANK-ACB-004
ACCT-000749,CUST-000628,CUSTOMER,PAYMENT,VND,2025-01-05T10:59:59Z,ACTIVE,BR-813,66247838,BANK-TCB-002
ACCT-000750,CUST-000629,CUSTOMER,PAYMENT,VND,2025-02-14T11:59:59Z,ACTIVE,BR-249,5870978,BANK-VCB-001
ACCT-000751,CUST-000630,CUSTOMER,PAYMENT,VND,2023-09-14T05:59:59Z,ACTIVE,BR-375,74945984,BANK-TCB-002
ACCT-000752,CUST-000631,CUSTOMER,SAVINGS,VND,2024-08-03T08:59:59Z,ACTIVE,BR-776,64268805,BANK-VPB-005
ACCT-000753,CUST-000632,CUSTOMER,PAYMENT,VND,2025-03-29T00:59:59Z,ACTIVE,BR-806,29713819,BANK-VPB-005
ACCT-000754,CUST-000633,CUSTOMER,PAYMENT,VND,2024-03-18T09:59:59Z,ACTIVE,BR-922,169697806,BANK-MBB-003
ACCT-000755,CUST-000634,CUSTOMER,PAYMENT,VND,2025-04-11T03:59:59Z,ACTIVE,BR-145,71663564,BANK-VCB-001
ACCT-000756,CUST-000635,CUSTOMER,SAVINGS,VND,2024-07-28T08:59:59Z,ACTIVE,BR-337,89464447,BANK-VCB-001
ACCT-000757,CUST-000636,CUSTOMER,SAVINGS,VND,2024-02-09T05:59:59Z,ACTIVE,BR-252,51886451,BANK-VPB-005
ACCT-000758,CUST-000636,CUSTOMER,PAYMENT,VND,2025-07-07T01:59:59Z,ACTIVE,BR-871,6477052,BANK-MBB-003
ACCT-000759,CUST-000637,CUSTOMER,PAYMENT,VND,2025-01-10T00:59:59Z,ACTIVE,BR-761,9443606,BANK-VPB-005
ACCT-000760,CUST-000638,CUSTOMER,SAVINGS,VND,2024-04-13T02:59:59Z,ACTIVE,BR-782,39587181,BANK-MBB-003
ACCT-000761,CUST-000639,CUSTOMER,PAYMENT,VND,2024-06-07T23:59:59Z,ACTIVE,BR-411,13630191,BANK-MBB-003
ACCT-000762,CUST-000639,CUSTOMER,SAVINGS,VND,2022-06-22T00:59:59Z,ACTIVE,BR-735,75052669,BANK-VPB-005
ACCT-000763,CUST-000640,CUSTOMER,PAYMENT,VND,2024-03-02T08:59:59Z,ACTIVE,BR-738,98223503,BANK-VCB-001
ACCT-000764,CUST-000640,CUSTOMER,PAYMENT,VND,2024-06-09T04:59:59Z,ACTIVE,BR-587,48070639,BANK-VCB-001
ACCT-000765,CUST-000641,CUSTOMER,PAYMENT,VND,2022-10-14T02:59:59Z,ACTIVE,BR-412,114686795,BANK-ACB-004
ACCT-000766,CUST-000642,CUSTOMER,PAYMENT,VND,2022-02-22T02:59:59Z,ACTIVE,BR-123,65471936,BANK-MBB-003
ACCT-000767,CUST-000643,CUSTOMER,PAYMENT,VND,2025-04-10T23:59:59Z,ACTIVE,BR-219,78392616,BANK-VCB-001
ACCT-000768,CUST-000644,CUSTOMER,PAYMENT,VND,2021-04-07T05:59:59Z,ACTIVE,BR-380,27095833,BANK-TCB-002
ACCT-000769,CUST-000645,CUSTOMER,PAYMENT,VND,2024-10-11T01:59:59Z,ACTIVE,BR-942,38635946,BANK-VPB-005
ACCT-000770,CUST-000646,CUSTOMER,PAYMENT,VND,2023-03-02T09:59:59Z,ACTIVE,BR-757,72255548,BANK-VCB-001
ACCT-000771,CUST-000647,CUSTOMER,PAYMENT,VND,2025-04-06T09:59:59Z,ACTIVE,BR-560,48720160,BANK-VCB-001
ACCT-000772,CUST-000648,CUSTOMER,SAVINGS,VND,2024-01-17T03:59:59Z,ACTIVE,BR-671,56781826,BANK-VPB-005
ACCT-000773,CUST-000649,CUSTOMER,SAVINGS,VND,2021-12-24T09:59:59Z,ACTIVE,BR-716,39200986,BANK-MBB-003
ACCT-000774,CUST-000650,CUSTOMER,PAYMENT,VND,2023-08-21T08:59:59Z,ACTIVE,BR-379,43068124,BANK-VPB-005
ACCT-000775,CUST-000650,CUSTOMER,SAVINGS,VND,2020-11-26T08:59:59Z,ACTIVE,BR-526,9490826,BANK-VCB-001
ACCT-000776,CUST-000651,CUSTOMER,PAYMENT,VND,2024-05-08T05:59:59Z,ACTIVE,BR-648,17534117,BANK-VPB-005
ACCT-000777,CUST-000652,CUSTOMER,PAYMENT,VND,2022-12-26T02:59:59Z,ACTIVE,BR-876,68167989,BANK-VPB-005
ACCT-000778,CUST-000652,CUSTOMER,PAYMENT,VND,2024-02-02T03:59:59Z,ACTIVE,BR-557,36897383,BANK-VCB-001
ACCT-000779,CUST-000653,CUSTOMER,PAYMENT,VND,2024-02-07T23:59:59Z,ACTIVE,BR-384,8634544,BANK-ACB-004
ACCT-000780,CUST-000653,CUSTOMER,PAYMENT,VND,2023-06-15T23:59:59Z,ACTIVE,BR-689,19798689,BANK-VCB-001
ACCT-000781,CUST-000654,CUSTOMER,PAYMENT,VND,2025-08-08T06:59:59Z,ACTIVE,BR-118,54596879,BANK-VCB-001
ACCT-000782,CUST-000655,CUSTOMER,PAYMENT,VND,2024-12-29T08:59:59Z,ACTIVE,BR-491,16839166,BANK-VPB-005
ACCT-000783,CUST-000656,CUSTOMER,PAYMENT,VND,2025-08-15T06:59:59Z,ACTIVE,BR-807,41444712,BANK-MBB-003
ACCT-000784,CUST-000657,CUSTOMER,PAYMENT,VND,2025-08-31T02:59:59Z,ACTIVE,BR-473,16421150,BANK-VPB-005
ACCT-000785,CUST-000658,CUSTOMER,PAYMENT,VND,2025-05-02T05:59:59Z,ACTIVE,BR-678,49595868,BANK-MBB-003
ACCT-000786,CUST-000659,CUSTOMER,SAVINGS,VND,2025-01-24T06:59:59Z,ACTIVE,BR-887,17226437,BANK-TCB-002
ACCT-000787,CUST-000660,CUSTOMER,PAYMENT,VND,2025-08-23T07:59:59Z,ACTIVE,BR-580,43342711,BANK-VCB-001
ACCT-000788,CUST-000661,CUSTOMER,PAYMENT,VND,2025-03-05T10:59:59Z,ACTIVE,BR-280,53451460,BANK-TCB-002
ACCT-000789,CUST-000661,CUSTOMER,PAYMENT,VND,2024-12-30T06:59:59Z,ACTIVE,BR-602,32251423,BANK-VCB-001
ACCT-000790,CUST-000662,CUSTOMER,PAYMENT,VND,2024-10-02T11:59:59Z,ACTIVE,BR-231,134617359,BANK-ACB-004
ACCT-000791,CUST-000663,CUSTOMER,PAYMENT,VND,2025-07-31T01:59:59Z,ACTIVE,BR-216,74281128,BANK-VPB-005
ACCT-000792,CUST-000663,CUSTOMER,SAVINGS,VND,2025-08-12T10:59:59Z,ACTIVE,BR-269,90278989,BANK-VCB-001
ACCT-000793,CUST-000664,CUSTOMER,PAYMENT,VND,2024-05-13T06:59:59Z,ACTIVE,BR-658,53667774,BANK-VCB-001
ACCT-000794,CUST-000664,CUSTOMER,PAYMENT,VND,2024-09-19T03:59:59Z,ACTIVE,BR-579,40333950,BANK-ACB-004
ACCT-000795,CUST-000665,CUSTOMER,PAYMENT,VND,2024-12-26T11:59:59Z,ACTIVE,BR-360,826040,BANK-VCB-001
ACCT-000796,CUST-000666,CUSTOMER,SAVINGS,VND,2021-08-17T11:59:59Z,ACTIVE,BR-423,64560955,BANK-ACB-004
ACCT-000797,CUST-000667,CUSTOMER,PAYMENT,VND,2021-07-31T04:59:59Z,ACTIVE,BR-408,51984601,BANK-VPB-005
ACCT-000798,CUST-000668,CUSTOMER,PAYMENT,VND,2023-07-24T08:59:59Z,ACTIVE,BR-709,52359608,BANK-VCB-001
ACCT-000799,CUST-000669,CUSTOMER,SAVINGS,VND,2023-03-13T08:59:59Z,ACTIVE,BR-965,85581312,BANK-VCB-001
ACCT-000800,CUST-000669,CUSTOMER,PAYMENT,VND,2025-06-20T10:59:59Z,ACTIVE,BR-121,95974292,BANK-VPB-005
ACCT-000801,CUST-000670,CUSTOMER,SAVINGS,VND,2025-01-16T03:59:59Z,ACTIVE,BR-976,90718427,BANK-MBB-003
ACCT-000802,CUST-000671,CUSTOMER,PAYMENT,VND,2023-10-02T09:59:59Z,ACTIVE,BR-948,53216928,BANK-TCB-002
ACCT-000803,CUST-000671,CUSTOMER,PAYMENT,VND,2024-04-02T02:59:59Z,ACTIVE,BR-936,85546596,BANK-ACB-004
ACCT-000804,CUST-000672,CUSTOMER,PAYMENT,VND,2023-12-19T11:59:59Z,ACTIVE,BR-568,190650579,BANK-VCB-001
ACCT-000805,CUST-000673,CUSTOMER,PAYMENT,VND,2024-09-17T10:59:59Z,ACTIVE,BR-967,50865345,BANK-TCB-002
ACCT-000806,CUST-000674,CUSTOMER,PAYMENT,VND,2025-02-18T01:59:59Z,ACTIVE,BR-957,37294117,BANK-VCB-001
ACCT-000807,CUST-000675,CUSTOMER,PAYMENT,VND,2025-04-29T06:59:59Z,ACTIVE,BR-514,71280830,BANK-VCB-001
ACCT-000808,CUST-000676,CUSTOMER,PAYMENT,VND,2024-05-21T11:59:59Z,ACTIVE,BR-384,18752970,BANK-TCB-002
ACCT-000809,CUST-000677,CUSTOMER,PAYMENT,VND,2025-01-25T11:59:59Z,ACTIVE,BR-546,78908711,BANK-TCB-002
ACCT-000810,CUST-000678,CUSTOMER,SAVINGS,VND,2025-04-23T09:59:59Z,ACTIVE,BR-149,59574070,BANK-VPB-005
ACCT-000811,CUST-000679,CUSTOMER,SAVINGS,VND,2023-11-28T01:59:59Z,ACTIVE,BR-882,66675837,BANK-VCB-001
ACCT-000812,CUST-000680,CUSTOMER,PAYMENT,VND,2022-10-30T01:59:59Z,ACTIVE,BR-284,35726920,BANK-MBB-003
ACCT-000813,CUST-000681,CUSTOMER,PAYMENT,VND,2024-08-05T00:59:59Z,ACTIVE,BR-277,11056854,BANK-ACB-004
ACCT-000814,CUST-000682,CUSTOMER,PAYMENT,VND,2025-07-05T04:59:59Z,ACTIVE,BR-911,30382471,BANK-TCB-002
ACCT-000815,CUST-000683,CUSTOMER,PAYMENT,VND,2023-07-13T02:59:59Z,ACTIVE,BR-239,13824205,BANK-MBB-003
ACCT-000816,CUST-000684,CUSTOMER,PAYMENT,VND,2024-01-30T00:59:59Z,ACTIVE,BR-318,78932538,BANK-TCB-002
ACCT-000817,CUST-000685,CUSTOMER,PAYMENT,VND,2025-06-20T01:59:59Z,ACTIVE,BR-270,10711622,BANK-VCB-001
ACCT-000818,CUST-000686,CUSTOMER,PAYMENT,VND,2025-06-26T23:59:59Z,ACTIVE,BR-851,58560464,BANK-ACB-004
ACCT-000819,CUST-000687,CUSTOMER,PAYMENT,VND,2024-11-28T00:59:59Z,ACTIVE,BR-325,99424072,BANK-MBB-003
ACCT-000820,CUST-000688,CUSTOMER,PAYMENT,VND,2025-08-15T00:59:59Z,ACTIVE,BR-325,42596682,BANK-VPB-005
ACCT-000821,CUST-000689,CUSTOMER,SAVINGS,VND,2025-08-16T01:59:59Z,ACTIVE,BR-447,79564363,BANK-ACB-004
ACCT-000822,CUST-000690,CUSTOMER,PAYMENT,VND,2025-08-12T11:59:59Z,ACTIVE,BR-343,77870353,BANK-TCB-002
ACCT-000823,CUST-000691,CUSTOMER,PAYMENT,VND,2025-09-16T01:59:59Z,ACTIVE,BR-524,25147706,BANK-VPB-005
ACCT-000824,CUST-000692,CUSTOMER,SAVINGS,VND,2025-09-29T06:59:59Z,ACTIVE,BR-298,53762046,BANK-ACB-004
ACCT-000825,CUST-000693,CUSTOMER,PAYMENT,VND,2023-06-13T10:59:59Z,ACTIVE,BR-198,22793692,BANK-TCB-002
ACCT-000826,CUST-000694,CUSTOMER,SAVINGS,VND,2025-09-23T10:59:59Z,ACTIVE,BR-103,11220386,BANK-ACB-004
ACCT-000827,CUST-000694,CUSTOMER,SAVINGS,VND,2024-08-13T00:59:59Z,ACTIVE,BR-601,49883494,BANK-MBB-003
ACCT-000828,CUST-000695,CUSTOMER,SAVINGS,VND,2022-05-31T11:59:59Z,ACTIVE,BR-924,33517806,BANK-TCB-002
ACCT-000829,CUST-000696,CUSTOMER,PAYMENT,VND,2021-01-12T01:59:59Z,ACTIVE,BR-809,9662761,BANK-TCB-002
ACCT-000830,CUST-000697,CUSTOMER,PAYMENT,VND,2021-03-17T09:59:59Z,ACTIVE,BR-707,80181063,BANK-VCB-001
ACCT-000831,CUST-000698,CUSTOMER,PAYMENT,VND,2023-05-29T10:59:59Z,ACTIVE,BR-584,87490004,BANK-MBB-003
ACCT-000832,CUST-000699,CUSTOMER,SAVINGS,VND,2025-02-12T08:59:59Z,ACTIVE,BR-452,53575635,BANK-TCB-002
ACCT-000833,CUST-000700,CUSTOMER,PAYMENT,VND,2024-05-26T00:59:59Z,ACTIVE,BR-144,21487440,BANK-TCB-002
ACCT-000834,CUST-000701,CUSTOMER,SAVINGS,VND,2022-10-18T10:59:59Z,ACTIVE,BR-747,41022712,BANK-VCB-001
ACCT-000835,CUST-000702,CUSTOMER,PAYMENT,VND,2024-04-03T04:59:59Z,ACTIVE,BR-313,86037088,BANK-TCB-002
ACCT-000836,CUST-000703,CUSTOMER,PAYMENT,VND,2025-07-14T01:59:59Z,ACTIVE,BR-336,28926138,BANK-TCB-002
ACCT-000837,CUST-000704,CUSTOMER,PAYMENT,VND,2025-02-18T00:59:59Z,ACTIVE,BR-333,56681533,BANK-MBB-003
ACCT-000838,CUST-000705,CUSTOMER,PAYMENT,VND,2024-08-24T10:59:59Z,ACTIVE,BR-930,52727084,BANK-VCB-001
ACCT-000839,CUST-000706,CUSTOMER,PAYMENT,VND,2025-04-29T06:59:59Z,ACTIVE,BR-167,26454818,BANK-VCB-001
ACCT-000840,CUST-000706,CUSTOMER,PAYMENT,VND,2023-12-17T08:59:59Z,ACTIVE,BR-797,6169904,BANK-VPB-005
ACCT-000841,CUST-000707,CUSTOMER,PAYMENT,VND,2025-09-01T10:59:59Z,ACTIVE,BR-745,136475969,BANK-ACB-004
ACCT-000842,CUST-000708,CUSTOMER,SAVINGS,VND,2021-07-19T09:59:59Z,ACTIVE,BR-610,20651132,BANK-VCB-001
ACCT-000843,CUST-000709,CUSTOMER,SAVINGS,VND,2025-10-06T10:59:59Z,ACTIVE,BR-141,37962141,BANK-VCB-001
ACCT-000844,CUST-000709,CUSTOMER,PAYMENT,VND,2025-02-21T00:59:59Z,ACTIVE,BR-136,40220074,BANK-ACB-004
ACCT-000845,CUST-000710,CUSTOMER,PAYMENT,VND,2023-01-18T04:59:59Z,ACTIVE,BR-699,11283885,BANK-MBB-003
ACCT-000846,CUST-000711,CUSTOMER,PAYMENT,VND,2024-11-17T05:59:59Z,ACTIVE,BR-191,117509515,BANK-MBB-003
ACCT-000847,CUST-000711,CUSTOMER,PAYMENT,VND,2025-10-13T08:59:59Z,ACTIVE,BR-238,136748961,BANK-TCB-002
ACCT-000848,CUST-000712,CUSTOMER,PAYMENT,VND,2024-12-06T11:59:59Z,ACTIVE,BR-945,152082369,BANK-TCB-002
ACCT-000849,CUST-000713,CUSTOMER,PAYMENT,VND,2021-08-24T10:59:59Z,ACTIVE,BR-908,27350555,BANK-MBB-003
ACCT-000850,CUST-000714,CUSTOMER,PAYMENT,VND,2025-08-06T03:59:59Z,ACTIVE,BR-603,9633402,BANK-VCB-001
ACCT-000851,CUST-000715,CUSTOMER,SAVINGS,VND,2023-03-31T08:59:59Z,ACTIVE,BR-465,98409599,BANK-ACB-004
ACCT-000852,CUST-000716,CUSTOMER,PAYMENT,VND,2025-05-05T05:59:59Z,ACTIVE,BR-460,31633789,BANK-VPB-005
ACCT-000853,CUST-000717,CUSTOMER,PAYMENT,VND,2025-07-12T07:59:59Z,ACTIVE,BR-341,39401567,BANK-ACB-004
ACCT-000854,CUST-000718,CUSTOMER,SAVINGS,VND,2021-09-29T09:59:59Z,ACTIVE,BR-365,50969427,BANK-TCB-002
ACCT-000855,CUST-000719,CUSTOMER,PAYMENT,VND,2023-05-07T00:59:59Z,ACTIVE,BR-795,73354818,BANK-MBB-003
ACCT-000856,CUST-000720,CUSTOMER,SAVINGS,VND,2025-06-05T09:59:59Z,ACTIVE,BR-248,77895700,BANK-TCB-002
ACCT-000857,CUST-000720,CUSTOMER,PAYMENT,VND,2025-09-14T10:59:59Z,ACTIVE,BR-917,39376272,BANK-VPB-005
ACCT-000858,CUST-000721,CUSTOMER,PAYMENT,VND,2025-05-12T03:59:59Z,ACTIVE,BR-648,13994456,BANK-MBB-003
ACCT-000859,CUST-000722,CUSTOMER,PAYMENT,VND,2023-05-01T11:59:59Z,ACTIVE,BR-408,86118097,BANK-MBB-003
ACCT-000860,CUST-000723,CUSTOMER,PAYMENT,VND,2021-08-15T10:59:59Z,ACTIVE,BR-574,20844850,BANK-MBB-003
ACCT-000861,CUST-000723,CUSTOMER,PAYMENT,VND,2025-05-03T08:59:59Z,ACTIVE,BR-835,22784789,BANK-ACB-004
ACCT-000862,CUST-000724,CUSTOMER,PAYMENT,VND,2023-10-06T06:59:59Z,ACTIVE,BR-187,64487351,BANK-VPB-005
ACCT-000863,CUST-000725,CUSTOMER,PAYMENT,VND,2025-06-20T07:59:59Z,ACTIVE,BR-779,59119306,BANK-MBB-003
ACCT-000864,CUST-000726,CUSTOMER,PAYMENT,VND,2024-04-03T02:59:59Z,ACTIVE,BR-370,52190467,BANK-MBB-003
ACCT-000865,CUST-000727,CUSTOMER,PAYMENT,VND,2023-01-27T04:59:59Z,ACTIVE,BR-552,40007387,BANK-TCB-002
ACCT-000866,CUST-000727,CUSTOMER,SAVINGS,VND,2022-04-22T05:59:59Z,ACTIVE,BR-161,128487427,BANK-TCB-002
ACCT-000867,CUST-000728,CUSTOMER,PAYMENT,VND,2025-03-28T09:59:59Z,ACTIVE,BR-973,8542042,BANK-TCB-002
ACCT-000868,CUST-000729,CUSTOMER,PAYMENT,VND,2025-03-13T02:59:59Z,ACTIVE,BR-264,78069002,BANK-ACB-004
ACCT-000869,CUST-000729,CUSTOMER,SAVINGS,VND,2023-10-26T04:59:59Z,ACTIVE,BR-218,31468015,BANK-VPB-005
ACCT-000870,CUST-000730,CUSTOMER,SAVINGS,VND,2024-09-27T00:59:59Z,ACTIVE,BR-261,30542074,BANK-VPB-005
ACCT-000871,CUST-000731,CUSTOMER,SAVINGS,VND,2025-01-27T08:59:59Z,ACTIVE,BR-840,73462439,BANK-TCB-002
ACCT-000872,CUST-000732,CUSTOMER,PAYMENT,VND,2024-10-08T02:59:59Z,ACTIVE,BR-753,45720289,BANK-VPB-005
ACCT-000873,CUST-000733,CUSTOMER,PAYMENT,VND,2022-07-08T23:59:59Z,ACTIVE,BR-221,57506916,BANK-VPB-005
ACCT-000874,CUST-000734,CUSTOMER,PAYMENT,VND,2024-05-11T00:59:59Z,ACTIVE,BR-614,20866033,BANK-ACB-004
ACCT-000875,CUST-000735,CUSTOMER,PAYMENT,VND,2025-09-05T05:59:59Z,ACTIVE,BR-265,68012415,BANK-ACB-004
ACCT-000876,CUST-000736,CUSTOMER,PAYMENT,VND,2025-10-05T10:59:59Z,ACTIVE,BR-948,71751850,BANK-VPB-005
ACCT-000877,CUST-000736,CUSTOMER,SAVINGS,VND,2024-12-17T03:59:59Z,ACTIVE,BR-185,119933639,BANK-MBB-003
ACCT-000878,CUST-000737,CUSTOMER,PAYMENT,VND,2025-03-24T08:59:59Z,ACTIVE,BR-765,51030452,BANK-TCB-002
ACCT-000879,CUST-000737,CUSTOMER,PAYMENT,VND,2025-04-07T03:59:59Z,ACTIVE,BR-657,33511758,BANK-TCB-002
ACCT-000880,CUST-000738,CUSTOMER,PAYMENT,VND,2022-02-24T04:59:59Z,ACTIVE,BR-191,47780881,BANK-VCB-001
ACCT-000881,CUST-000738,CUSTOMER,PAYMENT,VND,2021-06-25T01:59:59Z,ACTIVE,BR-762,85821658,BANK-VPB-005
ACCT-000882,CUST-000739,CUSTOMER,PAYMENT,VND,2025-03-09T03:59:59Z,ACTIVE,BR-231,32444009,BANK-VCB-001
ACCT-000883,CUST-000740,CUSTOMER,PAYMENT,VND,2025-04-22T08:59:59Z,ACTIVE,BR-632,79312945,BANK-VPB-005
ACCT-000884,CUST-000741,CUSTOMER,SAVINGS,VND,2023-08-28T23:59:59Z,ACTIVE,BR-255,25402218,BANK-TCB-002
ACCT-000885,CUST-000742,CUSTOMER,SAVINGS,VND,2025-04-12T10:59:59Z,ACTIVE,BR-928,46440833,BANK-VCB-001
ACCT-000886,CUST-000743,CUSTOMER,PAYMENT,VND,2024-12-15T11:59:59Z,ACTIVE,BR-991,22248162,BANK-ACB-004
ACCT-000887,CUST-000744,CUSTOMER,PAYMENT,VND,2024-07-15T07:59:59Z,ACTIVE,BR-824,27096850,BANK-ACB-004
ACCT-000888,CUST-000745,CUSTOMER,PAYMENT,VND,2022-02-09T23:59:59Z,ACTIVE,BR-712,14936542,BANK-VCB-001
ACCT-000889,CUST-000746,CUSTOMER,PAYMENT,VND,2025-08-27T06:59:59Z,ACTIVE,BR-694,195436155,BANK-MBB-003
ACCT-000890,CUST-000747,CUSTOMER,PAYMENT,VND,2023-04-15T04:59:59Z,ACTIVE,BR-118,51981326,BANK-VPB-005
ACCT-000891,CUST-000748,CUSTOMER,PAYMENT,VND,2022-12-28T00:59:59Z,ACTIVE,BR-153,49616133,BANK-TCB-002
ACCT-000892,CUST-000748,CUSTOMER,PAYMENT,VND,2024-02-04T02:59:59Z,ACTIVE,BR-846,31647283,BANK-ACB-004
ACCT-000893,CUST-000749,CUSTOMER,PAYMENT,VND,2024-05-14T05:59:59Z,ACTIVE,BR-163,69767941,BANK-ACB-004
ACCT-000894,CUST-000750,CUSTOMER,PAYMENT,VND,2025-05-19T05:59:59Z,ACTIVE,BR-744,883703,BANK-TCB-002
ACCT-000895,CUST-000750,CUSTOMER,PAYMENT,VND,2025-08-22T01:59:59Z,ACTIVE,BR-844,1742209,BANK-VPB-005
ACCT-000896,CUST-000751,CUSTOMER,PAYMENT,VND,2024-08-28T11:59:59Z,ACTIVE,BR-119,71274309,BANK-TCB-002
ACCT-000897,CUST-000752,CUSTOMER,PAYMENT,VND,2023-01-31T04:59:59Z,ACTIVE,BR-203,35480656,BANK-TCB-002
ACCT-000898,CUST-000753,CUSTOMER,PAYMENT,VND,2025-09-28T10:59:59Z,ACTIVE,BR-946,77033370,BANK-MBB-003
ACCT-000899,CUST-000754,CUSTOMER,PAYMENT,VND,2023-11-12T01:59:59Z,ACTIVE,BR-917,82965973,BANK-MBB-003
ACCT-000900,CUST-000755,CUSTOMER,SAVINGS,VND,2024-08-06T07:59:59Z,ACTIVE,BR-573,55588435,BANK-VCB-001
ACCT-000901,CUST-000755,CUSTOMER,PAYMENT,VND,2025-10-05T07:59:59Z,ACTIVE,BR-304,80608344,BANK-VPB-005
ACCT-000902,CUST-000756,CUSTOMER,SAVINGS,VND,2024-10-17T01:59:59Z,ACTIVE,BR-848,152827970,BANK-VPB-005
ACCT-000903,CUST-000757,CUSTOMER,PAYMENT,VND,2024-11-24T05:59:59Z,ACTIVE,BR-200,75923534,BANK-VCB-001
ACCT-000904,CUST-000757,CUSTOMER,PAYMENT,VND,2025-07-13T09:59:59Z,ACTIVE,BR-452,29162554,BANK-VPB-005
ACCT-000905,CUST-000758,CUSTOMER,PAYMENT,VND,2025-08-13T03:59:59Z,ACTIVE,BR-278,9293485,BANK-MBB-003
ACCT-000906,CUST-000759,CUSTOMER,PAYMENT,VND,2025-08-11T05:59:59Z,ACTIVE,BR-542,37169957,BANK-VCB-001
ACCT-000907,CUST-000760,CUSTOMER,PAYMENT,VND,2023-08-08T09:59:59Z,ACTIVE,BR-608,8225958,BANK-TCB-002
ACCT-000908,CUST-000761,CUSTOMER,SAVINGS,VND,2025-02-07T01:59:59Z,ACTIVE,BR-154,22101580,BANK-MBB-003
ACCT-000909,CUST-000762,CUSTOMER,SAVINGS,VND,2025-08-05T03:59:59Z,ACTIVE,BR-683,5625362,BANK-ACB-004
ACCT-000910,CUST-000763,CUSTOMER,SAVINGS,VND,2024-03-23T08:59:59Z,ACTIVE,BR-624,8447131,BANK-VPB-005
ACCT-000911,CUST-000764,CUSTOMER,PAYMENT,VND,2020-12-15T03:59:59Z,ACTIVE,BR-890,18461889,BANK-MBB-003
ACCT-000912,CUST-000765,CUSTOMER,SAVINGS,VND,2024-07-29T04:59:59Z,ACTIVE,BR-669,27905363,BANK-MBB-003
ACCT-000913,CUST-000766,CUSTOMER,PAYMENT,VND,2024-01-21T03:59:59Z,ACTIVE,BR-886,46381212,BANK-VCB-001
ACCT-000914,CUST-000767,CUSTOMER,PAYMENT,VND,2024-08-11T03:59:59Z,ACTIVE,BR-574,73750698,BANK-VPB-005
ACCT-000915,CUST-000768,CUSTOMER,PAYMENT,VND,2025-05-06T11:59:59Z,ACTIVE,BR-814,30810427,BANK-MBB-003
ACCT-000916,CUST-000769,CUSTOMER,SAVINGS,VND,2024-09-10T08:59:59Z,ACTIVE,BR-217,22958451,BANK-VPB-005
ACCT-000917,CUST-000770,CUSTOMER,PAYMENT,VND,2025-08-12T06:59:59Z,ACTIVE,BR-743,166315273,BANK-VCB-001
ACCT-000918,CUST-000770,CUSTOMER,PAYMENT,VND,2025-09-26T07:59:59Z,ACTIVE,BR-815,13702184,BANK-MBB-003
ACCT-000919,CUST-000771,CUSTOMER,PAYMENT,VND,2024-12-07T05:59:59Z,ACTIVE,BR-899,35837510,BANK-VCB-001
ACCT-000920,CUST-000772,CUSTOMER,PAYMENT,VND,2025-06-14T03:59:59Z,ACTIVE,BR-202,182100862,BANK-VPB-005
ACCT-000921,CUST-000773,CUSTOMER,SAVINGS,VND,2025-09-08T09:59:59Z,ACTIVE,BR-885,10171064,BANK-TCB-002
ACCT-000922,CUST-000774,CUSTOMER,PAYMENT,VND,2025-08-26T03:59:59Z,ACTIVE,BR-941,56009759,BANK-ACB-004
ACCT-000923,CUST-000775,CUSTOMER,PAYMENT,VND,2024-01-10T00:59:59Z,ACTIVE,BR-386,35482231,BANK-ACB-004
ACCT-000924,CUST-000776,CUSTOMER,SAVINGS,VND,2023-12-24T11:59:59Z,ACTIVE,BR-947,79599704,BANK-MBB-003
ACCT-000925,CUST-000777,CUSTOMER,PAYMENT,VND,2024-04-11T06:59:59Z,ACTIVE,BR-506,44801437,BANK-TCB-002
ACCT-000926,CUST-000777,CUSTOMER,PAYMENT,VND,2024-05-26T00:59:59Z,ACTIVE,BR-477,59334314,BANK-VPB-005
ACCT-000927,CUST-000778,CUSTOMER,PAYMENT,VND,2025-09-13T11:59:59Z,ACTIVE,BR-172,21556811,BANK-MBB-003
ACCT-000928,CUST-000779,CUSTOMER,PAYMENT,VND,2024-02-09T05:59:59Z,ACTIVE,BR-660,43373159,BANK-ACB-004
ACCT-000929,CUST-000779,CUSTOMER,PAYMENT,VND,2024-12-01T09:59:59Z,ACTIVE,BR-432,30383091,BANK-TCB-002
ACCT-000930,CUST-000780,CUSTOMER,PAYMENT,VND,2023-06-11T23:59:59Z,ACTIVE,BR-269,15990499,BANK-VCB-001
ACCT-000931,CUST-000781,CUSTOMER,PAYMENT,VND,2024-12-03T10:59:59Z,ACTIVE,BR-782,40961565,BANK-VPB-005
ACCT-000932,CUST-000782,CUSTOMER,PAYMENT,VND,2023-08-15T00:59:59Z,ACTIVE,BR-146,34090645,BANK-TCB-002
ACCT-000933,CUST-000783,CUSTOMER,SAVINGS,VND,2024-10-19T06:59:59Z,ACTIVE,BR-817,67735438,BANK-MBB-003
ACCT-000934,CUST-000784,CUSTOMER,PAYMENT,VND,2023-07-10T09:59:59Z,ACTIVE,BR-702,63544787,BANK-VCB-001
ACCT-000935,CUST-000785,CUSTOMER,PAYMENT,VND,2025-02-02T01:59:59Z,ACTIVE,BR-290,72195977,BANK-VCB-001
ACCT-000936,CUST-000786,CUSTOMER,PAYMENT,VND,2024-10-12T03:59:59Z,ACTIVE,BR-368,77346653,BANK-TCB-002
ACCT-000937,CUST-000787,CUSTOMER,PAYMENT,VND,2024-10-14T10:59:59Z,ACTIVE,BR-144,920698,BANK-ACB-004
ACCT-000938,CUST-000788,CUSTOMER,PAYMENT,VND,2025-09-06T07:59:59Z,ACTIVE,BR-375,6590721,BANK-ACB-004
ACCT-000939,CUST-000789,CUSTOMER,PAYMENT,VND,2023-12-02T10:59:59Z,ACTIVE,BR-282,47301417,BANK-MBB-003
ACCT-000940,CUST-000790,CUSTOMER,PAYMENT,VND,2025-08-14T06:59:59Z,ACTIVE,BR-739,28117261,BANK-ACB-004
ACCT-000941,CUST-000791,CUSTOMER,SAVINGS,VND,2025-04-05T04:59:59Z,ACTIVE,BR-515,44221387,BANK-ACB-004
ACCT-000942,CUST-000792,CUSTOMER,SAVINGS,VND,2025-03-04T01:59:59Z,ACTIVE,BR-893,3201545,BANK-ACB-004
ACCT-000943,CUST-000793,CUSTOMER,PAYMENT,VND,2025-06-17T06:59:59Z,ACTIVE,BR-837,36607297,BANK-VCB-001
ACCT-000944,CUST-000794,CUSTOMER,PAYMENT,VND,2025-01-27T23:59:59Z,ACTIVE,BR-313,58062021,BANK-TCB-002
ACCT-000945,CUST-000795,CUSTOMER,PAYMENT,VND,2025-03-06T11:59:59Z,ACTIVE,BR-696,104061249,BANK-TCB-002
ACCT-000946,CUST-000796,CUSTOMER,PAYMENT,VND,2024-03-31T23:59:59Z,ACTIVE,BR-625,7732829,BANK-TCB-002
ACCT-000947,CUST-000797,CUSTOMER,PAYMENT,VND,2024-05-31T05:59:59Z,ACTIVE,BR-241,72325274,BANK-VCB-001
ACCT-000948,CUST-000798,CUSTOMER,SAVINGS,VND,2023-08-17T23:59:59Z,ACTIVE,BR-629,25620610,BANK-ACB-004
ACCT-000949,CUST-000799,CUSTOMER,PAYMENT,VND,2022-11-05T09:59:59Z,ACTIVE,BR-403,42033918,BANK-VPB-005
ACCT-000950,CUST-000799,CUSTOMER,SAVINGS,VND,2023-10-01T11:59:59Z,ACTIVE,BR-393,12412926,BANK-MBB-003
ACCT-000951,CUST-000800,CUSTOMER,PAYMENT,VND,2025-07-09T04:59:59Z,ACTIVE,BR-748,4433197,BANK-ACB-004
ACCT-000952,CUST-000801,CUSTOMER,PAYMENT,VND,2025-04-23T09:59:59Z,ACTIVE,BR-652,62886867,BANK-VCB-001
ACCT-000953,CUST-000802,CUSTOMER,PAYMENT,VND,2025-09-11T01:59:59Z,ACTIVE,BR-111,74467820,BANK-TCB-002
ACCT-000954,CUST-000803,CUSTOMER,PAYMENT,VND,2021-12-14T23:59:59Z,ACTIVE,BR-583,56248682,BANK-VPB-005
ACCT-000955,CUST-000804,CUSTOMER,PAYMENT,VND,2022-12-02T09:59:59Z,ACTIVE,BR-740,79124191,BANK-TCB-002
ACCT-000956,CUST-000805,CUSTOMER,PAYMENT,VND,2022-05-17T09:59:59Z,ACTIVE,BR-250,11279483,BANK-VPB-005
ACCT-000957,CUST-000805,CUSTOMER,PAYMENT,VND,2021-07-26T00:59:59Z,ACTIVE,BR-508,156994983,BANK-VCB-001
ACCT-000958,CUST-000806,CUSTOMER,PAYMENT,VND,2024-09-19T23:59:59Z,ACTIVE,BR-938,47982976,BANK-VPB-005
ACCT-000959,CUST-000807,CUSTOMER,SAVINGS,VND,2022-09-20T10:59:59Z,ACTIVE,BR-606,35554019,BANK-TCB-002
ACCT-000960,CUST-000807,CUSTOMER,PAYMENT,VND,2023-06-14T03:59:59Z,ACTIVE,BR-970,14583675,BANK-ACB-004
ACCT-000961,CUST-000808,CUSTOMER,PAYMENT,VND,2024-10-17T07:59:59Z,ACTIVE,BR-360,75469830,BANK-VCB-001
ACCT-000962,CUST-000809,CUSTOMER,PAYMENT,VND,2024-09-01T09:59:59Z,ACTIVE,BR-786,77738441,BANK-TCB-002
ACCT-000963,CUST-000809,CUSTOMER,PAYMENT,VND,2024-12-14T02:59:59Z,ACTIVE,BR-535,72392371,BANK-MBB-003
ACCT-000964,CUST-000810,CUSTOMER,PAYMENT,VND,2025-06-26T00:59:59Z,ACTIVE,BR-146,64687554,BANK-VCB-001
ACCT-000965,CUST-000811,CUSTOMER,PAYMENT,VND,2024-09-14T11:59:59Z,ACTIVE,BR-213,31414995,BANK-TCB-002
ACCT-000966,CUST-000812,CUSTOMER,SAVINGS,VND,2024-09-29T06:59:59Z,ACTIVE,BR-182,47682146,BANK-TCB-002
ACCT-000967,CUST-000813,CUSTOMER,PAYMENT,VND,2024-07-02T09:59:59Z,ACTIVE,BR-557,45523043,BANK-MBB-003
ACCT-000968,CUST-000813,CUSTOMER,PAYMENT,VND,2025-03-31T23:59:59Z,ACTIVE,BR-725,40451180,BANK-VPB-005
ACCT-000969,CUST-000814,CUSTOMER,PAYMENT,VND,2024-11-15T09:59:59Z,ACTIVE,BR-890,142183349,BANK-MBB-003
ACCT-000970,CUST-000815,CUSTOMER,PAYMENT,VND,2025-07-29T01:59:59Z,ACTIVE,BR-305,174635531,BANK-ACB-004
ACCT-000971,CUST-000815,CUSTOMER,PAYMENT,VND,2023-03-28T03:59:59Z,ACTIVE,BR-637,107909373,BANK-VCB-001
ACCT-000972,CUST-000816,CUSTOMER,SAVINGS,VND,2021-07-25T11:59:59Z,ACTIVE,BR-248,41081378,BANK-TCB-002
ACCT-000973,CUST-000817,CUSTOMER,PAYMENT,VND,2025-07-29T23:59:59Z,ACTIVE,BR-352,574344,BANK-VPB-005
ACCT-000974,CUST-000817,CUSTOMER,PAYMENT,VND,2023-11-30T06:59:59Z,ACTIVE,BR-594,7793217,BANK-ACB-004
ACCT-000975,CUST-000818,CUSTOMER,PAYMENT,VND,2023-11-04T07:59:59Z,ACTIVE,BR-598,149266901,BANK-ACB-004
ACCT-000976,CUST-000819,CUSTOMER,SAVINGS,VND,2024-08-05T06:59:59Z,ACTIVE,BR-440,70743024,BANK-TCB-002
ACCT-000977,CUST-000820,CUSTOMER,PAYMENT,VND,2025-05-02T02:59:59Z,ACTIVE,BR-288,168329841,BANK-VCB-001
ACCT-000978,CUST-000821,CUSTOMER,PAYMENT,VND,2024-05-20T11:59:59Z,ACTIVE,BR-708,48825027,BANK-ACB-004
ACCT-000979,CUST-000822,CUSTOMER,SAVINGS,VND,2025-03-07T05:59:59Z,ACTIVE,BR-574,10766319,BANK-TCB-002
ACCT-000980,CUST-000823,CUSTOMER,PAYMENT,VND,2025-09-08T00:59:59Z,ACTIVE,BR-720,10894359,BANK-ACB-004
ACCT-000981,CUST-000824,CUSTOMER,PAYMENT,VND,2022-12-10T03:59:59Z,ACTIVE,BR-263,52402221,BANK-TCB-002
ACCT-000982,CUST-000825,CUSTOMER,PAYMENT,VND,2024-06-15T11:59:59Z,ACTIVE,BR-990,62269701,BANK-VCB-001
ACCT-000983,CUST-000826,CUSTOMER,PAYMENT,VND,2022-01-13T06:59:59Z,ACTIVE,BR-971,15585805,BANK-ACB-004
ACCT-000984,CUST-000827,CUSTOMER,PAYMENT,VND,2025-09-12T23:59:59Z,ACTIVE,BR-753,64889027,BANK-MBB-003
ACCT-000985,CUST-000828,CUSTOMER,PAYMENT,VND,2025-08-14T06:59:59Z,ACTIVE,BR-353,42498384,BANK-ACB-004
ACCT-000986,CUST-000829,CUSTOMER,PAYMENT,VND,2025-04-24T05:59:59Z,ACTIVE,BR-366,5594656,BANK-MBB-003
ACCT-000987,CUST-000830,CUSTOMER,PAYMENT,VND,2025-05-26T11:59:59Z,ACTIVE,BR-227,21396803,BANK-ACB-004
ACCT-000988,CUST-000831,CUSTOMER,PAYMENT,VND,2024-05-20T09:59:59Z,ACTIVE,BR-340,74155032,BANK-VCB-001
ACCT-000989,CUST-000831,CUSTOMER,SAVINGS,VND,2023-06-25T03:59:59Z,ACTIVE,BR-790,23193030,BANK-TCB-002
ACCT-000990,CUST-000832,CUSTOMER,PAYMENT,VND,2025-04-22T10:59:59Z,ACTIVE,BR-319,6302885,BANK-VPB-005
ACCT-000991,CUST-000833,CUSTOMER,PAYMENT,VND,2023-11-14T07:59:59Z,ACTIVE,BR-823,2520111,BANK-MBB-003
ACCT-000992,CUST-000834,CUSTOMER,PAYMENT,VND,2025-05-10T11:59:59Z,ACTIVE,BR-156,177875508,BANK-TCB-002
ACCT-000993,CUST-000835,CUSTOMER,SAVINGS,VND,2021-09-23T07:59:59Z,ACTIVE,BR-869,663850,BANK-TCB-002
ACCT-000994,CUST-000836,CUSTOMER,SAVINGS,VND,2025-06-12T00:59:59Z,ACTIVE,BR-853,38458772,BANK-ACB-004
ACCT-000995,CUST-000837,CUSTOMER,PAYMENT,VND,2023-04-26T10:59:59Z,ACTIVE,BR-913,96194413,BANK-VCB-001
ACCT-000996,CUST-000838,CUSTOMER,PAYMENT,VND,2024-04-21T07:59:59Z,ACTIVE,BR-889,76210316,BANK-VCB-001
ACCT-000997,CUST-000839,CUSTOMER,PAYMENT,VND,2025-07-15T10:59:59Z,ACTIVE,BR-241,67071109,BANK-TCB-002
ACCT-000998,CUST-000840,CUSTOMER,SAVINGS,VND,2025-07-16T01:59:59Z,ACTIVE,BR-139,69555554,BANK-VPB-005
ACCT-000999,CUST-000841,CUSTOMER,PAYMENT,VND,2025-01-14T07:59:59Z,ACTIVE,BR-315,77410749,BANK-ACB-004
ACCT-001000,CUST-000842,CUSTOMER,PAYMENT,VND,2025-03-18T09:59:59Z,ACTIVE,BR-383,28960448,BANK-VCB-001
ACCT-001001,CUST-000843,CUSTOMER,PAYMENT,VND,2025-10-11T06:59:59Z,ACTIVE,BR-886,31376649,BANK-VCB-001
ACCT-001002,CUST-000844,CUSTOMER,PAYMENT,VND,2021-01-12T05:59:59Z,ACTIVE,BR-502,39552468,BANK-VPB-005
ACCT-001003,CUST-000845,CUSTOMER,PAYMENT,VND,2022-11-27T09:59:59Z,ACTIVE,BR-967,77181799,BANK-ACB-004
ACCT-001004,CUST-000846,CUSTOMER,SAVINGS,VND,2022-02-26T03:59:59Z,ACTIVE,BR-658,13624579,BANK-VCB-001
ACCT-001005,CUST-000847,CUSTOMER,PAYMENT,VND,2024-01-26T00:59:59Z,ACTIVE,BR-896,27344263,BANK-ACB-004
ACCT-001006,CUST-000848,CUSTOMER,SAVINGS,VND,2023-02-22T04:59:59Z,ACTIVE,BR-854,4334515,BANK-VCB-001
ACCT-001007,CUST-000848,CUSTOMER,PAYMENT,VND,2024-02-28T10:59:59Z,ACTIVE,BR-445,8793461,BANK-TCB-002
ACCT-001008,CUST-000849,CUSTOMER,PAYMENT,VND,2024-10-24T03:59:59Z,ACTIVE,BR-234,35098724,BANK-VCB-001
ACCT-001009,CUST-000849,CUSTOMER,SAVINGS,VND,2025-06-15T06:59:59Z,ACTIVE,BR-807,29118408,BANK-ACB-004
ACCT-001010,CUST-000850,CUSTOMER,PAYMENT,VND,2025-09-18T04:59:59Z,ACTIVE,BR-598,51149695,BANK-TCB-002
ACCT-001011,CUST-000851,CUSTOMER,PAYMENT,VND,2025-08-18T09:59:59Z,ACTIVE,BR-817,14266500,BANK-VCB-001
ACCT-001012,CUST-000852,CUSTOMER,PAYMENT,VND,2024-10-28T00:59:59Z,ACTIVE,BR-655,6937543,BANK-TCB-002
ACCT-001013,CUST-000852,CUSTOMER,SAVINGS,VND,2025-01-25T06:59:59Z,ACTIVE,BR-549,13831585,BANK-VPB-005
ACCT-001014,CUST-000853,CUSTOMER,PAYMENT,VND,2022-01-17T06:59:59Z,ACTIVE,BR-621,17710194,BANK-VPB-005
ACCT-001015,CUST-000854,CUSTOMER,PAYMENT,VND,2024-11-03T23:59:59Z,ACTIVE,BR-848,45427096,BANK-ACB-004
ACCT-001016,CUST-000855,CUSTOMER,SAVINGS,VND,2024-09-22T03:59:59Z,ACTIVE,BR-490,11176792,BANK-VPB-005
ACCT-001017,CUST-000856,CUSTOMER,PAYMENT,VND,2021-09-12T03:59:59Z,ACTIVE,BR-900,153336589,BANK-ACB-004
ACCT-001018,CUST-000857,CUSTOMER,PAYMENT,VND,2025-06-18T06:59:59Z,ACTIVE,BR-907,43961793,BANK-ACB-004
ACCT-001019,CUST-000857,CUSTOMER,PAYMENT,VND,2025-03-13T08:59:59Z,ACTIVE,BR-869,71773846,BANK-ACB-004
ACCT-001020,CUST-000858,CUSTOMER,SAVINGS,VND,2025-01-26T05:59:59Z,ACTIVE,BR-874,48706335,BANK-TCB-002
ACCT-001021,CUST-000859,CUSTOMER,SAVINGS,VND,2023-08-26T07:59:59Z,ACTIVE,BR-123,16461006,BANK-VCB-001
ACCT-001022,CUST-000859,CUSTOMER,PAYMENT,VND,2025-08-12T06:59:59Z,ACTIVE,BR-951,20691788,BANK-VPB-005
ACCT-001023,CUST-000860,CUSTOMER,PAYMENT,VND,2023-07-13T10:59:59Z,ACTIVE,BR-172,68968056,BANK-MBB-003
ACCT-001024,CUST-000861,CUSTOMER,PAYMENT,VND,2024-06-07T09:59:59Z,ACTIVE,BR-290,32887281,BANK-TCB-002
ACCT-001025,CUST-000862,CUSTOMER,PAYMENT,VND,2024-10-12T07:59:59Z,ACTIVE,BR-739,29691336,BANK-TCB-002
ACCT-001026,CUST-000863,CUSTOMER,SAVINGS,VND,2024-10-24T06:59:59Z,ACTIVE,BR-994,39654353,BANK-MBB-003
ACCT-001027,CUST-000864,CUSTOMER,PAYMENT,VND,2025-03-30T10:59:59Z,ACTIVE,BR-593,43063190,BANK-MBB-003
ACCT-001028,CUST-000865,CUSTOMER,SAVINGS,VND,2025-06-21T07:59:59Z,ACTIVE,BR-389,28447052,BANK-MBB-003
ACCT-001029,CUST-000866,CUSTOMER,PAYMENT,VND,2025-06-21T10:59:59Z,ACTIVE,BR-419,30353671,BANK-ACB-004
ACCT-001030,CUST-000866,CUSTOMER,PAYMENT,VND,2024-09-02T07:59:59Z,ACTIVE,BR-863,162592446,BANK-VPB-005
ACCT-001031,CUST-000867,CUSTOMER,SAVINGS,VND,2024-01-15T01:59:59Z,ACTIVE,BR-223,192814052,BANK-ACB-004
ACCT-001032,CUST-000868,CUSTOMER,SAVINGS,VND,2024-11-03T08:59:59Z,ACTIVE,BR-563,54372499,BANK-TCB-002
ACCT-001033,CUST-000869,CUSTOMER,PAYMENT,VND,2025-07-29T01:59:59Z,ACTIVE,BR-657,32421296,BANK-VCB-001
ACCT-001034,CUST-000870,CUSTOMER,PAYMENT,VND,2025-09-19T08:59:59Z,ACTIVE,BR-612,1674184,BANK-TCB-002
ACCT-001035,CUST-000871,CUSTOMER,SAVINGS,VND,2021-09-18T00:59:59Z,ACTIVE,BR-423,7308931,BANK-TCB-002
ACCT-001036,CUST-000872,CUSTOMER,PAYMENT,VND,2025-04-27T00:59:59Z,ACTIVE,BR-134,69190448,BANK-VCB-001
ACCT-001037,CUST-000872,CUSTOMER,PAYMENT,VND,2024-05-21T01:59:59Z,ACTIVE,BR-722,48571402,BANK-VCB-001
ACCT-001038,CUST-000873,CUSTOMER,PAYMENT,VND,2023-08-19T02:59:59Z,ACTIVE,BR-985,22519820,BANK-VPB-005
ACCT-001039,CUST-000874,CUSTOMER,PAYMENT,VND,2024-03-26T06:59:59Z,ACTIVE,BR-612,77626611,BANK-TCB-002
ACCT-001040,CUST-000875,CUSTOMER,SAVINGS,VND,2025-01-18T00:59:59Z,ACTIVE,BR-159,52625252,BANK-TCB-002
ACCT-001041,CUST-000875,CUSTOMER,PAYMENT,VND,2023-09-16T01:59:59Z,ACTIVE,BR-260,14337266,BANK-VPB-005
ACCT-001042,CUST-000876,CUSTOMER,PAYMENT,VND,2025-10-13T11:59:59Z,ACTIVE,BR-593,25599981,BANK-MBB-003
ACCT-001043,CUST-000877,CUSTOMER,PAYMENT,VND,2025-07-09T09:59:59Z,ACTIVE,BR-311,67611150,BANK-VPB-005
ACCT-001044,CUST-000877,CUSTOMER,PAYMENT,VND,2025-02-05T06:59:59Z,ACTIVE,BR-729,40767759,BANK-VCB-001
ACCT-001045,CUST-000878,CUSTOMER,SAVINGS,VND,2024-02-26T02:59:59Z,ACTIVE,BR-182,137660986,BANK-MBB-003
ACCT-001046,CUST-000879,CUSTOMER,PAYMENT,VND,2023-08-30T09:59:59Z,ACTIVE,BR-215,39610649,BANK-VPB-005
ACCT-001047,CUST-000880,CUSTOMER,PAYMENT,VND,2024-06-17T00:59:59Z,ACTIVE,BR-676,56109406,BANK-ACB-004
ACCT-001048,CUST-000881,CUSTOMER,PAYMENT,VND,2022-11-26T07:59:59Z,ACTIVE,BR-738,5975069,BANK-VCB-001
ACCT-001049,CUST-000881,CUSTOMER,SAVINGS,VND,2025-03-12T10:59:59Z,ACTIVE,BR-458,10928168,BANK-ACB-004
ACCT-001050,CUST-000882,CUSTOMER,PAYMENT,VND,2025-06-05T11:59:59Z,ACTIVE,BR-368,17238792,BANK-VPB-005
ACCT-001051,CUST-000882,CUSTOMER,PAYMENT,VND,2025-07-15T07:59:59Z,ACTIVE,BR-967,51571558,BANK-VPB-005
ACCT-001052,CUST-000883,CUSTOMER,PAYMENT,VND,2025-07-16T10:59:59Z,ACTIVE,BR-955,18318582,BANK-VCB-001
ACCT-001053,CUST-000884,CUSTOMER,PAYMENT,VND,2023-11-11T07:59:59Z,ACTIVE,BR-242,68598282,BANK-TCB-002
ACCT-001054,CUST-000885,CUSTOMER,PAYMENT,VND,2025-10-02T04:59:59Z,ACTIVE,BR-231,48068050,BANK-VCB-001
ACCT-001055,CUST-000886,CUSTOMER,PAYMENT,VND,2023-04-01T08:59:59Z,ACTIVE,BR-883,20790662,BANK-TCB-002
ACCT-001056,CUST-000887,CUSTOMER,PAYMENT,VND,2025-06-06T01:59:59Z,ACTIVE,BR-928,43311700,BANK-VPB-005
ACCT-001057,CUST-000888,CUSTOMER,PAYMENT,VND,2024-02-28T09:59:59Z,ACTIVE,BR-690,6793071,BANK-ACB-004
ACCT-001058,CUST-000889,CUSTOMER,PAYMENT,VND,2023-04-25T04:59:59Z,ACTIVE,BR-550,60437930,BANK-ACB-004
ACCT-001059,CUST-000889,CUSTOMER,PAYMENT,VND,2024-09-03T06:59:59Z,ACTIVE,BR-677,72814902,BANK-TCB-002
ACCT-001060,CUST-000890,CUSTOMER,PAYMENT,VND,2024-05-19T06:59:59Z,ACTIVE,BR-306,15803340,BANK-ACB-004
ACCT-001061,CUST-000891,CUSTOMER,PAYMENT,VND,2022-10-23T05:59:59Z,ACTIVE,BR-406,69804570,BANK-VPB-005
ACCT-001062,CUST-000891,CUSTOMER,SAVINGS,VND,2024-06-16T08:59:59Z,ACTIVE,BR-313,10160960,BANK-ACB-004
ACCT-001063,CUST-000892,CUSTOMER,PAYMENT,VND,2024-01-19T10:59:59Z,ACTIVE,BR-611,85849406,BANK-VCB-001
ACCT-001064,CUST-000893,CUSTOMER,PAYMENT,VND,2024-05-20T23:59:59Z,ACTIVE,BR-749,12250084,BANK-MBB-003
ACCT-001065,CUST-000894,CUSTOMER,PAYMENT,VND,2025-03-14T03:59:59Z,ACTIVE,BR-709,192222252,BANK-TCB-002
ACCT-001066,CUST-000894,CUSTOMER,PAYMENT,VND,2025-03-20T05:59:59Z,ACTIVE,BR-865,188588657,BANK-MBB-003
ACCT-001067,CUST-000895,CUSTOMER,PAYMENT,VND,2025-03-31T03:59:59Z,ACTIVE,BR-684,1690198,BANK-MBB-003
ACCT-001068,CUST-000895,CUSTOMER,PAYMENT,VND,2023-01-10T07:59:59Z,ACTIVE,BR-134,6003218,BANK-ACB-004
ACCT-001069,CUST-000896,CUSTOMER,PAYMENT,VND,2024-10-29T01:59:59Z,ACTIVE,BR-465,10455109,BANK-TCB-002
ACCT-001070,CUST-000897,CUSTOMER,PAYMENT,VND,2025-06-04T09:59:59Z,ACTIVE,BR-749,43273914,BANK-VPB-005
ACCT-001071,CUST-000898,CUSTOMER,PAYMENT,VND,2025-02-08T08:59:59Z,ACTIVE,BR-458,155042006,BANK-VCB-001
ACCT-001072,CUST-000899,CUSTOMER,PAYMENT,VND,2024-11-22T23:59:59Z,ACTIVE,BR-445,40280368,BANK-TCB-002
ACCT-001073,CUST-000900,CUSTOMER,PAYMENT,VND,2024-11-28T06:59:59Z,ACTIVE,BR-548,30697469,BANK-VCB-001
ACCT-001074,CUST-000900,CUSTOMER,PAYMENT,VND,2024-11-07T23:59:59Z,ACTIVE,BR-506,40267167,BANK-MBB-003
ACCT-001075,CUST-000901,CUSTOMER,PAYMENT,VND,2024-08-03T09:59:59Z,ACTIVE,BR-798,36681727,BANK-ACB-004
ACCT-001076,CUST-000902,CUSTOMER,SAVINGS,VND,2024-04-02T00:59:59Z,ACTIVE,BR-151,123235546,BANK-MBB-003
ACCT-001077,CUST-000903,CUSTOMER,PAYMENT,VND,2024-07-21T08:59:59Z,ACTIVE,BR-617,106680104,BANK-MBB-003
ACCT-001078,CUST-000904,CUSTOMER,PAYMENT,VND,2023-01-29T06:59:59Z,ACTIVE,BR-623,69004101,BANK-VPB-005
ACCT-001079,CUST-000905,CUSTOMER,PAYMENT,VND,2025-02-16T10:59:59Z,ACTIVE,BR-514,10790948,BANK-VPB-005
ACCT-001080,CUST-000906,CUSTOMER,PAYMENT,VND,2021-05-18T08:59:59Z,ACTIVE,BR-556,73098981,BANK-VPB-005
ACCT-001081,CUST-000907,CUSTOMER,PAYMENT,VND,2024-09-04T10:59:59Z,ACTIVE,BR-586,29251978,BANK-VCB-001
ACCT-001082,CUST-000908,CUSTOMER,PAYMENT,VND,2025-09-21T11:59:59Z,ACTIVE,BR-392,5835944,BANK-ACB-004
ACCT-001083,CUST-000909,CUSTOMER,PAYMENT,VND,2025-07-17T06:59:59Z,ACTIVE,BR-888,8322810,BANK-VPB-005
ACCT-001084,CUST-000910,CUSTOMER,PAYMENT,VND,2025-07-07T10:59:59Z,ACTIVE,BR-419,73117861,BANK-TCB-002
ACCT-001085,CUST-000911,CUSTOMER,PAYMENT,VND,2025-07-26T05:59:59Z,ACTIVE,BR-270,99514292,BANK-TCB-002
ACCT-001086,CUST-000912,CUSTOMER,PAYMENT,VND,2025-01-25T04:59:59Z,ACTIVE,BR-536,14520213,BANK-MBB-003
ACCT-001087,CUST-000913,CUSTOMER,PAYMENT,VND,2025-05-27T06:59:59Z,ACTIVE,BR-936,1916730,BANK-MBB-003
ACCT-001088,CUST-000914,CUSTOMER,PAYMENT,VND,2024-08-30T01:59:59Z,ACTIVE,BR-650,86748245,BANK-VPB-005
ACCT-001089,CUST-000914,CUSTOMER,PAYMENT,VND,2023-10-01T04:59:59Z,ACTIVE,BR-127,81904778,BANK-TCB-002
ACCT-001090,CUST-000915,CUSTOMER,PAYMENT,VND,2020-09-12T07:59:59Z,ACTIVE,BR-936,58424797,BANK-TCB-002
ACCT-001091,CUST-000915,CUSTOMER,SAVINGS,VND,2024-06-23T11:59:59Z,ACTIVE,BR-509,59903122,BANK-VCB-001
ACCT-001092,CUST-000916,CUSTOMER,PAYMENT,VND,2025-08-12T05:59:59Z,ACTIVE,BR-982,9964483,BANK-TCB-002
ACCT-001093,CUST-000916,CUSTOMER,PAYMENT,VND,2025-06-22T04:59:59Z,ACTIVE,BR-315,14264742,BANK-VPB-005
ACCT-001094,CUST-000917,CUSTOMER,PAYMENT,VND,2024-06-10T07:59:59Z,ACTIVE,BR-769,35182111,BANK-TCB-002
ACCT-001095,CUST-000917,CUSTOMER,PAYMENT,VND,2024-08-17T02:59:59Z,ACTIVE,BR-623,53003671,BANK-MBB-003
ACCT-001096,CUST-000918,CUSTOMER,PAYMENT,VND,2022-08-07T08:59:59Z,ACTIVE,BR-863,70336905,BANK-TCB-002
ACCT-001097,CUST-000918,CUSTOMER,PAYMENT,VND,2025-04-21T05:59:59Z,ACTIVE,BR-364,46200855,BANK-TCB-002
ACCT-001098,CUST-000919,CUSTOMER,PAYMENT,VND,2024-11-13T08:59:59Z,ACTIVE,BR-135,96664645,BANK-VCB-001
ACCT-001099,CUST-000920,CUSTOMER,SAVINGS,VND,2023-09-08T01:59:59Z,ACTIVE,BR-140,16062840,BANK-VCB-001
ACCT-001100,CUST-000920,CUSTOMER,PAYMENT,VND,2024-02-05T10:59:59Z,ACTIVE,BR-577,59941859,BANK-VCB-001
ACCT-001101,CUST-000921,CUSTOMER,PAYMENT,VND,2025-06-10T23:59:59Z,ACTIVE,BR-915,73643782,BANK-ACB-004
ACCT-001102,CUST-000922,CUSTOMER,SAVINGS,VND,2024-08-05T08:59:59Z,ACTIVE,BR-247,14328127,BANK-ACB-004
ACCT-001103,CUST-000923,CUSTOMER,SAVINGS,VND,2024-09-22T06:59:59Z,ACTIVE,BR-251,51397221,BANK-VCB-001
ACCT-001104,CUST-000924,CUSTOMER,PAYMENT,VND,2024-11-29T11:59:59Z,ACTIVE,BR-163,24717256,BANK-MBB-003
ACCT-001105,CUST-000925,CUSTOMER,SAVINGS,VND,2023-07-11T01:59:59Z,ACTIVE,BR-470,80027196,BANK-VCB-001
ACCT-001106,CUST-000926,CUSTOMER,PAYMENT,VND,2024-08-10T02:59:59Z,ACTIVE,BR-592,10322908,BANK-TCB-002
ACCT-001107,CUST-000926,CUSTOMER,SAVINGS,VND,2025-03-27T06:59:59Z,ACTIVE,BR-219,13004239,BANK-ACB-004
ACCT-001108,CUST-000927,CUSTOMER,PAYMENT,VND,2023-10-27T01:59:59Z,ACTIVE,BR-643,30492862,BANK-TCB-002
ACCT-001109,CUST-000927,CUSTOMER,SAVINGS,VND,2025-06-18T23:59:59Z,ACTIVE,BR-218,68673985,BANK-VCB-001
ACCT-001110,CUST-000928,CUSTOMER,SAVINGS,VND,2024-02-03T06:59:59Z,ACTIVE,BR-505,42417749,BANK-MBB-003
ACCT-001111,CUST-000928,CUSTOMER,SAVINGS,VND,2022-11-14T03:59:59Z,ACTIVE,BR-688,53366236,BANK-MBB-003
ACCT-001112,CUST-000929,CUSTOMER,PAYMENT,VND,2024-12-31T06:59:59Z,ACTIVE,BR-660,6279127,BANK-ACB-004
ACCT-001113,CUST-000930,CUSTOMER,SAVINGS,VND,2023-04-21T00:59:59Z,ACTIVE,BR-218,65012211,BANK-TCB-002
ACCT-001114,CUST-000931,CUSTOMER,PAYMENT,VND,2025-09-05T02:59:59Z,ACTIVE,BR-277,71929589,BANK-ACB-004
ACCT-001115,CUST-000931,CUSTOMER,PAYMENT,VND,2025-05-29T03:59:59Z,ACTIVE,BR-563,9002437,BANK-TCB-002
ACCT-001116,CUST-000932,CUSTOMER,PAYMENT,VND,2024-06-08T00:59:59Z,ACTIVE,BR-674,53971733,BANK-MBB-003
ACCT-001117,CUST-000933,CUSTOMER,PAYMENT,VND,2022-10-10T10:59:59Z,ACTIVE,BR-724,30100154,BANK-TCB-002
ACCT-001118,CUST-000934,CUSTOMER,PAYMENT,VND,2025-03-16T09:59:59Z,ACTIVE,BR-132,152048306,BANK-ACB-004
ACCT-001119,CUST-000934,CUSTOMER,PAYMENT,VND,2025-09-03T03:59:59Z,ACTIVE,BR-468,120897826,BANK-TCB-002
ACCT-001120,CUST-000935,CUSTOMER,PAYMENT,VND,2023-10-14T04:59:59Z,ACTIVE,BR-244,7254195,BANK-VCB-001
ACCT-001121,CUST-000935,CUSTOMER,SAVINGS,VND,2025-02-04T09:59:59Z,ACTIVE,BR-792,15864108,BANK-MBB-003
ACCT-001122,CUST-000936,CUSTOMER,PAYMENT,VND,2024-09-11T01:59:59Z,ACTIVE,BR-474,100430851,BANK-VPB-005
ACCT-001123,CUST-000937,CUSTOMER,SAVINGS,VND,2023-06-25T00:59:59Z,ACTIVE,BR-378,57027669,BANK-MBB-003
ACCT-001124,CUST-000938,CUSTOMER,PAYMENT,VND,2025-06-14T23:59:59Z,ACTIVE,BR-469,43918897,BANK-MBB-003
ACCT-001125,CUST-000939,CUSTOMER,PAYMENT,VND,2023-05-13T03:59:59Z,ACTIVE,BR-240,14437811,BANK-VCB-001
ACCT-001126,CUST-000939,CUSTOMER,PAYMENT,VND,2023-12-13T07:59:59Z,ACTIVE,BR-746,68931880,BANK-VCB-001
ACCT-001127,CUST-000940,CUSTOMER,PAYMENT,VND,2025-06-11T00:59:59Z,ACTIVE,BR-122,88250332,BANK-ACB-004
ACCT-001128,CUST-000941,CUSTOMER,PAYMENT,VND,2024-02-26T00:59:59Z,ACTIVE,BR-134,2166365,BANK-VCB-001
ACCT-001129,CUST-000942,CUSTOMER,PAYMENT,VND,2025-10-13T06:59:59Z,ACTIVE,BR-182,52469070,BANK-TCB-002
ACCT-001130,CUST-000942,CUSTOMER,PAYMENT,VND,2024-06-07T07:59:59Z,ACTIVE,BR-406,62929988,BANK-MBB-003
ACCT-001131,CUST-000943,CUSTOMER,PAYMENT,VND,2025-01-21T04:59:59Z,ACTIVE,BR-821,49446164,BANK-ACB-004
ACCT-001132,CUST-000944,CUSTOMER,PAYMENT,VND,2022-01-22T01:59:59Z,ACTIVE,BR-926,10403108,BANK-MBB-003
ACCT-001133,CUST-000945,CUSTOMER,PAYMENT,VND,2025-09-07T00:59:59Z,ACTIVE,BR-982,5373884,BANK-MBB-003
ACCT-001134,CUST-000946,CUSTOMER,PAYMENT,VND,2023-12-14T08:59:59Z,ACTIVE,BR-872,34058818,BANK-ACB-004
ACCT-001135,CUST-000947,CUSTOMER,SAVINGS,VND,2022-05-04T06:59:59Z,ACTIVE,BR-795,111975982,BANK-MBB-003
ACCT-001136,CUST-000948,CUSTOMER,PAYMENT,VND,2025-04-04T01:59:59Z,ACTIVE,BR-896,99769807,BANK-VPB-005
ACCT-001137,CUST-000949,CUSTOMER,PAYMENT,VND,2025-02-02T07:59:59Z,ACTIVE,BR-573,49799619,BANK-VCB-001
ACCT-001138,CUST-000950,CUSTOMER,PAYMENT,VND,2024-05-04T01:59:59Z,ACTIVE,BR-123,67363615,BANK-ACB-004
ACCT-001139,CUST-000950,CUSTOMER,PAYMENT,VND,2023-09-13T02:59:59Z,ACTIVE,BR-232,64949857,BANK-ACB-004
ACCT-001140,CUST-000951,CUSTOMER,SAVINGS,VND,2024-10-27T02:59:59Z,ACTIVE,BR-318,6572405,BANK-MBB-003
ACCT-001141,CUST-000952,CUSTOMER,PAYMENT,VND,2024-12-16T10:59:59Z,ACTIVE,BR-259,159921636,BANK-TCB-002
ACCT-001142,CUST-000953,CUSTOMER,SAVINGS,VND,2023-02-12T11:59:59Z,ACTIVE,BR-159,44224748,BANK-MBB-003
ACCT-001143,CUST-000954,CUSTOMER,PAYMENT,VND,2025-07-25T02:59:59Z,ACTIVE,BR-341,33307849,BANK-ACB-004
ACCT-001144,CUST-000955,CUSTOMER,PAYMENT,VND,2025-07-26T10:59:59Z,ACTIVE,BR-173,34123457,BANK-VCB-001
ACCT-001145,CUST-000956,CUSTOMER,PAYMENT,VND,2022-11-15T03:59:59Z,ACTIVE,BR-354,53784138,BANK-VCB-001
ACCT-001146,CUST-000957,CUSTOMER,PAYMENT,VND,2025-08-31T04:59:59Z,ACTIVE,BR-422,32841192,BANK-VPB-005
ACCT-001147,CUST-000958,CUSTOMER,PAYMENT,VND,2022-04-18T02:59:59Z,ACTIVE,BR-933,2263645,BANK-VCB-001
ACCT-001148,CUST-000959,CUSTOMER,PAYMENT,VND,2025-05-13T23:59:59Z,ACTIVE,BR-323,41293095,BANK-TCB-002
ACCT-001149,CUST-000959,CUSTOMER,PAYMENT,VND,2025-10-06T23:59:59Z,ACTIVE,BR-701,12167939,BANK-VPB-005
ACCT-001150,CUST-000960,CUSTOMER,PAYMENT,VND,2025-08-31T03:59:59Z,ACTIVE,BR-156,59879062,BANK-VCB-001
ACCT-001151,CUST-000961,CUSTOMER,PAYMENT,VND,2023-10-22T05:59:59Z,ACTIVE,BR-501,92516486,BANK-VPB-005
ACCT-001152,CUST-000962,CUSTOMER,PAYMENT,VND,2025-09-16T09:59:59Z,ACTIVE,BR-289,26845151,BANK-MBB-003
ACCT-001153,CUST-000963,CUSTOMER,PAYMENT,VND,2025-06-28T05:59:59Z,ACTIVE,BR-475,67754951,BANK-MBB-003
ACCT-001154,CUST-000964,CUSTOMER,SAVINGS,VND,2025-08-04T11:59:59Z,ACTIVE,BR-695,46838078,BANK-TCB-002
ACCT-001155,CUST-000964,CUSTOMER,PAYMENT,VND,2024-08-13T04:59:59Z,ACTIVE,BR-923,33210882,BANK-TCB-002
ACCT-001156,CUST-000965,CUSTOMER,PAYMENT,VND,2023-03-19T01:59:59Z,ACTIVE,BR-724,128440315,BANK-MBB-003
ACCT-001157,CUST-000966,CUSTOMER,SAVINGS,VND,2022-10-05T11:59:59Z,ACTIVE,BR-494,17102840,BANK-ACB-004
ACCT-001158,CUST-000966,CUSTOMER,PAYMENT,VND,2023-09-14T01:59:59Z,ACTIVE,BR-723,18732035,BANK-MBB-003
ACCT-001159,CUST-000967,CUSTOMER,PAYMENT,VND,2025-08-29T06:59:59Z,ACTIVE,BR-864,43620691,BANK-TCB-002
ACCT-001160,CUST-000967,CUSTOMER,PAYMENT,VND,2025-09-17T02:59:59Z,ACTIVE,BR-560,66275953,BANK-ACB-004
ACCT-001161,CUST-000968,CUSTOMER,PAYMENT,VND,2025-05-01T02:59:59Z,ACTIVE,BR-396,39017284,BANK-VCB-001
ACCT-001162,CUST-000969,CUSTOMER,PAYMENT,VND,2025-04-03T05:59:59Z,ACTIVE,BR-250,67215312,BANK-ACB-004
ACCT-001163,CUST-000970,CUSTOMER,PAYMENT,VND,2022-11-04T06:59:59Z,ACTIVE,BR-323,52139077,BANK-TCB-002
ACCT-001164,CUST-000971,CUSTOMER,PAYMENT,VND,2023-04-28T09:59:59Z,ACTIVE,BR-765,69843530,BANK-ACB-004
ACCT-001165,CUST-000972,CUSTOMER,PAYMENT,VND,2024-06-12T11:59:59Z,ACTIVE,BR-649,63307918,BANK-MBB-003
ACCT-001166,CUST-000973,CUSTOMER,SAVINGS,VND,2023-10-05T06:59:59Z,ACTIVE,BR-407,62862078,BANK-MBB-003
ACCT-001167,CUST-000974,CUSTOMER,PAYMENT,VND,2025-06-26T08:59:59Z,ACTIVE,BR-792,28208608,BANK-MBB-003
ACCT-001168,CUST-000975,CUSTOMER,PAYMENT,VND,2025-05-31T08:59:59Z,ACTIVE,BR-829,8829592,BANK-TCB-002
ACCT-001169,CUST-000976,CUSTOMER,SAVINGS,VND,2025-08-01T04:59:59Z,ACTIVE,BR-785,16810097,BANK-MBB-003
ACCT-001170,CUST-000977,CUSTOMER,PAYMENT,VND,2025-03-18T09:59:59Z,ACTIVE,BR-680,14998155,BANK-TCB-002
ACCT-001171,CUST-000978,CUSTOMER,PAYMENT,VND,2025-09-03T02:59:59Z,ACTIVE,BR-217,8342707,BANK-ACB-004
ACCT-001172,CUST-000979,CUSTOMER,PAYMENT,VND,2023-08-06T04:59:59Z,ACTIVE,BR-201,7140897,BANK-VCB-001
ACCT-001173,CUST-000980,CUSTOMER,PAYMENT,VND,2025-07-01T11:59:59Z,ACTIVE,BR-605,18002644,BANK-VCB-001
ACCT-001174,CUST-000981,CUSTOMER,PAYMENT,VND,2025-02-11T08:59:59Z,ACTIVE,BR-633,42916362,BANK-VPB-005
ACCT-001175,CUST-000982,CUSTOMER,SAVINGS,VND,2025-09-05T08:59:59Z,ACTIVE,BR-481,38024873,BANK-VCB-001
ACCT-001176,CUST-000983,CUSTOMER,PAYMENT,VND,2025-05-28T00:59:59Z,ACTIVE,BR-953,72484190,BANK-ACB-004
ACCT-001177,CUST-000983,CUSTOMER,SAVINGS,VND,2025-09-13T23:59:59Z,ACTIVE,BR-619,29979042,BANK-ACB-004
ACCT-001178,CUST-000984,CUSTOMER,PAYMENT,VND,2022-12-02T09:59:59Z,ACTIVE,BR-763,118973558,BANK-TCB-002
ACCT-001179,CUST-000985,CUSTOMER,PAYMENT,VND,2021-12-09T23:59:59Z,ACTIVE,BR-896,55235417,BANK-VCB-001
ACCT-001180,CUST-000985,CUSTOMER,SAVINGS,VND,2024-05-26T11:59:59Z,ACTIVE,BR-110,61030711,BANK-VPB-005
ACCT-001181,CUST-000986,CUSTOMER,PAYMENT,VND,2022-10-09T03:59:59Z,ACTIVE,BR-974,13314906,BANK-TCB-002
ACCT-001182,CUST-000987,CUSTOMER,SAVINGS,VND,2023-07-25T10:59:59Z,ACTIVE,BR-939,12018643,BANK-VPB-005
ACCT-001183,CUST-000988,CUSTOMER,PAYMENT,VND,2025-08-01T06:59:59Z,ACTIVE,BR-782,5164850,BANK-TCB-002
ACCT-001184,CUST-000989,CUSTOMER,PAYMENT,VND,2023-02-05T10:59:59Z,ACTIVE,BR-900,197129800,BANK-ACB-004
ACCT-001185,CUST-000990,CUSTOMER,PAYMENT,VND,2022-07-01T06:59:59Z,ACTIVE,BR-285,21802624,BANK-VCB-001
ACCT-001186,CUST-000991,CUSTOMER,SAVINGS,VND,2022-08-05T11:59:59Z,ACTIVE,BR-620,14938443,BANK-MBB-003
ACCT-001187,CUST-000992,CUSTOMER,PAYMENT,VND,2022-11-03T04:59:59Z,ACTIVE,BR-996,77450235,BANK-TCB-002
ACCT-001188,CUST-000992,CUSTOMER,SAVINGS,VND,2023-04-08T11:59:59Z,ACTIVE,BR-960,25412634,BANK-MBB-003
ACCT-001189,CUST-000993,CUSTOMER,SAVINGS,VND,2025-06-06T02:59:59Z,ACTIVE,BR-637,11949426,BANK-VCB-001
ACCT-001190,CUST-000994,CUSTOMER,PAYMENT,VND,2025-05-13T23:59:59Z,ACTIVE,BR-606,10001862,BANK-VPB-005
ACCT-001191,CUST-000995,CUSTOMER,PAYMENT,VND,2024-02-09T04:59:59Z,ACTIVE,BR-402,47877373,BANK-MBB-003
ACCT-001192,CUST-000996,CUSTOMER,PAYMENT,VND,2024-09-02T00:59:59Z,ACTIVE,BR-252,34842786,BANK-VCB-001
ACCT-001193,CUST-000997,CUSTOMER,PAYMENT,VND,2025-09-08T06:59:59Z,ACTIVE,BR-362,72058989,BANK-TCB-002
ACCT-001194,CUST-000998,CUSTOMER,PAYMENT,VND,2025-05-29T04:59:59Z,ACTIVE,BR-384,5868172,BANK-MBB-003
ACCT-001195,CUST-000999,CUSTOMER,PAYMENT,VND,2025-04-24T05:59:59Z,ACTIVE,BR-765,69799493,BANK-VCB-001
ACCT-001196,CUST-001000,CUSTOMER,PAYMENT,VND,2025-02-04T05:59:59Z,ACTIVE,BR-518,41241341,BANK-TCB-002
ACCT-001197,CUST-001001,CUSTOMER,PAYMENT,VND,2023-04-24T02:59:59Z,ACTIVE,BR-871,6087460,BANK-TCB-002
ACCT-001198,CUST-001002,CUSTOMER,PAYMENT,VND,2025-10-01T09:59:59Z,ACTIVE,BR-899,65883437,BANK-TCB-002
ACCT-001199,CUST-001002,CUSTOMER,PAYMENT,VND,2025-02-13T11:59:59Z,ACTIVE,BR-782,36581295,BANK-MBB-003
ACCT-001200,CUST-001003,CUSTOMER,PAYMENT,VND,2023-06-26T03:59:59Z,ACTIVE,BR-281,45442440,BANK-VCB-001
ACCT-001201,CUST-001003,CUSTOMER,PAYMENT,VND,2023-01-25T10:59:59Z,ACTIVE,BR-232,55849738,BANK-VCB-001
ACCT-001202,CUST-001004,CUSTOMER,SAVINGS,VND,2025-05-04T07:59:59Z,ACTIVE,BR-995,61848954,BANK-ACB-004
ACCT-001203,CUST-001005,CUSTOMER,PAYMENT,VND,2024-11-27T01:59:59Z,ACTIVE,BR-360,30762807,BANK-MBB-003
ACCT-001204,CUST-001006,CUSTOMER,PAYMENT,VND,2025-09-14T00:59:59Z,ACTIVE,BR-515,82020619,BANK-VCB-001
ACCT-001205,CUST-001007,CUSTOMER,PAYMENT,VND,2023-07-02T09:59:59Z,ACTIVE,BR-296,6042561,BANK-VPB-005
ACCT-001206,CUST-001007,CUSTOMER,PAYMENT,VND,2023-01-02T10:59:59Z,ACTIVE,BR-205,31830304,BANK-ACB-004
ACCT-001207,CUST-001008,CUSTOMER,PAYMENT,VND,2020-12-08T09:59:59Z,ACTIVE,BR-439,37386130,BANK-TCB-002
ACCT-001208,CUST-001009,CUSTOMER,SAVINGS,VND,2025-06-15T04:59:59Z,ACTIVE,BR-571,29870336,BANK-TCB-002
ACCT-001209,CUST-001010,CUSTOMER,PAYMENT,VND,2023-05-07T02:59:59Z,ACTIVE,BR-228,161804068,BANK-ACB-004
ACCT-001210,CUST-001011,CUSTOMER,PAYMENT,VND,2025-05-31T05:59:59Z,ACTIVE,BR-269,71410307,BANK-TCB-002
ACCT-001211,CUST-001011,CUSTOMER,PAYMENT,VND,2024-05-08T11:59:59Z,ACTIVE,BR-286,6525277,BANK-TCB-002
ACCT-001212,CUST-001012,CUSTOMER,PAYMENT,VND,2025-04-29T06:59:59Z,ACTIVE,BR-107,58088866,BANK-VPB-005
ACCT-001213,CUST-001013,CUSTOMER,PAYMENT,VND,2025-09-28T03:59:59Z,ACTIVE,BR-588,17855692,BANK-TCB-002
ACCT-001214,CUST-001014,CUSTOMER,SAVINGS,VND,2023-09-08T07:59:59Z,ACTIVE,BR-243,70910139,BANK-MBB-003
ACCT-001215,CUST-001014,CUSTOMER,SAVINGS,VND,2022-03-30T09:59:59Z,ACTIVE,BR-134,26495869,BANK-VCB-001
ACCT-001216,CUST-001015,CUSTOMER,PAYMENT,VND,2024-09-22T23:59:59Z,ACTIVE,BR-236,33829496,BANK-MBB-003
ACCT-001217,CUST-001016,CUSTOMER,PAYMENT,VND,2024-12-11T02:59:59Z,ACTIVE,BR-755,78147933,BANK-ACB-004
ACCT-001218,CUST-001017,CUSTOMER,SAVINGS,VND,2024-01-16T04:59:59Z,ACTIVE,BR-955,33212160,BANK-MBB-003
ACCT-001219,CUST-001017,CUSTOMER,PAYMENT,VND,2022-08-28T01:59:59Z,ACTIVE,BR-656,60213235,BANK-TCB-002
ACCT-001220,CUST-001018,CUSTOMER,PAYMENT,VND,2022-01-23T05:59:59Z,ACTIVE,BR-516,42557155,BANK-TCB-002
ACCT-001221,CUST-001019,CUSTOMER,PAYMENT,VND,2024-07-02T05:59:59Z,ACTIVE,BR-172,45828538,BANK-VPB-005
ACCT-001222,CUST-001020,CUSTOMER,PAYMENT,VND,2024-10-13T07:59:59Z,ACTIVE,BR-959,46095749,BANK-VCB-001
ACCT-001223,CUST-001021,CUSTOMER,SAVINGS,VND,2025-05-24T03:59:59Z,ACTIVE,BR-812,96098016,BANK-TCB-002
ACCT-001224,CUST-001021,CUSTOMER,PAYMENT,VND,2025-07-04T06:59:59Z,ACTIVE,BR-695,141963402,BANK-MBB-003
ACCT-001225,CUST-001022,CUSTOMER,PAYMENT,VND,2023-06-13T01:59:59Z,ACTIVE,BR-762,14910636,BANK-VPB-005
ACCT-001226,CUST-001023,CUSTOMER,PAYMENT,VND,2024-07-07T00:59:59Z,ACTIVE,BR-335,7526024,BANK-ACB-004
ACCT-001227,CUST-001024,CUSTOMER,SAVINGS,VND,2024-04-23T01:59:59Z,ACTIVE,BR-183,19311400,BANK-VPB-005
ACCT-001228,CUST-001024,CUSTOMER,PAYMENT,VND,2024-03-13T10:59:59Z,ACTIVE,BR-402,147076049,BANK-TCB-002
ACCT-001229,CUST-001025,CUSTOMER,PAYMENT,VND,2025-07-02T06:59:59Z,ACTIVE,BR-782,50813595,BANK-MBB-003
ACCT-001230,CUST-001026,CUSTOMER,SAVINGS,VND,2021-12-28T09:59:59Z,ACTIVE,BR-992,39984494,BANK-VCB-001
ACCT-001231,CUST-001027,CUSTOMER,PAYMENT,VND,2025-01-26T06:59:59Z,ACTIVE,BR-534,17835910,BANK-TCB-002
ACCT-001232,CUST-001028,CUSTOMER,PAYMENT,VND,2023-12-15T11:59:59Z,ACTIVE,BR-117,83419521,BANK-VPB-005
ACCT-001233,CUST-001029,CUSTOMER,PAYMENT,VND,2025-07-13T02:59:59Z,ACTIVE,BR-354,31884441,BANK-VPB-005
ACCT-001234,CUST-001030,CUSTOMER,PAYMENT,VND,2024-04-25T05:59:59Z,ACTIVE,BR-326,9983651,BANK-TCB-002
ACCT-001235,CUST-001031,CUSTOMER,SAVINGS,VND,2025-07-14T05:59:59Z,ACTIVE,BR-809,2321909,BANK-MBB-003
ACCT-001236,CUST-001032,CUSTOMER,SAVINGS,VND,2023-12-08T10:59:59Z,ACTIVE,BR-708,31676661,BANK-VCB-001
ACCT-001237,CUST-001033,CUSTOMER,PAYMENT,VND,2023-12-21T06:59:59Z,ACTIVE,BR-537,48921633,BANK-VPB-005
ACCT-001238,CUST-001034,CUSTOMER,SAVINGS,VND,2024-02-08T09:59:59Z,ACTIVE,BR-379,16241443,BANK-TCB-002
ACCT-001239,CUST-001035,CUSTOMER,PAYMENT,VND,2023-06-23T09:59:59Z,ACTIVE,BR-199,43068214,BANK-MBB-003
ACCT-001240,CUST-001036,CUSTOMER,PAYMENT,VND,2025-08-08T11:59:59Z,ACTIVE,BR-849,113202494,BANK-VPB-005
ACCT-001241,CUST-001037,CUSTOMER,PAYMENT,VND,2024-08-01T07:59:59Z,ACTIVE,BR-968,54878852,BANK-TCB-002
ACCT-001242,CUST-001038,CUSTOMER,PAYMENT,VND,2024-11-05T09:59:59Z,ACTIVE,BR-871,68543929,BANK-TCB-002
ACCT-001243,CUST-001039,CUSTOMER,PAYMENT,VND,2024-11-25T09:59:59Z,ACTIVE,BR-330,9401190,BANK-VPB-005
ACCT-001244,CUST-001039,CUSTOMER,PAYMENT,VND,2025-02-17T00:59:59Z,ACTIVE,BR-531,95395741,BANK-VPB-005
ACCT-001245,CUST-001040,CUSTOMER,PAYMENT,VND,2025-08-19T10:59:59Z,ACTIVE,BR-636,40379712,BANK-ACB-004
ACCT-001246,CUST-001041,CUSTOMER,SAVINGS,VND,2025-07-14T07:59:59Z,ACTIVE,BR-103,31764098,BANK-TCB-002
ACCT-001247,CUST-001042,CUSTOMER,SAVINGS,VND,2025-09-10T00:59:59Z,ACTIVE,BR-359,59213766,BANK-VPB-005
ACCT-001248,CUST-001043,CUSTOMER,PAYMENT,VND,2025-01-27T09:59:59Z,ACTIVE,BR-870,48408181,BANK-ACB-004
ACCT-001249,CUST-001044,CUSTOMER,PAYMENT,VND,2023-03-10T07:59:59Z,ACTIVE,BR-830,67671397,BANK-VCB-001
ACCT-001250,CUST-001044,CUSTOMER,PAYMENT,VND,2024-01-03T10:59:59Z,ACTIVE,BR-938,67049203,BANK-MBB-003
ACCT-001251,CUST-001045,CUSTOMER,SAVINGS,VND,2021-10-18T04:59:59Z,ACTIVE,BR-166,15367646,BANK-VPB-005
ACCT-001252,CUST-001046,CUSTOMER,PAYMENT,VND,2025-09-27T08:59:59Z,ACTIVE,BR-772,76700044,BANK-MBB-003
ACCT-001253,CUST-001047,CUSTOMER,PAYMENT,VND,2024-07-26T06:59:59Z,ACTIVE,BR-418,57408835,BANK-VCB-001
ACCT-001254,CUST-001047,CUSTOMER,PAYMENT,VND,2025-06-20T03:59:59Z,ACTIVE,BR-271,53033090,BANK-VCB-001
ACCT-001255,CUST-001048,CUSTOMER,PAYMENT,VND,2025-03-13T07:59:59Z,ACTIVE,BR-758,70303509,BANK-VPB-005
ACCT-001256,CUST-001049,CUSTOMER,PAYMENT,VND,2023-02-02T09:59:59Z,ACTIVE,BR-150,9888334,BANK-VCB-001
ACCT-001257,CUST-001050,CUSTOMER,PAYMENT,VND,2023-01-28T06:59:59Z,ACTIVE,BR-669,33035242,BANK-VCB-001
ACCT-001258,CUST-001051,CUSTOMER,PAYMENT,VND,2021-12-11T23:59:59Z,ACTIVE,BR-511,29083452,BANK-MBB-003
ACCT-001259,CUST-001051,CUSTOMER,SAVINGS,VND,2025-07-18T00:59:59Z,ACTIVE,BR-741,25226139,BANK-VPB-005
ACCT-001260,CUST-001052,CUSTOMER,PAYMENT,VND,2025-02-07T03:59:59Z,ACTIVE,BR-843,79442843,BANK-VPB-005
ACCT-001261,CUST-001053,CUSTOMER,PAYMENT,VND,2025-08-16T01:59:59Z,ACTIVE,BR-767,35597785,BANK-VCB-001
ACCT-001262,CUST-001054,CUSTOMER,PAYMENT,VND,2025-05-26T00:59:59Z,ACTIVE,BR-552,63360087,BANK-ACB-004
ACCT-001263,CUST-001055,CUSTOMER,SAVINGS,VND,2024-03-17T09:59:59Z,ACTIVE,BR-945,80597302,BANK-MBB-003
ACCT-001264,CUST-001056,CUSTOMER,SAVINGS,VND,2024-05-18T23:59:59Z,ACTIVE,BR-786,48244554,BANK-MBB-003
ACCT-001265,CUST-001056,CUSTOMER,PAYMENT,VND,2025-09-14T05:59:59Z,ACTIVE,BR-327,75899199,BANK-TCB-002
ACCT-001266,CUST-001057,CUSTOMER,PAYMENT,VND,2025-09-07T04:59:59Z,ACTIVE,BR-927,72223069,BANK-MBB-003
ACCT-001267,CUST-001058,CUSTOMER,SAVINGS,VND,2023-09-04T05:59:59Z,ACTIVE,BR-835,15562493,BANK-VPB-005
ACCT-001268,CUST-001059,CUSTOMER,SAVINGS,VND,2025-06-07T11:59:59Z,ACTIVE,BR-177,196284193,BANK-MBB-003
ACCT-001269,CUST-001060,CUSTOMER,PAYMENT,VND,2023-03-20T01:59:59Z,ACTIVE,BR-458,55946187,BANK-VCB-001
ACCT-001270,CUST-001061,CUSTOMER,PAYMENT,VND,2025-04-06T11:59:59Z,ACTIVE,BR-574,57596701,BANK-TCB-002
ACCT-001271,CUST-001061,CUSTOMER,PAYMENT,VND,2025-06-12T01:59:59Z,ACTIVE,BR-191,33150814,BANK-ACB-004
ACCT-001272,CUST-001062,CUSTOMER,SAVINGS,VND,2021-09-16T02:59:59Z,ACTIVE,BR-585,74561185,BANK-VPB-005
ACCT-001273,CUST-001062,CUSTOMER,PAYMENT,VND,2022-11-19T06:59:59Z,ACTIVE,BR-957,63042832,BANK-TCB-002
ACCT-001274,CUST-001063,CUSTOMER,PAYMENT,VND,2025-09-04T07:59:59Z,ACTIVE,BR-615,53161156,BANK-MBB-003
ACCT-001275,CUST-001064,CUSTOMER,SAVINGS,VND,2023-02-16T10:59:59Z,ACTIVE,BR-361,79331921,BANK-ACB-004
ACCT-001276,CUST-001065,CUSTOMER,PAYMENT,VND,2022-06-30T05:59:59Z,ACTIVE,BR-350,42519726,BANK-VPB-005
ACCT-001277,CUST-001066,CUSTOMER,SAVINGS,VND,2025-10-12T07:59:59Z,ACTIVE,BR-839,52306816,BANK-ACB-004
ACCT-001278,CUST-001066,CUSTOMER,PAYMENT,VND,2023-10-12T11:59:59Z,ACTIVE,BR-879,50441473,BANK-VPB-005
ACCT-001279,CUST-001067,CUSTOMER,SAVINGS,VND,2024-07-26T06:59:59Z,ACTIVE,BR-717,63984208,BANK-VPB-005
ACCT-001280,CUST-001068,CUSTOMER,PAYMENT,VND,2022-06-24T03:59:59Z,ACTIVE,BR-918,13355005,BANK-MBB-003
ACCT-001281,CUST-001069,CUSTOMER,PAYMENT,VND,2025-04-04T23:59:59Z,ACTIVE,BR-995,57444214,BANK-VCB-001
ACCT-001282,CUST-001070,CUSTOMER,PAYMENT,VND,2024-11-30T02:59:59Z,ACTIVE,BR-903,7897999,BANK-TCB-002
ACCT-001283,CUST-001071,CUSTOMER,PAYMENT,VND,2025-07-09T10:59:59Z,ACTIVE,BR-838,19983497,BANK-MBB-003
ACCT-001284,CUST-001072,CUSTOMER,SAVINGS,VND,2025-01-26T01:59:59Z,ACTIVE,BR-647,60806861,BANK-ACB-004
ACCT-001285,CUST-001073,CUSTOMER,PAYMENT,VND,2025-08-13T07:59:59Z,ACTIVE,BR-181,34338934,BANK-ACB-004
ACCT-001286,CUST-001074,CUSTOMER,PAYMENT,VND,2023-09-10T05:59:59Z,ACTIVE,BR-567,78081315,BANK-VCB-001
ACCT-001287,CUST-001075,CUSTOMER,PAYMENT,VND,2025-04-07T11:59:59Z,ACTIVE,BR-357,24674626,BANK-VCB-001
ACCT-001288,CUST-001076,CUSTOMER,PAYMENT,VND,2024-02-25T03:59:59Z,ACTIVE,BR-499,47616477,BANK-ACB-004
ACCT-001289,CUST-001077,CUSTOMER,SAVINGS,VND,2024-01-03T10:59:59Z,ACTIVE,BR-822,57445004,BANK-TCB-002
ACCT-001290,CUST-001078,CUSTOMER,PAYMENT,VND,2025-06-13T00:59:59Z,ACTIVE,BR-280,24187751,BANK-TCB-002
ACCT-001291,CUST-001079,CUSTOMER,SAVINGS,VND,2023-02-06T03:59:59Z,ACTIVE,BR-158,59144898,BANK-VCB-001
ACCT-001292,CUST-001080,CUSTOMER,SAVINGS,VND,2023-12-04T10:59:59Z,ACTIVE,BR-131,78683899,BANK-TCB-002
ACCT-001293,CUST-001081,CUSTOMER,PAYMENT,VND,2025-02-06T06:59:59Z,ACTIVE,BR-610,12520060,BANK-TCB-002
ACCT-001294,CUST-001082,CUSTOMER,PAYMENT,VND,2022-10-01T01:59:59Z,ACTIVE,BR-953,49983498,BANK-ACB-004
ACCT-001295,CUST-001083,CUSTOMER,PAYMENT,VND,2025-08-10T10:59:59Z,ACTIVE,BR-711,66236783,BANK-MBB-003
ACCT-001296,CUST-001083,CUSTOMER,PAYMENT,VND,2025-08-05T08:59:59Z,ACTIVE,BR-232,94282273,BANK-VPB-005
ACCT-001297,CUST-001084,CUSTOMER,SAVINGS,VND,2025-03-05T01:59:59Z,ACTIVE,BR-314,12117174,BANK-TCB-002
ACCT-001298,CUST-001085,CUSTOMER,SAVINGS,VND,2025-06-25T04:59:59Z,ACTIVE,BR-777,81706614,BANK-VCB-001
ACCT-001299,CUST-001086,CUSTOMER,SAVINGS,VND,2024-03-10T23:59:59Z,ACTIVE,BR-716,68417994,BANK-MBB-003
ACCT-001300,CUST-001087,CUSTOMER,PAYMENT,VND,2023-10-19T02:59:59Z,ACTIVE,BR-301,77283744,BANK-TCB-002
ACCT-001301,CUST-001088,CUSTOMER,PAYMENT,VND,2025-01-14T08:59:59Z,ACTIVE,BR-345,44895392,BANK-VPB-005
ACCT-001302,CUST-001089,CUSTOMER,PAYMENT,VND,2025-08-18T11:59:59Z,ACTIVE,BR-344,35100192,BANK-VCB-001
ACCT-001303,CUST-001090,CUSTOMER,PAYMENT,VND,2025-07-16T23:59:59Z,ACTIVE,BR-675,34273505,BANK-TCB-002
ACCT-001304,CUST-001091,CUSTOMER,PAYMENT,VND,2023-10-01T05:59:59Z,ACTIVE,BR-171,31672637,BANK-ACB-004
ACCT-001305,CUST-001092,CUSTOMER,PAYMENT,VND,2022-10-20T03:59:59Z,ACTIVE,BR-720,58572620,BANK-VCB-001
ACCT-001306,CUST-001093,CUSTOMER,PAYMENT,VND,2022-05-19T05:59:59Z,ACTIVE,BR-210,47891197,BANK-VPB-005
ACCT-001307,CUST-001094,CUSTOMER,PAYMENT,VND,2025-02-07T23:59:59Z,ACTIVE,BR-917,43716063,BANK-TCB-002
ACCT-001308,CUST-001095,CUSTOMER,PAYMENT,VND,2025-02-06T08:59:59Z,ACTIVE,BR-860,73338669,BANK-VCB-001
ACCT-001309,CUST-001096,CUSTOMER,PAYMENT,VND,2025-08-14T07:59:59Z,ACTIVE,BR-694,51029718,BANK-VPB-005
ACCT-001310,CUST-001097,CUSTOMER,PAYMENT,VND,2025-08-11T01:59:59Z,ACTIVE,BR-713,8203132,BANK-VPB-005
ACCT-001311,CUST-001098,CUSTOMER,PAYMENT,VND,2025-06-24T23:59:59Z,ACTIVE,BR-844,33826295,BANK-TCB-002
ACCT-001312,CUST-001099,CUSTOMER,SAVINGS,VND,2025-04-22T09:59:59Z,ACTIVE,BR-858,143604884,BANK-MBB-003
ACCT-001313,CUST-001100,CUSTOMER,PAYMENT,VND,2022-04-10T11:59:59Z,ACTIVE,BR-226,46470866,BANK-MBB-003
ACCT-001314,CUST-001100,CUSTOMER,PAYMENT,VND,2023-12-13T02:59:59Z,ACTIVE,BR-255,41160636,BANK-MBB-003
ACCT-001315,CUST-001101,CUSTOMER,PAYMENT,VND,2024-11-24T02:59:59Z,ACTIVE,BR-712,23610854,BANK-MBB-003
ACCT-001316,CUST-001102,CUSTOMER,PAYMENT,VND,2021-05-05T11:59:59Z,ACTIVE,BR-369,6062476,BANK-VPB-005
ACCT-001317,CUST-001103,CUSTOMER,PAYMENT,VND,2025-02-23T23:59:59Z,ACTIVE,BR-619,166701235,BANK-TCB-002
ACCT-001318,CUST-001104,CUSTOMER,PAYMENT,VND,2023-03-04T00:59:59Z,ACTIVE,BR-549,13825220,BANK-MBB-003
ACCT-001319,CUST-001105,CUSTOMER,PAYMENT,VND,2025-07-25T00:59:59Z,ACTIVE,BR-555,37215509,BANK-VPB-005
ACCT-001320,CUST-001106,CUSTOMER,PAYMENT,VND,2025-03-22T11:59:59Z,ACTIVE,BR-192,4523747,BANK-MBB-003
ACCT-001321,CUST-001106,CUSTOMER,SAVINGS,VND,2025-06-19T01:59:59Z,ACTIVE,BR-456,5546799,BANK-TCB-002
ACCT-001322,CUST-001107,CUSTOMER,PAYMENT,VND,2023-01-07T04:59:59Z,ACTIVE,BR-208,57350736,BANK-TCB-002
ACCT-001323,CUST-001107,CUSTOMER,PAYMENT,VND,2024-11-14T11:59:59Z,ACTIVE,BR-167,44383646,BANK-MBB-003
ACCT-001324,CUST-001108,CUSTOMER,PAYMENT,VND,2025-10-09T07:59:59Z,ACTIVE,BR-953,67817003,BANK-ACB-004
ACCT-001325,CUST-001109,CUSTOMER,PAYMENT,VND,2025-08-27T00:59:59Z,ACTIVE,BR-548,62397237,BANK-VPB-005
ACCT-001326,CUST-001110,CUSTOMER,PAYMENT,VND,2025-07-27T05:59:59Z,ACTIVE,BR-274,5663281,BANK-MBB-003
ACCT-001327,CUST-001111,CUSTOMER,SAVINGS,VND,2024-12-14T04:59:59Z,ACTIVE,BR-159,76291885,BANK-VCB-001
ACCT-001328,CUST-001112,CUSTOMER,PAYMENT,VND,2025-06-24T03:59:59Z,ACTIVE,BR-639,99959186,BANK-VCB-001
ACCT-001329,CUST-001113,CUSTOMER,SAVINGS,VND,2023-01-30T04:59:59Z,ACTIVE,BR-148,29024055,BANK-TCB-002
ACCT-001330,CUST-001114,CUSTOMER,PAYMENT,VND,2024-11-02T00:59:59Z,ACTIVE,BR-965,77831723,BANK-TCB-002
ACCT-001331,CUST-001115,CUSTOMER,SAVINGS,VND,2023-03-30T04:59:59Z,ACTIVE,BR-126,72782064,BANK-VPB-005
ACCT-001332,CUST-001116,CUSTOMER,SAVINGS,VND,2025-09-05T08:59:59Z,ACTIVE,BR-380,8305400,BANK-MBB-003
ACCT-001333,CUST-001117,CUSTOMER,SAVINGS,VND,2024-08-20T04:59:59Z,ACTIVE,BR-758,8989052,BANK-MBB-003
ACCT-001334,CUST-001118,CUSTOMER,PAYMENT,VND,2025-07-09T04:59:59Z,ACTIVE,BR-866,1961618,BANK-ACB-004
ACCT-001335,CUST-001119,CUSTOMER,SAVINGS,VND,2024-02-09T01:59:59Z,ACTIVE,BR-315,42959633,BANK-ACB-004
ACCT-001336,CUST-001120,CUSTOMER,SAVINGS,VND,2025-09-10T07:59:59Z,ACTIVE,BR-941,9876876,BANK-VPB-005
ACCT-001337,CUST-001121,CUSTOMER,PAYMENT,VND,2021-11-04T05:59:59Z,ACTIVE,BR-993,3275009,BANK-VPB-005
ACCT-001338,CUST-001122,CUSTOMER,PAYMENT,VND,2021-08-05T02:59:59Z,ACTIVE,BR-665,3721513,BANK-MBB-003
ACCT-001339,CUST-001123,CUSTOMER,SAVINGS,VND,2023-10-16T09:59:59Z,ACTIVE,BR-591,13000657,BANK-TCB-002
ACCT-001340,CUST-001124,CUSTOMER,PAYMENT,VND,2024-04-01T23:59:59Z,ACTIVE,BR-655,33794654,BANK-MBB-003
ACCT-001341,CUST-001124,CUSTOMER,SAVINGS,VND,2025-02-19T11:59:59Z,ACTIVE,BR-278,8151814,BANK-ACB-004
ACCT-001342,CUST-001125,CUSTOMER,PAYMENT,VND,2024-07-18T03:59:59Z,ACTIVE,BR-154,109324612,BANK-ACB-004
ACCT-001343,CUST-001126,CUSTOMER,PAYMENT,VND,2025-09-08T07:59:59Z,ACTIVE,BR-973,73116967,BANK-ACB-004
ACCT-001344,CUST-001126,CUSTOMER,PAYMENT,VND,2021-08-25T05:59:59Z,ACTIVE,BR-959,35165542,BANK-MBB-003
ACCT-001345,CUST-001127,CUSTOMER,SAVINGS,VND,2025-09-07T02:59:59Z,ACTIVE,BR-214,45858014,BANK-VPB-005
ACCT-001346,CUST-001128,CUSTOMER,PAYMENT,VND,2025-10-01T10:59:59Z,ACTIVE,BR-944,25297944,BANK-MBB-003
ACCT-001347,CUST-001129,CUSTOMER,PAYMENT,VND,2024-06-29T06:59:59Z,ACTIVE,BR-840,61467743,BANK-MBB-003
ACCT-001348,CUST-001130,CUSTOMER,PAYMENT,VND,2025-05-03T23:59:59Z,ACTIVE,BR-145,7157103,BANK-TCB-002
ACCT-001349,CUST-001131,CUSTOMER,PAYMENT,VND,2025-05-22T10:59:59Z,ACTIVE,BR-221,15916014,BANK-VPB-005
ACCT-001350,CUST-001132,CUSTOMER,PAYMENT,VND,2025-07-17T04:59:59Z,ACTIVE,BR-228,3431078,BANK-ACB-004
ACCT-001351,CUST-001133,CUSTOMER,PAYMENT,VND,2024-12-25T07:59:59Z,ACTIVE,BR-382,170131200,BANK-VPB-005
ACCT-001352,CUST-001134,CUSTOMER,SAVINGS,VND,2025-01-26T09:59:59Z,ACTIVE,BR-553,4718981,BANK-TCB-002
ACCT-001353,CUST-001135,CUSTOMER,PAYMENT,VND,2022-03-13T02:59:59Z,ACTIVE,BR-490,32472236,BANK-VPB-005
ACCT-001354,CUST-001136,CUSTOMER,PAYMENT,VND,2024-06-16T04:59:59Z,ACTIVE,BR-988,9751179,BANK-MBB-003
ACCT-001355,CUST-001137,CUSTOMER,SAVINGS,VND,2025-05-02T01:59:59Z,ACTIVE,BR-118,12618463,BANK-VPB-005
ACCT-001356,CUST-001138,CUSTOMER,PAYMENT,VND,2024-09-29T10:59:59Z,ACTIVE,BR-996,143126117,BANK-VPB-005
ACCT-001357,CUST-001139,CUSTOMER,PAYMENT,VND,2023-12-21T08:59:59Z,ACTIVE,BR-896,67002851,BANK-TCB-002
ACCT-001358,CUST-001140,CUSTOMER,PAYMENT,VND,2025-08-28T04:59:59Z,ACTIVE,BR-999,30349851,BANK-MBB-003
ACCT-001359,CUST-001141,CUSTOMER,PAYMENT,VND,2023-06-12T03:59:59Z,ACTIVE,BR-217,27446812,BANK-VCB-001
ACCT-001360,CUST-001142,CUSTOMER,PAYMENT,VND,2021-12-20T10:59:59Z,ACTIVE,BR-381,72973892,BANK-TCB-002
ACCT-001361,CUST-001142,CUSTOMER,SAVINGS,VND,2024-04-06T06:59:59Z,ACTIVE,BR-202,61527071,BANK-VCB-001
ACCT-001362,CUST-001143,CUSTOMER,PAYMENT,VND,2025-06-16T23:59:59Z,ACTIVE,BR-974,34583465,BANK-VCB-001
ACCT-001363,CUST-001144,CUSTOMER,PAYMENT,VND,2024-11-05T02:59:59Z,ACTIVE,BR-279,62769234,BANK-TCB-002
ACCT-001364,CUST-001144,CUSTOMER,PAYMENT,VND,2022-05-08T02:59:59Z,ACTIVE,BR-905,37355231,BANK-VPB-005
ACCT-001365,CUST-001145,CUSTOMER,PAYMENT,VND,2025-10-01T04:59:59Z,ACTIVE,BR-234,71345620,BANK-MBB-003
ACCT-001366,CUST-001146,CUSTOMER,SAVINGS,VND,2024-12-11T00:59:59Z,ACTIVE,BR-123,26281960,BANK-MBB-003
ACCT-001367,CUST-001147,CUSTOMER,PAYMENT,VND,2022-09-01T23:59:59Z,ACTIVE,BR-959,31484198,BANK-ACB-004
ACCT-001368,CUST-001148,CUSTOMER,PAYMENT,VND,2025-07-10T07:59:59Z,ACTIVE,BR-139,71194860,BANK-MBB-003
ACCT-001369,CUST-001149,CUSTOMER,PAYMENT,VND,2024-07-12T01:59:59Z,ACTIVE,BR-787,40885192,BANK-VCB-001
ACCT-001370,CUST-001150,CUSTOMER,SAVINGS,VND,2023-04-03T04:59:59Z,ACTIVE,BR-839,70534059,BANK-VPB-005
ACCT-001371,CUST-001151,CUSTOMER,PAYMENT,VND,2023-09-11T02:59:59Z,ACTIVE,BR-923,10105391,BANK-TCB-002
ACCT-001372,CUST-001152,CUSTOMER,PAYMENT,VND,2025-08-17T00:59:59Z,ACTIVE,BR-992,81572643,BANK-TCB-002
ACCT-001373,CUST-001153,CUSTOMER,PAYMENT,VND,2025-09-18T03:59:59Z,ACTIVE,BR-996,36209436,BANK-MBB-003
ACCT-001374,CUST-001154,CUSTOMER,PAYMENT,VND,2025-01-29T09:59:59Z,ACTIVE,BR-758,30086651,BANK-ACB-004
ACCT-001375,CUST-001155,CUSTOMER,SAVINGS,VND,2025-01-06T11:59:59Z,ACTIVE,BR-787,31673215,BANK-VPB-005
ACCT-001376,CUST-001156,CUSTOMER,PAYMENT,VND,2021-12-03T23:59:59Z,ACTIVE,BR-858,15806899,BANK-MBB-003
ACCT-001377,CUST-001157,CUSTOMER,PAYMENT,VND,2024-05-20T11:59:59Z,ACTIVE,BR-854,52647743,BANK-TCB-002
ACCT-001378,CUST-001158,CUSTOMER,PAYMENT,VND,2024-09-18T03:59:59Z,ACTIVE,BR-668,177370009,BANK-MBB-003
ACCT-001379,CUST-001158,CUSTOMER,SAVINGS,VND,2025-06-30T07:59:59Z,ACTIVE,BR-628,48385220,BANK-ACB-004
ACCT-001380,CUST-001159,CUSTOMER,PAYMENT,VND,2025-03-28T03:59:59Z,ACTIVE,BR-311,74168245,BANK-ACB-004
ACCT-001381,CUST-001159,CUSTOMER,SAVINGS,VND,2024-08-28T09:59:59Z,ACTIVE,BR-121,48327000,BANK-VPB-005
ACCT-001382,CUST-001160,CUSTOMER,PAYMENT,VND,2021-10-22T23:59:59Z,ACTIVE,BR-327,17263279,BANK-VCB-001
ACCT-001383,CUST-001161,CUSTOMER,PAYMENT,VND,2023-11-21T00:59:59Z,ACTIVE,BR-452,6672794,BANK-ACB-004
ACCT-001384,CUST-001162,CUSTOMER,PAYMENT,VND,2025-05-23T06:59:59Z,ACTIVE,BR-173,63645553,BANK-TCB-002
ACCT-001385,CUST-001163,CUSTOMER,PAYMENT,VND,2023-12-20T03:59:59Z,ACTIVE,BR-160,43645806,BANK-TCB-002
ACCT-001386,CUST-001164,CUSTOMER,SAVINGS,VND,2022-10-04T03:59:59Z,ACTIVE,BR-444,180241334,BANK-ACB-004
ACCT-001387,CUST-001165,CUSTOMER,PAYMENT,VND,2024-07-31T11:59:59Z,ACTIVE,BR-248,35762338,BANK-VPB-005
ACCT-001388,CUST-001166,CUSTOMER,PAYMENT,VND,2025-09-07T07:59:59Z,ACTIVE,BR-338,57901528,BANK-VCB-001
ACCT-001389,CUST-001167,CUSTOMER,PAYMENT,VND,2025-09-25T00:59:59Z,ACTIVE,BR-648,48901264,BANK-VPB-005
ACCT-001390,CUST-001168,CUSTOMER,PAYMENT,VND,2021-05-11T06:59:59Z,ACTIVE,BR-224,24263924,BANK-ACB-004
ACCT-001391,CUST-001169,CUSTOMER,PAYMENT,VND,2025-08-02T04:59:59Z,ACTIVE,BR-412,22125715,BANK-VPB-005
ACCT-001392,CUST-001170,CUSTOMER,PAYMENT,VND,2024-02-08T05:59:59Z,ACTIVE,BR-554,11099338,BANK-VPB-005
ACCT-001393,CUST-001170,CUSTOMER,PAYMENT,VND,2022-05-13T01:59:59Z,ACTIVE,BR-870,4239985,BANK-TCB-002
ACCT-001394,CUST-001171,CUSTOMER,PAYMENT,VND,2023-06-09T06:59:59Z,ACTIVE,BR-997,40109459,BANK-TCB-002
ACCT-001395,CUST-001172,CUSTOMER,PAYMENT,VND,2025-03-30T10:59:59Z,ACTIVE,BR-461,26471975,BANK-ACB-004
ACCT-001396,CUST-001173,CUSTOMER,PAYMENT,VND,2023-07-17T08:59:59Z,ACTIVE,BR-151,54218509,BANK-VPB-005
ACCT-001397,CUST-001173,CUSTOMER,PAYMENT,VND,2025-10-08T10:59:59Z,ACTIVE,BR-201,8909854,BANK-VPB-005
ACCT-001398,CUST-001174,CUSTOMER,PAYMENT,VND,2023-05-25T04:59:59Z,ACTIVE,BR-847,99740918,BANK-VPB-005
ACCT-001399,CUST-001174,CUSTOMER,PAYMENT,VND,2022-05-25T10:59:59Z,ACTIVE,BR-341,15470378,BANK-MBB-003
ACCT-001400,CUST-001175,CUSTOMER,PAYMENT,VND,2025-05-26T07:59:59Z,ACTIVE,BR-330,57198158,BANK-ACB-004
ACCT-001401,CUST-001176,CUSTOMER,PAYMENT,VND,2024-03-04T08:59:59Z,ACTIVE,BR-772,163870178,BANK-MBB-003
ACCT-001402,CUST-001177,CUSTOMER,SAVINGS,VND,2023-05-02T07:59:59Z,ACTIVE,BR-839,182161345,BANK-VCB-001
ACCT-001403,CUST-001178,CUSTOMER,SAVINGS,VND,2023-07-11T03:59:59Z,ACTIVE,BR-173,57551201,BANK-TCB-002
ACCT-001404,CUST-001179,CUSTOMER,PAYMENT,VND,2024-10-19T00:59:59Z,ACTIVE,BR-548,50123428,BANK-MBB-003
ACCT-001405,CUST-001180,CUSTOMER,PAYMENT,VND,2023-08-15T06:59:59Z,ACTIVE,BR-455,48165961,BANK-MBB-003
ACCT-001406,CUST-001181,CUSTOMER,PAYMENT,VND,2025-03-27T10:59:59Z,ACTIVE,BR-222,42029337,BANK-VPB-005
ACCT-001407,CUST-001182,CUSTOMER,PAYMENT,VND,2023-10-26T09:59:59Z,ACTIVE,BR-671,8123790,BANK-VCB-001
ACCT-001408,CUST-001182,CUSTOMER,PAYMENT,VND,2024-10-03T03:59:59Z,ACTIVE,BR-733,2916289,BANK-TCB-002
ACCT-001409,CUST-001183,CUSTOMER,PAYMENT,VND,2025-07-18T05:59:59Z,ACTIVE,BR-819,76464289,BANK-MBB-003
ACCT-001410,CUST-001183,CUSTOMER,PAYMENT,VND,2025-01-25T00:59:59Z,ACTIVE,BR-885,73786515,BANK-TCB-002
ACCT-001411,CUST-001184,CUSTOMER,PAYMENT,VND,2025-07-28T03:59:59Z,ACTIVE,BR-482,65749554,BANK-MBB-003
ACCT-001412,CUST-001185,CUSTOMER,PAYMENT,VND,2025-10-09T08:59:59Z,ACTIVE,BR-118,25154268,BANK-MBB-003
ACCT-001413,CUST-001186,CUSTOMER,PAYMENT,VND,2023-11-26T02:59:59Z,ACTIVE,BR-525,95560097,BANK-TCB-002
ACCT-001414,CUST-001187,CUSTOMER,PAYMENT,VND,2025-04-06T02:59:59Z,ACTIVE,BR-214,35950683,BANK-ACB-004
ACCT-001415,CUST-001188,CUSTOMER,PAYMENT,VND,2023-12-02T05:59:59Z,ACTIVE,BR-764,143961912,BANK-VCB-001
ACCT-001416,CUST-001189,CUSTOMER,PAYMENT,VND,2025-02-24T07:59:59Z,ACTIVE,BR-275,5782896,BANK-MBB-003
ACCT-001417,CUST-001190,CUSTOMER,SAVINGS,VND,2025-09-29T07:59:59Z,ACTIVE,BR-252,57686778,BANK-TCB-002
ACCT-001418,CUST-001191,CUSTOMER,PAYMENT,VND,2023-03-09T01:59:59Z,ACTIVE,BR-388,47922557,BANK-ACB-004
ACCT-001419,CUST-001192,CUSTOMER,PAYMENT,VND,2024-02-18T03:59:59Z,ACTIVE,BR-602,56124629,BANK-ACB-004
ACCT-001420,CUST-001193,CUSTOMER,PAYMENT,VND,2025-09-30T01:59:59Z,ACTIVE,BR-353,14323112,BANK-VPB-005
ACCT-001421,CUST-001194,CUSTOMER,PAYMENT,VND,2024-06-26T07:59:59Z,ACTIVE,BR-732,42492737,BANK-VCB-001
ACCT-001422,CUST-001195,CUSTOMER,PAYMENT,VND,2025-08-29T08:59:59Z,ACTIVE,BR-586,57499010,BANK-MBB-003
ACCT-001423,CUST-001196,CUSTOMER,PAYMENT,VND,2024-07-05T02:59:59Z,ACTIVE,BR-267,50092418,BANK-ACB-004
ACCT-001424,CUST-001197,CUSTOMER,PAYMENT,VND,2024-09-24T04:59:59Z,ACTIVE,BR-236,97617919,BANK-ACB-004
ACCT-001425,CUST-001198,CUSTOMER,SAVINGS,VND,2025-04-16T00:59:59Z,ACTIVE,BR-947,77287628,BANK-VPB-005
ACCT-001426,CUST-001199,CUSTOMER,PAYMENT,VND,2023-09-27T05:59:59Z,ACTIVE,BR-313,13256068,BANK-VCB-001
ACCT-001427,CUST-001200,CUSTOMER,PAYMENT,VND,2024-11-13T00:59:59Z,ACTIVE,BR-290,63958287,BANK-TCB-002
ACCT-001428,CUST-001201,CUSTOMER,PAYMENT,VND,2021-09-17T10:59:59Z,ACTIVE,BR-457,64416869,BANK-ACB-004
ACCT-001429,CUST-001202,CUSTOMER,PAYMENT,VND,2022-01-28T03:59:59Z,ACTIVE,BR-124,69309567,BANK-TCB-002
ACCT-001430,CUST-001203,CUSTOMER,SAVINGS,VND,2024-04-02T02:59:59Z,ACTIVE,BR-702,7922596,BANK-ACB-004
ACCT-001431,CUST-001204,CUSTOMER,PAYMENT,VND,2024-09-05T08:59:59Z,ACTIVE,BR-571,63410842,BANK-TCB-002
ACCT-001432,CUST-001205,CUSTOMER,PAYMENT,VND,2025-01-28T02:59:59Z,ACTIVE,BR-326,11711464,BANK-ACB-004
ACCT-001433,CUST-001205,CUSTOMER,PAYMENT,VND,2025-08-13T08:59:59Z,ACTIVE,BR-825,28206922,BANK-TCB-002
ACCT-001434,CUST-001206,CUSTOMER,SAVINGS,VND,2023-03-21T09:59:59Z,ACTIVE,BR-996,77565912,BANK-VPB-005
ACCT-001435,CUST-001206,CUSTOMER,SAVINGS,VND,2024-10-23T06:59:59Z,ACTIVE,BR-984,92163475,BANK-MBB-003
ACCT-001436,CUST-001207,CUSTOMER,PAYMENT,VND,2023-10-13T02:59:59Z,ACTIVE,BR-615,14966124,BANK-VCB-001
ACCT-001437,CUST-001208,CUSTOMER,PAYMENT,VND,2023-06-30T10:59:59Z,ACTIVE,BR-638,6927196,BANK-VPB-005
ACCT-001438,CUST-001209,CUSTOMER,PAYMENT,VND,2025-02-03T04:59:59Z,ACTIVE,BR-461,2465397,BANK-VCB-001
ACCT-001439,CUST-001210,CUSTOMER,PAYMENT,VND,2025-05-17T11:59:59Z,ACTIVE,BR-406,67043711,BANK-TCB-002
ACCT-001440,CUST-001211,CUSTOMER,PAYMENT,VND,2024-03-09T07:59:59Z,ACTIVE,BR-735,3267483,BANK-VCB-001
ACCT-001441,CUST-001212,CUSTOMER,SAVINGS,VND,2023-11-18T06:59:59Z,ACTIVE,BR-339,26970673,BANK-VPB-005
ACCT-001442,CUST-001213,CUSTOMER,SAVINGS,VND,2023-10-01T11:59:59Z,ACTIVE,BR-975,18311108,BANK-ACB-004
ACCT-001443,CUST-001214,CUSTOMER,PAYMENT,VND,2025-07-05T10:59:59Z,ACTIVE,BR-555,10445637,BANK-VPB-005
ACCT-001444,CUST-001215,CUSTOMER,PAYMENT,VND,2025-09-06T08:59:59Z,ACTIVE,BR-762,54443258,BANK-TCB-002
ACCT-001445,CUST-001216,CUSTOMER,PAYMENT,VND,2025-05-03T10:59:59Z,ACTIVE,BR-336,65791870,BANK-ACB-004
ACCT-001446,CUST-001217,CUSTOMER,SAVINGS,VND,2023-02-06T02:59:59Z,ACTIVE,BR-344,22191357,BANK-ACB-004
ACCT-001447,CUST-001218,CUSTOMER,SAVINGS,VND,2023-01-15T11:59:59Z,ACTIVE,BR-111,53485572,BANK-MBB-003
ACCT-001448,CUST-001219,CUSTOMER,PAYMENT,VND,2025-08-01T07:59:59Z,ACTIVE,BR-336,31272937,BANK-VPB-005
ACCT-001449,CUST-001220,CUSTOMER,PAYMENT,VND,2024-08-14T23:59:59Z,ACTIVE,BR-252,133330483,BANK-MBB-003
ACCT-001450,CUST-001221,CUSTOMER,PAYMENT,VND,2024-12-03T01:59:59Z,ACTIVE,BR-711,11273673,BANK-ACB-004
ACCT-001451,CUST-001221,CUSTOMER,SAVINGS,VND,2024-02-03T06:59:59Z,ACTIVE,BR-843,10242827,BANK-VPB-005
ACCT-001452,CUST-001222,CUSTOMER,PAYMENT,VND,2025-05-05T09:59:59Z,ACTIVE,BR-482,148644071,BANK-TCB-002
ACCT-001453,CUST-001223,CUSTOMER,PAYMENT,VND,2022-04-11T05:59:59Z,ACTIVE,BR-665,1173337,BANK-TCB-002
ACCT-001454,CUST-001224,CUSTOMER,PAYMENT,VND,2024-12-05T07:59:59Z,ACTIVE,BR-795,55867502,BANK-TCB-002
ACCT-001455,CUST-001225,CUSTOMER,PAYMENT,VND,2024-11-09T05:59:59Z,ACTIVE,BR-433,96489385,BANK-ACB-004
ACCT-001456,CUST-001225,CUSTOMER,PAYMENT,VND,2024-09-12T07:59:59Z,ACTIVE,BR-969,57926763,BANK-TCB-002
ACCT-001457,CUST-001226,CUSTOMER,SAVINGS,VND,2024-07-23T04:59:59Z,ACTIVE,BR-323,12043292,BANK-MBB-003
ACCT-001458,CUST-001227,CUSTOMER,PAYMENT,VND,2023-04-02T02:59:59Z,ACTIVE,BR-302,163246321,BANK-TCB-002
ACCT-001459,CUST-001228,CUSTOMER,PAYMENT,VND,2025-09-08T10:59:59Z,ACTIVE,BR-691,8394747,BANK-VPB-005
ACCT-001460,CUST-001229,CUSTOMER,PAYMENT,VND,2024-08-17T11:59:59Z,ACTIVE,BR-566,170736424,BANK-VCB-001
ACCT-001461,CUST-001230,CUSTOMER,PAYMENT,VND,2024-01-05T08:59:59Z,ACTIVE,BR-403,65100809,BANK-ACB-004
ACCT-001462,CUST-001230,CUSTOMER,PAYMENT,VND,2023-11-20T04:59:59Z,ACTIVE,BR-795,40146796,BANK-VCB-001
ACCT-001463,CUST-001231,CUSTOMER,SAVINGS,VND,2025-06-08T09:59:59Z,ACTIVE,BR-839,64339624,BANK-VCB-001
ACCT-001464,CUST-001232,CUSTOMER,PAYMENT,VND,2025-06-16T03:59:59Z,ACTIVE,BR-236,11452897,BANK-VPB-005
ACCT-001465,CUST-001233,CUSTOMER,PAYMENT,VND,2025-05-15T10:59:59Z,ACTIVE,BR-522,22015331,BANK-VPB-005
ACCT-001466,CUST-001234,CUSTOMER,PAYMENT,VND,2023-12-16T06:59:59Z,ACTIVE,BR-818,84093279,BANK-VCB-001
ACCT-001467,CUST-001235,CUSTOMER,PAYMENT,VND,2025-08-24T23:59:59Z,ACTIVE,BR-843,98943929,BANK-VCB-001
ACCT-001468,CUST-001236,CUSTOMER,SAVINGS,VND,2024-05-24T00:59:59Z,ACTIVE,BR-511,68218068,BANK-ACB-004
ACCT-001469,CUST-001237,CUSTOMER,PAYMENT,VND,2024-02-15T23:59:59Z,ACTIVE,BR-125,52990607,BANK-VCB-001
ACCT-001470,CUST-001238,CUSTOMER,PAYMENT,VND,2024-11-18T10:59:59Z,ACTIVE,BR-322,46333111,BANK-TCB-002
ACCT-001471,CUST-001239,CUSTOMER,PAYMENT,VND,2022-04-05T02:59:59Z,ACTIVE,BR-130,29250074,BANK-TCB-002
ACCT-001472,CUST-001240,CUSTOMER,SAVINGS,VND,2023-08-17T01:59:59Z,ACTIVE,BR-290,50122143,BANK-ACB-004
ACCT-001473,CUST-001241,CUSTOMER,PAYMENT,VND,2021-07-12T01:59:59Z,ACTIVE,BR-469,8112261,BANK-TCB-002
ACCT-001474,CUST-001242,CUSTOMER,PAYMENT,VND,2022-06-27T08:59:59Z,ACTIVE,BR-682,1837494,BANK-TCB-002
ACCT-001475,CUST-001243,CUSTOMER,PAYMENT,VND,2022-07-19T03:59:59Z,ACTIVE,BR-199,49203617,BANK-MBB-003
ACCT-001476,CUST-001244,CUSTOMER,PAYMENT,VND,2024-03-03T04:59:59Z,ACTIVE,BR-410,34567095,BANK-ACB-004
ACCT-001477,CUST-001245,CUSTOMER,PAYMENT,VND,2025-09-25T04:59:59Z,ACTIVE,BR-517,83455596,BANK-TCB-002
ACCT-001478,CUST-001245,CUSTOMER,SAVINGS,VND,2025-09-18T08:59:59Z,ACTIVE,BR-256,52759664,BANK-ACB-004
ACCT-001479,CUST-001246,CUSTOMER,PAYMENT,VND,2021-07-01T10:59:59Z,ACTIVE,BR-393,28715699,BANK-VCB-001
ACCT-001480,CUST-001247,CUSTOMER,PAYMENT,VND,2021-05-25T05:59:59Z,ACTIVE,BR-622,34719945,BANK-TCB-002
ACCT-001481,CUST-001248,CUSTOMER,PAYMENT,VND,2023-03-28T07:59:59Z,ACTIVE,BR-140,43928050,BANK-ACB-004
ACCT-001482,CUST-001249,CUSTOMER,PAYMENT,VND,2025-07-02T23:59:59Z,ACTIVE,BR-665,78439659,BANK-VCB-001
ACCT-001483,CUST-001250,CUSTOMER,SAVINGS,VND,2025-07-23T11:59:59Z,ACTIVE,BR-364,12591420,BANK-VCB-001
ACCT-001484,CUST-001251,CUSTOMER,PAYMENT,VND,2022-11-08T06:59:59Z,ACTIVE,BR-775,19031288,BANK-TCB-002
ACCT-001485,CUST-001252,CUSTOMER,SAVINGS,VND,2025-02-11T07:59:59Z,ACTIVE,BR-827,12243018,BANK-ACB-004
ACCT-001486,CUST-001253,CUSTOMER,PAYMENT,VND,2024-06-12T06:59:59Z,ACTIVE,BR-293,77332351,BANK-VCB-001
ACCT-001487,CUST-001254,CUSTOMER,SAVINGS,VND,2023-02-21T09:59:59Z,ACTIVE,BR-906,139908152,BANK-VPB-005
ACCT-001488,CUST-001254,CUSTOMER,PAYMENT,VND,2023-06-01T09:59:59Z,ACTIVE,BR-177,144102670,BANK-MBB-003
ACCT-001489,CUST-001255,CUSTOMER,PAYMENT,VND,2025-07-28T10:59:59Z,ACTIVE,BR-317,86687002,BANK-MBB-003
ACCT-001490,CUST-001256,CUSTOMER,SAVINGS,VND,2024-11-03T01:59:59Z,ACTIVE,BR-335,65602795,BANK-VCB-001
ACCT-001491,CUST-001257,CUSTOMER,SAVINGS,VND,2025-08-27T10:59:59Z,ACTIVE,BR-337,8781598,BANK-TCB-002
ACCT-001492,CUST-001258,CUSTOMER,PAYMENT,VND,2020-09-11T23:59:59Z,ACTIVE,BR-783,17133336,BANK-MBB-003
ACCT-001493,CUST-001259,CUSTOMER,PAYMENT,VND,2025-04-13T01:59:59Z,ACTIVE,BR-419,61081471,BANK-VPB-005
ACCT-001494,CUST-001260,CUSTOMER,PAYMENT,VND,2023-06-27T11:59:59Z,ACTIVE,BR-310,40437069,BANK-TCB-002
ACCT-001495,CUST-001261,CUSTOMER,SAVINGS,VND,2021-04-06T23:59:59Z,ACTIVE,BR-496,96487069,BANK-VPB-005
ACCT-001496,CUST-001262,CUSTOMER,PAYMENT,VND,2024-06-12T01:59:59Z,ACTIVE,BR-365,30497877,BANK-TCB-002
ACCT-001497,CUST-001263,CUSTOMER,PAYMENT,VND,2025-09-17T00:59:59Z,ACTIVE,BR-195,45046269,BANK-TCB-002
ACCT-001498,CUST-001263,CUSTOMER,PAYMENT,VND,2025-01-15T06:59:59Z,ACTIVE,BR-422,58254814,BANK-ACB-004
ACCT-001499,CUST-001264,CUSTOMER,PAYMENT,VND,2025-06-29T06:59:59Z,ACTIVE,BR-825,47507070,BANK-VCB-001
ACCT-001500,CUST-001265,CUSTOMER,SAVINGS,VND,2023-03-02T04:59:59Z,ACTIVE,BR-294,12392726,BANK-ACB-004
ACCT-001501,CUST-001266,CUSTOMER,PAYMENT,VND,2024-09-22T03:59:59Z,ACTIVE,BR-569,20542818,BANK-VPB-005
ACCT-001502,CUST-001267,CUSTOMER,SAVINGS,VND,2021-02-26T03:59:59Z,ACTIVE,BR-216,14094669,BANK-ACB-004
ACCT-001503,CUST-001268,CUSTOMER,PAYMENT,VND,2024-10-09T02:59:59Z,ACTIVE,BR-824,98575657,BANK-TCB-002
ACCT-001504,CUST-001268,CUSTOMER,SAVINGS,VND,2025-10-13T04:59:59Z,ACTIVE,BR-226,72888853,BANK-MBB-003
ACCT-001505,CUST-001269,CUSTOMER,PAYMENT,VND,2024-07-19T01:59:59Z,ACTIVE,BR-500,41375987,BANK-VCB-001
ACCT-001506,CUST-001270,CUSTOMER,PAYMENT,VND,2025-08-12T11:59:59Z,ACTIVE,BR-892,41389482,BANK-TCB-002
ACCT-001507,CUST-001271,CUSTOMER,PAYMENT,VND,2024-09-07T10:59:59Z,ACTIVE,BR-923,92656827,BANK-VCB-001
ACCT-001508,CUST-001272,CUSTOMER,SAVINGS,VND,2023-09-02T23:59:59Z,ACTIVE,BR-234,77017392,BANK-VPB-005
ACCT-001509,CUST-001272,CUSTOMER,PAYMENT,VND,2024-09-14T02:59:59Z,ACTIVE,BR-177,23355172,BANK-TCB-002
ACCT-001510,CUST-001273,CUSTOMER,PAYMENT,VND,2025-07-13T02:59:59Z,ACTIVE,BR-359,65363965,BANK-VCB-001
ACCT-001511,CUST-001274,CUSTOMER,PAYMENT,VND,2025-04-10T10:59:59Z,ACTIVE,BR-519,90013752,BANK-VPB-005
ACCT-001512,CUST-001275,CUSTOMER,PAYMENT,VND,2025-08-23T01:59:59Z,ACTIVE,BR-520,29018969,BANK-VCB-001
ACCT-001513,CUST-001275,CUSTOMER,SAVINGS,VND,2025-08-03T02:59:59Z,ACTIVE,BR-241,47960011,BANK-VCB-001
ACCT-001514,CUST-001276,CUSTOMER,SAVINGS,VND,2024-09-21T04:59:59Z,ACTIVE,BR-649,64273622,BANK-TCB-002
ACCT-001515,CUST-001277,CUSTOMER,PAYMENT,VND,2023-04-28T07:59:59Z,ACTIVE,BR-222,10976501,BANK-TCB-002
ACCT-001516,CUST-001278,CUSTOMER,SAVINGS,VND,2022-02-23T09:59:59Z,ACTIVE,BR-535,66464334,BANK-VPB-005
ACCT-001517,CUST-001279,CUSTOMER,SAVINGS,VND,2023-07-15T07:59:59Z,ACTIVE,BR-836,61264614,BANK-MBB-003
ACCT-001518,CUST-001280,CUSTOMER,PAYMENT,VND,2024-04-09T01:59:59Z,ACTIVE,BR-720,12429231,BANK-ACB-004
ACCT-001519,CUST-001281,CUSTOMER,SAVINGS,VND,2023-05-15T04:59:59Z,ACTIVE,BR-207,26197371,BANK-VCB-001
ACCT-001520,CUST-001281,CUSTOMER,PAYMENT,VND,2024-10-05T11:59:59Z,ACTIVE,BR-977,15614454,BANK-ACB-004
ACCT-001521,CUST-001282,CUSTOMER,PAYMENT,VND,2023-07-17T04:59:59Z,ACTIVE,BR-834,55430390,BANK-ACB-004
ACCT-001522,CUST-001283,CUSTOMER,PAYMENT,VND,2024-03-18T08:59:59Z,ACTIVE,BR-374,2254121,BANK-TCB-002
ACCT-001523,CUST-001283,CUSTOMER,PAYMENT,VND,2023-01-19T08:59:59Z,ACTIVE,BR-168,9499279,BANK-VPB-005
ACCT-001524,CUST-001284,CUSTOMER,PAYMENT,VND,2022-11-03T03:59:59Z,ACTIVE,BR-744,67022612,BANK-VPB-005
ACCT-001525,CUST-001285,CUSTOMER,PAYMENT,VND,2023-10-19T01:59:59Z,ACTIVE,BR-427,10901907,BANK-ACB-004
ACCT-001526,CUST-001286,CUSTOMER,SAVINGS,VND,2022-07-05T03:59:59Z,ACTIVE,BR-431,10781516,BANK-VPB-005
ACCT-001527,CUST-001287,CUSTOMER,SAVINGS,VND,2024-05-12T07:59:59Z,ACTIVE,BR-496,74023743,BANK-VCB-001
ACCT-001528,CUST-001288,CUSTOMER,PAYMENT,VND,2022-04-26T02:59:59Z,ACTIVE,BR-627,78639265,BANK-ACB-004
ACCT-001529,CUST-001289,CUSTOMER,PAYMENT,VND,2025-10-04T08:59:59Z,ACTIVE,BR-885,78110964,BANK-MBB-003
ACCT-001530,CUST-001290,CUSTOMER,PAYMENT,VND,2022-10-09T05:59:59Z,ACTIVE,BR-874,57098698,BANK-VPB-005
ACCT-001531,CUST-001291,CUSTOMER,PAYMENT,VND,2024-09-27T08:59:59Z,ACTIVE,BR-207,6294448,BANK-TCB-002
ACCT-001532,CUST-001292,CUSTOMER,PAYMENT,VND,2025-03-06T08:59:59Z,ACTIVE,BR-914,60284940,BANK-VCB-001
ACCT-001533,CUST-001293,CUSTOMER,PAYMENT,VND,2025-09-18T06:59:59Z,ACTIVE,BR-192,76557346,BANK-VPB-005
ACCT-001534,CUST-001294,CUSTOMER,SAVINGS,VND,2025-03-25T01:59:59Z,ACTIVE,BR-307,34582933,BANK-TCB-002
ACCT-001535,CUST-001295,CUSTOMER,PAYMENT,VND,2024-08-04T06:59:59Z,ACTIVE,BR-605,47873541,BANK-VPB-005
ACCT-001536,CUST-001296,CUSTOMER,PAYMENT,VND,2025-02-15T02:59:59Z,ACTIVE,BR-958,18573040,BANK-TCB-002
ACCT-001537,CUST-001297,CUSTOMER,PAYMENT,VND,2024-04-28T09:59:59Z,ACTIVE,BR-482,4264064,BANK-TCB-002
ACCT-001538,CUST-001298,CUSTOMER,PAYMENT,VND,2021-12-24T01:59:59Z,ACTIVE,BR-621,149603598,BANK-VPB-005
ACCT-001539,CUST-001299,CUSTOMER,SAVINGS,VND,2024-11-29T09:59:59Z,ACTIVE,BR-876,7332381,BANK-MBB-003
ACCT-001540,CUST-001299,CUSTOMER,PAYMENT,VND,2021-07-23T06:59:59Z,ACTIVE,BR-231,23405649,BANK-VCB-001
ACCT-001541,CUST-001300,CUSTOMER,PAYMENT,VND,2025-06-29T00:59:59Z,ACTIVE,BR-767,48762094,BANK-MBB-003
ACCT-001542,CUST-001301,CUSTOMER,SAVINGS,VND,2025-02-14T07:59:59Z,ACTIVE,BR-793,7064402,BANK-TCB-002
ACCT-001543,CUST-001302,CUSTOMER,PAYMENT,VND,2022-07-28T10:59:59Z,ACTIVE,BR-498,94092875,BANK-VCB-001
ACCT-001544,CUST-001303,CUSTOMER,PAYMENT,VND,2024-06-11T23:59:59Z,ACTIVE,BR-596,76250246,BANK-ACB-004
ACCT-001545,CUST-001304,CUSTOMER,PAYMENT,VND,2025-07-07T02:59:59Z,ACTIVE,BR-822,49943636,BANK-VCB-001
ACCT-001546,CUST-001305,CUSTOMER,PAYMENT,VND,2023-09-08T23:59:59Z,ACTIVE,BR-158,69225181,BANK-TCB-002
ACCT-001547,CUST-001306,CUSTOMER,PAYMENT,VND,2023-09-15T09:59:59Z,ACTIVE,BR-390,45044553,BANK-VCB-001
ACCT-001548,CUST-001307,CUSTOMER,PAYMENT,VND,2021-07-31T00:59:59Z,ACTIVE,BR-450,64721691,BANK-VPB-005
ACCT-001549,CUST-001308,CUSTOMER,SAVINGS,VND,2024-06-02T09:59:59Z,ACTIVE,BR-304,32546556,BANK-MBB-003
ACCT-001550,CUST-001309,CUSTOMER,PAYMENT,VND,2023-01-01T04:59:59Z,ACTIVE,BR-260,7380619,BANK-VCB-001
ACCT-001551,CUST-001310,CUSTOMER,PAYMENT,VND,2024-04-13T02:59:59Z,ACTIVE,BR-545,24402848,BANK-VPB-005
ACCT-001552,CUST-001311,CUSTOMER,PAYMENT,VND,2025-01-16T05:59:59Z,ACTIVE,BR-400,6292090,BANK-ACB-004
ACCT-001553,CUST-001312,CUSTOMER,SAVINGS,VND,2024-06-12T11:59:59Z,ACTIVE,BR-491,189976798,BANK-TCB-002
ACCT-001554,CUST-001313,CUSTOMER,PAYMENT,VND,2025-08-02T01:59:59Z,ACTIVE,BR-861,40880157,BANK-VPB-005
ACCT-001555,CUST-001313,CUSTOMER,PAYMENT,VND,2024-11-13T04:59:59Z,ACTIVE,BR-775,81159793,BANK-VPB-005
ACCT-001556,CUST-001314,CUSTOMER,PAYMENT,VND,2025-01-04T10:59:59Z,ACTIVE,BR-874,18920159,BANK-VCB-001
ACCT-001557,CUST-001315,CUSTOMER,PAYMENT,VND,2024-08-09T07:59:59Z,ACTIVE,BR-587,10629542,BANK-TCB-002
ACCT-001558,CUST-001316,CUSTOMER,PAYMENT,VND,2024-11-14T08:59:59Z,ACTIVE,BR-651,57335802,BANK-ACB-004
ACCT-001559,CUST-001317,CUSTOMER,SAVINGS,VND,2022-10-03T03:59:59Z,ACTIVE,BR-261,57092147,BANK-MBB-003
ACCT-001560,CUST-001318,CUSTOMER,SAVINGS,VND,2024-01-03T07:59:59Z,ACTIVE,BR-343,12813785,BANK-TCB-002
ACCT-001561,CUST-001318,CUSTOMER,PAYMENT,VND,2024-09-01T09:59:59Z,ACTIVE,BR-542,7393913,BANK-VPB-005
ACCT-001562,CUST-001319,CUSTOMER,PAYMENT,VND,2025-07-14T10:59:59Z,ACTIVE,BR-318,65103043,BANK-ACB-004
ACCT-001563,CUST-001320,CUSTOMER,PAYMENT,VND,2025-05-17T06:59:59Z,ACTIVE,BR-718,82373824,BANK-TCB-002
ACCT-001564,CUST-001320,CUSTOMER,PAYMENT,VND,2025-02-23T02:59:59Z,ACTIVE,BR-502,44040438,BANK-VCB-001
ACCT-001565,CUST-001321,CUSTOMER,PAYMENT,VND,2020-10-18T07:59:59Z,ACTIVE,BR-120,43733369,BANK-ACB-004
ACCT-001566,CUST-001322,CUSTOMER,SAVINGS,VND,2024-10-30T01:59:59Z,ACTIVE,BR-127,38861977,BANK-MBB-003
ACCT-001567,CUST-001323,CUSTOMER,PAYMENT,VND,2024-10-25T08:59:59Z,ACTIVE,BR-491,9288625,BANK-TCB-002
ACCT-001568,CUST-001323,CUSTOMER,PAYMENT,VND,2024-12-11T10:59:59Z,ACTIVE,BR-327,3850396,BANK-MBB-003
ACCT-001569,CUST-001324,CUSTOMER,SAVINGS,VND,2025-05-07T09:59:59Z,ACTIVE,BR-673,51914446,BANK-MBB-003
ACCT-001570,CUST-001325,CUSTOMER,SAVINGS,VND,2024-06-06T04:59:59Z,ACTIVE,BR-713,27713159,BANK-VCB-001
ACCT-001571,CUST-001326,CUSTOMER,PAYMENT,VND,2025-02-20T05:59:59Z,ACTIVE,BR-404,44870806,BANK-VCB-001
ACCT-001572,CUST-001326,CUSTOMER,PAYMENT,VND,2023-01-31T03:59:59Z,ACTIVE,BR-484,60900846,BANK-MBB-003
ACCT-001573,CUST-001327,CUSTOMER,PAYMENT,VND,2023-03-23T05:59:59Z,ACTIVE,BR-362,58034012,BANK-VCB-001
ACCT-001574,CUST-001328,CUSTOMER,SAVINGS,VND,2022-10-15T23:59:59Z,ACTIVE,BR-264,8633223,BANK-ACB-004
ACCT-001575,CUST-001329,CUSTOMER,SAVINGS,VND,2025-03-04T05:59:59Z,ACTIVE,BR-893,6371730,BANK-MBB-003
ACCT-001576,CUST-001330,CUSTOMER,PAYMENT,VND,2021-06-26T02:59:59Z,ACTIVE,BR-314,69513379,BANK-VPB-005
ACCT-001577,CUST-001331,CUSTOMER,PAYMENT,VND,2025-08-14T05:59:59Z,ACTIVE,BR-583,35099789,BANK-ACB-004
ACCT-001578,CUST-001332,CUSTOMER,SAVINGS,VND,2022-07-20T03:59:59Z,ACTIVE,BR-272,26654859,BANK-MBB-003
ACCT-001579,CUST-001333,CUSTOMER,PAYMENT,VND,2024-05-30T11:59:59Z,ACTIVE,BR-783,3455533,BANK-VPB-005
ACCT-001580,CUST-001334,CUSTOMER,SAVINGS,VND,2024-07-27T11:59:59Z,ACTIVE,BR-872,19224488,BANK-TCB-002
ACCT-001581,CUST-001335,CUSTOMER,SAVINGS,VND,2024-08-28T05:59:59Z,ACTIVE,BR-954,52805496,BANK-MBB-003
ACCT-001582,CUST-001336,CUSTOMER,PAYMENT,VND,2023-11-19T07:59:59Z,ACTIVE,BR-175,43462628,BANK-VPB-005
ACCT-001583,CUST-001337,CUSTOMER,PAYMENT,VND,2025-10-09T23:59:59Z,ACTIVE,BR-281,158022700,BANK-VCB-001
ACCT-001584,CUST-001338,CUSTOMER,SAVINGS,VND,2023-03-23T05:59:59Z,ACTIVE,BR-137,4434498,BANK-MBB-003
ACCT-001585,CUST-001339,CUSTOMER,PAYMENT,VND,2025-09-04T02:59:59Z,ACTIVE,BR-615,72955480,BANK-ACB-004
ACCT-001586,CUST-001340,CUSTOMER,PAYMENT,VND,2025-04-18T00:59:59Z,ACTIVE,BR-571,52873491,BANK-MBB-003
ACCT-001587,CUST-001340,CUSTOMER,SAVINGS,VND,2025-02-09T04:59:59Z,ACTIVE,BR-744,175267224,BANK-TCB-002
ACCT-001588,CUST-001341,CUSTOMER,SAVINGS,VND,2025-07-26T10:59:59Z,ACTIVE,BR-424,9483616,BANK-ACB-004
ACCT-001589,CUST-001341,CUSTOMER,PAYMENT,VND,2023-12-15T23:59:59Z,ACTIVE,BR-910,2359697,BANK-MBB-003
ACCT-001590,CUST-001342,CUSTOMER,PAYMENT,VND,2021-01-08T07:59:59Z,ACTIVE,BR-531,139788666,BANK-VPB-005
ACCT-001591,CUST-001343,CUSTOMER,SAVINGS,VND,2025-05-21T06:59:59Z,ACTIVE,BR-530,4040697,BANK-VCB-001
ACCT-001592,CUST-001344,CUSTOMER,SAVINGS,VND,2024-10-05T01:59:59Z,ACTIVE,BR-297,23261062,BANK-TCB-002
ACCT-001593,CUST-001345,CUSTOMER,PAYMENT,VND,2025-10-10T23:59:59Z,ACTIVE,BR-173,37764445,BANK-VPB-005
ACCT-001594,CUST-001346,CUSTOMER,PAYMENT,VND,2025-06-13T07:59:59Z,ACTIVE,BR-306,54958297,BANK-TCB-002
ACCT-001595,CUST-001347,CUSTOMER,PAYMENT,VND,2023-04-16T04:59:59Z,ACTIVE,BR-702,14108928,BANK-TCB-002
ACCT-001596,CUST-001348,CUSTOMER,PAYMENT,VND,2023-10-03T04:59:59Z,ACTIVE,BR-824,60780035,BANK-TCB-002
ACCT-001597,CUST-001349,CUSTOMER,PAYMENT,VND,2025-07-10T04:59:59Z,ACTIVE,BR-970,22891705,BANK-MBB-003
ACCT-001598,CUST-001349,CUSTOMER,SAVINGS,VND,2023-09-12T04:59:59Z,ACTIVE,BR-758,15885192,BANK-ACB-004
ACCT-001599,CUST-001350,CUSTOMER,PAYMENT,VND,2024-12-31T11:59:59Z,ACTIVE,BR-625,53116703,BANK-VPB-005
ACCT-001600,CUST-001350,CUSTOMER,PAYMENT,VND,2024-08-19T08:59:59Z,ACTIVE,BR-693,38035612,BANK-TCB-002
ACCT-001601,CUST-001351,CUSTOMER,PAYMENT,VND,2025-08-26T00:59:59Z,ACTIVE,BR-352,75670309,BANK-VPB-005
ACCT-001602,CUST-001351,CUSTOMER,PAYMENT,VND,2025-04-16T06:59:59Z,ACTIVE,BR-521,19862391,BANK-VCB-001
ACCT-001603,CUST-001352,CUSTOMER,PAYMENT,VND,2025-08-30T10:59:59Z,ACTIVE,BR-937,10816223,BANK-TCB-002
ACCT-001604,CUST-001353,CUSTOMER,SAVINGS,VND,2023-11-20T07:59:59Z,ACTIVE,BR-729,35155933,BANK-MBB-003
ACCT-001605,CUST-001354,CUSTOMER,SAVINGS,VND,2024-12-01T04:59:59Z,ACTIVE,BR-777,186393869,BANK-VPB-005
ACCT-001606,CUST-001355,CUSTOMER,PAYMENT,VND,2024-11-09T07:59:59Z,ACTIVE,BR-791,54102212,BANK-MBB-003
ACCT-001607,CUST-001356,CUSTOMER,SAVINGS,VND,2024-10-27T05:59:59Z,ACTIVE,BR-347,12253422,BANK-MBB-003
ACCT-001608,CUST-001357,CUSTOMER,PAYMENT,VND,2023-12-08T05:59:59Z,ACTIVE,BR-391,181620191,BANK-MBB-003
ACCT-001609,CUST-001358,CUSTOMER,PAYMENT,VND,2025-05-28T06:59:59Z,ACTIVE,BR-338,35696786,BANK-VCB-001
ACCT-001610,CUST-001359,CUSTOMER,SAVINGS,VND,2021-06-11T05:59:59Z,ACTIVE,BR-865,67501512,BANK-VPB-005
ACCT-001611,CUST-001360,CUSTOMER,SAVINGS,VND,2025-10-09T04:59:59Z,ACTIVE,BR-211,7785413,BANK-VCB-001
ACCT-001612,CUST-001361,CUSTOMER,PAYMENT,VND,2024-05-19T05:59:59Z,ACTIVE,BR-103,13350627,BANK-ACB-004
ACCT-001613,CUST-001362,CUSTOMER,PAYMENT,VND,2025-08-08T03:59:59Z,ACTIVE,BR-623,109337583,BANK-ACB-004
ACCT-001614,CUST-001363,CUSTOMER,PAYMENT,VND,2023-02-01T05:59:59Z,ACTIVE,BR-657,13219266,BANK-ACB-004
ACCT-001615,CUST-001363,CUSTOMER,SAVINGS,VND,2024-03-06T05:59:59Z,ACTIVE,BR-332,41153547,BANK-ACB-004
ACCT-001616,CUST-001364,CUSTOMER,PAYMENT,VND,2022-07-15T06:59:59Z,ACTIVE,BR-253,75641526,BANK-VCB-001
ACCT-001617,CUST-001365,CUSTOMER,PAYMENT,VND,2024-08-16T10:59:59Z,ACTIVE,BR-307,45929670,BANK-ACB-004
ACCT-001618,CUST-001365,CUSTOMER,SAVINGS,VND,2025-07-16T08:59:59Z,ACTIVE,BR-908,124714407,BANK-VPB-005
ACCT-001619,CUST-001366,CUSTOMER,PAYMENT,VND,2025-03-10T03:59:59Z,ACTIVE,BR-208,6757167,BANK-TCB-002
ACCT-001620,CUST-001367,CUSTOMER,PAYMENT,VND,2025-09-22T04:59:59Z,ACTIVE,BR-695,47185830,BANK-VPB-005
ACCT-001621,CUST-001368,CUSTOMER,PAYMENT,VND,2024-08-21T07:59:59Z,ACTIVE,BR-675,77219885,BANK-ACB-004
ACCT-001622,CUST-001369,CUSTOMER,PAYMENT,VND,2024-12-23T02:59:59Z,ACTIVE,BR-635,8026732,BANK-ACB-004
ACCT-001623,CUST-001370,CUSTOMER,PAYMENT,VND,2025-10-13T03:59:59Z,ACTIVE,BR-455,80245078,BANK-MBB-003
ACCT-001624,CUST-001371,CUSTOMER,PAYMENT,VND,2024-12-01T02:59:59Z,ACTIVE,BR-748,13808405,BANK-MBB-003
ACCT-001625,CUST-001372,CUSTOMER,SAVINGS,VND,2024-02-22T08:59:59Z,ACTIVE,BR-642,135848117,BANK-TCB-002
ACCT-001626,CUST-001372,CUSTOMER,PAYMENT,VND,2023-12-28T00:59:59Z,ACTIVE,BR-908,15727401,BANK-TCB-002
ACCT-001627,CUST-001373,CUSTOMER,SAVINGS,VND,2025-01-29T02:59:59Z,ACTIVE,BR-320,69566364,BANK-ACB-004
ACCT-001628,CUST-001374,CUSTOMER,PAYMENT,VND,2025-05-26T05:59:59Z,ACTIVE,BR-611,43126214,BANK-VPB-005
ACCT-001629,CUST-001375,CUSTOMER,PAYMENT,VND,2025-04-27T08:59:59Z,ACTIVE,BR-796,73252967,BANK-ACB-004
ACCT-001630,CUST-001376,CUSTOMER,SAVINGS,VND,2025-04-10T08:59:59Z,ACTIVE,BR-211,5457506,BANK-ACB-004
ACCT-001631,CUST-001377,CUSTOMER,SAVINGS,VND,2022-01-30T09:59:59Z,ACTIVE,BR-372,6479385,BANK-TCB-002
ACCT-001632,CUST-001377,CUSTOMER,SAVINGS,VND,2024-01-21T00:59:59Z,ACTIVE,BR-551,10134579,BANK-VPB-005
ACCT-001633,CUST-001378,CUSTOMER,SAVINGS,VND,2025-08-07T09:59:59Z,ACTIVE,BR-922,18229424,BANK-VCB-001
ACCT-001634,CUST-001379,CUSTOMER,SAVINGS,VND,2023-10-08T02:59:59Z,ACTIVE,BR-159,43003458,BANK-MBB-003
ACCT-001635,CUST-001380,CUSTOMER,PAYMENT,VND,2025-04-03T00:59:59Z,ACTIVE,BR-932,16596567,BANK-ACB-004
ACCT-001636,CUST-001381,CUSTOMER,PAYMENT,VND,2023-01-26T05:59:59Z,ACTIVE,BR-591,176602233,BANK-ACB-004
ACCT-001637,CUST-001381,CUSTOMER,SAVINGS,VND,2024-08-06T11:59:59Z,ACTIVE,BR-319,197023415,BANK-TCB-002
ACCT-001638,CUST-001382,CUSTOMER,SAVINGS,VND,2021-07-23T11:59:59Z,ACTIVE,BR-603,6863277,BANK-TCB-002
ACCT-001639,CUST-001383,CUSTOMER,SAVINGS,VND,2025-01-16T05:59:59Z,ACTIVE,BR-298,56793909,BANK-MBB-003
ACCT-001640,CUST-001384,CUSTOMER,SAVINGS,VND,2024-07-08T00:59:59Z,ACTIVE,BR-540,11194289,BANK-VCB-001
ACCT-001641,CUST-001385,CUSTOMER,PAYMENT,VND,2025-05-19T01:59:59Z,ACTIVE,BR-532,19186010,BANK-MBB-003
ACCT-001642,CUST-001386,CUSTOMER,PAYMENT,VND,2025-06-29T03:59:59Z,ACTIVE,BR-174,65905746,BANK-VCB-001
ACCT-001643,CUST-001386,CUSTOMER,PAYMENT,VND,2025-10-04T07:59:59Z,ACTIVE,BR-866,93666465,BANK-VPB-005
ACCT-001644,CUST-001387,CUSTOMER,PAYMENT,VND,2025-06-09T03:59:59Z,ACTIVE,BR-999,44281958,BANK-VCB-001
ACCT-001645,CUST-001388,CUSTOMER,PAYMENT,VND,2022-02-06T05:59:59Z,ACTIVE,BR-143,19429992,BANK-MBB-003
ACCT-001646,CUST-001388,CUSTOMER,PAYMENT,VND,2024-02-22T10:59:59Z,ACTIVE,BR-661,51608006,BANK-TCB-002
ACCT-001647,CUST-001389,CUSTOMER,PAYMENT,VND,2024-04-07T02:59:59Z,ACTIVE,BR-483,39943633,BANK-MBB-003
ACCT-001648,CUST-001390,CUSTOMER,SAVINGS,VND,2025-07-03T07:59:59Z,ACTIVE,BR-286,48040923,BANK-VPB-005
ACCT-001649,CUST-001390,CUSTOMER,SAVINGS,VND,2024-09-26T10:59:59Z,ACTIVE,BR-913,5474356,BANK-ACB-004
ACCT-001650,CUST-001391,CUSTOMER,PAYMENT,VND,2025-05-17T10:59:59Z,ACTIVE,BR-413,69198944,BANK-ACB-004
ACCT-001651,CUST-001392,CUSTOMER,PAYMENT,VND,2022-05-05T03:59:59Z,ACTIVE,BR-619,25088298,BANK-VCB-001
ACCT-001652,CUST-001393,CUSTOMER,SAVINGS,VND,2024-04-25T02:59:59Z,ACTIVE,BR-834,24317165,BANK-VCB-001
ACCT-001653,CUST-001394,CUSTOMER,SAVINGS,VND,2025-02-27T06:59:59Z,ACTIVE,BR-611,28216537,BANK-VCB-001
ACCT-001654,CUST-001394,CUSTOMER,PAYMENT,VND,2024-06-25T05:59:59Z,ACTIVE,BR-777,68431736,BANK-VCB-001
ACCT-001655,CUST-001395,CUSTOMER,SAVINGS,VND,2025-08-14T10:59:59Z,ACTIVE,BR-918,79898175,BANK-VCB-001
ACCT-001656,CUST-001396,CUSTOMER,PAYMENT,VND,2022-06-19T01:59:59Z,ACTIVE,BR-211,61217815,BANK-ACB-004
ACCT-001657,CUST-001396,CUSTOMER,PAYMENT,VND,2020-07-08T03:59:59Z,ACTIVE,BR-331,49032007,BANK-VPB-005
ACCT-001658,CUST-001397,CUSTOMER,PAYMENT,VND,2024-09-06T11:59:59Z,ACTIVE,BR-865,77394727,BANK-VCB-001
ACCT-001659,CUST-001398,CUSTOMER,PAYMENT,VND,2023-10-29T10:59:59Z,ACTIVE,BR-466,92943773,BANK-ACB-004
ACCT-001660,CUST-001399,CUSTOMER,SAVINGS,VND,2025-01-29T00:59:59Z,ACTIVE,BR-819,59629445,BANK-ACB-004
ACCT-001661,CUST-001399,CUSTOMER,SAVINGS,VND,2025-04-18T01:59:59Z,ACTIVE,BR-485,8170943,BANK-VPB-005
ACCT-001662,CUST-001400,CUSTOMER,PAYMENT,VND,2022-05-22T09:59:59Z,ACTIVE,BR-978,18485466,BANK-TCB-002
ACCT-001663,CUST-001400,CUSTOMER,SAVINGS,VND,2024-01-27T23:59:59Z,ACTIVE,BR-716,56130431,BANK-TCB-002
ACCT-001664,CUST-001401,CUSTOMER,PAYMENT,VND,2025-10-02T03:59:59Z,ACTIVE,BR-642,29062151,BANK-MBB-003
ACCT-001665,CUST-001402,CUSTOMER,PAYMENT,VND,2024-03-10T03:59:59Z,ACTIVE,BR-248,190427990,BANK-VPB-005
ACCT-001666,CUST-001403,CUSTOMER,PAYMENT,VND,2023-10-04T03:59:59Z,ACTIVE,BR-807,65869815,BANK-VPB-005
ACCT-001667,CUST-001404,CUSTOMER,PAYMENT,VND,2025-08-18T02:59:59Z,ACTIVE,BR-786,5283512,BANK-VCB-001
ACCT-001668,CUST-001405,CUSTOMER,PAYMENT,VND,2025-09-15T04:59:59Z,ACTIVE,BR-951,54742505,BANK-VCB-001
ACCT-001669,CUST-001406,CUSTOMER,PAYMENT,VND,2022-12-31T01:59:59Z,ACTIVE,BR-697,25850067,BANK-TCB-002
ACCT-001670,CUST-001407,CUSTOMER,PAYMENT,VND,2025-09-05T04:59:59Z,ACTIVE,BR-184,69865087,BANK-ACB-004
ACCT-001671,CUST-001407,CUSTOMER,SAVINGS,VND,2024-06-25T01:59:59Z,ACTIVE,BR-971,57622836,BANK-MBB-003
ACCT-001672,CUST-001408,CUSTOMER,PAYMENT,VND,2025-04-26T10:59:59Z,ACTIVE,BR-253,79653864,BANK-ACB-004
ACCT-001673,CUST-001409,CUSTOMER,PAYMENT,VND,2025-06-23T09:59:59Z,ACTIVE,BR-846,49558415,BANK-VCB-001
ACCT-001674,CUST-001409,CUSTOMER,PAYMENT,VND,2024-01-25T07:59:59Z,ACTIVE,BR-118,13296690,BANK-VPB-005
ACCT-001675,CUST-001410,CUSTOMER,PAYMENT,VND,2024-06-06T04:59:59Z,ACTIVE,BR-781,33492487,BANK-ACB-004
ACCT-001676,CUST-001411,CUSTOMER,SAVINGS,VND,2022-03-14T08:59:59Z,ACTIVE,BR-377,37624940,BANK-VCB-001
ACCT-001677,CUST-001411,CUSTOMER,SAVINGS,VND,2021-05-03T00:59:59Z,ACTIVE,BR-162,54075819,BANK-VPB-005
ACCT-001678,CUST-001412,CUSTOMER,PAYMENT,VND,2025-09-11T04:59:59Z,ACTIVE,BR-180,35503306,BANK-VCB-001
ACCT-001679,CUST-001413,CUSTOMER,PAYMENT,VND,2025-07-10T05:59:59Z,ACTIVE,BR-290,60181235,BANK-ACB-004
ACCT-001680,CUST-001414,CUSTOMER,PAYMENT,VND,2024-11-08T01:59:59Z,ACTIVE,BR-816,48009662,BANK-VCB-001
ACCT-001681,CUST-001415,CUSTOMER,PAYMENT,VND,2025-04-09T07:59:59Z,ACTIVE,BR-792,12329717,BANK-VCB-001
ACCT-001682,CUST-001416,CUSTOMER,PAYMENT,VND,2025-08-31T08:59:59Z,ACTIVE,BR-285,60133678,BANK-TCB-002
ACCT-001683,CUST-001417,CUSTOMER,SAVINGS,VND,2023-04-06T10:59:59Z,ACTIVE,BR-128,39198902,BANK-MBB-003
ACCT-001684,CUST-001418,CUSTOMER,SAVINGS,VND,2024-02-15T05:59:59Z,ACTIVE,BR-687,1938283,BANK-MBB-003
ACCT-001685,CUST-001419,CUSTOMER,PAYMENT,VND,2024-07-30T01:59:59Z,ACTIVE,BR-817,70859565,BANK-ACB-004
ACCT-001686,CUST-001420,CUSTOMER,PAYMENT,VND,2025-07-11T07:59:59Z,ACTIVE,BR-866,79053441,BANK-TCB-002
ACCT-001687,CUST-001421,CUSTOMER,SAVINGS,VND,2021-10-10T04:59:59Z,ACTIVE,BR-221,6161631,BANK-VPB-005
ACCT-001688,CUST-001422,CUSTOMER,PAYMENT,VND,2023-06-10T11:59:59Z,ACTIVE,BR-274,2418772,BANK-ACB-004
ACCT-001689,CUST-001423,CUSTOMER,PAYMENT,VND,2024-01-29T10:59:59Z,ACTIVE,BR-624,51180341,BANK-VCB-001
ACCT-001690,CUST-001423,CUSTOMER,PAYMENT,VND,2024-11-30T09:59:59Z,ACTIVE,BR-927,60554190,BANK-VCB-001
ACCT-001691,CUST-001424,CUSTOMER,PAYMENT,VND,2025-05-05T07:59:59Z,ACTIVE,BR-304,69360702,BANK-VCB-001
ACCT-001692,CUST-001425,CUSTOMER,PAYMENT,VND,2023-07-29T10:59:59Z,ACTIVE,BR-371,62680413,BANK-TCB-002
ACCT-001693,CUST-001425,CUSTOMER,SAVINGS,VND,2020-12-31T10:59:59Z,ACTIVE,BR-864,134627965,BANK-VCB-001
ACCT-001694,CUST-001426,CUSTOMER,PAYMENT,VND,2023-05-28T05:59:59Z,ACTIVE,BR-291,110406671,BANK-VPB-005
ACCT-001695,CUST-001427,CUSTOMER,PAYMENT,VND,2024-09-03T06:59:59Z,ACTIVE,BR-260,67354434,BANK-VPB-005
ACCT-001696,CUST-001428,CUSTOMER,PAYMENT,VND,2023-06-24T10:59:59Z,ACTIVE,BR-650,80321236,BANK-VPB-005
ACCT-001697,CUST-001429,CUSTOMER,PAYMENT,VND,2023-04-13T00:59:59Z,ACTIVE,BR-765,24246209,BANK-VCB-001
ACCT-001698,CUST-001430,CUSTOMER,PAYMENT,VND,2024-05-24T23:59:59Z,ACTIVE,BR-492,62864668,BANK-VCB-001
ACCT-001699,CUST-001431,CUSTOMER,PAYMENT,VND,2025-03-30T10:59:59Z,ACTIVE,BR-254,71779179,BANK-VCB-001
ACCT-001700,CUST-001431,CUSTOMER,PAYMENT,VND,2025-02-10T00:59:59Z,ACTIVE,BR-265,27230081,BANK-ACB-004
ACCT-001701,CUST-001432,CUSTOMER,PAYMENT,VND,2023-05-27T23:59:59Z,ACTIVE,BR-311,4780157,BANK-VPB-005
ACCT-001702,CUST-001433,CUSTOMER,SAVINGS,VND,2021-09-29T11:59:59Z,ACTIVE,BR-826,16630755,BANK-MBB-003
ACCT-001703,CUST-001434,CUSTOMER,PAYMENT,VND,2023-08-17T08:59:59Z,ACTIVE,BR-900,39252918,BANK-VCB-001
ACCT-001704,CUST-001435,CUSTOMER,SAVINGS,VND,2025-09-16T02:59:59Z,ACTIVE,BR-823,93908280,BANK-VCB-001
ACCT-001705,CUST-001436,CUSTOMER,PAYMENT,VND,2023-08-19T02:59:59Z,ACTIVE,BR-335,72066348,BANK-VCB-001
ACCT-001706,CUST-001437,CUSTOMER,PAYMENT,VND,2022-10-30T08:59:59Z,ACTIVE,BR-641,136667982,BANK-TCB-002
ACCT-001707,CUST-001438,CUSTOMER,PAYMENT,VND,2023-03-11T00:59:59Z,ACTIVE,BR-244,20963351,BANK-MBB-003
ACCT-001708,CUST-001439,CUSTOMER,PAYMENT,VND,2024-07-12T06:59:59Z,ACTIVE,BR-859,70689650,BANK-VCB-001
ACCT-001709,CUST-001440,CUSTOMER,SAVINGS,VND,2020-12-04T10:59:59Z,ACTIVE,BR-731,93469965,BANK-ACB-004
ACCT-001710,CUST-001441,CUSTOMER,PAYMENT,VND,2022-10-03T10:59:59Z,ACTIVE,BR-720,66303256,BANK-VCB-001
ACCT-001711,CUST-001442,CUSTOMER,PAYMENT,VND,2025-05-09T11:59:59Z,ACTIVE,BR-962,110152574,BANK-TCB-002
ACCT-001712,CUST-001443,CUSTOMER,SAVINGS,VND,2023-11-17T08:59:59Z,ACTIVE,BR-430,3657899,BANK-VPB-005
ACCT-001713,CUST-001444,CUSTOMER,PAYMENT,VND,2023-12-21T02:59:59Z,ACTIVE,BR-356,66814219,BANK-MBB-003
ACCT-001714,CUST-001445,CUSTOMER,SAVINGS,VND,2025-09-19T04:59:59Z,ACTIVE,BR-467,21300293,BANK-VPB-005
ACCT-001715,CUST-001446,CUSTOMER,PAYMENT,VND,2025-01-30T09:59:59Z,ACTIVE,BR-142,37923152,BANK-MBB-003
ACCT-001716,CUST-001446,CUSTOMER,PAYMENT,VND,2025-08-15T09:59:59Z,ACTIVE,BR-165,51662663,BANK-MBB-003
ACCT-001717,CUST-001447,CUSTOMER,PAYMENT,VND,2023-06-29T07:59:59Z,ACTIVE,BR-554,25432271,BANK-VCB-001
ACCT-001718,CUST-001447,CUSTOMER,PAYMENT,VND,2023-06-21T07:59:59Z,ACTIVE,BR-432,41701083,BANK-VPB-005
ACCT-001719,CUST-001448,CUSTOMER,PAYMENT,VND,2024-03-09T00:59:59Z,ACTIVE,BR-790,63163839,BANK-MBB-003
ACCT-001720,CUST-001449,CUSTOMER,PAYMENT,VND,2024-08-16T23:59:59Z,ACTIVE,BR-944,65205541,BANK-TCB-002
ACCT-001721,CUST-001450,CUSTOMER,SAVINGS,VND,2022-11-18T06:59:59Z,ACTIVE,BR-341,71897425,BANK-MBB-003
ACCT-001722,CUST-001451,CUSTOMER,PAYMENT,VND,2024-09-20T07:59:59Z,ACTIVE,BR-649,65390771,BANK-ACB-004
ACCT-001723,CUST-001452,CUSTOMER,PAYMENT,VND,2023-02-21T01:59:59Z,ACTIVE,BR-927,75336343,BANK-VCB-001
ACCT-001724,CUST-001453,CUSTOMER,SAVINGS,VND,2022-09-20T23:59:59Z,ACTIVE,BR-254,20888382,BANK-ACB-004
ACCT-001725,CUST-001453,CUSTOMER,PAYMENT,VND,2025-07-02T07:59:59Z,ACTIVE,BR-899,69469879,BANK-MBB-003
ACCT-001726,CUST-001454,CUSTOMER,PAYMENT,VND,2023-08-04T05:59:59Z,ACTIVE,BR-529,32049136,BANK-VCB-001
ACCT-001727,CUST-001455,CUSTOMER,SAVINGS,VND,2024-02-02T11:59:59Z,ACTIVE,BR-497,51299483,BANK-VCB-001
ACCT-001728,CUST-001456,CUSTOMER,PAYMENT,VND,2022-12-03T10:59:59Z,ACTIVE,BR-747,69235907,BANK-VCB-001
ACCT-001729,CUST-001457,CUSTOMER,PAYMENT,VND,2024-04-15T04:59:59Z,ACTIVE,BR-395,12093352,BANK-ACB-004
ACCT-001730,CUST-001458,CUSTOMER,PAYMENT,VND,2023-01-04T02:59:59Z,ACTIVE,BR-166,56055832,BANK-ACB-004
ACCT-001731,CUST-001459,CUSTOMER,PAYMENT,VND,2025-07-25T23:59:59Z,ACTIVE,BR-987,41463478,BANK-VPB-005
ACCT-001732,CUST-001460,CUSTOMER,PAYMENT,VND,2023-07-07T04:59:59Z,ACTIVE,BR-222,59909746,BANK-ACB-004
ACCT-001733,CUST-001461,CUSTOMER,PAYMENT,VND,2021-04-18T05:59:59Z,ACTIVE,BR-944,11417008,BANK-MBB-003
ACCT-001734,CUST-001462,CUSTOMER,PAYMENT,VND,2025-03-15T10:59:59Z,ACTIVE,BR-461,76007599,BANK-ACB-004
ACCT-001735,CUST-001463,CUSTOMER,PAYMENT,VND,2024-10-01T09:59:59Z,ACTIVE,BR-843,32351083,BANK-TCB-002
ACCT-001736,CUST-001464,CUSTOMER,PAYMENT,VND,2022-08-22T04:59:59Z,ACTIVE,BR-341,53494795,BANK-VCB-001
ACCT-001737,CUST-001465,CUSTOMER,SAVINGS,VND,2024-03-10T10:59:59Z,ACTIVE,BR-374,170418519,BANK-MBB-003
ACCT-001738,CUST-001466,CUSTOMER,PAYMENT,VND,2024-01-17T01:59:59Z,ACTIVE,BR-464,34445873,BANK-MBB-003
ACCT-001739,CUST-001466,CUSTOMER,PAYMENT,VND,2025-02-01T06:59:59Z,ACTIVE,BR-931,31190547,BANK-ACB-004
ACCT-001740,CUST-001467,CUSTOMER,PAYMENT,VND,2025-03-26T06:59:59Z,ACTIVE,BR-415,26189588,BANK-VCB-001
ACCT-001741,CUST-001468,CUSTOMER,PAYMENT,VND,2025-06-21T00:59:59Z,ACTIVE,BR-245,78654316,BANK-MBB-003
ACCT-001742,CUST-001469,CUSTOMER,PAYMENT,VND,2021-03-07T10:59:59Z,ACTIVE,BR-423,86826277,BANK-ACB-004
ACCT-001743,CUST-001470,CUSTOMER,PAYMENT,VND,2024-05-21T04:59:59Z,ACTIVE,BR-367,26787344,BANK-VPB-005
ACCT-001744,CUST-001470,CUSTOMER,PAYMENT,VND,2023-12-18T03:59:59Z,ACTIVE,BR-858,58880369,BANK-MBB-003
ACCT-001745,CUST-001471,CUSTOMER,PAYMENT,VND,2025-01-14T10:59:59Z,ACTIVE,BR-527,46100087,BANK-VCB-001
ACCT-001746,CUST-001472,CUSTOMER,PAYMENT,VND,2025-03-12T01:59:59Z,ACTIVE,BR-293,26679918,BANK-VPB-005
ACCT-001747,CUST-001473,CUSTOMER,SAVINGS,VND,2024-09-19T23:59:59Z,ACTIVE,BR-175,9783115,BANK-VCB-001
ACCT-001748,CUST-001473,CUSTOMER,PAYMENT,VND,2025-08-02T06:59:59Z,ACTIVE,BR-681,11418657,BANK-TCB-002
ACCT-001749,CUST-001474,CUSTOMER,PAYMENT,VND,2023-09-15T10:59:59Z,ACTIVE,BR-136,786643,BANK-TCB-002
ACCT-001750,CUST-001475,CUSTOMER,SAVINGS,VND,2025-08-04T04:59:59Z,ACTIVE,BR-558,87171058,BANK-MBB-003
ACCT-001751,CUST-001476,CUSTOMER,PAYMENT,VND,2023-06-27T09:59:59Z,ACTIVE,BR-517,62555342,BANK-VCB-001
ACCT-001752,CUST-001477,CUSTOMER,SAVINGS,VND,2023-05-30T07:59:59Z,ACTIVE,BR-210,14377315,BANK-VPB-005
ACCT-001753,CUST-001478,CUSTOMER,PAYMENT,VND,2022-01-03T11:59:59Z,ACTIVE,BR-160,62872960,BANK-MBB-003
ACCT-001754,CUST-001479,CUSTOMER,SAVINGS,VND,2024-12-12T04:59:59Z,ACTIVE,BR-862,9304987,BANK-MBB-003
ACCT-001755,CUST-001480,CUSTOMER,PAYMENT,VND,2023-10-13T03:59:59Z,ACTIVE,BR-599,89446136,BANK-ACB-004
ACCT-001756,CUST-001481,CUSTOMER,SAVINGS,VND,2025-05-12T02:59:59Z,ACTIVE,BR-409,73799029,BANK-VPB-005
ACCT-001757,CUST-001482,CUSTOMER,PAYMENT,VND,2024-04-18T00:59:59Z,ACTIVE,BR-639,29500794,BANK-TCB-002
ACCT-001758,CUST-001483,CUSTOMER,SAVINGS,VND,2022-12-02T02:59:59Z,ACTIVE,BR-517,33891881,BANK-ACB-004
ACCT-001759,CUST-001484,CUSTOMER,PAYMENT,VND,2025-09-10T09:59:59Z,ACTIVE,BR-443,29664775,BANK-TCB-002
ACCT-001760,CUST-001484,CUSTOMER,SAVINGS,VND,2025-09-16T10:59:59Z,ACTIVE,BR-773,71816179,BANK-VPB-005
ACCT-001761,CUST-001485,CUSTOMER,PAYMENT,VND,2022-08-19T00:59:59Z,ACTIVE,BR-647,77911165,BANK-TCB-002
ACCT-001762,CUST-001486,CUSTOMER,SAVINGS,VND,2025-01-19T23:59:59Z,ACTIVE,BR-120,48289678,BANK-VCB-001
ACCT-001763,CUST-001486,CUSTOMER,PAYMENT,VND,2024-08-07T08:59:59Z,ACTIVE,BR-371,74919338,BANK-VCB-001
ACCT-001764,CUST-001487,CUSTOMER,PAYMENT,VND,2022-12-18T09:59:59Z,ACTIVE,BR-486,11882798,BANK-MBB-003
ACCT-001765,CUST-001487,CUSTOMER,PAYMENT,VND,2025-06-12T02:59:59Z,ACTIVE,BR-690,39303978,BANK-ACB-004
ACCT-001766,CUST-001488,CUSTOMER,SAVINGS,VND,2025-07-04T05:59:59Z,ACTIVE,BR-843,9336020,BANK-MBB-003
ACCT-001767,CUST-001489,CUSTOMER,PAYMENT,VND,2021-11-09T11:59:59Z,ACTIVE,BR-618,41750726,BANK-MBB-003
ACCT-001768,CUST-001489,CUSTOMER,PAYMENT,VND,2022-03-18T03:59:59Z,ACTIVE,BR-312,32623290,BANK-ACB-004
ACCT-001769,CUST-001490,CUSTOMER,SAVINGS,VND,2024-02-13T02:59:59Z,ACTIVE,BR-846,10614981,BANK-TCB-002
ACCT-001770,CUST-001490,CUSTOMER,PAYMENT,VND,2025-04-14T00:59:59Z,ACTIVE,BR-341,59361585,BANK-TCB-002
ACCT-001771,CUST-001491,CUSTOMER,PAYMENT,VND,2024-11-01T09:59:59Z,ACTIVE,BR-223,4651546,BANK-VCB-001
ACCT-001772,CUST-001492,CUSTOMER,SAVINGS,VND,2024-11-01T07:59:59Z,ACTIVE,BR-395,14966613,BANK-VPB-005
ACCT-001773,CUST-001492,CUSTOMER,PAYMENT,VND,2021-04-21T00:59:59Z,ACTIVE,BR-237,81876432,BANK-MBB-003
ACCT-001774,CUST-001493,CUSTOMER,PAYMENT,VND,2024-08-07T06:59:59Z,ACTIVE,BR-648,70469209,BANK-VCB-001
ACCT-001775,CUST-001494,CUSTOMER,PAYMENT,VND,2025-04-22T00:59:59Z,ACTIVE,BR-946,51700424,BANK-ACB-004
ACCT-001776,CUST-001495,CUSTOMER,PAYMENT,VND,2025-07-16T06:59:59Z,ACTIVE,BR-885,9995538,BANK-MBB-003
ACCT-001777,CUST-001496,CUSTOMER,PAYMENT,VND,2025-03-13T09:59:59Z,ACTIVE,BR-183,66195139,BANK-MBB-003
ACCT-001778,CUST-001497,CUSTOMER,SAVINGS,VND,2024-10-01T02:59:59Z,ACTIVE,BR-538,52180732,BANK-MBB-003
ACCT-001779,CUST-001498,CUSTOMER,PAYMENT,VND,2022-06-21T01:59:59Z,ACTIVE,BR-881,45335593,BANK-ACB-004
ACCT-001780,CUST-001499,CUSTOMER,PAYMENT,VND,2023-08-29T23:59:59Z,ACTIVE,BR-901,70358589,BANK-MBB-003
ACCT-001781,CUST-001500,CUSTOMER,PAYMENT,VND,2025-04-12T23:59:59Z,ACTIVE,BR-489,17244513,BANK-TCB-002
ACCT-001782,CUST-001500,CUSTOMER,PAYMENT,VND,2024-04-18T04:59:59Z,ACTIVE,BR-404,54498486,BANK-VCB-001
ACCT-001783,CUST-001501,CUSTOMER,SAVINGS,VND,2023-08-13T07:59:59Z,ACTIVE,BR-944,6721580,BANK-VPB-005
ACCT-001784,CUST-001502,CUSTOMER,PAYMENT,VND,2022-10-15T23:59:59Z,ACTIVE,BR-922,146792209,BANK-VPB-005
ACCT-001785,CUST-001503,CUSTOMER,PAYMENT,VND,2022-10-31T23:59:59Z,ACTIVE,BR-477,56892950,BANK-VPB-005
ACCT-001786,CUST-001504,CUSTOMER,SAVINGS,VND,2025-09-13T08:59:59Z,ACTIVE,BR-944,111424067,BANK-VPB-005
ACCT-001787,CUST-001505,CUSTOMER,PAYMENT,VND,2025-05-06T04:59:59Z,ACTIVE,BR-351,27850137,BANK-TCB-002
ACCT-001788,CUST-001506,CUSTOMER,SAVINGS,VND,2023-12-04T00:59:59Z,ACTIVE,BR-283,47004149,BANK-TCB-002
ACCT-001789,CUST-001507,CUSTOMER,PAYMENT,VND,2025-04-14T03:59:59Z,ACTIVE,BR-126,17013817,BANK-MBB-003
ACCT-001790,CUST-001508,CUSTOMER,PAYMENT,VND,2024-04-14T08:59:59Z,ACTIVE,BR-123,41281249,BANK-TCB-002
ACCT-001791,CUST-001508,CUSTOMER,PAYMENT,VND,2024-02-17T06:59:59Z,ACTIVE,BR-706,29891480,BANK-VCB-001
ACCT-001792,CUST-001509,CUSTOMER,PAYMENT,VND,2025-03-13T02:59:59Z,ACTIVE,BR-630,28156381,BANK-VCB-001
ACCT-001793,CUST-001510,CUSTOMER,PAYMENT,VND,2022-04-13T00:59:59Z,ACTIVE,BR-574,78491050,BANK-MBB-003
ACCT-001794,CUST-001511,CUSTOMER,PAYMENT,VND,2025-07-16T06:59:59Z,ACTIVE,BR-556,19815512,BANK-TCB-002
ACCT-001795,CUST-001511,CUSTOMER,PAYMENT,VND,2022-11-21T10:59:59Z,ACTIVE,BR-604,35319168,BANK-MBB-003
ACCT-001796,CUST-001512,CUSTOMER,PAYMENT,VND,2023-05-17T09:59:59Z,ACTIVE,BR-555,12220012,BANK-VPB-005
ACCT-001797,CUST-001513,CUSTOMER,PAYMENT,VND,2024-02-19T06:59:59Z,ACTIVE,BR-861,53295177,BANK-TCB-002
ACCT-001798,CUST-001514,CUSTOMER,SAVINGS,VND,2024-11-27T04:59:59Z,ACTIVE,BR-646,3235660,BANK-MBB-003
ACCT-001799,CUST-001515,CUSTOMER,PAYMENT,VND,2025-07-09T11:59:59Z,ACTIVE,BR-684,180565399,BANK-VPB-005
ACCT-001800,CUST-001516,CUSTOMER,PAYMENT,VND,2025-06-06T03:59:59Z,ACTIVE,BR-531,42126185,BANK-TCB-002
ACCT-001801,CUST-001517,CUSTOMER,PAYMENT,VND,2025-08-04T02:59:59Z,ACTIVE,BR-340,44132944,BANK-MBB-003
ACCT-001802,CUST-001517,CUSTOMER,PAYMENT,VND,2025-09-06T07:59:59Z,ACTIVE,BR-536,118550877,BANK-VCB-001
ACCT-001803,CUST-001518,CUSTOMER,PAYMENT,VND,2025-10-13T03:59:59Z,ACTIVE,BR-855,45052026,BANK-MBB-003
ACCT-001804,CUST-001518,CUSTOMER,SAVINGS,VND,2025-09-17T11:59:59Z,ACTIVE,BR-987,11684973,BANK-VPB-005
ACCT-001805,CUST-001519,CUSTOMER,PAYMENT,VND,2025-03-23T05:59:59Z,ACTIVE,BR-439,36316006,BANK-ACB-004
ACCT-001806,CUST-001520,CUSTOMER,PAYMENT,VND,2023-01-31T00:59:59Z,ACTIVE,BR-641,6463955,BANK-VCB-001
ACCT-001807,CUST-001521,CUSTOMER,PAYMENT,VND,2025-03-20T02:59:59Z,ACTIVE,BR-440,149742658,BANK-MBB-003
ACCT-001808,CUST-001522,CUSTOMER,PAYMENT,VND,2020-08-14T09:59:59Z,ACTIVE,BR-498,29278896,BANK-VPB-005
ACCT-001809,CUST-001523,CUSTOMER,SAVINGS,VND,2024-06-18T23:59:59Z,ACTIVE,BR-520,39123116,BANK-ACB-004
ACCT-001810,CUST-001524,CUSTOMER,PAYMENT,VND,2025-06-14T23:59:59Z,ACTIVE,BR-661,50526337,BANK-ACB-004
ACCT-001811,CUST-001525,CUSTOMER,PAYMENT,VND,2025-02-04T23:59:59Z,ACTIVE,BR-383,73577865,BANK-TCB-002
ACCT-001812,CUST-001526,CUSTOMER,PAYMENT,VND,2023-11-09T01:59:59Z,ACTIVE,BR-749,53692457,BANK-MBB-003
ACCT-001813,CUST-001527,CUSTOMER,SAVINGS,VND,2021-11-30T00:59:59Z,ACTIVE,BR-447,28811587,BANK-VPB-005
ACCT-001814,CUST-001527,CUSTOMER,PAYMENT,VND,2025-02-23T02:59:59Z,ACTIVE,BR-656,37834653,BANK-ACB-004
ACCT-001815,CUST-001528,CUSTOMER,PAYMENT,VND,2022-09-16T03:59:59Z,ACTIVE,BR-129,16773169,BANK-VCB-001
ACCT-001816,CUST-001529,CUSTOMER,PAYMENT,VND,2024-10-30T11:59:59Z,ACTIVE,BR-498,10527828,BANK-MBB-003
ACCT-001817,CUST-001529,CUSTOMER,SAVINGS,VND,2024-12-01T02:59:59Z,ACTIVE,BR-735,33582554,BANK-VCB-001
ACCT-001818,CUST-001530,CUSTOMER,SAVINGS,VND,2024-07-08T05:59:59Z,ACTIVE,BR-717,31487434,BANK-MBB-003
ACCT-001819,CUST-001530,CUSTOMER,PAYMENT,VND,2024-05-19T23:59:59Z,ACTIVE,BR-560,48384486,BANK-ACB-004
ACCT-001820,CUST-001531,CUSTOMER,PAYMENT,VND,2023-12-25T10:59:59Z,ACTIVE,BR-444,40023582,BANK-MBB-003
ACCT-001821,CUST-001532,CUSTOMER,SAVINGS,VND,2021-12-19T05:59:59Z,ACTIVE,BR-182,34800966,BANK-TCB-002
ACCT-001822,CUST-001533,CUSTOMER,PAYMENT,VND,2025-09-12T11:59:59Z,ACTIVE,BR-802,96691767,BANK-TCB-002
ACCT-001823,CUST-001533,CUSTOMER,PAYMENT,VND,2024-11-19T07:59:59Z,ACTIVE,BR-322,94530554,BANK-VCB-001
ACCT-001824,CUST-001534,CUSTOMER,PAYMENT,VND,2025-09-22T06:59:59Z,ACTIVE,BR-134,76568190,BANK-VCB-001
ACCT-001825,CUST-001535,CUSTOMER,SAVINGS,VND,2025-06-27T06:59:59Z,ACTIVE,BR-903,160063446,BANK-VPB-005
ACCT-001826,CUST-001536,CUSTOMER,PAYMENT,VND,2024-08-16T08:59:59Z,ACTIVE,BR-111,9760714,BANK-ACB-004
ACCT-001827,CUST-001537,CUSTOMER,SAVINGS,VND,2023-08-07T05:59:59Z,ACTIVE,BR-405,71362367,BANK-VPB-005
ACCT-001828,CUST-001538,CUSTOMER,PAYMENT,VND,2024-11-19T00:59:59Z,ACTIVE,BR-655,7359240,BANK-VPB-005
ACCT-001829,CUST-001539,CUSTOMER,PAYMENT,VND,2025-07-21T00:59:59Z,ACTIVE,BR-907,68817715,BANK-TCB-002
ACCT-001830,CUST-001540,CUSTOMER,SAVINGS,VND,2023-12-03T00:59:59Z,ACTIVE,BR-468,5020495,BANK-VCB-001
ACCT-001831,CUST-001541,CUSTOMER,PAYMENT,VND,2025-01-12T02:59:59Z,ACTIVE,BR-715,10929828,BANK-VPB-005
ACCT-001832,CUST-001542,CUSTOMER,PAYMENT,VND,2025-07-06T09:59:59Z,ACTIVE,BR-706,85666901,BANK-TCB-002
ACCT-001833,CUST-001543,CUSTOMER,PAYMENT,VND,2025-03-16T06:59:59Z,ACTIVE,BR-112,6665962,BANK-VPB-005
ACCT-001834,CUST-001543,CUSTOMER,PAYMENT,VND,2025-05-18T11:59:59Z,ACTIVE,BR-388,6686068,BANK-VPB-005
ACCT-001835,CUST-001544,CUSTOMER,SAVINGS,VND,2025-06-19T01:59:59Z,ACTIVE,BR-286,9734409,BANK-TCB-002
ACCT-001836,CUST-001545,CUSTOMER,PAYMENT,VND,2024-05-07T01:59:59Z,ACTIVE,BR-772,23212694,BANK-ACB-004
ACCT-001837,CUST-001546,CUSTOMER,SAVINGS,VND,2024-08-18T23:59:59Z,ACTIVE,BR-619,70927890,BANK-TCB-002
ACCT-001838,CUST-001547,CUSTOMER,PAYMENT,VND,2024-07-04T04:59:59Z,ACTIVE,BR-197,9619555,BANK-MBB-003
ACCT-001839,CUST-001548,CUSTOMER,SAVINGS,VND,2021-08-26T10:59:59Z,ACTIVE,BR-991,67609094,BANK-ACB-004
ACCT-001840,CUST-001548,CUSTOMER,SAVINGS,VND,2022-01-11T05:59:59Z,ACTIVE,BR-413,23595896,BANK-MBB-003
ACCT-001841,CUST-001549,CUSTOMER,PAYMENT,VND,2023-09-14T05:59:59Z,ACTIVE,BR-744,5416129,BANK-MBB-003
ACCT-001842,CUST-001550,CUSTOMER,PAYMENT,VND,2021-10-11T00:59:59Z,ACTIVE,BR-746,8404914,BANK-VCB-001
ACCT-001843,CUST-001551,CUSTOMER,PAYMENT,VND,2025-04-11T03:59:59Z,ACTIVE,BR-772,32232398,BANK-MBB-003
ACCT-001844,CUST-001552,CUSTOMER,PAYMENT,VND,2024-08-03T07:59:59Z,ACTIVE,BR-243,59302599,BANK-MBB-003
ACCT-001845,CUST-001553,CUSTOMER,PAYMENT,VND,2025-09-08T04:59:59Z,ACTIVE,BR-600,17109898,BANK-ACB-004
ACCT-001846,CUST-001554,CUSTOMER,PAYMENT,VND,2021-10-18T23:59:59Z,ACTIVE,BR-279,33990255,BANK-ACB-004
ACCT-001847,CUST-001555,CUSTOMER,PAYMENT,VND,2025-07-09T04:59:59Z,ACTIVE,BR-302,30967163,BANK-ACB-004
ACCT-001848,CUST-001556,CUSTOMER,PAYMENT,VND,2023-01-11T03:59:59Z,ACTIVE,BR-161,14956849,BANK-VPB-005
ACCT-001849,CUST-001556,CUSTOMER,PAYMENT,VND,2022-02-15T23:59:59Z,ACTIVE,BR-909,28752353,BANK-VCB-001
ACCT-001850,CUST-001557,CUSTOMER,PAYMENT,VND,2022-06-03T11:59:59Z,ACTIVE,BR-910,67033698,BANK-ACB-004
ACCT-001851,CUST-001557,CUSTOMER,PAYMENT,VND,2024-03-31T01:59:59Z,ACTIVE,BR-657,54721400,BANK-ACB-004
ACCT-001852,CUST-001558,CUSTOMER,PAYMENT,VND,2023-12-22T03:59:59Z,ACTIVE,BR-849,18038097,BANK-TCB-002
ACCT-001853,CUST-001559,CUSTOMER,PAYMENT,VND,2025-06-16T03:59:59Z,ACTIVE,BR-908,139940129,BANK-TCB-002
ACCT-001854,CUST-001560,CUSTOMER,SAVINGS,VND,2023-10-20T00:59:59Z,ACTIVE,BR-775,39387549,BANK-VCB-001
ACCT-001855,CUST-001561,CUSTOMER,PAYMENT,VND,2024-02-22T06:59:59Z,ACTIVE,BR-542,16575788,BANK-TCB-002
ACCT-001856,CUST-001562,CUSTOMER,PAYMENT,VND,2024-12-28T00:59:59Z,ACTIVE,BR-877,75458212,BANK-MBB-003
ACCT-001857,CUST-001563,CUSTOMER,PAYMENT,VND,2025-03-27T09:59:59Z,ACTIVE,BR-758,10007214,BANK-VPB-005
ACCT-001858,CUST-001563,CUSTOMER,SAVINGS,VND,2024-04-02T05:59:59Z,ACTIVE,BR-804,12075469,BANK-VPB-005
ACCT-001859,CUST-001564,CUSTOMER,SAVINGS,VND,2022-10-29T06:59:59Z,ACTIVE,BR-413,92823198,BANK-VCB-001
ACCT-001860,CUST-001565,CUSTOMER,PAYMENT,VND,2024-06-04T23:59:59Z,ACTIVE,BR-300,74223445,BANK-TCB-002
ACCT-001861,CUST-001566,CUSTOMER,PAYMENT,VND,2025-01-16T07:59:59Z,ACTIVE,BR-265,34768593,BANK-VPB-005
ACCT-001862,CUST-001567,CUSTOMER,SAVINGS,VND,2025-05-31T01:59:59Z,ACTIVE,BR-867,78367910,BANK-MBB-003
ACCT-001863,CUST-001567,CUSTOMER,PAYMENT,VND,2021-01-11T03:59:59Z,ACTIVE,BR-413,36049051,BANK-MBB-003
ACCT-001864,CUST-001568,CUSTOMER,SAVINGS,VND,2023-03-17T05:59:59Z,ACTIVE,BR-492,14021496,BANK-MBB-003
ACCT-001865,CUST-001569,CUSTOMER,PAYMENT,VND,2024-03-31T08:59:59Z,ACTIVE,BR-224,50399463,BANK-VPB-005
ACCT-001866,CUST-001570,CUSTOMER,PAYMENT,VND,2021-12-28T23:59:59Z,ACTIVE,BR-957,54974046,BANK-TCB-002
ACCT-001867,CUST-001570,CUSTOMER,PAYMENT,VND,2021-12-10T09:59:59Z,ACTIVE,BR-463,52126374,BANK-VPB-005
ACCT-001868,CUST-001571,CUSTOMER,PAYMENT,VND,2024-06-14T07:59:59Z,ACTIVE,BR-916,31227307,BANK-ACB-004
ACCT-001869,CUST-001572,CUSTOMER,PAYMENT,VND,2025-04-12T05:59:59Z,ACTIVE,BR-337,79176587,BANK-TCB-002
ACCT-001870,CUST-001572,CUSTOMER,PAYMENT,VND,2025-01-19T00:59:59Z,ACTIVE,BR-276,49114390,BANK-TCB-002
ACCT-001871,CUST-001573,CUSTOMER,PAYMENT,VND,2024-10-04T10:59:59Z,ACTIVE,BR-470,11947986,BANK-MBB-003
ACCT-001872,CUST-001574,CUSTOMER,PAYMENT,VND,2025-04-19T00:59:59Z,ACTIVE,BR-157,78263098,BANK-VCB-001
ACCT-001873,CUST-001575,CUSTOMER,PAYMENT,VND,2021-12-09T11:59:59Z,ACTIVE,BR-581,26253045,BANK-MBB-003
ACCT-001874,CUST-001575,CUSTOMER,PAYMENT,VND,2024-02-24T02:59:59Z,ACTIVE,BR-180,18276858,BANK-MBB-003
ACCT-001875,CUST-001576,CUSTOMER,SAVINGS,VND,2022-12-17T01:59:59Z,ACTIVE,BR-548,61913288,BANK-MBB-003
ACCT-001876,CUST-001577,CUSTOMER,PAYMENT,VND,2024-10-29T09:59:59Z,ACTIVE,BR-552,53210732,BANK-VCB-001
ACCT-001877,CUST-001578,CUSTOMER,PAYMENT,VND,2024-02-22T11:59:59Z,ACTIVE,BR-516,5679379,BANK-VCB-001
ACCT-001878,CUST-001579,CUSTOMER,PAYMENT,VND,2025-03-01T07:59:59Z,ACTIVE,BR-643,6688610,BANK-ACB-004
ACCT-001879,CUST-001579,CUSTOMER,PAYMENT,VND,2025-04-26T10:59:59Z,ACTIVE,BR-900,7558237,BANK-ACB-004
ACCT-001880,CUST-001580,CUSTOMER,PAYMENT,VND,2022-05-11T04:59:59Z,ACTIVE,BR-248,17476917,BANK-ACB-004
ACCT-001881,CUST-001581,CUSTOMER,PAYMENT,VND,2025-04-27T03:59:59Z,ACTIVE,BR-154,34081866,BANK-ACB-004
ACCT-001882,CUST-001582,CUSTOMER,PAYMENT,VND,2025-05-24T00:59:59Z,ACTIVE,BR-277,139844890,BANK-TCB-002
ACCT-001883,CUST-001583,CUSTOMER,SAVINGS,VND,2022-03-12T08:59:59Z,ACTIVE,BR-438,195467132,BANK-MBB-003
ACCT-001884,CUST-001584,CUSTOMER,PAYMENT,VND,2024-01-30T08:59:59Z,ACTIVE,BR-493,47597791,BANK-VCB-001
ACCT-001885,CUST-001585,CUSTOMER,PAYMENT,VND,2023-12-28T00:59:59Z,ACTIVE,BR-374,7093405,BANK-MBB-003
ACCT-001886,CUST-001586,CUSTOMER,PAYMENT,VND,2023-07-21T07:59:59Z,ACTIVE,BR-853,70328482,BANK-VPB-005
ACCT-001887,CUST-001587,CUSTOMER,PAYMENT,VND,2022-01-24T09:59:59Z,ACTIVE,BR-119,41669661,BANK-TCB-002
ACCT-001888,CUST-001588,CUSTOMER,PAYMENT,VND,2024-11-17T11:59:59Z,ACTIVE,BR-705,19362810,BANK-VPB-005
ACCT-001889,CUST-001588,CUSTOMER,PAYMENT,VND,2025-09-19T06:59:59Z,ACTIVE,BR-856,62170637,BANK-MBB-003
ACCT-001890,CUST-001589,CUSTOMER,PAYMENT,VND,2025-09-24T10:59:59Z,ACTIVE,BR-669,18516141,BANK-VCB-001
ACCT-001891,CUST-001590,CUSTOMER,SAVINGS,VND,2023-01-01T09:59:59Z,ACTIVE,BR-858,66641223,BANK-VPB-005
ACCT-001892,CUST-001590,CUSTOMER,PAYMENT,VND,2025-05-21T03:59:59Z,ACTIVE,BR-967,21158157,BANK-ACB-004
ACCT-001893,CUST-001591,CUSTOMER,PAYMENT,VND,2025-10-11T00:59:59Z,ACTIVE,BR-583,96047120,BANK-ACB-004
ACCT-001894,CUST-001591,CUSTOMER,PAYMENT,VND,2025-10-04T05:59:59Z,ACTIVE,BR-437,156788223,BANK-VPB-005
ACCT-001895,CUST-001592,CUSTOMER,PAYMENT,VND,2024-09-10T10:59:59Z,ACTIVE,BR-306,3484635,BANK-VCB-001
ACCT-001896,CUST-001593,CUSTOMER,PAYMENT,VND,2025-05-01T01:59:59Z,ACTIVE,BR-726,6638932,BANK-ACB-004
ACCT-001897,CUST-001594,CUSTOMER,SAVINGS,VND,2024-07-08T00:59:59Z,ACTIVE,BR-816,48253814,BANK-MBB-003
ACCT-001898,CUST-001594,CUSTOMER,PAYMENT,VND,2025-05-18T23:59:59Z,ACTIVE,BR-448,81538647,BANK-VPB-005
ACCT-001899,CUST-001595,CUSTOMER,PAYMENT,VND,2023-05-21T00:59:59Z,ACTIVE,BR-182,11254618,BANK-VCB-001
ACCT-001900,CUST-001596,CUSTOMER,PAYMENT,VND,2025-07-29T07:59:59Z,ACTIVE,BR-156,41485179,BANK-VPB-005
ACCT-001901,CUST-001597,CUSTOMER,PAYMENT,VND,2024-08-09T00:59:59Z,ACTIVE,BR-563,59194035,BANK-ACB-004
ACCT-001902,CUST-001598,CUSTOMER,PAYMENT,VND,2025-02-02T00:59:59Z,ACTIVE,BR-424,54089121,BANK-VPB-005
ACCT-001903,CUST-001599,CUSTOMER,PAYMENT,VND,2025-01-18T02:59:59Z,ACTIVE,BR-879,13615993,BANK-TCB-002
ACCT-001904,CUST-001600,CUSTOMER,PAYMENT,VND,2023-09-14T09:59:59Z,ACTIVE,BR-769,3794606,BANK-VPB-005
ACCT-001905,CUST-001601,CUSTOMER,PAYMENT,VND,2025-07-13T08:59:59Z,ACTIVE,BR-325,66994024,BANK-VCB-001
ACCT-001906,CUST-001602,CUSTOMER,PAYMENT,VND,2025-06-20T09:59:59Z,ACTIVE,BR-122,104811916,BANK-ACB-004
ACCT-001907,CUST-001602,CUSTOMER,SAVINGS,VND,2025-03-03T07:59:59Z,ACTIVE,BR-740,103319372,BANK-VCB-001
ACCT-001908,CUST-001603,CUSTOMER,PAYMENT,VND,2025-04-12T01:59:59Z,ACTIVE,BR-278,87575266,BANK-VCB-001
ACCT-001909,CUST-001604,CUSTOMER,SAVINGS,VND,2025-09-26T11:59:59Z,ACTIVE,BR-307,30380566,BANK-VCB-001
ACCT-001910,CUST-001605,CUSTOMER,PAYMENT,VND,2025-07-16T03:59:59Z,ACTIVE,BR-381,57675444,BANK-VCB-001
ACCT-001911,CUST-001605,CUSTOMER,SAVINGS,VND,2024-02-14T10:59:59Z,ACTIVE,BR-676,61706417,BANK-TCB-002
ACCT-001912,CUST-001606,CUSTOMER,PAYMENT,VND,2023-08-13T01:59:59Z,ACTIVE,BR-552,52909221,BANK-TCB-002
ACCT-001913,CUST-001607,CUSTOMER,PAYMENT,VND,2022-01-15T23:59:59Z,ACTIVE,BR-304,76787957,BANK-MBB-003
ACCT-001914,CUST-001608,CUSTOMER,PAYMENT,VND,2024-08-28T01:59:59Z,ACTIVE,BR-542,23227467,BANK-VCB-001
ACCT-001915,CUST-001609,CUSTOMER,SAVINGS,VND,2024-09-02T03:59:59Z,ACTIVE,BR-472,183811868,BANK-VCB-001
ACCT-001916,CUST-001610,CUSTOMER,SAVINGS,VND,2025-02-23T02:59:59Z,ACTIVE,BR-431,35280142,BANK-ACB-004
ACCT-001917,CUST-001611,CUSTOMER,PAYMENT,VND,2023-05-07T11:59:59Z,ACTIVE,BR-886,13154793,BANK-VPB-005
ACCT-001918,CUST-001612,CUSTOMER,PAYMENT,VND,2024-09-23T23:59:59Z,ACTIVE,BR-366,23622323,BANK-VPB-005
ACCT-001919,CUST-001613,CUSTOMER,PAYMENT,VND,2025-05-15T23:59:59Z,ACTIVE,BR-252,61337170,BANK-ACB-004
ACCT-001920,CUST-001614,CUSTOMER,PAYMENT,VND,2023-12-26T06:59:59Z,ACTIVE,BR-171,16317060,BANK-VPB-005
ACCT-001921,CUST-001615,CUSTOMER,PAYMENT,VND,2022-11-29T06:59:59Z,ACTIVE,BR-136,75199606,BANK-VCB-001
ACCT-001922,CUST-001616,CUSTOMER,PAYMENT,VND,2025-07-07T06:59:59Z,ACTIVE,BR-650,27360785,BANK-VPB-005
ACCT-001923,CUST-001617,CUSTOMER,PAYMENT,VND,2025-01-23T02:59:59Z,ACTIVE,BR-885,70526336,BANK-VCB-001
ACCT-001924,CUST-001618,CUSTOMER,PAYMENT,VND,2023-09-10T06:59:59Z,ACTIVE,BR-783,28546743,BANK-MBB-003
ACCT-001925,CUST-001618,CUSTOMER,PAYMENT,VND,2025-05-25T03:59:59Z,ACTIVE,BR-354,81802850,BANK-MBB-003
ACCT-001926,CUST-001619,CUSTOMER,SAVINGS,VND,2023-05-01T23:59:59Z,ACTIVE,BR-687,19955907,BANK-VPB-005
ACCT-001927,CUST-001620,CUSTOMER,PAYMENT,VND,2025-06-29T00:59:59Z,ACTIVE,BR-583,31829941,BANK-ACB-004
ACCT-001928,CUST-001621,CUSTOMER,PAYMENT,VND,2022-06-17T23:59:59Z,ACTIVE,BR-942,29747614,BANK-MBB-003
ACCT-001929,CUST-001622,CUSTOMER,PAYMENT,VND,2025-02-02T01:59:59Z,ACTIVE,BR-320,82084975,BANK-VPB-005
ACCT-001930,CUST-001622,CUSTOMER,PAYMENT,VND,2024-09-10T07:59:59Z,ACTIVE,BR-130,40388232,BANK-TCB-002
ACCT-001931,CUST-001623,CUSTOMER,PAYMENT,VND,2025-06-12T06:59:59Z,ACTIVE,BR-757,77642604,BANK-VPB-005
ACCT-001932,CUST-001624,CUSTOMER,PAYMENT,VND,2022-10-23T04:59:59Z,ACTIVE,BR-125,5653699,BANK-MBB-003
ACCT-001933,CUST-001625,CUSTOMER,PAYMENT,VND,2025-05-14T07:59:59Z,ACTIVE,BR-802,69313131,BANK-MBB-003
ACCT-001934,CUST-001626,CUSTOMER,PAYMENT,VND,2023-06-18T11:59:59Z,ACTIVE,BR-667,9198049,BANK-MBB-003
ACCT-001935,CUST-001626,CUSTOMER,PAYMENT,VND,2023-03-05T03:59:59Z,ACTIVE,BR-526,11905435,BANK-MBB-003
ACCT-001936,CUST-001627,CUSTOMER,PAYMENT,VND,2024-12-07T06:59:59Z,ACTIVE,BR-294,25971242,BANK-TCB-002
ACCT-001937,CUST-001627,CUSTOMER,SAVINGS,VND,2024-04-09T05:59:59Z,ACTIVE,BR-936,39087008,BANK-TCB-002
ACCT-001938,CUST-001628,CUSTOMER,PAYMENT,VND,2024-06-30T23:59:59Z,ACTIVE,BR-195,40401092,BANK-ACB-004
ACCT-001939,CUST-001629,CUSTOMER,PAYMENT,VND,2025-09-05T10:59:59Z,ACTIVE,BR-242,68149035,BANK-MBB-003
ACCT-001940,CUST-001630,CUSTOMER,SAVINGS,VND,2025-01-12T07:59:59Z,ACTIVE,BR-517,45055321,BANK-VCB-001
ACCT-001941,CUST-001631,CUSTOMER,PAYMENT,VND,2023-01-16T01:59:59Z,ACTIVE,BR-171,927762,BANK-VCB-001
ACCT-001942,CUST-001632,CUSTOMER,PAYMENT,VND,2021-06-29T11:59:59Z,ACTIVE,BR-953,41303952,BANK-VCB-001
ACCT-001943,CUST-001633,CUSTOMER,PAYMENT,VND,2022-03-30T10:59:59Z,ACTIVE,BR-282,8155475,BANK-ACB-004
ACCT-001944,CUST-001634,CUSTOMER,SAVINGS,VND,2021-11-13T08:59:59Z,ACTIVE,BR-764,58661335,BANK-VPB-005
ACCT-001945,CUST-001635,CUSTOMER,PAYMENT,VND,2022-06-08T05:59:59Z,ACTIVE,BR-674,15396419,BANK-ACB-004
ACCT-001946,CUST-001636,CUSTOMER,PAYMENT,VND,2023-07-18T10:59:59Z,ACTIVE,BR-299,11329269,BANK-ACB-004
ACCT-001947,CUST-001636,CUSTOMER,SAVINGS,VND,2023-11-30T00:59:59Z,ACTIVE,BR-363,22554182,BANK-MBB-003
ACCT-001948,CUST-001637,CUSTOMER,PAYMENT,VND,2024-07-29T01:59:59Z,ACTIVE,BR-780,89751704,BANK-VCB-001
ACCT-001949,CUST-001638,CUSTOMER,PAYMENT,VND,2025-09-02T07:59:59Z,ACTIVE,BR-686,86608513,BANK-TCB-002
ACCT-001950,CUST-001639,CUSTOMER,PAYMENT,VND,2025-09-29T00:59:59Z,ACTIVE,BR-885,70975883,BANK-TCB-002
ACCT-001951,CUST-001640,CUSTOMER,PAYMENT,VND,2025-09-09T11:59:59Z,ACTIVE,BR-169,71045566,BANK-TCB-002
ACCT-001952,CUST-001641,CUSTOMER,PAYMENT,VND,2024-11-02T08:59:59Z,ACTIVE,BR-416,61265612,BANK-VCB-001
ACCT-001953,CUST-001642,CUSTOMER,PAYMENT,VND,2022-05-29T23:59:59Z,ACTIVE,BR-849,5225370,BANK-MBB-003
ACCT-001954,CUST-001643,CUSTOMER,PAYMENT,VND,2021-04-02T08:59:59Z,ACTIVE,BR-796,92522396,BANK-ACB-004
ACCT-001955,CUST-001644,CUSTOMER,PAYMENT,VND,2024-11-22T10:59:59Z,ACTIVE,BR-360,178295456,BANK-VCB-001
ACCT-001956,CUST-001644,CUSTOMER,PAYMENT,VND,2024-08-16T00:59:59Z,ACTIVE,BR-891,134433845,BANK-VPB-005
ACCT-001957,CUST-001645,CUSTOMER,SAVINGS,VND,2024-12-22T02:59:59Z,ACTIVE,BR-941,92061121,BANK-ACB-004
ACCT-001958,CUST-001646,CUSTOMER,PAYMENT,VND,2025-02-04T08:59:59Z,ACTIVE,BR-630,12691385,BANK-TCB-002
ACCT-001959,CUST-001647,CUSTOMER,PAYMENT,VND,2025-02-23T01:59:59Z,ACTIVE,BR-844,14769751,BANK-TCB-002
ACCT-001960,CUST-001648,CUSTOMER,PAYMENT,VND,2025-05-20T06:59:59Z,ACTIVE,BR-236,44905391,BANK-VPB-005
ACCT-001961,CUST-001648,CUSTOMER,PAYMENT,VND,2025-02-22T04:59:59Z,ACTIVE,BR-841,18054921,BANK-ACB-004
ACCT-001962,CUST-001649,CUSTOMER,PAYMENT,VND,2025-10-05T03:59:59Z,ACTIVE,BR-970,6795849,BANK-MBB-003
ACCT-001963,CUST-001650,CUSTOMER,PAYMENT,VND,2024-08-30T01:59:59Z,ACTIVE,BR-752,4964287,BANK-TCB-002
ACCT-001964,CUST-001651,CUSTOMER,PAYMENT,VND,2025-03-11T10:59:59Z,ACTIVE,BR-415,51820841,BANK-ACB-004
ACCT-001965,CUST-001652,CUSTOMER,PAYMENT,VND,2025-04-19T02:59:59Z,ACTIVE,BR-143,15670103,BANK-VPB-005
ACCT-001966,CUST-001653,CUSTOMER,SAVINGS,VND,2025-05-20T10:59:59Z,ACTIVE,BR-346,56762834,BANK-TCB-002
ACCT-001967,CUST-001654,CUSTOMER,PAYMENT,VND,2025-06-22T04:59:59Z,ACTIVE,BR-379,69054544,BANK-VPB-005
ACCT-001968,CUST-001655,CUSTOMER,PAYMENT,VND,2022-04-12T05:59:59Z,ACTIVE,BR-487,61180554,BANK-MBB-003
ACCT-001969,CUST-001656,CUSTOMER,PAYMENT,VND,2025-04-21T05:59:59Z,ACTIVE,BR-688,62212749,BANK-MBB-003
ACCT-001970,CUST-001657,CUSTOMER,PAYMENT,VND,2025-07-08T03:59:59Z,ACTIVE,BR-698,16849845,BANK-ACB-004
ACCT-001971,CUST-001658,CUSTOMER,SAVINGS,VND,2025-10-02T03:59:59Z,ACTIVE,BR-408,4065251,BANK-TCB-002
ACCT-001972,CUST-001659,CUSTOMER,PAYMENT,VND,2023-07-15T00:59:59Z,ACTIVE,BR-304,39339920,BANK-MBB-003
ACCT-001973,CUST-001660,CUSTOMER,SAVINGS,VND,2024-06-03T10:59:59Z,ACTIVE,BR-413,22878592,BANK-VCB-001
ACCT-001974,CUST-001661,CUSTOMER,PAYMENT,VND,2020-12-10T23:59:59Z,ACTIVE,BR-422,73946599,BANK-TCB-002
ACCT-001975,CUST-001662,CUSTOMER,PAYMENT,VND,2021-08-23T23:59:59Z,ACTIVE,BR-882,72405321,BANK-VCB-001
ACCT-001976,CUST-001663,CUSTOMER,PAYMENT,VND,2024-10-17T02:59:59Z,ACTIVE,BR-509,15139867,BANK-MBB-003
ACCT-001977,CUST-001664,CUSTOMER,PAYMENT,VND,2023-09-30T08:59:59Z,ACTIVE,BR-592,77065520,BANK-TCB-002
ACCT-001978,CUST-001665,CUSTOMER,PAYMENT,VND,2021-06-28T08:59:59Z,ACTIVE,BR-428,9451382,BANK-VCB-001
ACCT-001979,CUST-001666,CUSTOMER,SAVINGS,VND,2025-09-18T02:59:59Z,ACTIVE,BR-655,15245773,BANK-VCB-001
ACCT-001980,CUST-001666,CUSTOMER,SAVINGS,VND,2025-08-25T23:59:59Z,ACTIVE,BR-160,82239831,BANK-MBB-003
ACCT-001981,CUST-001667,CUSTOMER,PAYMENT,VND,2024-10-30T04:59:59Z,ACTIVE,BR-314,52983690,BANK-VCB-001
ACCT-001982,CUST-001668,CUSTOMER,PAYMENT,VND,2023-05-07T23:59:59Z,ACTIVE,BR-845,45042326,BANK-TCB-002
ACCT-001983,CUST-001668,CUSTOMER,PAYMENT,VND,2022-01-19T09:59:59Z,ACTIVE,BR-429,49642073,BANK-VPB-005
ACCT-001984,CUST-001669,CUSTOMER,SAVINGS,VND,2021-02-21T02:59:59Z,ACTIVE,BR-911,18372061,BANK-TCB-002
ACCT-001985,CUST-001670,CUSTOMER,PAYMENT,VND,2025-01-10T04:59:59Z,ACTIVE,BR-728,52886986,BANK-VPB-005
ACCT-001986,CUST-001671,CUSTOMER,SAVINGS,VND,2024-04-20T08:59:59Z,ACTIVE,BR-722,40969068,BANK-VCB-001
ACCT-001987,CUST-001672,CUSTOMER,PAYMENT,VND,2025-03-15T05:59:59Z,ACTIVE,BR-488,96611534,BANK-TCB-002
ACCT-001988,CUST-001673,CUSTOMER,PAYMENT,VND,2024-01-18T07:59:59Z,ACTIVE,BR-885,183380018,BANK-ACB-004
ACCT-001989,CUST-001673,CUSTOMER,PAYMENT,VND,2024-01-30T07:59:59Z,ACTIVE,BR-810,76805755,BANK-TCB-002
ACCT-001990,CUST-001674,CUSTOMER,PAYMENT,VND,2024-07-05T02:59:59Z,ACTIVE,BR-997,116545216,BANK-VCB-001
ACCT-001991,CUST-001675,CUSTOMER,PAYMENT,VND,2024-12-26T10:59:59Z,ACTIVE,BR-693,21256085,BANK-ACB-004
ACCT-001992,CUST-001675,CUSTOMER,PAYMENT,VND,2020-09-30T09:59:59Z,ACTIVE,BR-954,14832582,BANK-MBB-003
ACCT-001993,CUST-001676,CUSTOMER,PAYMENT,VND,2025-08-07T07:59:59Z,ACTIVE,BR-985,11482360,BANK-VCB-001
ACCT-001994,CUST-001677,CUSTOMER,PAYMENT,VND,2025-06-18T05:59:59Z,ACTIVE,BR-218,28855489,BANK-ACB-004
ACCT-001995,CUST-001677,CUSTOMER,PAYMENT,VND,2025-06-03T06:59:59Z,ACTIVE,BR-313,21389988,BANK-MBB-003
ACCT-001996,CUST-001678,CUSTOMER,SAVINGS,VND,2024-12-25T11:59:59Z,ACTIVE,BR-985,51989012,BANK-VCB-001
ACCT-001997,CUST-001679,CUSTOMER,PAYMENT,VND,2025-01-22T09:59:59Z,ACTIVE,BR-329,56320996,BANK-ACB-004
ACCT-001998,CUST-001679,CUSTOMER,PAYMENT,VND,2025-07-15T00:59:59Z,ACTIVE,BR-839,30233614,BANK-VCB-001
ACCT-001999,CUST-001680,CUSTOMER,PAYMENT,VND,2025-05-16T03:59:59Z,ACTIVE,BR-488,12385369,BANK-ACB-004
ACCT-002000,CUST-001681,CUSTOMER,PAYMENT,VND,2025-05-27T08:59:59Z,ACTIVE,BR-282,32021867,BANK-ACB-004
ACCT-002001,CUST-001681,CUSTOMER,PAYMENT,VND,2025-06-22T08:59:59Z,ACTIVE,BR-881,39610624,BANK-VCB-001
ACCT-002002,CUST-001682,CUSTOMER,PAYMENT,VND,2023-01-27T23:59:59Z,ACTIVE,BR-845,44116685,BANK-ACB-004
ACCT-002003,CUST-001682,CUSTOMER,PAYMENT,VND,2021-08-27T23:59:59Z,ACTIVE,BR-710,79250565,BANK-MBB-003
ACCT-002004,CUST-001683,CUSTOMER,PAYMENT,VND,2024-06-11T03:59:59Z,ACTIVE,BR-325,131265711,BANK-MBB-003
ACCT-002005,CUST-001684,CUSTOMER,PAYMENT,VND,2025-05-06T23:59:59Z,ACTIVE,BR-211,44759236,BANK-VPB-005
ACCT-002006,CUST-001685,CUSTOMER,PAYMENT,VND,2024-07-23T04:59:59Z,ACTIVE,BR-736,37824611,BANK-ACB-004
ACCT-002007,CUST-001686,CUSTOMER,PAYMENT,VND,2024-05-23T04:59:59Z,ACTIVE,BR-559,8945079,BANK-VCB-001
ACCT-002008,CUST-001687,CUSTOMER,PAYMENT,VND,2025-03-18T04:59:59Z,ACTIVE,BR-367,48111251,BANK-MBB-003
ACCT-002009,CUST-001688,CUSTOMER,PAYMENT,VND,2025-02-28T07:59:59Z,ACTIVE,BR-244,53426701,BANK-VCB-001
ACCT-002010,CUST-001689,CUSTOMER,SAVINGS,VND,2024-09-25T04:59:59Z,ACTIVE,BR-102,70294788,BANK-VPB-005
ACCT-002011,CUST-001690,CUSTOMER,SAVINGS,VND,2024-05-30T06:59:59Z,ACTIVE,BR-163,10625343,BANK-VPB-005
ACCT-002012,CUST-001691,CUSTOMER,PAYMENT,VND,2024-10-18T08:59:59Z,ACTIVE,BR-495,75979965,BANK-MBB-003
ACCT-002013,CUST-001692,CUSTOMER,PAYMENT,VND,2025-09-09T05:59:59Z,ACTIVE,BR-200,128643148,BANK-TCB-002
ACCT-002014,CUST-001693,CUSTOMER,PAYMENT,VND,2024-11-24T11:59:59Z,ACTIVE,BR-806,57276918,BANK-TCB-002
ACCT-002015,CUST-001694,CUSTOMER,PAYMENT,VND,2024-07-26T02:59:59Z,ACTIVE,BR-415,8198835,BANK-MBB-003
ACCT-002016,CUST-001695,CUSTOMER,PAYMENT,VND,2024-01-27T09:59:59Z,ACTIVE,BR-301,16208190,BANK-MBB-003
ACCT-002017,CUST-001696,CUSTOMER,SAVINGS,VND,2025-03-07T08:59:59Z,ACTIVE,BR-332,30609772,BANK-VPB-005
ACCT-002018,CUST-001697,CUSTOMER,SAVINGS,VND,2023-01-28T06:59:59Z,ACTIVE,BR-913,73684786,BANK-TCB-002
ACCT-002019,CUST-001698,CUSTOMER,SAVINGS,VND,2025-07-30T00:59:59Z,ACTIVE,BR-860,60925081,BANK-MBB-003
ACCT-002020,CUST-001699,CUSTOMER,PAYMENT,VND,2024-12-22T23:59:59Z,ACTIVE,BR-773,26575893,BANK-VPB-005
ACCT-002021,CUST-001700,CUSTOMER,PAYMENT,VND,2025-09-06T06:59:59Z,ACTIVE,BR-387,15004802,BANK-ACB-004
ACCT-002022,CUST-001701,CUSTOMER,PAYMENT,VND,2023-11-05T02:59:59Z,ACTIVE,BR-732,9266411,BANK-TCB-002
ACCT-002023,CUST-001702,CUSTOMER,PAYMENT,VND,2025-10-13T01:59:59Z,ACTIVE,BR-337,43114214,BANK-TCB-002
ACCT-002024,CUST-001703,CUSTOMER,PAYMENT,VND,2025-04-06T23:59:59Z,ACTIVE,BR-320,74395987,BANK-MBB-003
ACCT-002025,CUST-001704,CUSTOMER,SAVINGS,VND,2023-04-18T08:59:59Z,ACTIVE,BR-501,57261379,BANK-VCB-001
ACCT-002026,CUST-001705,CUSTOMER,PAYMENT,VND,2025-09-22T02:59:59Z,ACTIVE,BR-735,24812401,BANK-TCB-002
ACCT-002027,CUST-001705,CUSTOMER,PAYMENT,VND,2025-09-03T08:59:59Z,ACTIVE,BR-385,72417050,BANK-ACB-004
ACCT-002028,CUST-001706,CUSTOMER,PAYMENT,VND,2023-10-22T11:59:59Z,ACTIVE,BR-833,106609145,BANK-ACB-004
ACCT-002029,CUST-001707,CUSTOMER,PAYMENT,VND,2024-12-25T02:59:59Z,ACTIVE,BR-616,77811526,BANK-ACB-004
ACCT-002030,CUST-001708,CUSTOMER,PAYMENT,VND,2025-02-20T04:59:59Z,ACTIVE,BR-946,68728847,BANK-VPB-005
ACCT-002031,CUST-001709,CUSTOMER,PAYMENT,VND,2024-01-25T07:59:59Z,ACTIVE,BR-756,28700486,BANK-VPB-005
ACCT-002032,CUST-001710,CUSTOMER,PAYMENT,VND,2024-04-08T03:59:59Z,ACTIVE,BR-607,22442603,BANK-ACB-004
ACCT-002033,CUST-001710,CUSTOMER,PAYMENT,VND,2024-05-30T08:59:59Z,ACTIVE,BR-867,21327257,BANK-VPB-005
ACCT-002034,CUST-001711,CUSTOMER,PAYMENT,VND,2025-03-25T03:59:59Z,ACTIVE,BR-404,35509009,BANK-ACB-004
ACCT-002035,CUST-001712,CUSTOMER,PAYMENT,VND,2022-12-24T06:59:59Z,ACTIVE,BR-655,17947383,BANK-VCB-001
ACCT-002036,CUST-001713,CUSTOMER,PAYMENT,VND,2022-03-06T03:59:59Z,ACTIVE,BR-557,20603197,BANK-MBB-003
ACCT-002037,CUST-001714,CUSTOMER,PAYMENT,VND,2020-07-28T07:59:59Z,ACTIVE,BR-800,31719204,BANK-VCB-001
ACCT-002038,CUST-001715,CUSTOMER,PAYMENT,VND,2023-03-24T00:59:59Z,ACTIVE,BR-624,24215623,BANK-MBB-003
ACCT-002039,CUST-001716,CUSTOMER,PAYMENT,VND,2024-06-14T09:59:59Z,ACTIVE,BR-850,37685599,BANK-MBB-003
ACCT-002040,CUST-001716,CUSTOMER,PAYMENT,VND,2025-04-26T00:59:59Z,ACTIVE,BR-370,71052177,BANK-VCB-001
ACCT-002041,CUST-001717,CUSTOMER,PAYMENT,VND,2025-04-05T04:59:59Z,ACTIVE,BR-655,17283191,BANK-TCB-002
ACCT-002042,CUST-001718,CUSTOMER,PAYMENT,VND,2024-12-22T08:59:59Z,ACTIVE,BR-751,26633152,BANK-VCB-001
ACCT-002043,CUST-001719,CUSTOMER,SAVINGS,VND,2025-02-20T03:59:59Z,ACTIVE,BR-930,88686715,BANK-MBB-003
ACCT-002044,CUST-001720,CUSTOMER,SAVINGS,VND,2025-07-14T05:59:59Z,ACTIVE,BR-450,35757252,BANK-ACB-004
ACCT-002045,CUST-001720,CUSTOMER,SAVINGS,VND,2025-08-16T02:59:59Z,ACTIVE,BR-410,67988278,BANK-VCB-001
ACCT-002046,CUST-001721,CUSTOMER,PAYMENT,VND,2025-09-06T23:59:59Z,ACTIVE,BR-881,30883336,BANK-ACB-004
ACCT-002047,CUST-001721,CUSTOMER,PAYMENT,VND,2025-10-07T01:59:59Z,ACTIVE,BR-289,55571501,BANK-VPB-005
ACCT-002048,CUST-001722,CUSTOMER,SAVINGS,VND,2024-04-03T10:59:59Z,ACTIVE,BR-977,3991502,BANK-TCB-002
ACCT-002049,CUST-001723,CUSTOMER,SAVINGS,VND,2024-11-05T00:59:59Z,ACTIVE,BR-776,64663042,BANK-VPB-005
ACCT-002050,CUST-001724,CUSTOMER,SAVINGS,VND,2025-09-04T11:59:59Z,ACTIVE,BR-749,193101777,BANK-ACB-004
ACCT-002051,CUST-001725,CUSTOMER,PAYMENT,VND,2024-08-23T04:59:59Z,ACTIVE,BR-470,18401243,BANK-MBB-003
ACCT-002052,CUST-001726,CUSTOMER,PAYMENT,VND,2023-05-10T01:59:59Z,ACTIVE,BR-164,53755757,BANK-VPB-005
ACCT-002053,CUST-001727,CUSTOMER,PAYMENT,VND,2025-10-07T09:59:59Z,ACTIVE,BR-894,74447968,BANK-MBB-003
ACCT-002054,CUST-001728,CUSTOMER,PAYMENT,VND,2022-10-04T01:59:59Z,ACTIVE,BR-594,10757413,BANK-ACB-004
ACCT-002055,CUST-001729,CUSTOMER,PAYMENT,VND,2022-12-29T04:59:59Z,ACTIVE,BR-390,13808115,BANK-VPB-005
ACCT-002056,CUST-001730,CUSTOMER,SAVINGS,VND,2025-06-13T04:59:59Z,ACTIVE,BR-261,86473117,BANK-TCB-002
ACCT-002057,CUST-001731,CUSTOMER,PAYMENT,VND,2022-02-21T03:59:59Z,ACTIVE,BR-282,72376013,BANK-ACB-004
ACCT-002058,CUST-001732,CUSTOMER,PAYMENT,VND,2025-05-25T08:59:59Z,ACTIVE,BR-511,72641508,BANK-VPB-005
ACCT-002059,CUST-001733,CUSTOMER,PAYMENT,VND,2023-02-15T09:59:59Z,ACTIVE,BR-566,12022720,BANK-TCB-002
ACCT-002060,CUST-001733,CUSTOMER,PAYMENT,VND,2025-04-11T05:59:59Z,ACTIVE,BR-152,2951467,BANK-TCB-002
ACCT-002061,CUST-001734,CUSTOMER,PAYMENT,VND,2024-07-17T09:59:59Z,ACTIVE,BR-980,32953985,BANK-VPB-005
ACCT-002062,CUST-001735,CUSTOMER,SAVINGS,VND,2024-01-31T06:59:59Z,ACTIVE,BR-709,60713429,BANK-TCB-002
ACCT-002063,CUST-001736,CUSTOMER,SAVINGS,VND,2023-06-20T05:59:59Z,ACTIVE,BR-996,21946505,BANK-VCB-001
ACCT-002064,CUST-001737,CUSTOMER,SAVINGS,VND,2024-05-23T09:59:59Z,ACTIVE,BR-915,68451588,BANK-MBB-003
ACCT-002065,CUST-001738,CUSTOMER,PAYMENT,VND,2023-07-26T02:59:59Z,ACTIVE,BR-342,70952016,BANK-VCB-001
ACCT-002066,CUST-001739,CUSTOMER,PAYMENT,VND,2023-12-29T05:59:59Z,ACTIVE,BR-537,14905063,BANK-VPB-005
ACCT-002067,CUST-001740,CUSTOMER,PAYMENT,VND,2023-03-16T01:59:59Z,ACTIVE,BR-947,71633542,BANK-ACB-004
ACCT-002068,CUST-001740,CUSTOMER,SAVINGS,VND,2025-06-17T04:59:59Z,ACTIVE,BR-441,37607286,BANK-VCB-001
ACCT-002069,CUST-001741,CUSTOMER,PAYMENT,VND,2023-09-10T11:59:59Z,ACTIVE,BR-516,87128390,BANK-VPB-005
ACCT-002070,CUST-001742,CUSTOMER,PAYMENT,VND,2025-09-10T01:59:59Z,ACTIVE,BR-499,148039744,BANK-ACB-004
ACCT-002071,CUST-001743,CUSTOMER,PAYMENT,VND,2025-04-14T01:59:59Z,ACTIVE,BR-110,7501320,BANK-VCB-001
ACCT-002072,CUST-001744,CUSTOMER,PAYMENT,VND,2025-03-08T00:59:59Z,ACTIVE,BR-915,53155055,BANK-VPB-005
ACCT-002073,CUST-001745,CUSTOMER,PAYMENT,VND,2024-05-10T06:59:59Z,ACTIVE,BR-190,4452776,BANK-MBB-003
ACCT-002074,CUST-001746,CUSTOMER,PAYMENT,VND,2025-05-14T08:59:59Z,ACTIVE,BR-446,64713554,BANK-MBB-003
ACCT-002075,CUST-001746,CUSTOMER,PAYMENT,VND,2023-10-09T08:59:59Z,ACTIVE,BR-776,62343314,BANK-MBB-003
ACCT-002076,CUST-001747,CUSTOMER,SAVINGS,VND,2024-01-31T23:59:59Z,ACTIVE,BR-755,68450516,BANK-VCB-001
ACCT-002077,CUST-001747,CUSTOMER,SAVINGS,VND,2024-06-08T02:59:59Z,ACTIVE,BR-199,61105168,BANK-VCB-001
ACCT-002078,CUST-001748,CUSTOMER,PAYMENT,VND,2024-03-28T04:59:59Z,ACTIVE,BR-744,58957893,BANK-MBB-003
ACCT-002079,CUST-001748,CUSTOMER,PAYMENT,VND,2023-09-18T06:59:59Z,ACTIVE,BR-155,192420003,BANK-TCB-002
ACCT-002080,CUST-001749,CUSTOMER,PAYMENT,VND,2022-05-28T04:59:59Z,ACTIVE,BR-130,20370822,BANK-TCB-002
ACCT-002081,CUST-001750,CUSTOMER,PAYMENT,VND,2025-09-17T02:59:59Z,ACTIVE,BR-176,30578059,BANK-VCB-001
ACCT-002082,CUST-001751,CUSTOMER,PAYMENT,VND,2025-09-13T08:59:59Z,ACTIVE,BR-460,95257266,BANK-VCB-001
ACCT-002083,CUST-001752,CUSTOMER,SAVINGS,VND,2022-07-26T11:59:59Z,ACTIVE,BR-435,3941027,BANK-MBB-003
ACCT-002084,CUST-001753,CUSTOMER,PAYMENT,VND,2022-11-30T07:59:59Z,ACTIVE,BR-903,8912897,BANK-ACB-004
ACCT-002085,CUST-001753,CUSTOMER,SAVINGS,VND,2023-10-28T06:59:59Z,ACTIVE,BR-927,56461538,BANK-ACB-004
ACCT-002086,CUST-001754,CUSTOMER,PAYMENT,VND,2025-02-09T23:59:59Z,ACTIVE,BR-493,78252307,BANK-VCB-001
ACCT-002087,CUST-001755,CUSTOMER,SAVINGS,VND,2023-07-31T23:59:59Z,ACTIVE,BR-396,13041441,BANK-ACB-004
ACCT-002088,CUST-001755,CUSTOMER,PAYMENT,VND,2021-09-19T00:59:59Z,ACTIVE,BR-847,28890155,BANK-VPB-005
ACCT-002089,CUST-001756,CUSTOMER,SAVINGS,VND,2025-04-11T23:59:59Z,ACTIVE,BR-775,13004507,BANK-VCB-001
ACCT-002090,CUST-001757,CUSTOMER,PAYMENT,VND,2025-05-08T23:59:59Z,ACTIVE,BR-306,5721950,BANK-MBB-003
ACCT-002091,CUST-001758,CUSTOMER,SAVINGS,VND,2025-06-20T11:59:59Z,ACTIVE,BR-203,5890138,BANK-TCB-002
ACCT-002092,CUST-001759,CUSTOMER,SAVINGS,VND,2025-09-24T01:59:59Z,ACTIVE,BR-459,7768680,BANK-VCB-001
ACCT-002093,CUST-001760,CUSTOMER,PAYMENT,VND,2024-04-25T01:59:59Z,ACTIVE,BR-168,184769118,BANK-VCB-001
ACCT-002094,CUST-001761,CUSTOMER,PAYMENT,VND,2024-09-01T00:59:59Z,ACTIVE,BR-241,9764457,BANK-VCB-001
ACCT-002095,CUST-001762,CUSTOMER,PAYMENT,VND,2025-10-04T08:59:59Z,ACTIVE,BR-652,113260149,BANK-MBB-003
ACCT-002096,CUST-001763,CUSTOMER,PAYMENT,VND,2024-08-24T09:59:59Z,ACTIVE,BR-309,37194119,BANK-VPB-005
ACCT-002097,CUST-001764,CUSTOMER,SAVINGS,VND,2025-02-24T09:59:59Z,ACTIVE,BR-659,60026370,BANK-VPB-005
ACCT-002098,CUST-001765,CUSTOMER,SAVINGS,VND,2022-03-30T10:59:59Z,ACTIVE,BR-432,84979277,BANK-MBB-003
ACCT-002099,CUST-001766,CUSTOMER,SAVINGS,VND,2025-03-19T09:59:59Z,ACTIVE,BR-721,61931828,BANK-VCB-001
ACCT-002100,CUST-001767,CUSTOMER,PAYMENT,VND,2024-06-22T08:59:59Z,ACTIVE,BR-678,62573057,BANK-MBB-003
ACCT-002101,CUST-001767,CUSTOMER,PAYMENT,VND,2024-12-06T08:59:59Z,ACTIVE,BR-361,39463316,BANK-VPB-005
ACCT-002102,CUST-001768,CUSTOMER,PAYMENT,VND,2025-05-14T02:59:59Z,ACTIVE,BR-436,79221865,BANK-MBB-003
ACCT-002103,CUST-001769,CUSTOMER,PAYMENT,VND,2025-05-29T03:59:59Z,ACTIVE,BR-928,13315691,BANK-TCB-002
ACCT-002104,CUST-001770,CUSTOMER,SAVINGS,VND,2021-12-16T06:59:59Z,ACTIVE,BR-999,68658690,BANK-VCB-001
ACCT-002105,CUST-001771,CUSTOMER,PAYMENT,VND,2025-06-08T09:59:59Z,ACTIVE,BR-769,98545389,BANK-VCB-001
ACCT-002106,CUST-001772,CUSTOMER,PAYMENT,VND,2024-11-03T07:59:59Z,ACTIVE,BR-619,30149312,BANK-VCB-001
ACCT-002107,CUST-001773,CUSTOMER,SAVINGS,VND,2025-06-13T08:59:59Z,ACTIVE,BR-174,9238009,BANK-VPB-005
ACCT-002108,CUST-001774,CUSTOMER,PAYMENT,VND,2025-07-17T07:59:59Z,ACTIVE,BR-811,75434910,BANK-VCB-001
ACCT-002109,CUST-001775,CUSTOMER,PAYMENT,VND,2022-08-30T06:59:59Z,ACTIVE,BR-145,20104675,BANK-VCB-001
ACCT-002110,CUST-001776,CUSTOMER,PAYMENT,VND,2021-02-22T07:59:59Z,ACTIVE,BR-814,40928583,BANK-MBB-003
ACCT-002111,CUST-001777,CUSTOMER,SAVINGS,VND,2024-12-13T04:59:59Z,ACTIVE,BR-457,33910594,BANK-TCB-002
ACCT-002112,CUST-001778,CUSTOMER,SAVINGS,VND,2021-12-22T00:59:59Z,ACTIVE,BR-796,13630201,BANK-VPB-005
ACCT-002113,CUST-001779,CUSTOMER,PAYMENT,VND,2023-11-01T00:59:59Z,ACTIVE,BR-843,41578812,BANK-MBB-003
ACCT-002114,CUST-001780,CUSTOMER,PAYMENT,VND,2025-04-25T01:59:59Z,ACTIVE,BR-172,151019342,BANK-TCB-002
ACCT-002115,CUST-001781,CUSTOMER,PAYMENT,VND,2023-07-14T00:59:59Z,ACTIVE,BR-796,63202542,BANK-TCB-002
ACCT-002116,CUST-001782,CUSTOMER,PAYMENT,VND,2025-04-04T23:59:59Z,ACTIVE,BR-866,73771050,BANK-VPB-005
ACCT-002117,CUST-001783,CUSTOMER,PAYMENT,VND,2025-04-04T09:59:59Z,ACTIVE,BR-345,19335953,BANK-MBB-003
ACCT-002118,CUST-001784,CUSTOMER,PAYMENT,VND,2023-03-01T01:59:59Z,ACTIVE,BR-433,9007268,BANK-MBB-003
ACCT-002119,CUST-001785,CUSTOMER,PAYMENT,VND,2023-04-06T11:59:59Z,ACTIVE,BR-960,30488807,BANK-VCB-001
ACCT-002120,CUST-001786,CUSTOMER,PAYMENT,VND,2025-05-02T02:59:59Z,ACTIVE,BR-173,76979929,BANK-VPB-005
ACCT-002121,CUST-001787,CUSTOMER,PAYMENT,VND,2025-04-23T02:59:59Z,ACTIVE,BR-705,60860056,BANK-VCB-001
ACCT-002122,CUST-001788,CUSTOMER,PAYMENT,VND,2023-03-15T02:59:59Z,ACTIVE,BR-352,66299817,BANK-ACB-004
ACCT-002123,CUST-001788,CUSTOMER,PAYMENT,VND,2023-01-10T11:59:59Z,ACTIVE,BR-901,45818952,BANK-TCB-002
ACCT-002124,CUST-001789,CUSTOMER,PAYMENT,VND,2023-07-22T09:59:59Z,ACTIVE,BR-313,165834777,BANK-TCB-002
ACCT-002125,CUST-001790,CUSTOMER,PAYMENT,VND,2025-10-06T04:59:59Z,ACTIVE,BR-740,51566973,BANK-VCB-001
ACCT-002126,CUST-001791,CUSTOMER,PAYMENT,VND,2024-09-25T23:59:59Z,ACTIVE,BR-939,71421739,BANK-MBB-003
ACCT-002127,CUST-001792,CUSTOMER,PAYMENT,VND,2025-09-03T01:59:59Z,ACTIVE,BR-932,66485780,BANK-VPB-005
ACCT-002128,CUST-001793,CUSTOMER,SAVINGS,VND,2025-01-13T07:59:59Z,ACTIVE,BR-616,18972180,BANK-VPB-005
ACCT-002129,CUST-001793,CUSTOMER,SAVINGS,VND,2025-09-10T10:59:59Z,ACTIVE,BR-975,63952745,BANK-ACB-004
ACCT-002130,CUST-001794,CUSTOMER,PAYMENT,VND,2025-02-14T11:59:59Z,ACTIVE,BR-472,46508227,BANK-VPB-005
ACCT-002131,CUST-001795,CUSTOMER,PAYMENT,VND,2025-09-25T11:59:59Z,ACTIVE,BR-328,24340382,BANK-MBB-003
ACCT-002132,CUST-001796,CUSTOMER,PAYMENT,VND,2025-08-31T05:59:59Z,ACTIVE,BR-832,119111457,BANK-ACB-004
ACCT-002133,CUST-001797,CUSTOMER,PAYMENT,VND,2024-06-25T03:59:59Z,ACTIVE,BR-938,56283834,BANK-VCB-001
ACCT-002134,CUST-001798,CUSTOMER,PAYMENT,VND,2025-10-11T23:59:59Z,ACTIVE,BR-870,68021965,BANK-TCB-002
ACCT-002135,CUST-001799,CUSTOMER,PAYMENT,VND,2023-06-20T02:59:59Z,ACTIVE,BR-219,6552731,BANK-ACB-004
ACCT-002136,CUST-001800,CUSTOMER,SAVINGS,VND,2024-10-16T05:59:59Z,ACTIVE,BR-717,63501018,BANK-TCB-002
ACCT-002137,CUST-001801,CUSTOMER,PAYMENT,VND,2025-07-09T07:59:59Z,ACTIVE,BR-334,29335725,BANK-ACB-004
ACCT-002138,CUST-001802,CUSTOMER,SAVINGS,VND,2023-11-29T08:59:59Z,ACTIVE,BR-506,40640895,BANK-TCB-002
ACCT-002139,CUST-001803,CUSTOMER,PAYMENT,VND,2024-02-27T03:59:59Z,ACTIVE,BR-618,5401211,BANK-ACB-004
ACCT-002140,CUST-001804,CUSTOMER,SAVINGS,VND,2024-11-16T07:59:59Z,ACTIVE,BR-249,10708006,BANK-TCB-002
ACCT-002141,CUST-001804,CUSTOMER,SAVINGS,VND,2024-07-09T09:59:59Z,ACTIVE,BR-293,12925500,BANK-TCB-002
ACCT-002142,CUST-001805,CUSTOMER,SAVINGS,VND,2025-03-03T23:59:59Z,ACTIVE,BR-197,42908564,BANK-TCB-002
ACCT-002143,CUST-001806,CUSTOMER,PAYMENT,VND,2024-08-13T02:59:59Z,ACTIVE,BR-526,76402731,BANK-MBB-003
ACCT-002144,CUST-001807,CUSTOMER,PAYMENT,VND,2024-11-09T10:59:59Z,ACTIVE,BR-272,44901754,BANK-ACB-004
ACCT-002145,CUST-001808,CUSTOMER,PAYMENT,VND,2025-09-01T11:59:59Z,ACTIVE,BR-514,44082928,BANK-VCB-001
ACCT-002146,CUST-001809,CUSTOMER,PAYMENT,VND,2024-01-03T05:59:59Z,ACTIVE,BR-886,99126586,BANK-ACB-004
ACCT-002147,CUST-001810,CUSTOMER,PAYMENT,VND,2023-05-22T06:59:59Z,ACTIVE,BR-324,13375532,BANK-TCB-002
ACCT-002148,CUST-001811,CUSTOMER,SAVINGS,VND,2023-12-13T03:59:59Z,ACTIVE,BR-916,128293581,BANK-MBB-003
ACCT-002149,CUST-001811,CUSTOMER,SAVINGS,VND,2024-04-10T10:59:59Z,ACTIVE,BR-121,124269295,BANK-ACB-004
ACCT-002150,CUST-001812,CUSTOMER,SAVINGS,VND,2025-09-20T09:59:59Z,ACTIVE,BR-885,6509742,BANK-VPB-005
ACCT-002151,CUST-001813,CUSTOMER,SAVINGS,VND,2025-03-06T23:59:59Z,ACTIVE,BR-199,78049736,BANK-VPB-005
ACCT-002152,CUST-001814,CUSTOMER,SAVINGS,VND,2024-09-26T07:59:59Z,ACTIVE,BR-549,72386436,BANK-VCB-001
ACCT-002153,CUST-001815,CUSTOMER,SAVINGS,VND,2022-02-07T01:59:59Z,ACTIVE,BR-340,67071714,BANK-MBB-003
ACCT-002154,CUST-001815,CUSTOMER,SAVINGS,VND,2024-10-16T07:59:59Z,ACTIVE,BR-249,62683408,BANK-ACB-004
ACCT-002155,CUST-001816,CUSTOMER,SAVINGS,VND,2024-09-19T05:59:59Z,ACTIVE,BR-555,61868047,BANK-ACB-004
ACCT-002156,CUST-001817,CUSTOMER,SAVINGS,VND,2025-06-11T04:59:59Z,ACTIVE,BR-163,75070728,BANK-ACB-004
ACCT-002157,CUST-001817,CUSTOMER,PAYMENT,VND,2025-01-11T10:59:59Z,ACTIVE,BR-907,76030624,BANK-MBB-003
ACCT-002158,CUST-001818,CUSTOMER,SAVINGS,VND,2024-11-09T04:59:59Z,ACTIVE,BR-806,14047263,BANK-MBB-003
ACCT-002159,CUST-001819,CUSTOMER,SAVINGS,VND,2024-12-08T05:59:59Z,ACTIVE,BR-246,27619563,BANK-VCB-001
ACCT-002160,CUST-001820,CUSTOMER,SAVINGS,VND,2025-10-05T08:59:59Z,ACTIVE,BR-515,45967841,BANK-TCB-002
ACCT-002161,CUST-001820,CUSTOMER,PAYMENT,VND,2024-12-03T07:59:59Z,ACTIVE,BR-540,11070062,BANK-VPB-005
ACCT-002162,CUST-001821,CUSTOMER,SAVINGS,VND,2025-03-27T02:59:59Z,ACTIVE,BR-243,98744783,BANK-ACB-004
ACCT-002163,CUST-001822,CUSTOMER,PAYMENT,VND,2021-05-08T11:59:59Z,ACTIVE,BR-365,75648796,BANK-MBB-003
ACCT-002164,CUST-001823,CUSTOMER,PAYMENT,VND,2021-09-17T02:59:59Z,ACTIVE,BR-193,48774517,BANK-VPB-005
ACCT-002165,CUST-001824,CUSTOMER,PAYMENT,VND,2025-06-21T05:59:59Z,ACTIVE,BR-333,77407803,BANK-VCB-001
ACCT-002166,CUST-001824,CUSTOMER,PAYMENT,VND,2023-08-06T03:59:59Z,ACTIVE,BR-999,35450379,BANK-ACB-004
ACCT-002167,CUST-001825,CUSTOMER,PAYMENT,VND,2025-03-19T04:59:59Z,ACTIVE,BR-217,55473335,BANK-VPB-005
ACCT-002168,CUST-001826,CUSTOMER,PAYMENT,VND,2025-09-05T10:59:59Z,ACTIVE,BR-451,37154519,BANK-VCB-001
ACCT-002169,CUST-001827,CUSTOMER,PAYMENT,VND,2023-02-08T07:59:59Z,ACTIVE,BR-388,6873470,BANK-TCB-002
ACCT-002170,CUST-001827,CUSTOMER,PAYMENT,VND,2025-01-21T05:59:59Z,ACTIVE,BR-135,14581630,BANK-VCB-001
ACCT-002171,CUST-001828,CUSTOMER,SAVINGS,VND,2024-07-01T09:59:59Z,ACTIVE,BR-686,97358535,BANK-VCB-001
ACCT-002172,CUST-001829,CUSTOMER,SAVINGS,VND,2025-06-18T00:59:59Z,ACTIVE,BR-727,17289637,BANK-VPB-005
ACCT-002173,CUST-001830,CUSTOMER,PAYMENT,VND,2024-07-21T08:59:59Z,ACTIVE,BR-297,62847185,BANK-MBB-003
ACCT-002174,CUST-001831,CUSTOMER,PAYMENT,VND,2025-02-24T11:59:59Z,ACTIVE,BR-786,52865607,BANK-VCB-001
ACCT-002175,CUST-001831,CUSTOMER,PAYMENT,VND,2024-04-09T07:59:59Z,ACTIVE,BR-332,53732571,BANK-VCB-001
ACCT-002176,CUST-001832,CUSTOMER,SAVINGS,VND,2023-11-06T03:59:59Z,ACTIVE,BR-761,32219462,BANK-ACB-004
ACCT-002177,CUST-001832,CUSTOMER,PAYMENT,VND,2023-02-24T00:59:59Z,ACTIVE,BR-638,56968344,BANK-VCB-001
ACCT-002178,CUST-001833,CUSTOMER,PAYMENT,VND,2025-02-11T09:59:59Z,ACTIVE,BR-435,46814719,BANK-VCB-001
ACCT-002179,CUST-001834,CUSTOMER,PAYMENT,VND,2022-09-28T00:59:59Z,ACTIVE,BR-659,37230137,BANK-TCB-002
ACCT-002180,CUST-001835,CUSTOMER,PAYMENT,VND,2020-08-16T23:59:59Z,ACTIVE,BR-765,10223491,BANK-TCB-002
ACCT-002181,CUST-001835,CUSTOMER,PAYMENT,VND,2025-10-01T11:59:59Z,ACTIVE,BR-901,64577801,BANK-VPB-005
ACCT-002182,CUST-001836,CUSTOMER,PAYMENT,VND,2024-01-07T06:59:59Z,ACTIVE,BR-546,64957800,BANK-MBB-003
ACCT-002183,CUST-001837,CUSTOMER,SAVINGS,VND,2025-08-07T10:59:59Z,ACTIVE,BR-122,42834588,BANK-VCB-001
ACCT-002184,CUST-001838,CUSTOMER,PAYMENT,VND,2023-02-12T04:59:59Z,ACTIVE,BR-891,67258162,BANK-TCB-002
ACCT-002185,CUST-001839,CUSTOMER,PAYMENT,VND,2024-05-23T10:59:59Z,ACTIVE,BR-368,142950626,BANK-ACB-004
ACCT-002186,CUST-001840,CUSTOMER,SAVINGS,VND,2025-05-21T02:59:59Z,ACTIVE,BR-624,8129927,BANK-VPB-005
ACCT-002187,CUST-001841,CUSTOMER,PAYMENT,VND,2024-08-28T10:59:59Z,ACTIVE,BR-942,51818273,BANK-TCB-002
ACCT-002188,CUST-001842,CUSTOMER,PAYMENT,VND,2024-06-14T08:59:59Z,ACTIVE,BR-273,14076785,BANK-TCB-002
ACCT-002189,CUST-001843,CUSTOMER,PAYMENT,VND,2022-01-14T03:59:59Z,ACTIVE,BR-854,73096427,BANK-ACB-004
ACCT-002190,CUST-001844,CUSTOMER,PAYMENT,VND,2022-04-09T04:59:59Z,ACTIVE,BR-340,62871443,BANK-VCB-001
ACCT-002191,CUST-001845,CUSTOMER,PAYMENT,VND,2023-01-10T09:59:59Z,ACTIVE,BR-201,103358297,BANK-ACB-004
ACCT-002192,CUST-001846,CUSTOMER,PAYMENT,VND,2025-09-05T00:59:59Z,ACTIVE,BR-243,37766198,BANK-ACB-004
ACCT-002193,CUST-001847,CUSTOMER,PAYMENT,VND,2024-04-25T05:59:59Z,ACTIVE,BR-155,194731533,BANK-VPB-005
ACCT-002194,CUST-001848,CUSTOMER,PAYMENT,VND,2022-07-02T02:59:59Z,ACTIVE,BR-857,54718520,BANK-TCB-002
ACCT-002195,CUST-001849,CUSTOMER,PAYMENT,VND,2021-05-05T00:59:59Z,ACTIVE,BR-130,72331377,BANK-VPB-005
ACCT-002196,CUST-001850,CUSTOMER,PAYMENT,VND,2025-03-09T02:59:59Z,ACTIVE,BR-593,23107795,BANK-VPB-005
ACCT-002197,CUST-001851,CUSTOMER,PAYMENT,VND,2025-07-20T02:59:59Z,ACTIVE,BR-628,13485419,BANK-TCB-002
ACCT-002198,CUST-001852,CUSTOMER,PAYMENT,VND,2025-05-02T00:59:59Z,ACTIVE,BR-265,61742673,BANK-VCB-001
ACCT-002199,CUST-001852,CUSTOMER,PAYMENT,VND,2024-10-20T01:59:59Z,ACTIVE,BR-751,59628459,BANK-VPB-005
ACCT-002200,CUST-001853,CUSTOMER,PAYMENT,VND,2023-07-19T07:59:59Z,ACTIVE,BR-882,34705031,BANK-TCB-002
ACCT-002201,CUST-001854,CUSTOMER,SAVINGS,VND,2025-07-04T11:59:59Z,ACTIVE,BR-283,74699589,BANK-ACB-004
ACCT-002202,CUST-001855,CUSTOMER,PAYMENT,VND,2022-08-01T04:59:59Z,ACTIVE,BR-655,6123267,BANK-MBB-003
ACCT-002203,CUST-001856,CUSTOMER,PAYMENT,VND,2024-01-29T06:59:59Z,ACTIVE,BR-137,63470226,BANK-VPB-005
ACCT-002204,CUST-001857,CUSTOMER,PAYMENT,VND,2025-07-25T08:59:59Z,ACTIVE,BR-528,40510468,BANK-MBB-003
ACCT-002205,CUST-001858,CUSTOMER,PAYMENT,VND,2024-11-17T02:59:59Z,ACTIVE,BR-839,80158862,BANK-VPB-005
ACCT-002206,CUST-001859,CUSTOMER,PAYMENT,VND,2025-07-23T05:59:59Z,ACTIVE,BR-807,39687673,BANK-VCB-001
ACCT-002207,CUST-001860,CUSTOMER,PAYMENT,VND,2025-10-13T01:59:59Z,ACTIVE,BR-248,68323698,BANK-VCB-001
ACCT-002208,CUST-001861,CUSTOMER,PAYMENT,VND,2025-01-30T04:59:59Z,ACTIVE,BR-755,22448394,BANK-TCB-002
ACCT-002209,CUST-001862,CUSTOMER,PAYMENT,VND,2025-09-08T07:59:59Z,ACTIVE,BR-496,45422818,BANK-ACB-004
ACCT-002210,CUST-001863,CUSTOMER,PAYMENT,VND,2024-11-03T05:59:59Z,ACTIVE,BR-737,19463901,BANK-MBB-003
ACCT-002211,CUST-001864,CUSTOMER,PAYMENT,VND,2025-05-21T07:59:59Z,ACTIVE,BR-837,93884038,BANK-VPB-005
ACCT-002212,CUST-001865,CUSTOMER,SAVINGS,VND,2023-12-05T23:59:59Z,ACTIVE,BR-970,41396853,BANK-VPB-005
ACCT-002213,CUST-001866,CUSTOMER,PAYMENT,VND,2023-06-18T03:59:59Z,ACTIVE,BR-680,7569611,BANK-ACB-004
ACCT-002214,CUST-001867,CUSTOMER,PAYMENT,VND,2025-04-19T02:59:59Z,ACTIVE,BR-294,3391679,BANK-ACB-004
ACCT-002215,CUST-001868,CUSTOMER,PAYMENT,VND,2025-04-13T09:59:59Z,ACTIVE,BR-173,9002645,BANK-VCB-001
ACCT-002216,CUST-001869,CUSTOMER,PAYMENT,VND,2023-05-13T08:59:59Z,ACTIVE,BR-413,33320891,BANK-MBB-003
ACCT-002217,CUST-001870,CUSTOMER,PAYMENT,VND,2022-10-04T04:59:59Z,ACTIVE,BR-160,40986921,BANK-VPB-005
ACCT-002218,CUST-001871,CUSTOMER,SAVINGS,VND,2025-06-20T11:59:59Z,ACTIVE,BR-225,6378395,BANK-ACB-004
ACCT-002219,CUST-001871,CUSTOMER,PAYMENT,VND,2023-11-21T05:59:59Z,ACTIVE,BR-280,4808990,BANK-VCB-001
ACCT-002220,CUST-001872,CUSTOMER,PAYMENT,VND,2022-10-15T09:59:59Z,ACTIVE,BR-527,50552930,BANK-VPB-005
ACCT-002221,CUST-001872,CUSTOMER,PAYMENT,VND,2023-10-27T07:59:59Z,ACTIVE,BR-282,52233011,BANK-TCB-002
ACCT-002222,CUST-001873,CUSTOMER,PAYMENT,VND,2025-07-23T23:59:59Z,ACTIVE,BR-319,45385542,BANK-MBB-003
ACCT-002223,CUST-001874,CUSTOMER,PAYMENT,VND,2025-07-25T10:59:59Z,ACTIVE,BR-646,148017686,BANK-MBB-003
ACCT-002224,CUST-001875,CUSTOMER,SAVINGS,VND,2025-07-22T10:59:59Z,ACTIVE,BR-607,76555083,BANK-VCB-001
ACCT-002225,CUST-001876,CUSTOMER,PAYMENT,VND,2024-06-20T10:59:59Z,ACTIVE,BR-233,59043528,BANK-VPB-005
ACCT-002226,CUST-001877,CUSTOMER,PAYMENT,VND,2025-08-29T11:59:59Z,ACTIVE,BR-619,6595232,BANK-VCB-001
ACCT-002227,CUST-001878,CUSTOMER,PAYMENT,VND,2025-06-02T02:59:59Z,ACTIVE,BR-534,9345269,BANK-TCB-002
ACCT-002228,CUST-001879,CUSTOMER,SAVINGS,VND,2025-09-02T10:59:59Z,ACTIVE,BR-579,9702263,BANK-ACB-004
ACCT-002229,CUST-001880,CUSTOMER,SAVINGS,VND,2025-08-11T11:59:59Z,ACTIVE,BR-404,33861577,BANK-TCB-002
ACCT-002230,CUST-001881,CUSTOMER,PAYMENT,VND,2025-04-24T10:59:59Z,ACTIVE,BR-446,12205569,BANK-MBB-003
ACCT-002231,CUST-001882,CUSTOMER,PAYMENT,VND,2023-12-23T00:59:59Z,ACTIVE,BR-311,93210322,BANK-TCB-002
ACCT-002232,CUST-001883,CUSTOMER,PAYMENT,VND,2024-01-05T02:59:59Z,ACTIVE,BR-800,68072484,BANK-TCB-002
ACCT-002233,CUST-001884,CUSTOMER,SAVINGS,VND,2022-01-15T08:59:59Z,ACTIVE,BR-613,35074110,BANK-VCB-001
ACCT-002234,CUST-001885,CUSTOMER,PAYMENT,VND,2024-07-05T02:59:59Z,ACTIVE,BR-500,7717655,BANK-TCB-002
ACCT-002235,CUST-001886,CUSTOMER,PAYMENT,VND,2025-07-26T09:59:59Z,ACTIVE,BR-964,47518322,BANK-VPB-005
ACCT-002236,CUST-001887,CUSTOMER,PAYMENT,VND,2022-10-01T05:59:59Z,ACTIVE,BR-185,55425567,BANK-TCB-002
ACCT-002237,CUST-001887,CUSTOMER,PAYMENT,VND,2024-10-24T10:59:59Z,ACTIVE,BR-585,100309991,BANK-ACB-004
ACCT-002238,CUST-001888,CUSTOMER,PAYMENT,VND,2025-02-16T10:59:59Z,ACTIVE,BR-132,122420530,BANK-TCB-002
ACCT-002239,CUST-001889,CUSTOMER,PAYMENT,VND,2022-12-16T01:59:59Z,ACTIVE,BR-192,12193673,BANK-VCB-001
ACCT-002240,CUST-001890,CUSTOMER,PAYMENT,VND,2025-06-21T07:59:59Z,ACTIVE,BR-332,27106685,BANK-ACB-004
ACCT-002241,CUST-001891,CUSTOMER,SAVINGS,VND,2021-04-25T00:59:59Z,ACTIVE,BR-389,78245363,BANK-VCB-001
ACCT-002242,CUST-001892,CUSTOMER,PAYMENT,VND,2024-12-23T10:59:59Z,ACTIVE,BR-662,37376943,BANK-VCB-001
ACCT-002243,CUST-001893,CUSTOMER,SAVINGS,VND,2025-04-05T10:59:59Z,ACTIVE,BR-762,8270695,BANK-VCB-001
ACCT-002244,CUST-001894,CUSTOMER,PAYMENT,VND,2022-05-21T11:59:59Z,ACTIVE,BR-377,19763349,BANK-VPB-005
ACCT-002245,CUST-001895,CUSTOMER,PAYMENT,VND,2025-03-23T07:59:59Z,ACTIVE,BR-524,47635163,BANK-ACB-004
ACCT-002246,CUST-001896,CUSTOMER,SAVINGS,VND,2024-08-01T02:59:59Z,ACTIVE,BR-338,38318660,BANK-ACB-004
ACCT-002247,CUST-001897,CUSTOMER,SAVINGS,VND,2024-03-09T07:59:59Z,ACTIVE,BR-752,151914841,BANK-ACB-004
ACCT-002248,CUST-001898,CUSTOMER,SAVINGS,VND,2023-08-28T04:59:59Z,ACTIVE,BR-957,8427481,BANK-TCB-002
ACCT-002249,CUST-001899,CUSTOMER,PAYMENT,VND,2025-05-15T06:59:59Z,ACTIVE,BR-289,195854986,BANK-ACB-004
ACCT-002250,CUST-001900,CUSTOMER,SAVINGS,VND,2025-08-23T08:59:59Z,ACTIVE,BR-652,19633210,BANK-VPB-005
ACCT-002251,CUST-001900,CUSTOMER,PAYMENT,VND,2025-05-17T01:59:59Z,ACTIVE,BR-625,59902635,BANK-ACB-004
ACCT-002252,CUST-001901,CUSTOMER,PAYMENT,VND,2021-10-01T09:59:59Z,ACTIVE,BR-463,19423560,BANK-MBB-003
ACCT-002253,CUST-001902,CUSTOMER,PAYMENT,VND,2025-07-29T11:59:59Z,ACTIVE,BR-351,34450832,BANK-ACB-004
ACCT-002254,CUST-001903,CUSTOMER,PAYMENT,VND,2024-11-04T06:59:59Z,ACTIVE,BR-794,7718005,BANK-MBB-003
ACCT-002255,CUST-001903,CUSTOMER,PAYMENT,VND,2025-07-09T10:59:59Z,ACTIVE,BR-523,77546496,BANK-VPB-005
ACCT-002256,CUST-001904,CUSTOMER,PAYMENT,VND,2023-08-06T02:59:59Z,ACTIVE,BR-349,31126409,BANK-TCB-002
ACCT-002257,CUST-001905,CUSTOMER,PAYMENT,VND,2024-12-18T23:59:59Z,ACTIVE,BR-568,22125678,BANK-VPB-005
ACCT-002258,CUST-001906,CUSTOMER,SAVINGS,VND,2025-04-12T04:59:59Z,ACTIVE,BR-138,72242782,BANK-MBB-003
ACCT-002259,CUST-001907,CUSTOMER,PAYMENT,VND,2023-05-21T01:59:59Z,ACTIVE,BR-690,5506871,BANK-VPB-005
ACCT-002260,CUST-001908,CUSTOMER,PAYMENT,VND,2025-05-22T07:59:59Z,ACTIVE,BR-170,7335098,BANK-VCB-001
ACCT-002261,CUST-001909,CUSTOMER,PAYMENT,VND,2025-02-01T10:59:59Z,ACTIVE,BR-803,11564832,BANK-ACB-004
ACCT-002262,CUST-001910,CUSTOMER,PAYMENT,VND,2023-03-27T08:59:59Z,ACTIVE,BR-650,30138052,BANK-ACB-004
ACCT-002263,CUST-001911,CUSTOMER,PAYMENT,VND,2023-12-13T05:59:59Z,ACTIVE,BR-695,9301127,BANK-ACB-004
ACCT-002264,CUST-001912,CUSTOMER,SAVINGS,VND,2025-04-23T10:59:59Z,ACTIVE,BR-713,70350540,BANK-VPB-005
ACCT-002265,CUST-001913,CUSTOMER,PAYMENT,VND,2025-08-13T23:59:59Z,ACTIVE,BR-340,164738697,BANK-VPB-005
ACCT-002266,CUST-001914,CUSTOMER,PAYMENT,VND,2024-12-29T07:59:59Z,ACTIVE,BR-875,721022,BANK-VCB-001
ACCT-002267,CUST-001915,CUSTOMER,PAYMENT,VND,2023-06-01T03:59:59Z,ACTIVE,BR-183,12969560,BANK-TCB-002
ACCT-002268,CUST-001916,CUSTOMER,SAVINGS,VND,2024-05-11T10:59:59Z,ACTIVE,BR-893,55800226,BANK-MBB-003
ACCT-002269,CUST-001917,CUSTOMER,SAVINGS,VND,2023-12-20T03:59:59Z,ACTIVE,BR-844,58186005,BANK-TCB-002
ACCT-002270,CUST-001918,CUSTOMER,SAVINGS,VND,2024-03-19T01:59:59Z,ACTIVE,BR-474,49149522,BANK-VCB-001
ACCT-002271,CUST-001919,CUSTOMER,PAYMENT,VND,2022-09-02T06:59:59Z,ACTIVE,BR-612,74876654,BANK-MBB-003
ACCT-002272,CUST-001920,CUSTOMER,SAVINGS,VND,2023-07-31T11:59:59Z,ACTIVE,BR-439,53241702,BANK-VPB-005
ACCT-002273,CUST-001921,CUSTOMER,PAYMENT,VND,2024-04-26T01:59:59Z,ACTIVE,BR-683,22127283,BANK-VPB-005
ACCT-002274,CUST-001922,CUSTOMER,SAVINGS,VND,2023-10-15T03:59:59Z,ACTIVE,BR-986,34645900,BANK-ACB-004
ACCT-002275,CUST-001923,CUSTOMER,SAVINGS,VND,2022-03-22T01:59:59Z,ACTIVE,BR-792,86310215,BANK-TCB-002
ACCT-002276,CUST-001924,CUSTOMER,SAVINGS,VND,2025-08-25T23:59:59Z,ACTIVE,BR-986,4625778,BANK-ACB-004
ACCT-002277,CUST-001925,CUSTOMER,PAYMENT,VND,2025-02-27T03:59:59Z,ACTIVE,BR-987,76865534,BANK-VPB-005
ACCT-002278,CUST-001926,CUSTOMER,PAYMENT,VND,2021-09-07T11:59:59Z,ACTIVE,BR-721,10092564,BANK-ACB-004
ACCT-002279,CUST-001927,CUSTOMER,PAYMENT,VND,2024-09-23T06:59:59Z,ACTIVE,BR-339,194443753,BANK-MBB-003
ACCT-002280,CUST-001928,CUSTOMER,PAYMENT,VND,2024-08-27T00:59:59Z,ACTIVE,BR-596,25269676,BANK-VCB-001
ACCT-002281,CUST-001928,CUSTOMER,PAYMENT,VND,2024-09-02T11:59:59Z,ACTIVE,BR-437,77943287,BANK-VCB-001
ACCT-002282,CUST-001929,CUSTOMER,PAYMENT,VND,2025-04-14T23:59:59Z,ACTIVE,BR-375,29681566,BANK-TCB-002
ACCT-002283,CUST-001930,CUSTOMER,PAYMENT,VND,2023-07-27T02:59:59Z,ACTIVE,BR-342,95577930,BANK-VCB-001
ACCT-002284,CUST-001931,CUSTOMER,PAYMENT,VND,2024-06-03T02:59:59Z,ACTIVE,BR-497,14525062,BANK-VCB-001
ACCT-002285,CUST-001932,CUSTOMER,PAYMENT,VND,2021-09-15T08:59:59Z,ACTIVE,BR-686,84560329,BANK-TCB-002
ACCT-002286,CUST-001933,CUSTOMER,PAYMENT,VND,2025-02-02T04:59:59Z,ACTIVE,BR-742,10276037,BANK-ACB-004
ACCT-002287,CUST-001934,CUSTOMER,SAVINGS,VND,2021-11-21T11:59:59Z,ACTIVE,BR-805,3988380,BANK-VCB-001
ACCT-002288,CUST-001935,CUSTOMER,PAYMENT,VND,2025-09-15T01:59:59Z,ACTIVE,BR-797,43238512,BANK-MBB-003
ACCT-002289,CUST-001936,CUSTOMER,PAYMENT,VND,2025-03-15T00:59:59Z,ACTIVE,BR-100,56472256,BANK-VCB-001
ACCT-002290,CUST-001937,CUSTOMER,SAVINGS,VND,2023-05-08T09:59:59Z,ACTIVE,BR-224,12346660,BANK-MBB-003
ACCT-002291,CUST-001938,CUSTOMER,PAYMENT,VND,2025-03-23T03:59:59Z,ACTIVE,BR-200,112570421,BANK-MBB-003
ACCT-002292,CUST-001939,CUSTOMER,PAYMENT,VND,2021-05-29T00:59:59Z,ACTIVE,BR-394,29382144,BANK-TCB-002
ACCT-002293,CUST-001939,CUSTOMER,SAVINGS,VND,2024-07-22T10:59:59Z,ACTIVE,BR-179,55023458,BANK-VCB-001
ACCT-002294,CUST-001940,CUSTOMER,PAYMENT,VND,2024-04-19T01:59:59Z,ACTIVE,BR-838,29132262,BANK-TCB-002
ACCT-002295,CUST-001941,CUSTOMER,PAYMENT,VND,2025-05-01T02:59:59Z,ACTIVE,BR-422,23219362,BANK-VPB-005
ACCT-002296,CUST-001942,CUSTOMER,PAYMENT,VND,2025-09-15T00:59:59Z,ACTIVE,BR-339,30047859,BANK-ACB-004
ACCT-002297,CUST-001943,CUSTOMER,PAYMENT,VND,2025-01-25T01:59:59Z,ACTIVE,BR-186,41075643,BANK-VPB-005
ACCT-002298,CUST-001944,CUSTOMER,PAYMENT,VND,2024-02-19T23:59:59Z,ACTIVE,BR-942,14326552,BANK-VPB-005
ACCT-002299,CUST-001945,CUSTOMER,PAYMENT,VND,2025-07-25T02:59:59Z,ACTIVE,BR-436,17325488,BANK-VCB-001
ACCT-002300,CUST-001946,CUSTOMER,PAYMENT,VND,2024-11-09T09:59:59Z,ACTIVE,BR-190,29038181,BANK-VPB-005
ACCT-002301,CUST-001947,CUSTOMER,SAVINGS,VND,2025-08-03T09:59:59Z,ACTIVE,BR-828,48442203,BANK-VCB-001
ACCT-002302,CUST-001948,CUSTOMER,PAYMENT,VND,2024-11-16T03:59:59Z,ACTIVE,BR-978,42793367,BANK-VPB-005
ACCT-002303,CUST-001949,CUSTOMER,PAYMENT,VND,2024-10-17T11:59:59Z,ACTIVE,BR-516,16635506,BANK-ACB-004
ACCT-002304,CUST-001950,CUSTOMER,SAVINGS,VND,2023-03-09T08:59:59Z,ACTIVE,BR-456,18762567,BANK-VCB-001
ACCT-002305,CUST-001951,CUSTOMER,PAYMENT,VND,2024-02-06T10:59:59Z,ACTIVE,BR-153,63385856,BANK-ACB-004
ACCT-002306,CUST-001951,CUSTOMER,SAVINGS,VND,2024-05-01T00:59:59Z,ACTIVE,BR-790,5165256,BANK-MBB-003
ACCT-002307,CUST-001952,CUSTOMER,PAYMENT,VND,2025-10-09T07:59:59Z,ACTIVE,BR-368,8674624,BANK-ACB-004
ACCT-002308,CUST-001953,CUSTOMER,PAYMENT,VND,2023-07-18T01:59:59Z,ACTIVE,BR-730,8984759,BANK-VCB-001
ACCT-002309,CUST-001954,CUSTOMER,PAYMENT,VND,2024-12-17T01:59:59Z,ACTIVE,BR-885,61127872,BANK-ACB-004
ACCT-002310,CUST-001955,CUSTOMER,PAYMENT,VND,2025-07-20T08:59:59Z,ACTIVE,BR-152,110193638,BANK-TCB-002
ACCT-002311,CUST-001956,CUSTOMER,PAYMENT,VND,2025-08-13T05:59:59Z,ACTIVE,BR-833,67319684,BANK-VPB-005
ACCT-002312,CUST-001956,CUSTOMER,SAVINGS,VND,2025-09-10T06:59:59Z,ACTIVE,BR-575,14628463,BANK-TCB-002
ACCT-002313,CUST-001957,CUSTOMER,PAYMENT,VND,2024-08-14T11:59:59Z,ACTIVE,BR-333,7540912,BANK-VCB-001
ACCT-002314,CUST-001957,CUSTOMER,PAYMENT,VND,2025-05-27T01:59:59Z,ACTIVE,BR-764,32130963,BANK-TCB-002
ACCT-002315,CUST-001958,CUSTOMER,PAYMENT,VND,2025-05-22T01:59:59Z,ACTIVE,BR-565,87574152,BANK-VPB-005
ACCT-002316,CUST-001959,CUSTOMER,PAYMENT,VND,2025-04-28T09:59:59Z,ACTIVE,BR-535,56155467,BANK-VPB-005
ACCT-002317,CUST-001960,CUSTOMER,SAVINGS,VND,2025-06-28T06:59:59Z,ACTIVE,BR-688,63642876,BANK-VCB-001
ACCT-002318,CUST-001961,CUSTOMER,PAYMENT,VND,2025-08-28T10:59:59Z,ACTIVE,BR-656,23317269,BANK-TCB-002
ACCT-002319,CUST-001962,CUSTOMER,PAYMENT,VND,2024-03-28T23:59:59Z,ACTIVE,BR-868,47990224,BANK-ACB-004
ACCT-002320,CUST-001962,CUSTOMER,SAVINGS,VND,2024-07-11T11:59:59Z,ACTIVE,BR-427,186250025,BANK-MBB-003
ACCT-002321,CUST-001963,CUSTOMER,PAYMENT,VND,2025-05-13T23:59:59Z,ACTIVE,BR-269,62954310,BANK-TCB-002
ACCT-002322,CUST-001964,CUSTOMER,PAYMENT,VND,2024-05-09T07:59:59Z,ACTIVE,BR-113,7398717,BANK-ACB-004
ACCT-002323,CUST-001965,CUSTOMER,PAYMENT,VND,2025-09-09T09:59:59Z,ACTIVE,BR-823,77936904,BANK-TCB-002
ACCT-002324,CUST-001966,CUSTOMER,SAVINGS,VND,2025-05-08T03:59:59Z,ACTIVE,BR-779,7777311,BANK-MBB-003
ACCT-002325,CUST-001967,CUSTOMER,SAVINGS,VND,2025-08-06T08:59:59Z,ACTIVE,BR-963,11861628,BANK-VCB-001
ACCT-002326,CUST-001968,CUSTOMER,PAYMENT,VND,2025-07-17T00:59:59Z,ACTIVE,BR-197,78617480,BANK-VPB-005
ACCT-002327,CUST-001969,CUSTOMER,PAYMENT,VND,2022-10-28T02:59:59Z,ACTIVE,BR-296,53229521,BANK-TCB-002
ACCT-002328,CUST-001970,CUSTOMER,PAYMENT,VND,2025-06-18T02:59:59Z,ACTIVE,BR-715,23564654,BANK-ACB-004
ACCT-002329,CUST-001971,CUSTOMER,PAYMENT,VND,2024-12-14T09:59:59Z,ACTIVE,BR-829,18821751,BANK-VCB-001
ACCT-002330,CUST-001971,CUSTOMER,PAYMENT,VND,2022-05-17T07:59:59Z,ACTIVE,BR-758,23502024,BANK-VCB-001
ACCT-002331,CUST-001972,CUSTOMER,PAYMENT,VND,2025-08-09T05:59:59Z,ACTIVE,BR-109,174916353,BANK-VPB-005
ACCT-002332,CUST-001973,CUSTOMER,PAYMENT,VND,2024-05-24T03:59:59Z,ACTIVE,BR-547,77090080,BANK-MBB-003
ACCT-002333,CUST-001974,CUSTOMER,PAYMENT,VND,2025-07-19T04:59:59Z,ACTIVE,BR-864,14179728,BANK-ACB-004
ACCT-002334,CUST-001975,CUSTOMER,PAYMENT,VND,2022-08-28T11:59:59Z,ACTIVE,BR-357,51396295,BANK-VCB-001
ACCT-002335,CUST-001976,CUSTOMER,PAYMENT,VND,2022-06-10T11:59:59Z,ACTIVE,BR-849,45371444,BANK-VPB-005
ACCT-002336,CUST-001977,CUSTOMER,PAYMENT,VND,2025-06-28T11:59:59Z,ACTIVE,BR-386,10448159,BANK-MBB-003
ACCT-002337,CUST-001978,CUSTOMER,PAYMENT,VND,2023-02-12T08:59:59Z,ACTIVE,BR-174,151278372,BANK-TCB-002
ACCT-002338,CUST-001979,CUSTOMER,SAVINGS,VND,2025-07-19T06:59:59Z,ACTIVE,BR-400,43237741,BANK-VPB-005
ACCT-002339,CUST-001980,CUSTOMER,PAYMENT,VND,2025-10-07T01:59:59Z,ACTIVE,BR-244,71942255,BANK-TCB-002
ACCT-002340,CUST-001981,CUSTOMER,PAYMENT,VND,2023-09-09T04:59:59Z,ACTIVE,BR-259,64612440,BANK-MBB-003
ACCT-002341,CUST-001982,CUSTOMER,SAVINGS,VND,2025-09-03T08:59:59Z,ACTIVE,BR-103,7384260,BANK-TCB-002
ACCT-002342,CUST-001983,CUSTOMER,SAVINGS,VND,2025-08-29T04:59:59Z,ACTIVE,BR-681,48779038,BANK-VCB-001
ACCT-002343,CUST-001984,CUSTOMER,SAVINGS,VND,2025-06-14T03:59:59Z,ACTIVE,BR-827,76331363,BANK-ACB-004
ACCT-002344,CUST-001985,CUSTOMER,PAYMENT,VND,2025-08-26T05:59:59Z,ACTIVE,BR-618,9778346,BANK-TCB-002
ACCT-002345,CUST-001986,CUSTOMER,SAVINGS,VND,2022-03-23T23:59:59Z,ACTIVE,BR-877,6144283,BANK-VPB-005
ACCT-002346,CUST-001986,CUSTOMER,PAYMENT,VND,2022-06-11T01:59:59Z,ACTIVE,BR-845,8954823,BANK-VPB-005
ACCT-002347,CUST-001987,CUSTOMER,PAYMENT,VND,2023-10-29T05:59:59Z,ACTIVE,BR-544,19132049,BANK-VCB-001
ACCT-002348,CUST-001988,CUSTOMER,SAVINGS,VND,2023-03-14T04:59:59Z,ACTIVE,BR-328,54504999,BANK-ACB-004
ACCT-002349,CUST-001989,CUSTOMER,PAYMENT,VND,2025-05-16T02:59:59Z,ACTIVE,BR-307,44648841,BANK-TCB-002
ACCT-002350,CUST-001990,CUSTOMER,PAYMENT,VND,2025-04-20T23:59:59Z,ACTIVE,BR-113,58208527,BANK-MBB-003
ACCT-002351,CUST-001991,CUSTOMER,PAYMENT,VND,2025-06-02T09:59:59Z,ACTIVE,BR-680,49226970,BANK-ACB-004
ACCT-002352,CUST-001992,CUSTOMER,SAVINGS,VND,2025-06-24T03:59:59Z,ACTIVE,BR-448,64463339,BANK-TCB-002
ACCT-002353,CUST-001993,CUSTOMER,PAYMENT,VND,2022-03-13T10:59:59Z,ACTIVE,BR-477,56418122,BANK-TCB-002
ACCT-002354,CUST-001994,CUSTOMER,PAYMENT,VND,2024-02-22T03:59:59Z,ACTIVE,BR-926,57751378,BANK-VCB-001
ACCT-002355,CUST-001995,CUSTOMER,PAYMENT,VND,2025-04-07T04:59:59Z,ACTIVE,BR-574,7098220,BANK-MBB-003
ACCT-002356,CUST-001996,CUSTOMER,PAYMENT,VND,2020-12-26T05:59:59Z,ACTIVE,BR-448,54384197,BANK-MBB-003
ACCT-002357,CUST-001997,CUSTOMER,PAYMENT,VND,2021-10-02T06:59:59Z,ACTIVE,BR-684,12472981,BANK-ACB-004
ACCT-002358,CUST-001998,CUSTOMER,PAYMENT,VND,2023-07-25T08:59:59Z,ACTIVE,BR-288,35262612,BANK-VPB-005
ACCT-002359,CUST-001999,CUSTOMER,PAYMENT,VND,2025-09-26T09:59:59Z,ACTIVE,BR-418,23712232,BANK-TCB-002
ACCT-002360,CUST-002000,CUSTOMER,SAVINGS,VND,2025-01-01T08:59:59Z,ACTIVE,BR-185,72544231,BANK-MBB-003
ACCT-002361,COMP-000001,COMPANY,BUSINESS_CURRENT,VND,2020-11-26T11:00:00Z,ACTIVE,BR-712,2462643735,BANK-ACB-004
ACCT-002362,COMP-000002,COMPANY,BUSINESS_CURRENT,VND,2024-03-28T07:00:00Z,ACTIVE,BR-611,175530741,BANK-VCB-001
ACCT-002363,COMP-000003,COMPANY,BUSINESS_CURRENT,VND,2024-04-20T11:00:00Z,ACTIVE,BR-857,315527753,BANK-ACB-004
ACCT-002364,COMP-000004,COMPANY,BUSINESS_CURRENT,VND,2020-06-04T00:00:00Z,ACTIVE,BR-535,554419026,BANK-VPB-005
ACCT-002365,COMP-000005,COMPANY,BUSINESS_CURRENT,VND,2022-07-15T05:00:00Z,ACTIVE,BR-864,561106113,BANK-MBB-003
ACCT-002366,COMP-000006,COMPANY,BUSINESS_CURRENT,VND,2025-10-22T03:00:00Z,ACTIVE,BR-959,27027071,BANK-VPB-005
ACCT-002367,COMP-000007,COMPANY,BUSINESS_CURRENT,VND,2025-10-04T06:00:00Z,ACTIVE,BR-416,49508082,BANK-MBB-003
ACCT-002368,COMP-000008,COMPANY,BUSINESS_CURRENT,VND,2024-03-31T10:00:00Z,ACTIVE,BR-742,1469062600,BANK-VCB-001
ACCT-002369,COMP-000009,COMPANY,BUSINESS_CURRENT,VND,2021-10-18T08:00:00Z,ACTIVE,BR-408,384733541,BANK-ACB-004
ACCT-002370,COMP-000010,COMPANY,BUSINESS_CURRENT,VND,2025-08-02T07:00:00Z,ACTIVE,BR-635,252077322,BANK-VCB-001
ACCT-002371,COMP-000011,COMPANY,BUSINESS_CURRENT,VND,2023-08-01T07:00:00Z,ACTIVE,BR-539,4072680877,BANK-MBB-003
ACCT-002372,COMP-000012,COMPANY,BUSINESS_CURRENT,VND,2011-12-03T03:00:00Z,ACTIVE,BR-777,221773061,BANK-TCB-002
ACCT-002373,COMP-000012,COMPANY,BUSINESS_CURRENT,VND,2017-09-11T02:00:00Z,ACTIVE,BR-282,251412367,BANK-ACB-004
ACCT-002374,COMP-000013,COMPANY,BUSINESS_CURRENT,VND,2014-10-27T07:00:00Z,ACTIVE,BR-742,72876377,BANK-VPB-005
ACCT-002375,COMP-000013,COMPANY,BUSINESS_CURRENT,VND,2021-11-04T03:00:00Z,ACTIVE,BR-865,240171815,BANK-ACB-004
ACCT-002376,COMP-000014,COMPANY,BUSINESS_CURRENT,VND,2020-08-04T06:00:00Z,ACTIVE,BR-337,999315501,BANK-ACB-004
ACCT-002377,COMP-000015,COMPANY,BUSINESS_CURRENT,VND,2017-05-05T06:00:00Z,ACTIVE,BR-262,4685147123,BANK-ACB-004
ACCT-002378,COMP-000016,COMPANY,BUSINESS_CURRENT,VND,2021-12-20T12:00:00Z,ACTIVE,BR-829,1038675024,BANK-MBB-003
ACCT-002379,COMP-000017,COMPANY,BUSINESS_CURRENT,VND,2011-09-13T04:00:00Z,ACTIVE,BR-809,2057498034,BANK-MBB-003
ACCT-002380,COMP-000018,COMPANY,BUSINESS_CURRENT,VND,2023-03-20T10:00:00Z,ACTIVE,BR-361,353840180,BANK-ACB-004
ACCT-002381,COMP-000018,COMPANY,BUSINESS_CURRENT,VND,2021-06-17T02:00:00Z,ACTIVE,BR-830,948159602,BANK-VCB-001
ACCT-002382,COMP-000019,COMPANY,BUSINESS_CURRENT,VND,2020-05-31T03:00:00Z,ACTIVE,BR-822,187116214,BANK-VPB-005
ACCT-002383,COMP-000019,COMPANY,BUSINESS_CURRENT,VND,2022-10-17T11:00:00Z,ACTIVE,BR-373,290831607,BANK-TCB-002
ACCT-002384,COMP-000020,COMPANY,BUSINESS_CURRENT,VND,2025-01-19T04:00:00Z,ACTIVE,BR-566,688509284,BANK-VCB-001
ACCT-002385,COMP-000021,COMPANY,BUSINESS_CURRENT,VND,2025-11-02T06:00:00Z,ACTIVE,BR-919,11466941,BANK-MBB-003
ACCT-002386,COMP-000022,COMPANY,BUSINESS_CURRENT,VND,2014-12-03T00:00:00Z,ACTIVE,BR-448,670930140,BANK-VPB-005
ACCT-002387,COMP-000023,COMPANY,BUSINESS_CURRENT,VND,2023-05-10T08:00:00Z,ACTIVE,BR-350,126236166,BANK-VPB-005
ACCT-002388,COMP-000023,COMPANY,BUSINESS_CURRENT,VND,2013-01-02T07:00:00Z,ACTIVE,BR-747,63475969,BANK-TCB-002
ACCT-002389,COMP-000024,COMPANY,BUSINESS_CURRENT,VND,2018-10-06T11:00:00Z,ACTIVE,BR-503,348828462,BANK-MBB-003
ACCT-002390,COMP-000025,COMPANY,BUSINESS_CURRENT,VND,2025-07-01T00:00:00Z,ACTIVE,BR-944,830536734,BANK-TCB-002
ACCT-002391,COMP-000025,COMPANY,BUSINESS_CURRENT,VND,2023-01-06T08:00:00Z,ACTIVE,BR-188,1777348010,BANK-MBB-003
ACCT-002392,COMP-000026,COMPANY,BUSINESS_CURRENT,VND,2023-08-29T08:00:00Z,ACTIVE,BR-793,126972417,BANK-VPB-005
ACCT-002393,COMP-000027,COMPANY,BUSINESS_CURRENT,VND,2021-06-30T09:00:00Z,ACTIVE,BR-414,964569857,BANK-TCB-002
ACCT-002394,COMP-000028,COMPANY,BUSINESS_CURRENT,VND,2024-04-19T09:00:00Z,ACTIVE,BR-859,215457798,BANK-ACB-004
ACCT-002395,COMP-000029,COMPANY,BUSINESS_CURRENT,VND,2025-12-06T00:00:00Z,ACTIVE,BR-655,18039314,BANK-VCB-001
ACCT-002396,COMP-000030,COMPANY,BUSINESS_CURRENT,VND,2025-03-27T07:00:00Z,ACTIVE,BR-494,242455873,BANK-VPB-005
ACCT-002397,COMP-000030,COMPANY,BUSINESS_CURRENT,VND,2025-08-13T12:00:00Z,ACTIVE,BR-156,65173479,BANK-MBB-003
ACCT-002398,COMP-000031,COMPANY,BUSINESS_CURRENT,VND,2020-04-15T12:00:00Z,ACTIVE,BR-498,163843394,BANK-VCB-001
ACCT-002399,COMP-000031,COMPANY,BUSINESS_CURRENT,VND,2022-09-27T10:00:00Z,ACTIVE,BR-918,72450556,BANK-TCB-002
ACCT-002400,COMP-000032,COMPANY,BUSINESS_CURRENT,VND,2015-03-20T06:00:00Z,ACTIVE,BR-638,1063120168,BANK-MBB-003
ACCT-002401,COMP-000032,COMPANY,BUSINESS_CURRENT,VND,2021-08-09T06:00:00Z,ACTIVE,BR-397,4873566768,BANK-VCB-001
ACCT-002402,COMP-000033,COMPANY,BUSINESS_CURRENT,VND,2024-11-08T12:00:00Z,ACTIVE,BR-106,4580265622,BANK-VPB-005
ACCT-002403,COMP-000033,COMPANY,BUSINESS_CURRENT,VND,2025-08-17T07:00:00Z,ACTIVE,BR-635,4043059431,BANK-VPB-005
ACCT-002404,COMP-000034,COMPANY,BUSINESS_CURRENT,VND,2025-10-19T05:00:00Z,ACTIVE,BR-900,40564199,BANK-MBB-003
ACCT-002405,COMP-000035,COMPANY,BUSINESS_CURRENT,VND,2020-06-08T02:00:00Z,ACTIVE,BR-349,372238954,BANK-VPB-005
ACCT-002406,COMP-000036,COMPANY,BUSINESS_CURRENT,VND,2025-11-08T03:00:00Z,ACTIVE,BR-712,41135615,BANK-VPB-005
ACCT-002407,COMP-000037,COMPANY,BUSINESS_CURRENT,VND,2023-06-10T09:00:00Z,ACTIVE,BR-785,143448193,BANK-MBB-003
ACCT-002408,COMP-000037,COMPANY,BUSINESS_CURRENT,VND,2021-04-01T10:00:00Z,ACTIVE,BR-906,164277083,BANK-MBB-003
ACCT-002409,COMP-000038,COMPANY,BUSINESS_CURRENT,VND,2014-04-26T05:00:00Z,ACTIVE,BR-227,3689083339,BANK-VCB-001
ACCT-002410,COMP-000039,COMPANY,BUSINESS_CURRENT,VND,2024-05-05T05:00:00Z,ACTIVE,BR-176,191979356,BANK-ACB-004
ACCT-002411,COMP-000040,COMPANY,BUSINESS_CURRENT,VND,2023-11-26T12:00:00Z,ACTIVE,BR-274,3118711170,BANK-VPB-005
ACCT-002412,COMP-000041,COMPANY,BUSINESS_CURRENT,VND,2022-05-10T11:00:00Z,ACTIVE,BR-534,1474642365,BANK-ACB-004
ACCT-002413,COMP-000041,COMPANY,BUSINESS_CURRENT,VND,2020-08-19T00:00:00Z,ACTIVE,BR-241,870333975,BANK-VCB-001
ACCT-002414,COMP-000042,COMPANY,BUSINESS_CURRENT,VND,2022-12-14T01:00:00Z,ACTIVE,BR-950,491536482,BANK-TCB-002
ACCT-002415,COMP-000043,COMPANY,BUSINESS_CURRENT,VND,2025-11-21T03:00:00Z,ACTIVE,BR-348,10990370,BANK-ACB-004
ACCT-002416,COMP-000043,COMPANY,BUSINESS_CURRENT,VND,2025-11-20T08:00:00Z,ACTIVE,BR-664,28626832,BANK-ACB-004
ACCT-002417,COMP-000044,COMPANY,BUSINESS_CURRENT,VND,2024-10-30T03:00:00Z,ACTIVE,BR-882,261779799,BANK-VPB-005
ACCT-002418,COMP-000045,COMPANY,BUSINESS_CURRENT,VND,2025-10-17T00:00:00Z,ACTIVE,BR-912,47461198,BANK-VCB-001
ACCT-002419,COMP-000045,COMPANY,BUSINESS_CURRENT,VND,2025-10-16T11:00:00Z,ACTIVE,BR-309,21268446,BANK-MBB-003
ACCT-002420,COMP-000046,COMPANY,BUSINESS_CURRENT,VND,2013-03-17T06:00:00Z,ACTIVE,BR-281,214887492,BANK-VPB-005
ACCT-002421,COMP-000046,COMPANY,BUSINESS_CURRENT,VND,2017-09-29T06:00:00Z,ACTIVE,BR-973,247770598,BANK-VCB-001
ACCT-002422,COMP-000047,COMPANY,BUSINESS_CURRENT,VND,2015-07-10T04:00:00Z,ACTIVE,BR-345,1849917618,BANK-TCB-002
ACCT-002423,COMP-000048,COMPANY,BUSINESS_CURRENT,VND,2023-06-17T01:00:00Z,ACTIVE,BR-116,1763038694,BANK-TCB-002
ACCT-002424,COMP-000049,COMPANY,BUSINESS_CURRENT,VND,2022-04-06T07:00:00Z,ACTIVE,BR-231,186481363,BANK-VPB-005
ACCT-002425,COMP-000050,COMPANY,BUSINESS_CURRENT,VND,2023-04-07T10:00:00Z,ACTIVE,BR-489,248070859,BANK-VCB-001
ACCT-002426,CUST-000924,CUSTOMER,SAVINGS,VND,2025-05-09T01:59:59Z,ACTIVE,BR-559,92080224,BANK-VPB-005
ACCT-002427,CUST-000517,CUSTOMER,PAYMENT,VND,2025-05-05T05:59:59Z,ACTIVE,BR-222,48934752,BANK-TCB-002
ACCT-002428,CUST-000103,CUSTOMER,PAYMENT,VND,2025-09-10T05:59:59Z,ACTIVE,BR-130,12469286,BANK-ACB-004
ACCT-002429,CUST-001967,CUSTOMER,PAYMENT,VND,2025-09-23T08:59:59Z,ACTIVE,BR-546,9713183,BANK-VPB-005
ACCT-002430,CUST-000541,CUSTOMER,SAVINGS,VND,2022-03-05T09:59:59Z,ACTIVE,BR-384,167331653,BANK-TCB-002
ACCT-002431,CUST-001342,CUSTOMER,SAVINGS,VND,2025-07-12T06:59:59Z,ACTIVE,BR-981,119116963,BANK-VCB-001
ACCT-002432,CUST-001332,CUSTOMER,PAYMENT,VND,2025-02-12T05:59:59Z,ACTIVE,BR-517,55253532,BANK-VCB-001
ACCT-002433,CUST-000167,CUSTOMER,PAYMENT,VND,2022-01-27T11:59:59Z,ACTIVE,BR-801,15567981,BANK-TCB-002
ACCT-002434,CUST-000143,CUSTOMER,PAYMENT,VND,2025-08-21T02:59:59Z,ACTIVE,BR-263,58563256,BANK-ACB-004
ACCT-002435,CUST-000580,CUSTOMER,SAVINGS,VND,2024-08-19T02:59:59Z,ACTIVE,BR-188,10271319,BANK-VPB-005
ACCT-002436,CUST-000087,CUSTOMER,PAYMENT,VND,2023-10-23T04:59:59Z,ACTIVE,BR-144,41484264,BANK-TCB-002
ACCT-002437,CUST-001040,CUSTOMER,PAYMENT,VND,2025-09-30T04:59:59Z,ACTIVE,BR-239,6187000,BANK-MBB-003
ACCT-002438,CUST-001934,CUSTOMER,SAVINGS,VND,2024-01-07T04:59:59Z,ACTIVE,BR-775,16381341,BANK-VCB-001
ACCT-002439,CUST-001474,CUSTOMER,PAYMENT,VND,2023-10-15T10:59:59Z,ACTIVE,BR-932,3184325,BANK-VCB-001
ACCT-002440,CUST-000640,CUSTOMER,PAYMENT,VND,2023-08-27T09:59:59Z,ACTIVE,BR-640,76875169,BANK-MBB-003
ACCT-002441,CUST-000398,CUSTOMER,PAYMENT,VND,2023-08-09T05:59:59Z,ACTIVE,BR-853,67756399,BANK-ACB-004
ACCT-002442,CUST-000264,CUSTOMER,PAYMENT,VND,2025-10-10T02:59:59Z,ACTIVE,BR-313,8534135,BANK-ACB-004
ACCT-002443,CUST-000492,CUSTOMER,SAVINGS,VND,2025-08-29T07:59:59Z,ACTIVE,BR-967,71319074,BANK-MBB-003
ACCT-002444,CUST-001989,CUSTOMER,PAYMENT,VND,2025-02-24T02:59:59Z,ACTIVE,BR-637,50857156,BANK-VCB-001
ACCT-002445,CUST-000343,CUSTOMER,PAYMENT,VND,2024-03-13T09:59:59Z,ACTIVE,BR-852,85826957,BANK-MBB-003
ACCT-002446,CUST-001599,CUSTOMER,PAYMENT,VND,2025-05-05T03:59:59Z,ACTIVE,BR-748,4622746,BANK-MBB-003
ACCT-002447,CUST-001947,CUSTOMER,PAYMENT,VND,2023-01-18T09:59:59Z,ACTIVE,BR-695,18083134,BANK-VCB-001
ACCT-002448,CUST-001756,CUSTOMER,PAYMENT,VND,2025-06-19T23:59:59Z,ACTIVE,BR-962,5222742,BANK-ACB-004
ACCT-002449,CUST-001329,CUSTOMER,PAYMENT,VND,2025-08-22T03:59:59Z,ACTIVE,BR-106,73591657,BANK-TCB-002
ACCT-002450,COMP-000034,COMPANY,BUSINESS_CURRENT,VND,2025-10-19T00:00:00Z,ACTIVE,BR-890,40949963,BANK-VCB-001
ACCT-002451,CUST-000753,CUSTOMER,SAVINGS,VND,2025-03-29T10:59:59Z,ACTIVE,BR-775,79972600,BANK-TCB-002
ACCT-002452,CUST-001209,CUSTOMER,SAVINGS,VND,2025-07-23T04:59:59Z,ACTIVE,BR-902,8073835,BANK-ACB-004
ACCT-002453,CUST-000060,CUSTOMER,PAYMENT,VND,2023-11-12T01:59:59Z,ACTIVE,BR-345,10398233,BANK-VPB-005
ACCT-002454,CUST-000843,CUSTOMER,PAYMENT,VND,2025-09-21T04:59:59Z,ACTIVE,BR-407,75539238,BANK-VPB-005
ACCT-002455,CUST-001397,CUSTOMER,SAVINGS,VND,2023-09-01T11:59:59Z,ACTIVE,BR-322,6112223,BANK-MBB-003
ACCT-002456,COMP-000027,COMPANY,BUSINESS_CURRENT,VND,2017-10-09T04:00:00Z,ACTIVE,BR-805,1052875177,BANK-VCB-001
ACCT-002457,CUST-001030,CUSTOMER,SAVINGS,VND,2023-05-28T03:59:59Z,ACTIVE,BR-767,13534711,BANK-ACB-004
ACCT-002458,CUST-001135,CUSTOMER,PAYMENT,VND,2021-03-17T04:59:59Z,ACTIVE,BR-456,46611777,BANK-MBB-003
ACCT-002459,CUST-001200,CUSTOMER,PAYMENT,VND,2023-09-18T04:59:59Z,ACTIVE,BR-210,40174623,BANK-VPB-005
ACCT-002460,CUST-000014,CUSTOMER,PAYMENT,VND,2024-06-06T06:59:59Z,ACTIVE,BR-766,28206550,BANK-VCB-001
ACCT-002461,CUST-000415,CUSTOMER,PAYMENT,VND,2021-08-08T11:59:59Z,ACTIVE,BR-592,51515388,BANK-VPB-005
ACCT-002462,CUST-001067,CUSTOMER,PAYMENT,VND,2024-06-27T11:59:59Z,ACTIVE,BR-167,39491878,BANK-ACB-004
ACCT-002463,CUST-000573,CUSTOMER,PAYMENT,VND,2025-07-04T00:59:59Z,ACTIVE,BR-366,71857608,BANK-VCB-001
ACCT-002464,CUST-001022,CUSTOMER,PAYMENT,VND,2024-10-16T09:59:59Z,ACTIVE,BR-130,44902799,BANK-VCB-001
ACCT-002465,CUST-000843,CUSTOMER,PAYMENT,VND,2025-05-01T01:59:59Z,ACTIVE,BR-533,28923878,BANK-MBB-003
ACCT-002466,CUST-001893,CUSTOMER,SAVINGS,VND,2022-08-14T01:59:59Z,ACTIVE,BR-655,6206240,BANK-ACB-004
ACCT-002467,CUST-000691,CUSTOMER,PAYMENT,VND,2025-06-23T04:59:59Z,ACTIVE,BR-500,56478837,BANK-ACB-004
ACCT-002468,CUST-000438,CUSTOMER,PAYMENT,VND,2023-01-21T11:59:59Z,ACTIVE,BR-213,24489335,BANK-VCB-001
ACCT-002469,CUST-001469,CUSTOMER,PAYMENT,VND,2021-06-28T03:59:59Z,ACTIVE,BR-466,60646282,BANK-VCB-001
ACCT-002470,COMP-000031,COMPANY,BUSINESS_CURRENT,VND,2025-01-04T04:00:00Z,ACTIVE,BR-657,162539788,BANK-VCB-001
ACCT-002471,CUST-000136,CUSTOMER,PAYMENT,VND,2024-08-25T08:59:59Z,ACTIVE,BR-592,30305957,BANK-TCB-002
ACCT-002472,CUST-001929,CUSTOMER,SAVINGS,VND,2024-12-12T11:59:59Z,ACTIVE,BR-746,76560520,BANK-VPB-005
ACCT-002473,CUST-000295,CUSTOMER,PAYMENT,VND,2024-11-11T06:59:59Z,ACTIVE,BR-528,53159053,BANK-VPB-005
ACCT-002474,CUST-000337,CUSTOMER,PAYMENT,VND,2021-10-25T02:59:59Z,ACTIVE,BR-383,73396299,BANK-VCB-001
ACCT-002475,CUST-000503,CUSTOMER,SAVINGS,VND,2025-07-19T06:59:59Z,ACTIVE,BR-379,29624758,BANK-TCB-002
ACCT-002476,CUST-001864,CUSTOMER,SAVINGS,VND,2025-05-03T06:59:59Z,ACTIVE,BR-205,75526304,BANK-VCB-001
ACCT-002477,CUST-000705,CUSTOMER,SAVINGS,VND,2024-02-25T05:59:59Z,ACTIVE,BR-615,64891593,BANK-VCB-001
ACCT-002478,CUST-000244,CUSTOMER,SAVINGS,VND,2023-12-27T09:59:59Z,ACTIVE,BR-576,128580413,BANK-ACB-004
ACCT-002479,CUST-000787,CUSTOMER,PAYMENT,VND,2024-01-06T00:59:59Z,ACTIVE,BR-636,10825708,BANK-TCB-002
ACCT-002480,CUST-001627,CUSTOMER,PAYMENT,VND,2023-07-06T01:59:59Z,ACTIVE,BR-869,67361219,BANK-VPB-005
ACCT-002481,CUST-001600,CUSTOMER,PAYMENT,VND,2023-07-01T00:59:59Z,ACTIVE,BR-679,10125806,BANK-VCB-001
ACCT-002482,CUST-000473,CUSTOMER,SAVINGS,VND,2023-08-13T11:59:59Z,ACTIVE,BR-137,12445463,BANK-MBB-003
ACCT-002483,CUST-000889,CUSTOMER,PAYMENT,VND,2022-10-29T09:59:59Z,ACTIVE,BR-777,33158649,BANK-MBB-003
ACCT-002484,CUST-001501,CUSTOMER,PAYMENT,VND,2024-11-12T10:59:59Z,ACTIVE,BR-483,5232720,BANK-TCB-002
ACCT-002485,CUST-000125,CUSTOMER,PAYMENT,VND,2024-08-01T11:59:59Z,ACTIVE,BR-262,157261422,BANK-MBB-003
ACCT-002486,CUST-000614,CUSTOMER,PAYMENT,VND,2023-11-12T11:59:59Z,ACTIVE,BR-283,38694191,BANK-VPB-005
ACCT-002487,CUST-000796,CUSTOMER,PAYMENT,VND,2024-07-20T09:59:59Z,ACTIVE,BR-332,65564197,BANK-MBB-003
ACCT-CRYPTO-DEMO-001,ENT-CRYPTO-PLATFORM-DEMO,BANK,BUSINESS_CURRENT,VND,2024-08-28T23:59:59Z,ACTIVE,CRYPTO-DEMO,50000000000000,BANK-CRYPTO-DEMO-99
ACCT-FOREIGN-CN-001,ENT-FOREIGN-CN-BANK,BANK,BUSINESS_CURRENT,VND,2023-07-25T23:59:59Z,ACTIVE,FOREIGN-CN,50000000000000,BANK-FOREIGN-CN-DEMO
ACCT-FOREIGN-DE-001,ENT-FOREIGN-DE-BANK,BANK,BUSINESS_CURRENT,VND,2023-07-25T23:59:59Z,ACTIVE,FOREIGN-DE,50000000000000,BANK-FOREIGN-DE-DEMO
ACCT-FOREIGN-HR-001,ENT-FOREIGN-HR-BANK,BANK,BUSINESS_CURRENT,VND,2023-07-25T23:59:59Z,ACTIVE,FOREIGN-HR,50000000000000,BANK-FOREIGN-HR-88
ACCT-FOREIGN-JP-001,ENT-FOREIGN-JP-BANK,BANK,BUSINESS_CURRENT,VND,2023-07-25T23:59:59Z,ACTIVE,FOREIGN-JP,50000000000000,BANK-FOREIGN-JP-DEMO
ACCT-FOREIGN-KR-001,ENT-FOREIGN-KR-BANK,BANK,BUSINESS_CURRENT,VND,2023-07-25T23:59:59Z,ACTIVE,FOREIGN-KR,50000000000000,BANK-FOREIGN-KR-DEMO
ACCT-FOREIGN-SG-001,ENT-FOREIGN-SG-BANK,BANK,BUSINESS_CURRENT,VND,2023-07-25T23:59:59Z,ACTIVE,FOREIGN-SG,50000000000000,BANK-FOREIGN-SG-DEMO
ACCT-FOREIGN-US-001,ENT-FOREIGN-US-BANK,BANK,BUSINESS_CURRENT,VND,2023-07-25T23:59:59Z,ACTIVE,FOREIGN-US,50000000000000,BANK-FOREIGN-US-DEMO
ACCT-SETTLEMENT-ACB-004,ENT-BANK-ACB-004,BANK,BUSINESS_CURRENT,VND,2023-01-06T23:59:59Z,ACTIVE,BANK-SETTLEMENT,100000000000000,BANK-ACB-004
ACCT-SETTLEMENT-MBB-003,ENT-BANK-MBB-003,BANK,BUSINESS_CURRENT,VND,2023-01-06T23:59:59Z,ACTIVE,BANK-SETTLEMENT,100000000000000,BANK-MBB-003
ACCT-SETTLEMENT-TCB-002,ENT-BANK-TCB-002,BANK,BUSINESS_CURRENT,VND,2023-01-06T23:59:59Z,ACTIVE,BANK-SETTLEMENT,100000000000000,BANK-TCB-002
ACCT-SETTLEMENT-VCB-001,ENT-BANK-VCB-001,BANK,BUSINESS_CURRENT,VND,2023-01-06T23:59:59Z,ACTIVE,BANK-SETTLEMENT,100000000000000,BANK-VCB-001
ACCT-SETTLEMENT-VPB-005,ENT-BANK-VPB-005,BANK,BUSINESS_CURRENT,VND,2023-01-06T23:59:59Z,ACTIVE,BANK-SETTLEMENT,100000000000000,BANK-VPB-005
