address_id,line1,ward,district,city,country,postal_code
ADDR-000001,So 12 Duong Gia,Phuong Sandbox,Huyen Demo,Thanh pho Demo,VN,38893
ADDR-000002,So 88 Lo Demo Data,Phuong Mo Phong,Huyen Demo,Tinh Mo Phong,VN,92397
ADDR-000003,So 45 Pho Ao,Xa Du Lieu,Huyen Demo,Thanh pho Ao,VN,31417
ADDR-000004,So 3 Duong Synthetic,Xa Du Lieu,Quan Mock 2,Tinh Mo Phong,VN,86622
ADDR-000005,So 12 Duong Gia,Phuong Mo Phong,Huyen Demo,Tinh Mo Phong,VN,94012
ADDR-000006,So 12 Duong Gia,Xa Mo Hinh,Quan Test 3,Thanh pho Gia,VN,24662
ADDR-000007,So 99 Hem Mock,Phuong Thu Nghiem,Quan Test 3,Tinh Mo Phong,VN,67422
ADDR-000008,So 15 Duong Sandbox,Phuong Sandbox,Huyen Demo,Thanh pho Ao,VN,84847
ADDR-000009,So 15 Duong Sandbox,Xa Du Lieu,Quan Test 3,Thanh pho Ao,VN,46509
ADDR-000010,So 15 Duong Sandbox,Phuong Thu Nghiem,Quan Test 3,Thanh pho Demo,VN,30289
ADDR-000011,So 45 Pho Ao,Phuong Sandbox,Huyen Demo,Thanh pho Gia,VN,91183
ADDR-000012,So 7 Ngach Demo,Xa Mo Hinh,Quan Mock 1,Thanh pho Ao,VN,58434
ADDR-000013,So 3 Duong Synthetic,Xa Synthetic,Huyen Sandbox,Thanh pho Gia,VN,22097
ADDR-000014,So 12 Duong Gia,Phuong Thu Nghiem,Huyen Sandbox,Thanh pho Gia,VN,56898
ADDR-000015,So 99 Hem Mock,Phuong Sandbox,Quan Test 3,Tinh Mo Phong,VN,50001
ADDR-000016,So 12 Duong Gia,Phuong Mo Phong,Huyen Demo,Thanh pho Demo,VN,55309
ADDR-000017,So 45 Pho Ao,Phuong Thu Nghiem,Huyen Demo,Tinh Mo Phong,VN,97410
ADDR-000018,So 15 Duong Sandbox,Phuong Sandbox,Huyen Demo,Thanh pho Demo,VN,32241
ADDR-000019,So 88 Lo Demo Data,Phuong Sandbox,Quan Mock 2,Thanh pho Gia,VN,23970
ADDR-000020,So 7 Ngach Demo,Xa Synthetic,Quan Test 3,Tinh Mo Phong,VN,42406
ADDR-000021,So 15 Duong Sandbox,Phuong Demo,Quan Mock 1,Thanh pho Ao,VN,65069
ADDR-000022,So 7 Ngach Demo,Phuong Gia Lap,Quan Test 3,Thanh pho Gia,VN,21003
ADDR-000023,So 21 Pho Fictitious,Phuong Sandbox,Quan Mock 1,Thanh pho Gia,VN,14067
ADDR-000024,So 88 Lo Demo Data,Phuong Demo,Quan Mock 2,Thanh pho Gia,VN,87607
ADDR-000025,So 60 Pho Placeholder,Phuong Thu Nghiem,Huyen Demo,Thanh pho Demo,VN,70931
ADDR-000026,So 3 Duong Synthetic,Phuong Gia Lap,Huyen Demo,Thanh pho Ao,VN,21221
ADDR-000027,So 21 Pho Fictitious,Xa Synthetic,Huyen Sandbox,Tinh Mo Phong,VN,42951
ADDR-000028,So 12 Duong Gia,Phuong Gia Lap,Huyen Demo,Tinh Mo Phong,VN,26551
ADDR-000029,So 88 Lo Demo Data,Phuong Sandbox,Huyen Demo,Thanh pho Demo,VN,69049
ADDR-000030,So 3 Duong Synthetic,Phuong Gia Lap,Quan Mock 2,Tinh Mo Phong,VN,47056
ADDR-000031,So 60 Pho Placeholder,Xa Synthetic,Quan Test 3,Thanh pho Gia,VN,88385
ADDR-000032,So 15 Duong Sandbox,Xa Mo Hinh,Quan Test 3,Tinh Mo Phong,VN,52081
ADDR-000033,So 15 Duong Sandbox,Xa Synthetic,Quan Mock 1,Thanh pho Ao,VN,45003
ADDR-000034,So 3 Duong Synthetic,Phuong Thu Nghiem,Quan Test 3,Thanh pho Demo,VN,71894
ADDR-000035,So 15 Duong Sandbox,Xa Mo Hinh,Huyen Sandbox,Thanh pho Demo,VN,69682
ADDR-000036,So 15 Duong Sandbox,Phuong Mo Phong,Huyen Demo,Thanh pho Demo,VN,12011
ADDR-000037,So 45 Pho Ao,Phuong Demo,Quan Mock 1,Thanh pho Gia,VN,68153
ADDR-000038,So 33 Ngach Testbed,Xa Du Lieu,Quan Mock 2,Thanh pho Demo,VN,93611
ADDR-000039,So 88 Lo Demo Data,Xa Mo Hinh,Huyen Demo,Tinh Mo Phong,VN,48696
ADDR-000040,So 21 Pho Fictitious,Xa Du Lieu,Quan Mock 1,Tinh Mo Phong,VN,52823
ADDR-000041,So 88 Lo Demo Data,Xa Mo Hinh,Quan Mock 1,Thanh pho Demo,VN,11824
ADDR-000042,So 3 Duong Synthetic,Phuong Demo,Quan Mock 1,Thanh pho Ao,VN,15943
ADDR-000043,So 21 Pho Fictitious,Phuong Sandbox,Quan Test 3,Thanh pho Demo,VN,40947
ADDR-000044,So 99 Hem Mock,Phuong Sandbox,Huyen Sandbox,Thanh pho Ao,VN,88116
ADDR-000045,So 21 Pho Fictitious,Phuong Mo Phong,Quan Test 3,Thanh pho Ao,VN,90623
ADDR-000046,So 33 Ngach Testbed,Phuong Thu Nghiem,Quan Test 3,Thanh pho Demo,VN,22999
ADDR-000047,So 45 Pho Ao,Xa Mo Hinh,Quan Mock 2,Thanh pho Gia,VN,86869
ADDR-000048,So 3 Duong Synthetic,Phuong Sandbox,Quan Test 3,Thanh pho Gia,VN,89822
ADDR-000049,So 3 Duong Synthetic,Xa Mo Hinh,Huyen Demo,Thanh pho Gia,VN,16895
ADDR-000050,So 99 Hem Mock,Phuong Demo,Huyen Demo,Thanh pho Gia,VN,11007
ADDR-000051,So 45 Pho Ao,Xa Mo Hinh,Huyen Demo,Thanh pho Demo,VN,85156
ADDR-000052,So 60 Pho Placeholder,Phuong Mo Phong,Huyen Demo,Thanh pho Ao,VN,55793
ADDR-000053,So 3 Duong Synthetic,Phuong Thu Nghiem,Huyen Demo,Thanh pho Gia,VN,56129
ADDR-000054,So 12 Duong Gia,Xa Synthetic,Quan Mock 1,Tinh Mo Phong,VN,21053
ADDR-000055,So 88 Lo Demo Data,Phuong Thu Nghiem,Huyen Sandbox,Thanh pho Ao,VN,53694
ADDR-000056,So 21 Pho Fictitious,Phuong Gia Lap,Huyen Sandbox,Tinh Mo Phong,VN,33627
ADDR-000057,So 99 Hem Mock,Xa Synthetic,Huyen Demo,Tinh Mo Phong,VN,68841
ADDR-000058,So 15 Duong Sandbox,Xa Mo Hinh,Huyen Demo,Thanh pho Gia,VN,77621
ADDR-000059,So 12 Duong Gia,Xa Mo Hinh,Quan Mock 1,Tinh Mo Phong,VN,29142
ADDR-000060,So 33 Ngach Testbed,Xa Synthetic,Quan Mock 1,Thanh pho Gia,VN,75513
ADDR-000061,So 60 Pho Placeholder,Phuong Gia Lap,Quan Test 3,Thanh pho Demo,VN,15706
ADDR-000062,So 7 Ngach Demo,Phuong Mo Phong,Quan Test 3,Thanh pho Gia,VN,48462
ADDR-000063,So 88 Lo Demo Data,Xa Mo Hinh,Quan Mock 2,Thanh pho Demo,VN,75211
ADDR-000064,So 12 Duong Gia,Xa Mo Hinh,Huyen Demo,Thanh pho Demo,VN,45986
ADDR-000065,So 45 Pho Ao,Xa Du Lieu,Huyen Demo,Tinh Mo Phong,VN,62171
ADDR-000066,So 45 Pho Ao,Xa Mo Hinh,Huyen Sandbox,Thanh pho Gia,VN,82089
ADDR-000067,So 7 Ngach Demo,Phuong Mo Phong,Quan Mock 1,Tinh Mo Phong,VN,62187
ADDR-000068,So 45 Pho Ao,Xa Du Lieu,Huyen Sandbox,Thanh pho Ao,VN,31229
ADDR-000069,So 12 Duong Gia,Phuong Mo Phong,Quan Mock 1,Tinh Mo Phong,VN,95344
ADDR-000070,So 21 Pho Fictitious,Xa Mo Hinh,Quan Test 3,Thanh pho Ao,VN,58567
ADDR-000071,So 99 Hem Mock,Xa Du Lieu,Quan Test 3,Thanh pho Demo,VN,75373
ADDR-000072,So 21 Pho Fictitious,Phuong Demo,Huyen Sandbox,Thanh pho Gia,VN,62505
ADDR-000073,So 99 Hem Mock,Phuong Demo,Huyen Demo,Thanh pho Gia,VN,15938
ADDR-000074,So 12 Duong Gia,Xa Mo Hinh,Huyen Sandbox,Thanh pho Gia,VN,64596
ADDR-000075,So 88 Lo Demo Data,Xa Du Lieu,Quan Test 3,Thanh pho Ao,VN,63788
ADDR-000076,So 3 Duong Synthetic,Xa Synthetic,Quan Mock 2,Thanh pho Ao,VN,46569
ADDR-000077,So 45 Pho Ao,Xa Mo Hinh,Quan Test 3,Tinh Mo Phong,VN,72793
ADDR-000078,So 60 Pho Placeholder,Xa Du Lieu,Quan Test 3,Thanh pho Demo,VN,72580
ADDR-000079,So 21 Pho Fictitious,Phuong Thu Nghiem,Quan Test 3,Thanh pho Demo,VN,27589
ADDR-000080,So 45 Pho Ao,Xa Du Lieu,Quan Mock 2,Thanh pho Demo,VN,52415
ADDR-000081,So 3 Duong Synthetic,Xa Mo Hinh,Huyen Demo,Thanh pho Ao,VN,38721
ADDR-000082,So 60 Pho Placeholder,Xa Du Lieu,Quan Mock 2,Tinh Mo Phong,VN,78202
ADDR-000083,So 99 Hem Mock,Phuong Mo Phong,Quan Mock 1,Thanh pho Demo,VN,55158
ADDR-000084,So 45 Pho Ao,Xa Du Lieu,Huyen Demo,Thanh pho Demo,VN,79316
ADDR-000085,So 12 Duong Gia,Phuong Sandbox,Quan Mock 2,Thanh pho Gia,VN,23224
ADDR-000086,So 21 Pho Fictitious,Phuong Sandbox,Huyen Sandbox,Thanh pho Ao,VN,96535
ADDR-000087,So 99 Hem Mock,Phuong Thu Nghiem,Quan Mock 2,Thanh pho Demo,VN,17552
ADDR-000088,So 60 Pho Placeholder,Phuong Sandbox,Quan Test 3,Thanh pho Ao,VN,53642
ADDR-000089,So 15 Duong Sandbox,Xa Synthetic,Quan Mock 1,Thanh pho Demo,VN,51973
ADDR-000090,So 21 Pho Fictitious,Phuong Thu Nghiem,Quan Test 3,Thanh pho Demo,VN,70401
ADDR-000091,So 33 Ngach Testbed,Xa Synthetic,Quan Test 3,Thanh pho Gia,VN,10866
ADDR-000092,So 21 Pho Fictitious,Phuong Thu Nghiem,Quan Test 3,Thanh pho Gia,VN,58896
ADDR-000093,So 21 Pho Fictitious,Phuong Mo Phong,Huyen Demo,Thanh pho Gia,VN,40115
ADDR-000094,So 88 Lo Demo Data,Xa Du Lieu,Quan Mock 1,Tinh Mo Phong,VN,17038
ADDR-000095,So 99 Hem Mock,Phuong Mo Phong,Quan Mock 1,Tinh Mo Phong,VN,30214
ADDR-000096,So 88 Lo Demo Data,Phuong Gia Lap,Huyen Sandbox,Thanh pho Demo,VN,60829
ADDR-000097,So 15 Duong Sandbox,Phuong Sandbox,Quan Test 3,Thanh pho Gia,VN,27758
ADDR-000098,So 15 Duong Sandbox,Phuong Sandbox,Huyen Sandbox,Thanh pho Demo,VN,46739
ADDR-000099,So 88 Lo Demo Data,Phuong Mo Phong,Quan Test 3,Thanh pho Demo,VN,86315
ADDR-000100,So 21 Pho Fictitious,Phuong Demo,Quan Mock 1,Thanh pho Gia,VN,22924
ADDR-000101,So 7 Ngach Demo,Xa Mo Hinh,Huyen Sandbox,Tinh Mo Phong,VN,69681
ADDR-000102,So 60 Pho Placeholder,Phuong Demo,Quan Test 3,Thanh pho Ao,VN,63090
ADDR-000103,So 3 Duong Synthetic,Xa Synthetic,Huyen Demo,Tinh Mo Phong,VN,88246
ADDR-000104,So 7 Ngach Demo,Phuong Demo,Quan Test 3,Thanh pho Ao,VN,73788
ADDR-000105,So 15 Duong Sandbox,Xa Synthetic,Quan Mock 2,Thanh pho Gia,VN,84107
ADDR-000106,So 15 Duong Sandbox,Phuong Sandbox,Quan Test 3,Thanh pho Gia,VN,95678
ADDR-000107,So 33 Ngach Testbed,Xa Du Lieu,Huyen Sandbox,Tinh Mo Phong,VN,47923
ADDR-000108,So 3 Duong Synthetic,Phuong Demo,Quan Test 3,Thanh pho Demo,VN,19898
ADDR-000109,So 21 Pho Fictitious,Phuong Thu Nghiem,Huyen Sandbox,Thanh pho Ao,VN,84205
ADDR-000110,So 21 Pho Fictitious,Xa Du Lieu,Quan Mock 1,Thanh pho Demo,VN,91999
ADDR-000111,So 45 Pho Ao,Phuong Mo Phong,Quan Mock 1,Tinh Mo Phong,VN,58177
ADDR-000112,So 45 Pho Ao,Xa Du Lieu,Quan Mock 1,Thanh pho Demo,VN,56076
ADDR-000113,So 99 Hem Mock,Xa Synthetic,Quan Test 3,Thanh pho Gia,VN,41599
ADDR-000114,So 88 Lo Demo Data,Phuong Thu Nghiem,Huyen Demo,Thanh pho Demo,VN,65518
ADDR-000115,So 45 Pho Ao,Xa Synthetic,Huyen Demo,Thanh pho Gia,VN,50539
ADDR-000116,So 33 Ngach Testbed,Phuong Mo Phong,Quan Test 3,Thanh pho Demo,VN,76949
ADDR-000117,So 12 Duong Gia,Phuong Demo,Quan Mock 2,Tinh Mo Phong,VN,42540
ADDR-000118,So 99 Hem Mock,Phuong Thu Nghiem,Huyen Demo,Tinh Mo Phong,VN,91620
ADDR-000119,So 88 Lo Demo Data,Xa Synthetic,Quan Mock 1,Thanh pho Ao,VN,46677
ADDR-000120,So 88 Lo Demo Data,Xa Mo Hinh,Huyen Sandbox,Thanh pho Demo,VN,45645
ADDR-000121,So 3 Duong Synthetic,Phuong Gia Lap,Quan Mock 2,Tinh Mo Phong,VN,29441
ADDR-000122,So 88 Lo Demo Data,Xa Mo Hinh,Quan Mock 1,Tinh Mo Phong,VN,19828
ADDR-000123,So 3 Duong Synthetic,Phuong Thu Nghiem,Quan Test 3,Thanh pho Ao,VN,14541
ADDR-000124,So 33 Ngach Testbed,Xa Mo Hinh,Quan Test 3,Tinh Mo Phong,VN,33568
ADDR-000125,So 88 Lo Demo Data,Xa Mo Hinh,Quan Mock 2,Thanh pho Ao,VN,41005
ADDR-000126,So 33 Ngach Testbed,Phuong Sandbox,Quan Mock 2,Tinh Mo Phong,VN,33260
ADDR-000127,So 21 Pho Fictitious,Xa Du Lieu,Huyen Demo,Tinh Mo Phong,VN,39260
ADDR-000128,So 7 Ngach Demo,Phuong Mo Phong,Huyen Sandbox,Thanh pho Demo,VN,11493
ADDR-000129,So 99 Hem Mock,Xa Du Lieu,Quan Test 3,Thanh pho Gia,VN,14379
ADDR-000130,So 45 Pho Ao,Xa Mo Hinh,Quan Mock 2,Thanh pho Ao,VN,63645
ADDR-000131,So 7 Ngach Demo,Phuong Thu Nghiem,Quan Mock 1,Thanh pho Demo,VN,25139
ADDR-000132,So 45 Pho Ao,Phuong Mo Phong,Huyen Sandbox,Thanh pho Demo,VN,87296
ADDR-000133,So 7 Ngach Demo,Phuong Gia Lap,Quan Test 3,Thanh pho Gia,VN,99538
ADDR-000134,So 7 Ngach Demo,Xa Du Lieu,Huyen Demo,Thanh pho Gia,VN,23845
ADDR-000135,So 12 Duong Gia,Xa Synthetic,Huyen Sandbox,Tinh Mo Phong,VN,12651
ADDR-000136,So 21 Pho Fictitious,Phuong Gia Lap,Huyen Demo,Thanh pho Ao,VN,18600
ADDR-000137,So 12 Duong Gia,Phuong Sandbox,Huyen Sandbox,Thanh pho Demo,VN,87862
ADDR-000138,So 12 Duong Gia,Xa Synthetic,Quan Mock 2,Thanh pho Ao,VN,88792
ADDR-000139,So 3 Duong Synthetic,Phuong Thu Nghiem,Quan Mock 1,Thanh pho Demo,VN,18367
ADDR-000140,So 88 Lo Demo Data,Phuong Gia Lap,Huyen Demo,Thanh pho Ao,VN,54979
ADDR-000141,So 3 Duong Synthetic,Phuong Demo,Huyen Sandbox,Tinh Mo Phong,VN,44152
ADDR-000142,So 33 Ngach Testbed,Xa Synthetic,Quan Mock 2,Tinh Mo Phong,VN,33639
ADDR-000143,So 12 Duong Gia,Phuong Gia Lap,Huyen Demo,Thanh pho Ao,VN,58903
ADDR-000144,So 60 Pho Placeholder,Xa Mo Hinh,Quan Test 3,Thanh pho Ao,VN,54922
ADDR-000145,So 12 Duong Gia,Phuong Mo Phong,Quan Mock 1,Thanh pho Gia,VN,25176
ADDR-000146,So 45 Pho Ao,Phuong Mo Phong,Quan Test 3,Thanh pho Ao,VN,89823
ADDR-000147,So 45 Pho Ao,Phuong Mo Phong,Huyen Sandbox,Thanh pho Ao,VN,69867
ADDR-000148,So 33 Ngach Testbed,Phuong Thu Nghiem,Quan Mock 1,Tinh Mo Phong,VN,54921
ADDR-000149,So 21 Pho Fictitious,Phuong Gia Lap,Quan Mock 2,Thanh pho Demo,VN,73979
ADDR-000150,So 7 Ngach Demo,Phuong Gia Lap,Quan Mock 1,Thanh pho Ao,VN,76265
ADDR-000151,So 45 Pho Ao,Xa Synthetic,Quan Mock 1,Thanh pho Gia,VN,62879
ADDR-000152,So 33 Ngach Testbed,Xa Synthetic,Huyen Sandbox,Thanh pho Demo,VN,24945
ADDR-000153,So 15 Duong Sandbox,Phuong Sandbox,Huyen Sandbox,Thanh pho Gia,VN,64325
ADDR-000154,So 7 Ngach Demo,Phuong Mo Phong,Quan Test 3,Tinh Mo Phong,VN,76074
ADDR-000155,So 3 Duong Synthetic,Xa Mo Hinh,Quan Mock 2,Thanh pho Ao,VN,76046
ADDR-000156,So 3 Duong Synthetic,Phuong Thu Nghiem,Quan Mock 2,Thanh pho Gia,VN,48684
ADDR-000157,So 3 Duong Synthetic,Phuong Sandbox,Huyen Demo,Thanh pho Demo,VN,39563
ADDR-000158,So 12 Duong Gia,Xa Mo Hinh,Quan Test 3,Thanh pho Ao,VN,15235
ADDR-000159,So 99 Hem Mock,Phuong Sandbox,Huyen Sandbox,Tinh Mo Phong,VN,57290
ADDR-000160,So 3 Duong Synthetic,Phuong Gia Lap,Huyen Demo,Tinh Mo Phong,VN,77411
ADDR-000161,So 7 Ngach Demo,Phuong Gia Lap,Quan Test 3,Tinh Mo Phong,VN,14965
ADDR-000162,So 33 Ngach Testbed,Phuong Gia Lap,Quan Mock 1,Tinh Mo Phong,VN,75907
ADDR-000163,So 60 Pho Placeholder,Xa Du Lieu,Quan Mock 1,Thanh pho Gia,VN,10659
ADDR-000164,So 60 Pho Placeholder,Xa Synthetic,Huyen Demo,Thanh pho Gia,VN,48096
ADDR-000165,So 88 Lo Demo Data,Xa Du Lieu,Quan Mock 1,Tinh Mo Phong,VN,42266
ADDR-000166,So 45 Pho Ao,Phuong Mo Phong,Quan Mock 1,Thanh pho Gia,VN,86269
ADDR-000167,So 99 Hem Mock,Xa Du Lieu,Huyen Demo,Thanh pho Ao,VN,68487
ADDR-000168,So 12 Duong Gia,Phuong Gia Lap,Huyen Sandbox,Thanh pho Gia,VN,78337
ADDR-000169,So 12 Duong Gia,Xa Du Lieu,Quan Test 3,Thanh pho Ao,VN,40145
ADDR-000170,So 33 Ngach Testbed,Xa Du Lieu,Quan Mock 2,Thanh pho Gia,VN,85008
ADDR-000171,So 33 Ngach Testbed,Xa Du Lieu,Huyen Demo,Thanh pho Ao,VN,91685
ADDR-000172,So 60 Pho Placeholder,Phuong Mo Phong,Quan Mock 1,Thanh pho Demo,VN,96427
ADDR-000173,So 33 Ngach Testbed,Phuong Demo,Huyen Sandbox,Thanh pho Ao,VN,10716
ADDR-000174,So 88 Lo Demo Data,Phuong Sandbox,Quan Test 3,Thanh pho Demo,VN,33425
ADDR-000175,So 12 Duong Gia,Xa Du Lieu,Quan Test 3,Thanh pho Gia,VN,21939
ADDR-000176,So 60 Pho Placeholder,Phuong Thu Nghiem,Quan Mock 2,Thanh pho Gia,VN,88579
ADDR-000177,So 60 Pho Placeholder,Xa Mo Hinh,Huyen Sandbox,Tinh Mo Phong,VN,39661
ADDR-000178,So 33 Ngach Testbed,Xa Synthetic,Quan Mock 2,Tinh Mo Phong,VN,70142
ADDR-000179,So 21 Pho Fictitious,Xa Mo Hinh,Quan Mock 2,Tinh Mo Phong,VN,33957
ADDR-000180,So 33 Ngach Testbed,Phuong Thu Nghiem,Quan Test 3,Thanh pho Ao,VN,76995
ADDR-000181,So 99 Hem Mock,Phuong Demo,Huyen Demo,Thanh pho Gia,VN,52655
ADDR-000182,So 33 Ngach Testbed,Phuong Sandbox,Quan Mock 1,Tinh Mo Phong,VN,40907
ADDR-000183,So 12 Duong Gia,Phuong Sandbox,Huyen Sandbox,Thanh pho Demo,VN,92557
ADDR-000184,So 15 Duong Sandbox,Phuong Mo Phong,Quan Test 3,Tinh Mo Phong,VN,70784
ADDR-000185,So 7 Ngach Demo,Phuong Gia Lap,Quan Mock 2,Thanh pho Ao,VN,96772
ADDR-000186,So 3 Duong Synthetic,Xa Synthetic,Quan Mock 2,Thanh pho Ao,VN,79041
ADDR-000187,So 99 Hem Mock,Phuong Mo Phong,Quan Test 3,Tinh Mo Phong,VN,57943
ADDR-000188,So 60 Pho Placeholder,Xa Mo Hinh,Quan Mock 2,Thanh pho Demo,VN,83472
ADDR-000189,So 7 Ngach Demo,Phuong Thu Nghiem,Quan Mock 1,Thanh pho Demo,VN,90967
ADDR-000190,So 15 Duong Sandbox,Xa Mo Hinh,Quan Test 3,Thanh pho Gia,VN,53286
ADDR-000191,So 45 Pho Ao,Phuong Sandbox,Quan Test 3,Thanh pho Demo,VN,99318
ADDR-000192,So 45 Pho Ao,Phuong Demo,Quan Mock 2,Thanh pho Gia,VN,15504
ADDR-000193,So 99 Hem Mock,Phuong Gia Lap,Quan Test 3,Tinh Mo Phong,VN,27659
ADDR-000194,So 15 Duong Sandbox,Phuong Gia Lap,Huyen Demo,Thanh pho Demo,VN,34318
ADDR-000195,So 7 Ngach Demo,Xa Du Lieu,Quan Mock 1,Thanh pho Ao,VN,24031
ADDR-000196,So 21 Pho Fictitious,Phuong Demo,Huyen Sandbox,Thanh pho Gia,VN,90862
ADDR-000197,So 15 Duong Sandbox,Phuong Demo,Quan Mock 1,Thanh pho Ao,VN,33644
ADDR-000198,So 21 Pho Fictitious,Xa Synthetic,Quan Test 3,Thanh pho Demo,VN,10025
ADDR-000199,So 33 Ngach Testbed,Phuong Sandbox,Quan Mock 2,Tinh Mo Phong,VN,49361
ADDR-000200,So 21 Pho Fictitious,Xa Mo Hinh,Quan Test 3,Thanh pho Demo,VN,25799
ADDR-000201,So 45 Pho Ao,Phuong Sandbox,Quan Test 3,Tinh Mo Phong,VN,61684
ADDR-000202,So 60 Pho Placeholder,Phuong Sandbox,Quan Mock 2,Thanh pho Gia,VN,44898
ADDR-000203,So 99 Hem Mock,Phuong Sandbox,Huyen Sandbox,Thanh pho Ao,VN,21247
ADDR-000204,So 7 Ngach Demo,Phuong Gia Lap,Quan Test 3,Thanh pho Gia,VN,43483
ADDR-000205,So 45 Pho Ao,Xa Mo Hinh,Quan Test 3,Thanh pho Gia,VN,34434
ADDR-000206,So 88 Lo Demo Data,Phuong Gia Lap,Huyen Demo,Tinh Mo Phong,VN,39567
ADDR-000207,So 33 Ngach Testbed,Phuong Sandbox,Quan Mock 2,Tinh Mo Phong,VN,78656
ADDR-000208,So 45 Pho Ao,Xa Du Lieu,Quan Mock 2,Thanh pho Gia,VN,90213
ADDR-000209,So 12 Duong Gia,Phuong Demo,Quan Mock 1,Tinh Mo Phong,VN,64138
ADDR-000210,So 12 Duong Gia,Phuong Mo Phong,Quan Test 3,Thanh pho Demo,VN,15559
ADDR-000211,So 15 Duong Sandbox,Phuong Mo Phong,Huyen Demo,Thanh pho Gia,VN,33562
ADDR-000212,So 60 Pho Placeholder,Xa Du Lieu,Quan Test 3,Thanh pho Demo,VN,15754
ADDR-000213,So 3 Duong Synthetic,Phuong Gia Lap,Quan Test 3,Thanh pho Demo,VN,75358
ADDR-000214,So 33 Ngach Testbed,Phuong Thu Nghiem,Huyen Sandbox,Thanh pho Gia,VN,16426
ADDR-000215,So 45 Pho Ao,Phuong Thu Nghiem,Quan Test 3,Thanh pho Ao,VN,25993
ADDR-000216,So 7 Ngach Demo,Xa Synthetic,Huyen Demo,Thanh pho Demo,VN,74553
ADDR-000217,So 3 Duong Synthetic,Xa Mo Hinh,Quan Mock 1,Thanh pho Gia,VN,99893
ADDR-000218,So 12 Duong Gia,Phuong Thu Nghiem,Huyen Demo,Tinh Mo Phong,VN,82768
ADDR-000219,So 3 Duong Synthetic,Phuong Demo,Quan Mock 1,Thanh pho Demo,VN,41148
ADDR-000220,So 21 Pho Fictitious,Xa Du Lieu,Quan Mock 1,Thanh pho Ao,VN,36894
ADDR-000221,So 3 Duong Synthetic,Xa Mo Hinh,Quan Test 3,Thanh pho Gia,VN,45737
ADDR-000222,So 15 Duong Sandbox,Phuong Gia Lap,Quan Mock 1,Thanh pho Demo,VN,17051
ADDR-000223,So 15 Duong Sandbox,Xa Synthetic,Quan Mock 2,Thanh pho Ao,VN,28837
ADDR-000224,So 45 Pho Ao,Xa Mo Hinh,Huyen Demo,Thanh pho Gia,VN,49599
ADDR-000225,So 33 Ngach Testbed,Xa Synthetic,Quan Mock 1,Thanh pho Demo,VN,52647
ADDR-000226,So 60 Pho Placeholder,Phuong Thu Nghiem,Quan Test 3,Thanh pho Demo,VN,35646
ADDR-000227,So 21 Pho Fictitious,Phuong Mo Phong,Huyen Sandbox,Thanh pho Gia,VN,40833
ADDR-000228,So 45 Pho Ao,Phuong Gia Lap,Quan Mock 2,Thanh pho Demo,VN,96235
ADDR-000229,So 99 Hem Mock,Phuong Thu Nghiem,Quan Test 3,Tinh Mo Phong,VN,14385
ADDR-000230,So 33 Ngach Testbed,Phuong Thu Nghiem,Huyen Demo,Thanh pho Gia,VN,55029
ADDR-000231,So 33 Ngach Testbed,Phuong Gia Lap,Huyen Sandbox,Thanh pho Demo,VN,20814
ADDR-000232,So 12 Duong Gia,Xa Mo Hinh,Quan Mock 1,Thanh pho Ao,VN,88059
ADDR-000233,So 60 Pho Placeholder,Phuong Sandbox,Quan Test 3,Thanh pho Demo,VN,72205
ADDR-000234,So 99 Hem Mock,Phuong Sandbox,Huyen Demo,Tinh Mo Phong,VN,98829
ADDR-000235,So 99 Hem Mock,Phuong Mo Phong,Quan Mock 1,Thanh pho Gia,VN,89257
ADDR-000236,So 12 Duong Gia,Phuong Thu Nghiem,Huyen Sandbox,Thanh pho Ao,VN,67747
ADDR-000237,So 15 Duong Sandbox,Xa Du Lieu,Quan Mock 1,Thanh pho Gia,VN,97111
ADDR-000238,So 21 Pho Fictitious,Xa Mo Hinh,Huyen Sandbox,Thanh pho Demo,VN,17234
ADDR-000239,So 99 Hem Mock,Xa Du Lieu,Quan Mock 1,Thanh pho Ao,VN,13324
ADDR-000240,So 60 Pho Placeholder,Xa Du Lieu,Huyen Demo,Thanh pho Ao,VN,19441
ADDR-000241,So 33 Ngach Testbed,Phuong Sandbox,Quan Mock 1,Thanh pho Ao,VN,65864
ADDR-000242,So 33 Ngach Testbed,Phuong Gia Lap,Quan Mock 2,Thanh pho Gia,VN,92863
ADDR-000243,So 7 Ngach Demo,Phuong Gia Lap,Huyen Demo,Thanh pho Ao,VN,75521
ADDR-000244,So 15 Duong Sandbox,Xa Synthetic,Quan Mock 2,Thanh pho Ao,VN,97836
ADDR-000245,So 21 Pho Fictitious,Phuong Demo,Quan Mock 2,Tinh Mo Phong,VN,40154
ADDR-000246,So 99 Hem Mock,Xa Mo Hinh,Huyen Sandbox,Thanh pho Ao,VN,54025
ADDR-000247,So 15 Duong Sandbox,Xa Synthetic,Huyen Sandbox,Thanh pho Gia,VN,66113
ADDR-000248,So 12 Duong Gia,Phuong Demo,Quan Mock 2,Thanh pho Ao,VN,56976
ADDR-000249,So 21 Pho Fictitious,Phuong Gia Lap,Huyen Sandbox,Thanh pho Demo,VN,45361
ADDR-000250,So 21 Pho Fictitious,Phuong Sandbox,Huyen Demo,Thanh pho Gia,VN,95070
ADDR-000251,So 45 Pho Ao,Phuong Sandbox,Quan Test 3,Thanh pho Gia,VN,20508
ADDR-000252,So 99 Hem Mock,Xa Mo Hinh,Quan Test 3,Tinh Mo Phong,VN,95951
ADDR-000253,So 7 Ngach Demo,Xa Du Lieu,Huyen Demo,Tinh Mo Phong,VN,33891
ADDR-000254,So 12 Duong Gia,Phuong Demo,Quan Test 3,Thanh pho Ao,VN,70036
ADDR-000255,So 33 Ngach Testbed,Phuong Sandbox,Huyen Demo,Thanh pho Ao,VN,46428
ADDR-000256,So 3 Duong Synthetic,Xa Mo Hinh,Huyen Sandbox,Tinh Mo Phong,VN,68402
ADDR-000257,So 33 Ngach Testbed,Phuong Demo,Quan Mock 1,Thanh pho Gia,VN,63668
ADDR-000258,So 3 Duong Synthetic,Xa Synthetic,Quan Mock 1,Tinh Mo Phong,VN,64677
ADDR-000259,So 12 Duong Gia,Xa Du Lieu,Huyen Sandbox,Thanh pho Demo,VN,27759
ADDR-000260,So 3 Duong Synthetic,Phuong Thu Nghiem,Huyen Sandbox,Thanh pho Gia,VN,80047
ADDR-000261,So 15 Duong Sandbox,Xa Mo Hinh,Huyen Sandbox,Tinh Mo Phong,VN,28220
ADDR-000262,So 12 Duong Gia,Phuong Sandbox,Quan Mock 1,Thanh pho Gia,VN,96479
ADDR-000263,So 60 Pho Placeholder,Phuong Sandbox,Huyen Demo,Thanh pho Gia,VN,22989
ADDR-000264,So 60 Pho Placeholder,Phuong Sandbox,Quan Test 3,Thanh pho Gia,VN,51193
ADDR-000265,So 15 Duong Sandbox,Xa Mo Hinh,Quan Mock 2,Thanh pho Gia,VN,98363
ADDR-000266,So 45 Pho Ao,Phuong Sandbox,Quan Test 3,Thanh pho Demo,VN,46505
ADDR-000267,So 45 Pho Ao,Phuong Gia Lap,Quan Mock 1,Thanh pho Demo,VN,98880
ADDR-000268,So 12 Duong Gia,Phuong Gia Lap,Quan Test 3,Thanh pho Gia,VN,60283
ADDR-000269,So 15 Duong Sandbox,Xa Du Lieu,Huyen Demo,Thanh pho Gia,VN,61299
ADDR-000270,So 99 Hem Mock,Phuong Sandbox,Quan Mock 2,Tinh Mo Phong,VN,87664
ADDR-000271,So 33 Ngach Testbed,Phuong Mo Phong,Quan Test 3,Thanh pho Gia,VN,98488
ADDR-000272,So 45 Pho Ao,Phuong Mo Phong,Huyen Demo,Tinh Mo Phong,VN,45830
ADDR-000273,So 7 Ngach Demo,Xa Synthetic,Quan Mock 2,Thanh pho Demo,VN,45118
ADDR-000274,So 3 Duong Synthetic,Xa Du Lieu,Huyen Sandbox,Thanh pho Ao,VN,63197
ADDR-000275,So 15 Duong Sandbox,Phuong Gia Lap,Quan Mock 1,Thanh pho Gia,VN,51144
ADDR-000276,So 33 Ngach Testbed,Phuong Demo,Quan Mock 2,Thanh pho Demo,VN,38574
ADDR-000277,So 3 Duong Synthetic,Phuong Gia Lap,Huyen Demo,Thanh pho Gia,VN,96798
ADDR-000278,So 7 Ngach Demo,Xa Synthetic,Huyen Sandbox,Thanh pho Demo,VN,14440
ADDR-000279,So 7 Ngach Demo,Phuong Gia Lap,Quan Test 3,Thanh pho Ao,VN,92352
ADDR-000280,So 21 Pho Fictitious,Xa Du Lieu,Quan Test 3,Thanh pho Demo,VN,84762
ADDR-000281,So 12 Duong Gia,Phuong Demo,Quan Test 3,Thanh pho Demo,VN,25533
ADDR-000282,So 33 Ngach Testbed,Xa Synthetic,Quan Mock 2,Tinh Mo Phong,VN,86402
ADDR-000283,So 33 Ngach Testbed,Phuong Gia Lap,Quan Mock 1,Tinh Mo Phong,VN,76131
ADDR-000284,So 12 Duong Gia,Xa Du Lieu,Quan Test 3,Tinh Mo Phong,VN,57263
ADDR-000285,So 15 Duong Sandbox,Phuong Demo,Quan Mock 1,Thanh pho Demo,VN,15346
ADDR-000286,So 45 Pho Ao,Phuong Sandbox,Quan Test 3,Thanh pho Gia,VN,53077
ADDR-000287,So 33 Ngach Testbed,Xa Du Lieu,Quan Mock 2,Thanh pho Gia,VN,94363
ADDR-000288,So 45 Pho Ao,Phuong Thu Nghiem,Quan Test 3,Thanh pho Demo,VN,50645
ADDR-000289,So 15 Duong Sandbox,Phuong Sandbox,Quan Mock 2,Thanh pho Demo,VN,79111
ADDR-000290,So 33 Ngach Testbed,Phuong Thu Nghiem,Huyen Sandbox,Tinh Mo Phong,VN,86751
ADDR-000291,So 33 Ngach Testbed,Phuong Thu Nghiem,Quan Mock 1,Thanh pho Demo,VN,80041
ADDR-000292,So 99 Hem Mock,Phuong Gia Lap,Quan Mock 2,Thanh pho Demo,VN,95016
ADDR-000293,So 3 Duong Synthetic,Phuong Demo,Quan Mock 1,Tinh Mo Phong,VN,11032
ADDR-000294,So 3 Duong Synthetic,Phuong Demo,Quan Test 3,Thanh pho Gia,VN,74852
ADDR-000295,So 21 Pho Fictitious,Xa Synthetic,Quan Mock 2,Thanh pho Ao,VN,47022
ADDR-000296,So 12 Duong Gia,Phuong Mo Phong,Huyen Sandbox,Thanh pho Demo,VN,24938
ADDR-000297,So 33 Ngach Testbed,Phuong Mo Phong,Huyen Demo,Thanh pho Gia,VN,76493
ADDR-000298,So 12 Duong Gia,Phuong Sandbox,Quan Test 3,Tinh Mo Phong,VN,47585
ADDR-000299,So 12 Duong Gia,Phuong Mo Phong,Quan Mock 1,Tinh Mo Phong,VN,51262
ADDR-000300,So 7 Ngach Demo,Phuong Demo,Quan Test 3,Thanh pho Ao,VN,81358
ADDR-000301,So 7 Ngach Demo,Phuong Gia Lap,Quan Mock 1,Tinh Mo Phong,VN,41632
ADDR-000302,So 60 Pho Placeholder,Phuong Sandbox,Huyen Sandbox,Tinh Mo Phong,VN,47294
ADDR-000303,So 60 Pho Placeholder,Phuong Demo,Huyen Demo,Thanh pho Demo,VN,44562
ADDR-000304,So 33 Ngach Testbed,Phuong Demo,Quan Mock 1,Thanh pho Gia,VN,58442
ADDR-000305,So 12 Duong Gia,Phuong Mo Phong,Huyen Demo,Tinh Mo Phong,VN,18855
ADDR-000306,So 88 Lo Demo Data,Phuong Sandbox,Quan Test 3,Tinh Mo Phong,VN,80909
ADDR-000307,So 45 Pho Ao,Xa Du Lieu,Quan Mock 1,Tinh Mo Phong,VN,36975
ADDR-000308,So 3 Duong Synthetic,Phuong Mo Phong,Quan Mock 2,Tinh Mo Phong,VN,63382
ADDR-000309,So 88 Lo Demo Data,Phuong Mo Phong,Huyen Sandbox,Thanh pho Gia,VN,51724
ADDR-000310,So 7 Ngach Demo,Xa Mo Hinh,Huyen Demo,Thanh pho Ao,VN,42133
ADDR-000311,So 60 Pho Placeholder,Phuong Mo Phong,Huyen Sandbox,Thanh pho Gia,VN,61813
ADDR-000312,So 12 Duong Gia,Xa Synthetic,Quan Mock 1,Thanh pho Gia,VN,98172
ADDR-000313,So 12 Duong Gia,Phuong Mo Phong,Quan Test 3,Tinh Mo Phong,VN,35295
ADDR-000314,So 88 Lo Demo Data,Phuong Mo Phong,Huyen Sandbox,Thanh pho Demo,VN,32344
ADDR-000315,So 60 Pho Placeholder,Xa Synthetic,Quan Mock 1,Thanh pho Demo,VN,94012
ADDR-000316,So 99 Hem Mock,Phuong Demo,Quan Mock 1,Thanh pho Ao,VN,35805
ADDR-000317,So 33 Ngach Testbed,Xa Synthetic,Quan Mock 1,Thanh pho Demo,VN,85882
ADDR-000318,So 33 Ngach Testbed,Phuong Demo,Quan Mock 2,Thanh pho Gia,VN,69429
ADDR-000319,So 33 Ngach Testbed,Xa Synthetic,Quan Mock 2,Thanh pho Ao,VN,28045
ADDR-000320,So 60 Pho Placeholder,Phuong Gia Lap,Quan Test 3,Tinh Mo Phong,VN,35612
ADDR-000321,So 33 Ngach Testbed,Phuong Sandbox,Quan Mock 2,Thanh pho Demo,VN,53452
ADDR-000322,So 7 Ngach Demo,Xa Mo Hinh,Huyen Demo,Thanh pho Ao,VN,33401
ADDR-000323,So 45 Pho Ao,Phuong Mo Phong,Quan Mock 2,Thanh pho Ao,VN,34856
ADDR-000324,So 33 Ngach Testbed,Xa Synthetic,Quan Mock 2,Thanh pho Gia,VN,71691
ADDR-000325,So 12 Duong Gia,Phuong Sandbox,Quan Mock 2,Thanh pho Ao,VN,69255
ADDR-000326,So 88 Lo Demo Data,Phuong Demo,Huyen Sandbox,Thanh pho Demo,VN,51552
ADDR-000327,So 21 Pho Fictitious,Phuong Thu Nghiem,Huyen Sandbox,Tinh Mo Phong,VN,34987
ADDR-000328,So 15 Duong Sandbox,Xa Mo Hinh,Quan Mock 1,Tinh Mo Phong,VN,34621
ADDR-000329,So 21 Pho Fictitious,Phuong Gia Lap,Huyen Demo,Thanh pho Gia,VN,28236
ADDR-000330,So 7 Ngach Demo,Phuong Gia Lap,Huyen Demo,Thanh pho Demo,VN,13517
ADDR-000331,So 88 Lo Demo Data,Phuong Sandbox,Quan Mock 2,Thanh pho Ao,VN,50600
ADDR-000332,So 12 Duong Gia,Phuong Mo Phong,Huyen Sandbox,Thanh pho Demo,VN,55453
ADDR-000333,So 99 Hem Mock,Xa Synthetic,Quan Test 3,Thanh pho Gia,VN,58330
ADDR-000334,So 45 Pho Ao,Xa Du Lieu,Huyen Sandbox,Thanh pho Demo,VN,73538
ADDR-000335,So 99 Hem Mock,Phuong Gia Lap,Huyen Demo,Thanh pho Ao,VN,67941
ADDR-000336,So 45 Pho Ao,Phuong Sandbox,Quan Mock 1,Thanh pho Ao,VN,31895
ADDR-000337,So 15 Duong Sandbox,Phuong Sandbox,Quan Mock 1,Tinh Mo Phong,VN,95189
ADDR-000338,So 21 Pho Fictitious,Xa Synthetic,Quan Mock 1,Tinh Mo Phong,VN,12313
ADDR-000339,So 88 Lo Demo Data,Phuong Sandbox,Quan Mock 1,Thanh pho Ao,VN,88390
ADDR-000340,So 45 Pho Ao,Xa Synthetic,Quan Mock 1,Thanh pho Ao,VN,16829
ADDR-000341,So 99 Hem Mock,Phuong Thu Nghiem,Quan Test 3,Thanh pho Gia,VN,57131
ADDR-000342,So 15 Duong Sandbox,Phuong Thu Nghiem,Quan Test 3,Thanh pho Demo,VN,19429
ADDR-000343,So 45 Pho Ao,Phuong Demo,Huyen Demo,Thanh pho Ao,VN,35457
ADDR-000344,So 7 Ngach Demo,Phuong Thu Nghiem,Quan Mock 2,Thanh pho Ao,VN,11617
ADDR-000345,So 21 Pho Fictitious,Xa Du Lieu,Huyen Sandbox,Thanh pho Ao,VN,62162
ADDR-000346,So 33 Ngach Testbed,Phuong Sandbox,Quan Mock 2,Thanh pho Ao,VN,17730
ADDR-000347,So 12 Duong Gia,Phuong Gia Lap,Quan Mock 1,Thanh pho Ao,VN,78463
ADDR-000348,So 21 Pho Fictitious,Xa Mo Hinh,Quan Mock 1,Thanh pho Gia,VN,69889
ADDR-000349,So 21 Pho Fictitious,Xa Synthetic,Quan Mock 2,Thanh pho Demo,VN,62450
ADDR-000350,So 15 Duong Sandbox,Xa Du Lieu,Quan Test 3,Thanh pho Gia,VN,73198
ADDR-000351,So 15 Duong Sandbox,Phuong Mo Phong,Huyen Sandbox,Thanh pho Ao,VN,85493
ADDR-000352,So 21 Pho Fictitious,Phuong Demo,Huyen Demo,Thanh pho Gia,VN,50737
ADDR-000353,So 33 Ngach Testbed,Phuong Thu Nghiem,Quan Mock 2,Thanh pho Gia,VN,88496
ADDR-000354,So 7 Ngach Demo,Phuong Gia Lap,Huyen Demo,Thanh pho Demo,VN,54225
ADDR-000355,So 7 Ngach Demo,Phuong Sandbox,Quan Mock 2,Thanh pho Ao,VN,95359
ADDR-000356,So 88 Lo Demo Data,Xa Synthetic,Huyen Sandbox,Thanh pho Ao,VN,95563
ADDR-000357,So 33 Ngach Testbed,Xa Du Lieu,Quan Test 3,Thanh pho Demo,VN,94488
ADDR-000358,So 99 Hem Mock,Phuong Mo Phong,Quan Mock 2,Thanh pho Ao,VN,10697
ADDR-000359,So 60 Pho Placeholder,Phuong Thu Nghiem,Huyen Demo,Thanh pho Demo,VN,28331
ADDR-000360,So 88 Lo Demo Data,Phuong Mo Phong,Huyen Demo,Tinh Mo Phong,VN,44167
ADDR-000361,So 33 Ngach Testbed,Phuong Sandbox,Quan Mock 1,Tinh Mo Phong,VN,26334
ADDR-000362,So 3 Duong Synthetic,Xa Synthetic,Quan Mock 1,Tinh Mo Phong,VN,84993
ADDR-000363,So 7 Ngach Demo,Xa Du Lieu,Quan Test 3,Tinh Mo Phong,VN,16929
ADDR-000364,So 45 Pho Ao,Phuong Mo Phong,Quan Mock 2,Thanh pho Gia,VN,31641
ADDR-000365,So 21 Pho Fictitious,Phuong Sandbox,Huyen Demo,Thanh pho Gia,VN,89609
ADDR-000366,So 3 Duong Synthetic,Phuong Thu Nghiem,Quan Test 3,Tinh Mo Phong,VN,44701
ADDR-000367,So 15 Duong Sandbox,Phuong Sandbox,Quan Mock 1,Thanh pho Ao,VN,63833
ADDR-000368,So 12 Duong Gia,Xa Mo Hinh,Quan Mock 2,Thanh pho Gia,VN,34846
ADDR-000369,So 88 Lo Demo Data,Xa Du Lieu,Quan Mock 1,Thanh pho Gia,VN,12772
ADDR-000370,So 45 Pho Ao,Phuong Thu Nghiem,Quan Mock 2,Thanh pho Demo,VN,36006
ADDR-000371,So 99 Hem Mock,Phuong Sandbox,Huyen Sandbox,Thanh pho Demo,VN,72809
ADDR-000372,So 15 Duong Sandbox,Xa Mo Hinh,Huyen Sandbox,Tinh Mo Phong,VN,24618
ADDR-000373,So 99 Hem Mock,Xa Synthetic,Quan Mock 1,Thanh pho Gia,VN,81641
ADDR-000374,So 60 Pho Placeholder,Phuong Gia Lap,Quan Mock 2,Tinh Mo Phong,VN,26899
ADDR-000375,So 60 Pho Placeholder,Xa Synthetic,Huyen Demo,Tinh Mo Phong,VN,49768
ADDR-000376,So 21 Pho Fictitious,Xa Mo Hinh,Quan Mock 1,Tinh Mo Phong,VN,27512
ADDR-000377,So 15 Duong Sandbox,Phuong Sandbox,Huyen Sandbox,Tinh Mo Phong,VN,36728
ADDR-000378,So 88 Lo Demo Data,Phuong Sandbox,Quan Mock 1,Thanh pho Ao,VN,19443
ADDR-000379,So 12 Duong Gia,Phuong Gia Lap,Quan Mock 1,Tinh Mo Phong,VN,21136
ADDR-000380,So 99 Hem Mock,Phuong Gia Lap,Quan Mock 2,Thanh pho Demo,VN,60512
ADDR-000381,So 7 Ngach Demo,Phuong Demo,Huyen Demo,Tinh Mo Phong,VN,88592
ADDR-000382,So 88 Lo Demo Data,Xa Synthetic,Quan Test 3,Thanh pho Gia,VN,24832
ADDR-000383,So 60 Pho Placeholder,Xa Synthetic,Huyen Demo,Thanh pho Ao,VN,60413
ADDR-000384,So 60 Pho Placeholder,Phuong Demo,Quan Mock 2,Thanh pho Ao,VN,39437
ADDR-000385,So 88 Lo Demo Data,Xa Du Lieu,Quan Mock 2,Thanh pho Demo,VN,28364
ADDR-000386,So 3 Duong Synthetic,Phuong Thu Nghiem,Quan Mock 2,Thanh pho Demo,VN,30552
ADDR-000387,So 88 Lo Demo Data,Phuong Sandbox,Huyen Sandbox,Thanh pho Gia,VN,23683
ADDR-000388,So 33 Ngach Testbed,Phuong Gia Lap,Huyen Demo,Thanh pho Demo,VN,15987
ADDR-000389,So 12 Duong Gia,Phuong Demo,Quan Test 3,Thanh pho Gia,VN,48026
ADDR-000390,So 12 Duong Gia,Phuong Demo,Quan Mock 2,Thanh pho Ao,VN,90004
ADDR-000391,So 15 Duong Sandbox,Phuong Thu Nghiem,Quan Test 3,Tinh Mo Phong,VN,67939
ADDR-000392,So 12 Duong Gia,Phuong Gia Lap,Quan Mock 2,Thanh pho Gia,VN,30258
ADDR-000393,So 21 Pho Fictitious,Phuong Mo Phong,Huyen Sandbox,Tinh Mo Phong,VN,89215
ADDR-000394,So 12 Duong Gia,Phuong Demo,Huyen Sandbox,Tinh Mo Phong,VN,93320
ADDR-000395,So 88 Lo Demo Data,Xa Synthetic,Quan Test 3,Thanh pho Ao,VN,67250
ADDR-000396,So 15 Duong Sandbox,Xa Du Lieu,Quan Test 3,Thanh pho Gia,VN,14782
ADDR-000397,So 88 Lo Demo Data,Xa Mo Hinh,Huyen Sandbox,Thanh pho Demo,VN,78572
ADDR-000398,So 45 Pho Ao,Phuong Mo Phong,Quan Mock 1,Thanh pho Demo,VN,23588
ADDR-000399,So 88 Lo Demo Data,Phuong Demo,Quan Mock 1,Tinh Mo Phong,VN,39351
ADDR-000400,So 99 Hem Mock,Phuong Demo,Quan Mock 1,Thanh pho Demo,VN,26891
ADDR-000401,So 33 Ngach Testbed,Xa Du Lieu,Quan Mock 1,Thanh pho Gia,VN,84946
ADDR-000402,So 45 Pho Ao,Xa Synthetic,Huyen Demo,Thanh pho Gia,VN,24034
ADDR-000403,So 7 Ngach Demo,Phuong Thu Nghiem,Quan Mock 1,Thanh pho Ao,VN,96463
ADDR-000404,So 45 Pho Ao,Phuong Sandbox,Quan Mock 1,Tinh Mo Phong,VN,28161
ADDR-000405,So 3 Duong Synthetic,Phuong Demo,Quan Mock 1,Tinh Mo Phong,VN,31712
ADDR-000406,So 60 Pho Placeholder,Phuong Thu Nghiem,Huyen Demo,Thanh pho Demo,VN,48466
ADDR-000407,So 21 Pho Fictitious,Phuong Sandbox,Huyen Demo,Thanh pho Gia,VN,60540
ADDR-000408,So 45 Pho Ao,Xa Synthetic,Quan Mock 2,Tinh Mo Phong,VN,87485
ADDR-000409,So 3 Duong Synthetic,Xa Mo Hinh,Huyen Sandbox,Thanh pho Demo,VN,20455
ADDR-000410,So 99 Hem Mock,Xa Mo Hinh,Huyen Demo,Thanh pho Gia,VN,16880
ADDR-000411,So 60 Pho Placeholder,Phuong Sandbox,Huyen Demo,Thanh pho Demo,VN,96673
ADDR-000412,So 88 Lo Demo Data,Phuong Sandbox,Quan Test 3,Thanh pho Gia,VN,54623
ADDR-000413,So 7 Ngach Demo,Phuong Thu Nghiem,Huyen Demo,Thanh pho Gia,VN,29305
ADDR-000414,So 21 Pho Fictitious,Phuong Mo Phong,Quan Mock 1,Thanh pho Demo,VN,65389
ADDR-000415,So 3 Duong Synthetic,Phuong Sandbox,Huyen Demo,Thanh pho Demo,VN,61368
ADDR-000416,So 99 Hem Mock,Xa Du Lieu,Huyen Sandbox,Thanh pho Gia,VN,31842
ADDR-000417,So 12 Duong Gia,Phuong Gia Lap,Huyen Demo,Tinh Mo Phong,VN,39922
ADDR-000418,So 33 Ngach Testbed,Xa Synthetic,Quan Mock 1,Tinh Mo Phong,VN,99887
ADDR-000419,So 60 Pho Placeholder,Xa Synthetic,Huyen Demo,Thanh pho Ao,VN,44774
ADDR-000420,So 60 Pho Placeholder,Phuong Thu Nghiem,Huyen Demo,Thanh pho Ao,VN,49799
ADDR-000421,So 60 Pho Placeholder,Xa Du Lieu,Quan Mock 1,Tinh Mo Phong,VN,28696
ADDR-000422,So 99 Hem Mock,Phuong Thu Nghiem,Quan Mock 2,Thanh pho Demo,VN,82651
ADDR-000423,So 12 Duong Gia,Phuong Demo,Quan Mock 1,Thanh pho Ao,VN,90636
ADDR-000424,So 3 Duong Synthetic,Xa Synthetic,Huyen Sandbox,Thanh pho Gia,VN,25917
ADDR-000425,So 60 Pho Placeholder,Phuong Mo Phong,Quan Mock 2,Thanh pho Ao,VN,23579
ADDR-000426,So 99 Hem Mock,Xa Du Lieu,Huyen Demo,Thanh pho Ao,VN,72411
ADDR-000427,So 33 Ngach Testbed,Xa Synthetic,Quan Mock 1,Tinh Mo Phong,VN,28258
ADDR-000428,So 3 Duong Synthetic,Phuong Thu Nghiem,Quan Test 3,Thanh pho Gia,VN,94559
ADDR-000429,So 15 Duong Sandbox,Xa Mo Hinh,Quan Mock 2,Thanh pho Ao,VN,23819
ADDR-000430,So 99 Hem Mock,Phuong Sandbox,Huyen Sandbox,Thanh pho Demo,VN,67345
ADDR-000431,So 60 Pho Placeholder,Xa Synthetic,Quan Mock 2,Thanh pho Ao,VN,84759
ADDR-000432,So 3 Duong Synthetic,Phuong Thu Nghiem,Quan Test 3,Tinh Mo Phong,VN,18906
ADDR-000433,So 12 Duong Gia,Xa Du Lieu,Quan Mock 2,Tinh Mo Phong,VN,96944
ADDR-000434,So 3 Duong Synthetic,Phuong Sandbox,Quan Mock 1,Thanh pho Gia,VN,13454
ADDR-000435,So 99 Hem Mock,Phuong Demo,Huyen Demo,Thanh pho Gia,VN,11952
ADDR-000436,So 15 Duong Sandbox,Xa Mo Hinh,Quan Mock 2,Thanh pho Demo,VN,49677
ADDR-000437,So 99 Hem Mock,Phuong Mo Phong,Huyen Sandbox,Thanh pho Ao,VN,14701
ADDR-000438,So 88 Lo Demo Data,Phuong Gia Lap,Huyen Sandbox,Thanh pho Gia,VN,80981
ADDR-000439,So 15 Duong Sandbox,Phuong Demo,Huyen Demo,Tinh Mo Phong,VN,31305
ADDR-000440,So 45 Pho Ao,Phuong Thu Nghiem,Huyen Demo,Tinh Mo Phong,VN,44670
ADDR-000441,So 15 Duong Sandbox,Xa Du Lieu,Quan Mock 2,Thanh pho Ao,VN,29254
ADDR-000442,So 99 Hem Mock,Xa Mo Hinh,Quan Mock 1,Thanh pho Gia,VN,76445
ADDR-000443,So 12 Duong Gia,Xa Du Lieu,Huyen Sandbox,Thanh pho Gia,VN,48125
ADDR-000444,So 33 Ngach Testbed,Phuong Demo,Huyen Demo,Thanh pho Gia,VN,79174
ADDR-000445,So 88 Lo Demo Data,Xa Mo Hinh,Quan Mock 1,Tinh Mo Phong,VN,83460
ADDR-000446,So 88 Lo Demo Data,Xa Du Lieu,Huyen Demo,Thanh pho Demo,VN,92920
ADDR-000447,So 60 Pho Placeholder,Phuong Sandbox,Huyen Sandbox,Thanh pho Gia,VN,54146
ADDR-000448,So 21 Pho Fictitious,Xa Synthetic,Quan Test 3,Tinh Mo Phong,VN,67486
ADDR-000449,So 3 Duong Synthetic,Xa Mo Hinh,Quan Mock 1,Tinh Mo Phong,VN,47328
ADDR-000450,So 3 Duong Synthetic,Phuong Demo,Quan Test 3,Thanh pho Ao,VN,69486
ADDR-000451,So 45 Pho Ao,Xa Mo Hinh,Quan Mock 1,Thanh pho Demo,VN,23164
ADDR-000452,So 45 Pho Ao,Phuong Sandbox,Quan Mock 1,Thanh pho Demo,VN,18816
ADDR-000453,So 88 Lo Demo Data,Xa Mo Hinh,Huyen Demo,Thanh pho Demo,VN,48720
ADDR-000454,So 99 Hem Mock,Phuong Gia Lap,Huyen Sandbox,Tinh Mo Phong,VN,76517
ADDR-000455,So 33 Ngach Testbed,Xa Du Lieu,Huyen Demo,Thanh pho Ao,VN,91957
ADDR-000456,So 88 Lo Demo Data,Phuong Sandbox,Huyen Sandbox,Thanh pho Ao,VN,59005
ADDR-000457,So 88 Lo Demo Data,Phuong Demo,Quan Mock 2,Tinh Mo Phong,VN,21130
ADDR-000458,So 12 Duong Gia,Phuong Thu Nghiem,Huyen Sandbox,Thanh pho Demo,VN,36563
ADDR-000459,So 45 Pho Ao,Xa Synthetic,Quan Mock 2,Thanh pho Gia,VN,62081
ADDR-000460,So 99 Hem Mock,Phuong Gia Lap,Quan Test 3,Tinh Mo Phong,VN,63983
ADDR-000461,So 45 Pho Ao,Phuong Demo,Quan Mock 2,Thanh pho Gia,VN,31245
ADDR-000462,So 3 Duong Synthetic,Xa Mo Hinh,Huyen Demo,Tinh Mo Phong,VN,83899
ADDR-000463,So 15 Duong Sandbox,Phuong Mo Phong,Quan Mock 1,Tinh Mo Phong,VN,34598
ADDR-000464,So 33 Ngach Testbed,Phuong Demo,Huyen Sandbox,Thanh pho Ao,VN,20154
ADDR-000465,So 7 Ngach Demo,Xa Synthetic,Quan Mock 1,Tinh Mo Phong,VN,20195
ADDR-000466,So 7 Ngach Demo,Phuong Thu Nghiem,Quan Mock 2,Thanh pho Demo,VN,83464
ADDR-000467,So 12 Duong Gia,Phuong Thu Nghiem,Huyen Sandbox,Thanh pho Gia,VN,58348
ADDR-000468,So 60 Pho Placeholder,Phuong Mo Phong,Quan Mock 1,Tinh Mo Phong,VN,13779
ADDR-000469,So 33 Ngach Testbed,Xa Mo Hinh,Huyen Demo,Thanh pho Gia,VN,97096
ADDR-000470,So 45 Pho Ao,Xa Mo Hinh,Quan Test 3,Thanh pho Gia,VN,84211
ADDR-000471,So 12 Duong Gia,Phuong Demo,Huyen Sandbox,Thanh pho Ao,VN,46564
ADDR-000472,So 60 Pho Placeholder,Phuong Sandbox,Quan Test 3,Tinh Mo Phong,VN,94673
ADDR-000473,So 12 Duong Gia,Xa Mo Hinh,Quan Mock 1,Tinh Mo Phong,VN,11035
ADDR-000474,So 15 Duong Sandbox,Phuong Demo,Huyen Sandbox,Thanh pho Gia,VN,40710
ADDR-000475,So 21 Pho Fictitious,Xa Synthetic,Quan Test 3,Thanh pho Ao,VN,70370
ADDR-000476,So 99 Hem Mock,Xa Synthetic,Quan Test 3,Thanh pho Demo,VN,41816
ADDR-000477,So 12 Duong Gia,Phuong Demo,Quan Mock 1,Thanh pho Ao,VN,28098
ADDR-000478,So 45 Pho Ao,Xa Synthetic,Quan Mock 1,Tinh Mo Phong,VN,99923
ADDR-000479,So 15 Duong Sandbox,Xa Mo Hinh,Quan Test 3,Tinh Mo Phong,VN,80126
ADDR-000480,So 12 Duong Gia,Xa Mo Hinh,Huyen Sandbox,Thanh pho Demo,VN,54231
ADDR-000481,So 15 Duong Sandbox,Phuong Demo,Huyen Sandbox,Tinh Mo Phong,VN,70035
ADDR-000482,So 3 Duong Synthetic,Phuong Mo Phong,Quan Test 3,Thanh pho Gia,VN,35119
ADDR-000483,So 88 Lo Demo Data,Phuong Sandbox,Quan Mock 1,Thanh pho Demo,VN,96142
ADDR-000484,So 21 Pho Fictitious,Xa Mo Hinh,Huyen Sandbox,Tinh Mo Phong,VN,68246
ADDR-000485,So 15 Duong Sandbox,Xa Synthetic,Quan Mock 1,Thanh pho Ao,VN,91902
ADDR-000486,So 88 Lo Demo Data,Phuong Demo,Huyen Sandbox,Thanh pho Ao,VN,64811
ADDR-000487,So 60 Pho Placeholder,Xa Mo Hinh,Quan Test 3,Thanh pho Ao,VN,99568
ADDR-000488,So 12 Duong Gia,Phuong Demo,Huyen Demo,Thanh pho Ao,VN,31152
ADDR-000489,So 33 Ngach Testbed,Xa Mo Hinh,Quan Mock 2,Thanh pho Ao,VN,70583
ADDR-000490,So 12 Duong Gia,Xa Mo Hinh,Quan Test 3,Thanh pho Demo,VN,66175
ADDR-000491,So 15 Duong Sandbox,Phuong Sandbox,Huyen Sandbox,Tinh Mo Phong,VN,48704
ADDR-000492,So 3 Duong Synthetic,Xa Du Lieu,Quan Mock 2,Thanh pho Ao,VN,89619
ADDR-000493,So 60 Pho Placeholder,Xa Mo Hinh,Quan Test 3,Thanh pho Demo,VN,94984
ADDR-000494,So 21 Pho Fictitious,Phuong Gia Lap,Quan Test 3,Thanh pho Gia,VN,53190
ADDR-000495,So 3 Duong Synthetic,Phuong Mo Phong,Quan Mock 2,Thanh pho Gia,VN,27373
ADDR-000496,So 99 Hem Mock,Xa Synthetic,Huyen Sandbox,Thanh pho Gia,VN,86246
ADDR-000497,So 21 Pho Fictitious,Phuong Thu Nghiem,Huyen Demo,Tinh Mo Phong,VN,92040
ADDR-000498,So 99 Hem Mock,Phuong Sandbox,Huyen Sandbox,Tinh Mo Phong,VN,51945
ADDR-000499,So 3 Duong Synthetic,Xa Synthetic,Huyen Sandbox,Tinh Mo Phong,VN,29003
ADDR-000500,So 3 Duong Synthetic,Xa Mo Hinh,Quan Mock 1,Tinh Mo Phong,VN,66033
ADDR-000501,So 33 Ngach Testbed,Phuong Demo,Quan Mock 1,Thanh pho Gia,VN,17355
ADDR-000502,So 60 Pho Placeholder,Phuong Thu Nghiem,Quan Mock 1,Thanh pho Ao,VN,18913
ADDR-000503,So 15 Duong Sandbox,Phuong Gia Lap,Huyen Demo,Thanh pho Gia,VN,77143
ADDR-000504,So 99 Hem Mock,Phuong Mo Phong,Quan Test 3,Tinh Mo Phong,VN,71042
ADDR-000505,So 21 Pho Fictitious,Xa Synthetic,Quan Mock 2,Tinh Mo Phong,VN,85609
ADDR-000506,So 21 Pho Fictitious,Phuong Gia Lap,Quan Mock 2,Thanh pho Demo,VN,26136
ADDR-000507,So 21 Pho Fictitious,Phuong Demo,Quan Mock 2,Thanh pho Ao,VN,21900
ADDR-000508,So 3 Duong Synthetic,Xa Mo Hinh,Quan Mock 1,Thanh pho Ao,VN,42636
ADDR-000509,So 7 Ngach Demo,Xa Du Lieu,Huyen Sandbox,Thanh pho Gia,VN,31282
ADDR-000510,So 21 Pho Fictitious,Phuong Sandbox,Quan Mock 1,Thanh pho Demo,VN,18693
ADDR-000511,So 33 Ngach Testbed,Phuong Sandbox,Quan Mock 2,Thanh pho Ao,VN,77467
ADDR-000512,So 7 Ngach Demo,Xa Mo Hinh,Quan Test 3,Tinh Mo Phong,VN,96665
ADDR-000513,So 88 Lo Demo Data,Xa Synthetic,Quan Mock 2,Thanh pho Demo,VN,91436
ADDR-000514,So 60 Pho Placeholder,Xa Du Lieu,Quan Mock 1,Thanh pho Ao,VN,69956
ADDR-000515,So 33 Ngach Testbed,Xa Du Lieu,Huyen Demo,Thanh pho Gia,VN,79881
ADDR-000516,So 88 Lo Demo Data,Xa Synthetic,Quan Test 3,Tinh Mo Phong,VN,27841
ADDR-000517,So 21 Pho Fictitious,Phuong Mo Phong,Quan Mock 2,Tinh Mo Phong,VN,28407
ADDR-000518,So 45 Pho Ao,Xa Mo Hinh,Huyen Sandbox,Thanh pho Gia,VN,60004
ADDR-000519,So 3 Duong Synthetic,Phuong Thu Nghiem,Huyen Sandbox,Tinh Mo Phong,VN,65003
ADDR-000520,So 45 Pho Ao,Phuong Mo Phong,Quan Mock 1,Thanh pho Ao,VN,57277
ADDR-000521,So 12 Duong Gia,Xa Synthetic,Huyen Sandbox,Tinh Mo Phong,VN,99523
ADDR-000522,So 99 Hem Mock,Xa Mo Hinh,Huyen Sandbox,Thanh pho Gia,VN,21853
ADDR-000523,So 60 Pho Placeholder,Phuong Thu Nghiem,Huyen Demo,Thanh pho Ao,VN,62162
ADDR-000524,So 99 Hem Mock,Xa Synthetic,Quan Mock 1,Thanh pho Ao,VN,81825
ADDR-000525,So 88 Lo Demo Data,Phuong Demo,Huyen Sandbox,Tinh Mo Phong,VN,44544
ADDR-000526,So 60 Pho Placeholder,Phuong Sandbox,Quan Test 3,Tinh Mo Phong,VN,85269
ADDR-000527,So 12 Duong Gia,Xa Synthetic,Quan Test 3,Thanh pho Ao,VN,61936
ADDR-000528,So 99 Hem Mock,Phuong Sandbox,Huyen Demo,Thanh pho Ao,VN,33755
ADDR-000529,So 3 Duong Synthetic,Phuong Demo,Quan Mock 2,Thanh pho Ao,VN,56032
ADDR-000530,So 99 Hem Mock,Xa Synthetic,Quan Mock 2,Thanh pho Ao,VN,55252
ADDR-000531,So 45 Pho Ao,Xa Synthetic,Quan Mock 2,Thanh pho Ao,VN,90372
ADDR-000532,So 33 Ngach Testbed,Phuong Mo Phong,Huyen Demo,Thanh pho Gia,VN,96967
ADDR-000533,So 15 Duong Sandbox,Phuong Demo,Huyen Sandbox,Thanh pho Demo,VN,47643
ADDR-000534,So 60 Pho Placeholder,Xa Du Lieu,Huyen Demo,Tinh Mo Phong,VN,99277
ADDR-000535,So 99 Hem Mock,Xa Mo Hinh,Quan Mock 2,Thanh pho Demo,VN,39933
ADDR-000536,So 88 Lo Demo Data,Phuong Gia Lap,Quan Test 3,Thanh pho Ao,VN,96895
ADDR-000537,So 15 Duong Sandbox,Phuong Sandbox,Quan Mock 2,Thanh pho Gia,VN,71467
ADDR-000538,So 12 Duong Gia,Phuong Gia Lap,Quan Mock 2,Tinh Mo Phong,VN,42873
ADDR-000539,So 7 Ngach Demo,Xa Du Lieu,Huyen Demo,Tinh Mo Phong,VN,17433
ADDR-000540,So 12 Duong Gia,Phuong Mo Phong,Quan Mock 1,Thanh pho Demo,VN,84906
ADDR-000541,So 21 Pho Fictitious,Phuong Gia Lap,Quan Test 3,Tinh Mo Phong,VN,28872
ADDR-000542,So 99 Hem Mock,Phuong Sandbox,Quan Mock 2,Thanh pho Ao,VN,96419
ADDR-000543,So 60 Pho Placeholder,Phuong Demo,Quan Mock 2,Thanh pho Demo,VN,13124
ADDR-000544,So 60 Pho Placeholder,Phuong Gia Lap,Quan Mock 1,Thanh pho Gia,VN,21239
ADDR-000545,So 7 Ngach Demo,Xa Du Lieu,Quan Mock 2,Thanh pho Demo,VN,25524
ADDR-000546,So 21 Pho Fictitious,Xa Synthetic,Huyen Demo,Thanh pho Ao,VN,68632
ADDR-000547,So 12 Duong Gia,Phuong Demo,Quan Mock 2,Tinh Mo Phong,VN,43123
ADDR-000548,So 60 Pho Placeholder,Phuong Gia Lap,Quan Mock 2,Thanh pho Gia,VN,85189
ADDR-000549,So 15 Duong Sandbox,Phuong Mo Phong,Huyen Sandbox,Thanh pho Gia,VN,13015
ADDR-000550,So 45 Pho Ao,Phuong Mo Phong,Quan Mock 1,Thanh pho Ao,VN,36151
ADDR-000551,So 12 Duong Gia,Xa Synthetic,Quan Mock 2,Thanh pho Gia,VN,20427
ADDR-000552,So 99 Hem Mock,Phuong Gia Lap,Huyen Sandbox,Tinh Mo Phong,VN,31137
ADDR-000553,So 21 Pho Fictitious,Xa Synthetic,Huyen Sandbox,Thanh pho Demo,VN,51087
ADDR-000554,So 7 Ngach Demo,Phuong Demo,Huyen Sandbox,Thanh pho Gia,VN,66935
ADDR-000555,So 15 Duong Sandbox,Phuong Gia Lap,Huyen Sandbox,Thanh pho Gia,VN,18769
ADDR-000556,So 7 Ngach Demo,Xa Mo Hinh,Huyen Demo,Thanh pho Demo,VN,18273
ADDR-000557,So 99 Hem Mock,Phuong Sandbox,Quan Mock 2,Thanh pho Demo,VN,83832
ADDR-000558,So 12 Duong Gia,Xa Synthetic,Quan Mock 2,Thanh pho Ao,VN,92977
ADDR-000559,So 88 Lo Demo Data,Phuong Demo,Quan Mock 1,Tinh Mo Phong,VN,44208
ADDR-000560,So 15 Duong Sandbox,Phuong Thu Nghiem,Quan Mock 2,Thanh pho Ao,VN,52310
ADDR-000561,So 12 Duong Gia,Xa Du Lieu,Quan Test 3,Thanh pho Gia,VN,18899
ADDR-000562,So 7 Ngach Demo,Phuong Mo Phong,Quan Mock 2,Thanh pho Demo,VN,30848
ADDR-000563,So 88 Lo Demo Data,Phuong Gia Lap,Huyen Demo,Tinh Mo Phong,VN,74517
ADDR-000564,So 3 Duong Synthetic,Phuong Thu Nghiem,Huyen Demo,Tinh Mo Phong,VN,76962
ADDR-000565,So 99 Hem Mock,Phuong Sandbox,Huyen Demo,Tinh Mo Phong,VN,98369
ADDR-000566,So 33 Ngach Testbed,Xa Du Lieu,Quan Test 3,Thanh pho Demo,VN,83509
ADDR-000567,So 21 Pho Fictitious,Phuong Mo Phong,Huyen Sandbox,Thanh pho Demo,VN,95672
ADDR-000568,So 33 Ngach Testbed,Xa Synthetic,Quan Mock 1,Thanh pho Ao,VN,38242
ADDR-000569,So 99 Hem Mock,Phuong Sandbox,Quan Test 3,Thanh pho Gia,VN,95220
ADDR-000570,So 21 Pho Fictitious,Phuong Demo,Quan Mock 2,Thanh pho Demo,VN,58773
ADDR-000571,So 7 Ngach Demo,Xa Mo Hinh,Huyen Demo,Thanh pho Ao,VN,85195
ADDR-000572,So 88 Lo Demo Data,Phuong Demo,Quan Mock 2,Tinh Mo Phong,VN,63477
ADDR-000573,So 12 Duong Gia,Phuong Gia Lap,Huyen Sandbox,Thanh pho Gia,VN,37143
ADDR-000574,So 15 Duong Sandbox,Phuong Demo,Huyen Demo,Thanh pho Gia,VN,65404
ADDR-000575,So 15 Duong Sandbox,Phuong Sandbox,Huyen Demo,Thanh pho Demo,VN,22445
ADDR-000576,So 7 Ngach Demo,Phuong Gia Lap,Huyen Sandbox,Tinh Mo Phong,VN,65932
ADDR-000577,So 33 Ngach Testbed,Phuong Gia Lap,Quan Test 3,Thanh pho Demo,VN,58060
ADDR-000578,So 99 Hem Mock,Xa Du Lieu,Quan Mock 1,Thanh pho Gia,VN,31233
ADDR-000579,So 21 Pho Fictitious,Phuong Gia Lap,Huyen Demo,Thanh pho Gia,VN,24778
ADDR-000580,So 7 Ngach Demo,Xa Du Lieu,Quan Mock 1,Thanh pho Demo,VN,77290
ADDR-000581,So 99 Hem Mock,Xa Du Lieu,Quan Test 3,Thanh pho Demo,VN,94677
ADDR-000582,So 21 Pho Fictitious,Phuong Thu Nghiem,Huyen Demo,Tinh Mo Phong,VN,50388
ADDR-000583,So 21 Pho Fictitious,Phuong Sandbox,Huyen Demo,Thanh pho Ao,VN,55680
ADDR-000584,So 3 Duong Synthetic,Phuong Sandbox,Quan Mock 2,Tinh Mo Phong,VN,33996
ADDR-000585,So 33 Ngach Testbed,Phuong Thu Nghiem,Huyen Demo,Thanh pho Demo,VN,36108
ADDR-000586,So 45 Pho Ao,Phuong Demo,Quan Mock 2,Thanh pho Gia,VN,96546
ADDR-000587,So 7 Ngach Demo,Phuong Demo,Quan Mock 2,Thanh pho Gia,VN,31023
ADDR-000588,So 33 Ngach Testbed,Phuong Demo,Quan Test 3,Thanh pho Ao,VN,40432
ADDR-000589,So 15 Duong Sandbox,Phuong Sandbox,Huyen Sandbox,Thanh pho Ao,VN,20139
ADDR-000590,So 12 Duong Gia,Phuong Demo,Huyen Demo,Tinh Mo Phong,VN,57123
ADDR-000591,So 88 Lo Demo Data,Xa Mo Hinh,Quan Mock 1,Thanh pho Ao,VN,21792
ADDR-000592,So 33 Ngach Testbed,Xa Du Lieu,Huyen Sandbox,Thanh pho Demo,VN,65478
ADDR-000593,So 12 Duong Gia,Phuong Gia Lap,Quan Test 3,Thanh pho Ao,VN,31889
ADDR-000594,So 15 Duong Sandbox,Phuong Demo,Huyen Demo,Thanh pho Demo,VN,78819
ADDR-000595,So 3 Duong Synthetic,Xa Mo Hinh,Quan Mock 1,Tinh Mo Phong,VN,73861
ADDR-000596,So 7 Ngach Demo,Phuong Demo,Quan Mock 1,Thanh pho Ao,VN,29075
ADDR-000597,So 7 Ngach Demo,Phuong Thu Nghiem,Quan Mock 1,Thanh pho Gia,VN,76782
ADDR-000598,So 33 Ngach Testbed,Phuong Mo Phong,Quan Mock 2,Thanh pho Demo,VN,53273
ADDR-000599,So 60 Pho Placeholder,Phuong Thu Nghiem,Quan Mock 2,Thanh pho Gia,VN,18680
ADDR-000600,So 33 Ngach Testbed,Phuong Thu Nghiem,Huyen Demo,Thanh pho Ao,VN,39648
ADDR-000601,So 88 Lo Demo Data,Phuong Demo,Quan Test 3,Tinh Mo Phong,VN,49201
ADDR-000602,So 88 Lo Demo Data,Phuong Sandbox,Quan Test 3,Thanh pho Demo,VN,40816
ADDR-000603,So 15 Duong Sandbox,Xa Du Lieu,Quan Mock 1,Thanh pho Ao,VN,48197
ADDR-000604,So 45 Pho Ao,Xa Synthetic,Huyen Demo,Tinh Mo Phong,VN,30629
ADDR-000605,So 7 Ngach Demo,Phuong Gia Lap,Quan Mock 1,Thanh pho Gia,VN,87028
ADDR-000606,So 99 Hem Mock,Xa Synthetic,Quan Mock 1,Tinh Mo Phong,VN,30516
ADDR-000607,So 7 Ngach Demo,Phuong Gia Lap,Quan Mock 2,Tinh Mo Phong,VN,64499
ADDR-000608,So 60 Pho Placeholder,Phuong Sandbox,Quan Mock 2,Thanh pho Ao,VN,53583
ADDR-000609,So 15 Duong Sandbox,Phuong Sandbox,Huyen Sandbox,Thanh pho Ao,VN,68886
ADDR-000610,So 88 Lo Demo Data,Phuong Gia Lap,Huyen Demo,Tinh Mo Phong,VN,88675
ADDR-000611,So 7 Ngach Demo,Phuong Thu Nghiem,Quan Mock 2,Tinh Mo Phong,VN,98055
ADDR-000612,So 60 Pho Placeholder,Xa Synthetic,Huyen Demo,Thanh pho Gia,VN,73077
ADDR-000613,So 15 Duong Sandbox,Xa Mo Hinh,Quan Mock 1,Tinh Mo Phong,VN,61023
ADDR-000614,So 12 Duong Gia,Phuong Gia Lap,Quan Test 3,Thanh pho Ao,VN,10487
ADDR-000615,So 21 Pho Fictitious,Phuong Sandbox,Huyen Sandbox,Thanh pho Demo,VN,48463
ADDR-000616,So 45 Pho Ao,Xa Du Lieu,Huyen Demo,Thanh pho Gia,VN,57517
ADDR-000617,So 12 Duong Gia,Phuong Thu Nghiem,Quan Test 3,Thanh pho Gia,VN,96231
ADDR-000618,So 7 Ngach Demo,Phuong Mo Phong,Quan Mock 1,Thanh pho Demo,VN,38628
ADDR-000619,So 33 Ngach Testbed,Phuong Thu Nghiem,Huyen Sandbox,Thanh pho Ao,VN,90790
ADDR-000620,So 88 Lo Demo Data,Xa Du Lieu,Quan Mock 2,Tinh Mo Phong,VN,24760
ADDR-000621,So 99 Hem Mock,Xa Du Lieu,Quan Mock 2,Thanh pho Demo,VN,56291
ADDR-000622,So 3 Duong Synthetic,Xa Du Lieu,Quan Test 3,Thanh pho Gia,VN,72027
ADDR-000623,So 60 Pho Placeholder,Xa Du Lieu,Quan Mock 1,Tinh Mo Phong,VN,58605
ADDR-000624,So 60 Pho Placeholder,Phuong Demo,Huyen Demo,Tinh Mo Phong,VN,10191
ADDR-000625,So 21 Pho Fictitious,Xa Synthetic,Quan Mock 2,Tinh Mo Phong,VN,74638
ADDR-000626,So 99 Hem Mock,Phuong Sandbox,Huyen Sandbox,Thanh pho Gia,VN,14799
ADDR-000627,So 12 Duong Gia,Xa Synthetic,Quan Mock 2,Thanh pho Demo,VN,53351
ADDR-000628,So 99 Hem Mock,Phuong Sandbox,Quan Mock 2,Thanh pho Ao,VN,48666
ADDR-000629,So 88 Lo Demo Data,Phuong Mo Phong,Quan Mock 1,Thanh pho Ao,VN,37759
ADDR-000630,So 33 Ngach Testbed,Phuong Sandbox,Quan Mock 1,Thanh pho Ao,VN,63191
ADDR-000631,So 12 Duong Gia,Phuong Mo Phong,Quan Mock 2,Thanh pho Gia,VN,54448
ADDR-000632,So 3 Duong Synthetic,Xa Mo Hinh,Quan Mock 1,Thanh pho Gia,VN,11511
ADDR-000633,So 21 Pho Fictitious,Phuong Demo,Quan Mock 1,Tinh Mo Phong,VN,48291
ADDR-000634,So 33 Ngach Testbed,Phuong Gia Lap,Quan Mock 1,Tinh Mo Phong,VN,42192
ADDR-000635,So 33 Ngach Testbed,Phuong Demo,Quan Mock 1,Thanh pho Gia,VN,91922
ADDR-000636,So 60 Pho Placeholder,Phuong Mo Phong,Huyen Demo,Thanh pho Gia,VN,44289
ADDR-000637,So 3 Duong Synthetic,Phuong Demo,Huyen Sandbox,Thanh pho Ao,VN,12714
ADDR-000638,So 7 Ngach Demo,Phuong Demo,Quan Mock 2,Tinh Mo Phong,VN,54555
ADDR-000639,So 3 Duong Synthetic,Xa Mo Hinh,Quan Mock 2,Thanh pho Demo,VN,89966
ADDR-000640,So 45 Pho Ao,Phuong Mo Phong,Huyen Demo,Thanh pho Demo,VN,78971
ADDR-000641,So 33 Ngach Testbed,Xa Synthetic,Huyen Sandbox,Thanh pho Demo,VN,22492
ADDR-000642,So 88 Lo Demo Data,Xa Mo Hinh,Quan Test 3,Thanh pho Demo,VN,44588
ADDR-000643,So 88 Lo Demo Data,Xa Synthetic,Huyen Sandbox,Thanh pho Gia,VN,86881
ADDR-000644,So 12 Duong Gia,Xa Mo Hinh,Quan Mock 1,Tinh Mo Phong,VN,41149
ADDR-000645,So 88 Lo Demo Data,Xa Du Lieu,Quan Test 3,Thanh pho Gia,VN,51992
ADDR-000646,So 3 Duong Synthetic,Phuong Thu Nghiem,Quan Mock 1,Thanh pho Gia,VN,41732
ADDR-000647,So 12 Duong Gia,Phuong Gia Lap,Huyen Demo,Tinh Mo Phong,VN,83985
ADDR-000648,So 15 Duong Sandbox,Phuong Mo Phong,Huyen Demo,Tinh Mo Phong,VN,29029
ADDR-000649,So 3 Duong Synthetic,Xa Du Lieu,Quan Test 3,Thanh pho Demo,VN,83913
ADDR-000650,So 33 Ngach Testbed,Xa Mo Hinh,Quan Mock 2,Thanh pho Ao,VN,96148
ADDR-000651,So 60 Pho Placeholder,Phuong Demo,Huyen Demo,Thanh pho Demo,VN,55182
ADDR-000652,So 3 Duong Synthetic,Phuong Thu Nghiem,Quan Mock 1,Thanh pho Gia,VN,31527
ADDR-000653,So 12 Duong Gia,Phuong Thu Nghiem,Quan Mock 1,Tinh Mo Phong,VN,92557
ADDR-000654,So 12 Duong Gia,Xa Synthetic,Quan Mock 2,Thanh pho Demo,VN,63955
ADDR-000655,So 99 Hem Mock,Phuong Sandbox,Quan Test 3,Thanh pho Ao,VN,21689
ADDR-000656,So 21 Pho Fictitious,Xa Du Lieu,Quan Test 3,Thanh pho Demo,VN,81580
ADDR-000657,So 3 Duong Synthetic,Phuong Gia Lap,Quan Mock 2,Thanh pho Demo,VN,36855
ADDR-000658,So 88 Lo Demo Data,Xa Du Lieu,Huyen Demo,Tinh Mo Phong,VN,74396
ADDR-000659,So 60 Pho Placeholder,Phuong Demo,Quan Test 3,Thanh pho Gia,VN,69450
ADDR-000660,So 21 Pho Fictitious,Phuong Gia Lap,Huyen Sandbox,Thanh pho Demo,VN,23749
ADDR-000661,So 7 Ngach Demo,Xa Du Lieu,Quan Mock 1,Tinh Mo Phong,VN,14444
ADDR-000662,So 12 Duong Gia,Xa Synthetic,Quan Mock 1,Tinh Mo Phong,VN,33467
ADDR-000663,So 33 Ngach Testbed,Phuong Demo,Huyen Demo,Thanh pho Demo,VN,30173
ADDR-000664,So 88 Lo Demo Data,Phuong Demo,Huyen Demo,Tinh Mo Phong,VN,99864
ADDR-000665,So 7 Ngach Demo,Phuong Sandbox,Quan Mock 2,Tinh Mo Phong,VN,61299
ADDR-000666,So 33 Ngach Testbed,Phuong Sandbox,Quan Mock 2,Tinh Mo Phong,VN,79434
ADDR-000667,So 99 Hem Mock,Phuong Thu Nghiem,Huyen Demo,Thanh pho Gia,VN,98529
ADDR-000668,So 21 Pho Fictitious,Xa Mo Hinh,Quan Mock 2,Thanh pho Gia,VN,38389
ADDR-000669,So 45 Pho Ao,Phuong Gia Lap,Huyen Sandbox,Thanh pho Ao,VN,69851
ADDR-000670,So 88 Lo Demo Data,Phuong Demo,Quan Mock 1,Tinh Mo Phong,VN,86489
ADDR-000671,So 3 Duong Synthetic,Xa Du Lieu,Huyen Demo,Thanh pho Ao,VN,49916
ADDR-000672,So 45 Pho Ao,Xa Mo Hinh,Huyen Sandbox,Thanh pho Gia,VN,37308
ADDR-000673,So 99 Hem Mock,Phuong Demo,Quan Test 3,Thanh pho Demo,VN,48360
ADDR-000674,So 12 Duong Gia,Phuong Thu Nghiem,Huyen Demo,Thanh pho Gia,VN,17731
ADDR-000675,So 21 Pho Fictitious,Phuong Thu Nghiem,Quan Test 3,Thanh pho Ao,VN,59664
ADDR-000676,So 15 Duong Sandbox,Phuong Sandbox,Huyen Demo,Thanh pho Ao,VN,13836
ADDR-000677,So 21 Pho Fictitious,Phuong Sandbox,Huyen Demo,Thanh pho Ao,VN,51969
ADDR-000678,So 7 Ngach Demo,Xa Synthetic,Huyen Demo,Thanh pho Demo,VN,10352
ADDR-000679,So 45 Pho Ao,Xa Du Lieu,Huyen Sandbox,Thanh pho Demo,VN,17115
ADDR-000680,So 99 Hem Mock,Phuong Demo,Quan Mock 1,Thanh pho Gia,VN,36475
ADDR-000681,So 7 Ngach Demo,Xa Mo Hinh,Quan Mock 1,Thanh pho Gia,VN,49687
ADDR-000682,So 45 Pho Ao,Phuong Sandbox,Quan Mock 2,Thanh pho Gia,VN,70338
ADDR-000683,So 60 Pho Placeholder,Xa Synthetic,Quan Mock 2,Thanh pho Ao,VN,91654
ADDR-000684,So 60 Pho Placeholder,Xa Du Lieu,Huyen Sandbox,Thanh pho Gia,VN,85553
ADDR-000685,So 15 Duong Sandbox,Phuong Gia Lap,Quan Mock 1,Thanh pho Ao,VN,69471
ADDR-000686,So 7 Ngach Demo,Xa Synthetic,Quan Mock 2,Thanh pho Demo,VN,46428
ADDR-000687,So 12 Duong Gia,Phuong Sandbox,Huyen Sandbox,Thanh pho Gia,VN,42728
ADDR-000688,So 7 Ngach Demo,Phuong Thu Nghiem,Quan Test 3,Thanh pho Demo,VN,10358
ADDR-000689,So 21 Pho Fictitious,Xa Synthetic,Quan Mock 1,Thanh pho Ao,VN,87692
ADDR-000690,So 3 Duong Synthetic,Xa Synthetic,Huyen Sandbox,Thanh pho Ao,VN,62509
ADDR-000691,So 15 Duong Sandbox,Phuong Thu Nghiem,Quan Test 3,Thanh pho Demo,VN,67253
ADDR-000692,So 12 Duong Gia,Xa Synthetic,Huyen Demo,Thanh pho Demo,VN,97364
ADDR-000693,So 33 Ngach Testbed,Phuong Gia Lap,Huyen Demo,Tinh Mo Phong,VN,94749
ADDR-000694,So 45 Pho Ao,Xa Du Lieu,Quan Mock 2,Thanh pho Demo,VN,47572
ADDR-000695,So 7 Ngach Demo,Phuong Demo,Quan Mock 2,Thanh pho Gia,VN,38094
ADDR-000696,So 33 Ngach Testbed,Xa Synthetic,Quan Mock 2,Thanh pho Gia,VN,20944
ADDR-000697,So 99 Hem Mock,Xa Synthetic,Huyen Demo,Tinh Mo Phong,VN,67365
ADDR-000698,So 45 Pho Ao,Xa Du Lieu,Huyen Demo,Thanh pho Demo,VN,98387
ADDR-000699,So 88 Lo Demo Data,Phuong Mo Phong,Huyen Sandbox,Thanh pho Demo,VN,15769
ADDR-000700,So 3 Duong Synthetic,Phuong Demo,Quan Test 3,Thanh pho Ao,VN,44711
ADDR-000701,So 60 Pho Placeholder,Phuong Sandbox,Huyen Sandbox,Thanh pho Demo,VN,79822
ADDR-000702,So 99 Hem Mock,Xa Mo Hinh,Huyen Demo,Thanh pho Ao,VN,36813
ADDR-000703,So 45 Pho Ao,Phuong Mo Phong,Quan Test 3,Tinh Mo Phong,VN,95234
ADDR-000704,So 88 Lo Demo Data,Phuong Mo Phong,Quan Mock 2,Tinh Mo Phong,VN,91598
ADDR-000705,So 21 Pho Fictitious,Phuong Gia Lap,Quan Mock 1,Thanh pho Gia,VN,90438
ADDR-000706,So 21 Pho Fictitious,Phuong Sandbox,Quan Test 3,Thanh pho Ao,VN,23108
ADDR-000707,So 3 Duong Synthetic,Phuong Demo,Quan Test 3,Thanh pho Demo,VN,63799
ADDR-000708,So 33 Ngach Testbed,Phuong Gia Lap,Quan Test 3,Thanh pho Ao,VN,41787
ADDR-000709,So 7 Ngach Demo,Xa Du Lieu,Huyen Sandbox,Thanh pho Ao,VN,69234
ADDR-000710,So 60 Pho Placeholder,Phuong Demo,Quan Mock 1,Thanh pho Gia,VN,80366
ADDR-000711,So 88 Lo Demo Data,Phuong Thu Nghiem,Quan Mock 2,Thanh pho Demo,VN,19979
ADDR-000712,So 7 Ngach Demo,Phuong Thu Nghiem,Quan Mock 2,Thanh pho Gia,VN,98047
ADDR-000713,So 15 Duong Sandbox,Phuong Thu Nghiem,Huyen Demo,Thanh pho Demo,VN,99413
ADDR-000714,So 12 Duong Gia,Phuong Mo Phong,Huyen Demo,Thanh pho Demo,VN,42366
ADDR-000715,So 60 Pho Placeholder,Phuong Mo Phong,Quan Test 3,Thanh pho Demo,VN,72150
ADDR-000716,So 60 Pho Placeholder,Phuong Mo Phong,Quan Mock 1,Tinh Mo Phong,VN,41578
ADDR-000717,So 15 Duong Sandbox,Phuong Mo Phong,Huyen Sandbox,Thanh pho Demo,VN,99263
ADDR-000718,So 60 Pho Placeholder,Xa Synthetic,Quan Mock 1,Thanh pho Demo,VN,30593
ADDR-000719,So 88 Lo Demo Data,Phuong Demo,Quan Mock 1,Thanh pho Gia,VN,13906
ADDR-000720,So 15 Duong Sandbox,Phuong Thu Nghiem,Quan Test 3,Thanh pho Ao,VN,35557
ADDR-000721,So 15 Duong Sandbox,Phuong Mo Phong,Huyen Sandbox,Thanh pho Gia,VN,16039
ADDR-000722,So 33 Ngach Testbed,Phuong Thu Nghiem,Huyen Demo,Thanh pho Demo,VN,15499
ADDR-000723,So 60 Pho Placeholder,Phuong Mo Phong,Quan Test 3,Thanh pho Demo,VN,90526
ADDR-000724,So 60 Pho Placeholder,Xa Du Lieu,Quan Test 3,Thanh pho Gia,VN,49678
ADDR-000725,So 7 Ngach Demo,Phuong Mo Phong,Quan Mock 1,Thanh pho Ao,VN,46743
ADDR-000726,So 7 Ngach Demo,Phuong Mo Phong,Huyen Demo,Tinh Mo Phong,VN,99262
ADDR-000727,So 15 Duong Sandbox,Xa Du Lieu,Quan Mock 2,Thanh pho Ao,VN,46496
ADDR-000728,So 60 Pho Placeholder,Xa Mo Hinh,Quan Mock 1,Thanh pho Demo,VN,18639
ADDR-000729,So 15 Duong Sandbox,Phuong Gia Lap,Huyen Demo,Thanh pho Ao,VN,36163
ADDR-000730,So 33 Ngach Testbed,Phuong Sandbox,Quan Test 3,Tinh Mo Phong,VN,27236
ADDR-000731,So 21 Pho Fictitious,Phuong Demo,Quan Mock 2,Thanh pho Ao,VN,19007
ADDR-000732,So 3 Duong Synthetic,Phuong Thu Nghiem,Huyen Demo,Thanh pho Ao,VN,81717
ADDR-000733,So 88 Lo Demo Data,Xa Du Lieu,Quan Mock 2,Thanh pho Ao,VN,11275
ADDR-000734,So 15 Duong Sandbox,Phuong Demo,Quan Mock 1,Thanh pho Ao,VN,32045
ADDR-000735,So 21 Pho Fictitious,Phuong Mo Phong,Huyen Sandbox,Thanh pho Ao,VN,33998
ADDR-000736,So 45 Pho Ao,Phuong Gia Lap,Quan Mock 1,Thanh pho Demo,VN,47728
ADDR-000737,So 33 Ngach Testbed,Xa Du Lieu,Huyen Demo,Tinh Mo Phong,VN,55365
ADDR-000738,So 15 Duong Sandbox,Phuong Thu Nghiem,Quan Mock 1,Thanh pho Ao,VN,72781
ADDR-000739,So 21 Pho Fictitious,Phuong Gia Lap,Quan Mock 2,Thanh pho Ao,VN,92953
ADDR-000740,So 45 Pho Ao,Phuong Mo Phong,Quan Mock 1,Thanh pho Gia,VN,84883
ADDR-000741,So 21 Pho Fictitious,Xa Synthetic,Huyen Sandbox,Thanh pho Demo,VN,52372
ADDR-000742,So 3 Duong Synthetic,Xa Synthetic,Quan Test 3,Thanh pho Gia,VN,88097
ADDR-000743,So 12 Duong Gia,Xa Mo Hinh,Huyen Demo,Thanh pho Gia,VN,66850
ADDR-000744,So 33 Ngach Testbed,Phuong Sandbox,Quan Mock 1,Thanh pho Demo,VN,89777
ADDR-000745,So 12 Duong Gia,Phuong Thu Nghiem,Quan Mock 1,Tinh Mo Phong,VN,46535
ADDR-000746,So 3 Duong Synthetic,Xa Du Lieu,Quan Mock 2,Thanh pho Ao,VN,27115
ADDR-000747,So 33 Ngach Testbed,Phuong Sandbox,Quan Test 3,Thanh pho Demo,VN,70240
ADDR-000748,So 60 Pho Placeholder,Phuong Sandbox,Quan Mock 1,Thanh pho Gia,VN,44559
ADDR-000749,So 15 Duong Sandbox,Phuong Gia Lap,Quan Test 3,Thanh pho Ao,VN,61642
ADDR-000750,So 21 Pho Fictitious,Phuong Gia Lap,Huyen Sandbox,Thanh pho Demo,VN,31925
ADDR-000751,So 12 Duong Gia,Xa Synthetic,Huyen Demo,Thanh pho Gia,VN,91628
ADDR-000752,So 21 Pho Fictitious,Phuong Gia Lap,Huyen Sandbox,Thanh pho Ao,VN,39479
ADDR-000753,So 88 Lo Demo Data,Phuong Thu Nghiem,Huyen Sandbox,Thanh pho Ao,VN,57250
ADDR-000754,So 33 Ngach Testbed,Phuong Thu Nghiem,Huyen Demo,Thanh pho Gia,VN,54786
ADDR-000755,So 45 Pho Ao,Phuong Thu Nghiem,Quan Mock 2,Thanh pho Demo,VN,26061
ADDR-000756,So 12 Duong Gia,Phuong Mo Phong,Quan Test 3,Tinh Mo Phong,VN,31890
ADDR-000757,So 45 Pho Ao,Xa Synthetic,Quan Mock 2,Thanh pho Ao,VN,94948
ADDR-000758,So 21 Pho Fictitious,Xa Du Lieu,Quan Test 3,Thanh pho Gia,VN,13222
ADDR-000759,So 45 Pho Ao,Phuong Sandbox,Quan Test 3,Thanh pho Gia,VN,74798
ADDR-000760,So 99 Hem Mock,Phuong Sandbox,Quan Mock 2,Thanh pho Ao,VN,29762
ADDR-000761,So 60 Pho Placeholder,Xa Synthetic,Quan Mock 1,Thanh pho Ao,VN,60998
ADDR-000762,So 45 Pho Ao,Xa Synthetic,Quan Test 3,Tinh Mo Phong,VN,80009
ADDR-000763,So 7 Ngach Demo,Xa Du Lieu,Huyen Sandbox,Thanh pho Demo,VN,17492
ADDR-000764,So 21 Pho Fictitious,Phuong Sandbox,Huyen Demo,Tinh Mo Phong,VN,25994
ADDR-000765,So 3 Duong Synthetic,Xa Synthetic,Quan Mock 1,Tinh Mo Phong,VN,51736
ADDR-000766,So 99 Hem Mock,Xa Mo Hinh,Quan Test 3,Thanh pho Demo,VN,56891
ADDR-000767,So 33 Ngach Testbed,Phuong Demo,Quan Test 3,Thanh pho Demo,VN,63213
ADDR-000768,So 60 Pho Placeholder,Xa Synthetic,Huyen Demo,Thanh pho Demo,VN,56191
ADDR-000769,So 12 Duong Gia,Xa Mo Hinh,Quan Test 3,Thanh pho Demo,VN,45689
ADDR-000770,So 45 Pho Ao,Phuong Demo,Quan Mock 2,Thanh pho Demo,VN,55555
ADDR-000771,So 33 Ngach Testbed,Xa Mo Hinh,Quan Mock 2,Thanh pho Demo,VN,39194
ADDR-000772,So 33 Ngach Testbed,Xa Mo Hinh,Huyen Demo,Thanh pho Demo,VN,55702
ADDR-000773,So 3 Duong Synthetic,Phuong Thu Nghiem,Huyen Demo,Thanh pho Demo,VN,47367
ADDR-000774,So 60 Pho Placeholder,Phuong Thu Nghiem,Quan Mock 1,Thanh pho Ao,VN,30669
ADDR-000775,So 7 Ngach Demo,Xa Du Lieu,Quan Mock 1,Thanh pho Ao,VN,11331
ADDR-000776,So 88 Lo Demo Data,Xa Mo Hinh,Huyen Demo,Thanh pho Demo,VN,34944
ADDR-000777,So 60 Pho Placeholder,Xa Mo Hinh,Quan Mock 1,Thanh pho Ao,VN,48879
ADDR-000778,So 88 Lo Demo Data,Phuong Gia Lap,Quan Mock 1,Tinh Mo Phong,VN,28463
ADDR-000779,So 21 Pho Fictitious,Phuong Gia Lap,Quan Mock 2,Thanh pho Ao,VN,83280
ADDR-000780,So 99 Hem Mock,Phuong Gia Lap,Quan Mock 2,Thanh pho Gia,VN,38765
ADDR-000781,So 12 Duong Gia,Phuong Mo Phong,Quan Mock 2,Thanh pho Ao,VN,86247
ADDR-000782,So 12 Duong Gia,Xa Synthetic,Quan Test 3,Tinh Mo Phong,VN,96580
ADDR-000783,So 15 Duong Sandbox,Xa Du Lieu,Huyen Sandbox,Thanh pho Gia,VN,33577
ADDR-000784,So 45 Pho Ao,Phuong Mo Phong,Quan Mock 1,Thanh pho Gia,VN,79588
ADDR-000785,So 33 Ngach Testbed,Phuong Thu Nghiem,Huyen Sandbox,Thanh pho Ao,VN,88404
ADDR-000786,So 21 Pho Fictitious,Phuong Thu Nghiem,Huyen Demo,Thanh pho Demo,VN,35212
ADDR-000787,So 88 Lo Demo Data,Xa Mo Hinh,Quan Mock 1,Tinh Mo Phong,VN,34833
ADDR-000788,So 12 Duong Gia,Phuong Demo,Quan Mock 1,Thanh pho Demo,VN,55782
ADDR-000789,So 88 Lo Demo Data,Phuong Sandbox,Quan Test 3,Thanh pho Ao,VN,70722
ADDR-000790,So 12 Duong Gia,Phuong Gia Lap,Huyen Sandbox,Thanh pho Ao,VN,30582
ADDR-000791,So 60 Pho Placeholder,Phuong Gia Lap,Quan Test 3,Tinh Mo Phong,VN,50054
ADDR-000792,So 45 Pho Ao,Phuong Demo,Quan Mock 2,Thanh pho Ao,VN,48822
ADDR-000793,So 15 Duong Sandbox,Phuong Mo Phong,Quan Mock 1,Thanh pho Demo,VN,90608
ADDR-000794,So 12 Duong Gia,Phuong Gia Lap,Quan Mock 1,Tinh Mo Phong,VN,35782
ADDR-000795,So 33 Ngach Testbed,Xa Du Lieu,Huyen Demo,Thanh pho Gia,VN,17817
ADDR-000796,So 45 Pho Ao,Xa Mo Hinh,Quan Mock 1,Thanh pho Demo,VN,33204
ADDR-000797,So 33 Ngach Testbed,Phuong Mo Phong,Huyen Demo,Thanh pho Demo,VN,52646
ADDR-000798,So 88 Lo Demo Data,Phuong Mo Phong,Quan Test 3,Thanh pho Gia,VN,56182
ADDR-000799,So 3 Duong Synthetic,Xa Du Lieu,Huyen Sandbox,Tinh Mo Phong,VN,39296
ADDR-000800,So 88 Lo Demo Data,Xa Synthetic,Quan Mock 1,Thanh pho Gia,VN,82515
ADDR-000801,So 21 Pho Fictitious,Phuong Sandbox,Quan Test 3,Thanh pho Gia,VN,59914
ADDR-000802,So 33 Ngach Testbed,Phuong Gia Lap,Quan Mock 1,Thanh pho Ao,VN,45462
ADDR-000803,So 99 Hem Mock,Phuong Gia Lap,Quan Mock 2,Thanh pho Demo,VN,58569
ADDR-000804,So 60 Pho Placeholder,Phuong Thu Nghiem,Quan Test 3,Thanh pho Demo,VN,84643
ADDR-000805,So 3 Duong Synthetic,Phuong Thu Nghiem,Quan Mock 2,Thanh pho Gia,VN,61563
ADDR-000806,So 7 Ngach Demo,Phuong Mo Phong,Huyen Demo,Thanh pho Gia,VN,53487
ADDR-000807,So 15 Duong Sandbox,Phuong Mo Phong,Quan Mock 2,Tinh Mo Phong,VN,53649
ADDR-000808,So 3 Duong Synthetic,Phuong Sandbox,Huyen Demo,Tinh Mo Phong,VN,82834
ADDR-000809,So 12 Duong Gia,Xa Mo Hinh,Huyen Sandbox,Thanh pho Gia,VN,43859
ADDR-000810,So 33 Ngach Testbed,Xa Synthetic,Quan Mock 2,Tinh Mo Phong,VN,47930
ADDR-000811,So 15 Duong Sandbox,Xa Du Lieu,Huyen Demo,Thanh pho Gia,VN,56219
ADDR-000812,So 60 Pho Placeholder,Phuong Gia Lap,Quan Mock 1,Thanh pho Gia,VN,56693
ADDR-000813,So 21 Pho Fictitious,Phuong Gia Lap,Huyen Demo,Thanh pho Gia,VN,14840
ADDR-000814,So 60 Pho Placeholder,Phuong Thu Nghiem,Huyen Demo,Thanh pho Demo,VN,86393
ADDR-000815,So 45 Pho Ao,Xa Du Lieu,Huyen Sandbox,Thanh pho Ao,VN,93794
ADDR-000816,So 88 Lo Demo Data,Phuong Mo Phong,Quan Mock 1,Thanh pho Ao,VN,89921
ADDR-000817,So 99 Hem Mock,Xa Mo Hinh,Quan Mock 1,Tinh Mo Phong,VN,76137
ADDR-000818,So 3 Duong Synthetic,Xa Du Lieu,Huyen Sandbox,Tinh Mo Phong,VN,25894
ADDR-000819,So 60 Pho Placeholder,Xa Synthetic,Quan Mock 2,Thanh pho Demo,VN,62698
ADDR-000820,So 15 Duong Sandbox,Phuong Sandbox,Quan Mock 1,Tinh Mo Phong,VN,60572
ADDR-000821,So 7 Ngach Demo,Phuong Demo,Quan Test 3,Thanh pho Demo,VN,10614
ADDR-000822,So 3 Duong Synthetic,Phuong Demo,Huyen Sandbox,Thanh pho Gia,VN,58929
ADDR-000823,So 21 Pho Fictitious,Phuong Sandbox,Quan Mock 1,Thanh pho Demo,VN,85383
ADDR-000824,So 21 Pho Fictitious,Xa Synthetic,Quan Mock 2,Thanh pho Demo,VN,26159
ADDR-000825,So 99 Hem Mock,Xa Synthetic,Quan Test 3,Tinh Mo Phong,VN,77104
ADDR-000826,So 7 Ngach Demo,Xa Mo Hinh,Huyen Sandbox,Thanh pho Ao,VN,15179
ADDR-000827,So 21 Pho Fictitious,Phuong Sandbox,Huyen Demo,Thanh pho Gia,VN,17798
ADDR-000828,So 7 Ngach Demo,Xa Du Lieu,Huyen Sandbox,Thanh pho Gia,VN,44736
ADDR-000829,So 12 Duong Gia,Xa Du Lieu,Quan Mock 1,Thanh pho Gia,VN,87929
ADDR-000830,So 33 Ngach Testbed,Phuong Gia Lap,Quan Mock 1,Thanh pho Demo,VN,38336
ADDR-000831,So 3 Duong Synthetic,Phuong Demo,Quan Mock 1,Thanh pho Demo,VN,24543
ADDR-000832,So 33 Ngach Testbed,Phuong Thu Nghiem,Quan Mock 1,Thanh pho Ao,VN,97073
ADDR-000833,So 3 Duong Synthetic,Phuong Gia Lap,Quan Mock 2,Tinh Mo Phong,VN,55212
ADDR-000834,So 3 Duong Synthetic,Xa Synthetic,Huyen Demo,Thanh pho Demo,VN,77331
ADDR-000835,So 33 Ngach Testbed,Xa Du Lieu,Quan Mock 1,Thanh pho Demo,VN,49423
ADDR-000836,So 60 Pho Placeholder,Phuong Demo,Huyen Sandbox,Tinh Mo Phong,VN,66582
ADDR-000837,So 88 Lo Demo Data,Xa Synthetic,Quan Mock 2,Thanh pho Gia,VN,90240
ADDR-000838,So 99 Hem Mock,Xa Synthetic,Huyen Demo,Thanh pho Demo,VN,90973
ADDR-000839,So 99 Hem Mock,Phuong Sandbox,Quan Test 3,Thanh pho Gia,VN,22685
ADDR-000840,So 99 Hem Mock,Phuong Thu Nghiem,Quan Test 3,Thanh pho Demo,VN,13928
ADDR-000841,So 45 Pho Ao,Xa Du Lieu,Quan Mock 2,Thanh pho Ao,VN,77284
ADDR-000842,So 99 Hem Mock,Xa Mo Hinh,Quan Test 3,Thanh pho Gia,VN,11103
ADDR-000843,So 33 Ngach Testbed,Xa Du Lieu,Quan Mock 2,Thanh pho Gia,VN,44668
ADDR-000844,So 3 Duong Synthetic,Xa Mo Hinh,Quan Mock 1,Thanh pho Demo,VN,66280
ADDR-000845,So 15 Duong Sandbox,Phuong Sandbox,Huyen Sandbox,Thanh pho Demo,VN,29516
ADDR-000846,So 88 Lo Demo Data,Xa Mo Hinh,Quan Test 3,Thanh pho Ao,VN,27042
ADDR-000847,So 33 Ngach Testbed,Xa Synthetic,Huyen Sandbox,Thanh pho Ao,VN,26456
ADDR-000848,So 7 Ngach Demo,Phuong Gia Lap,Quan Test 3,Tinh Mo Phong,VN,47100
ADDR-000849,So 60 Pho Placeholder,Xa Du Lieu,Quan Mock 1,Tinh Mo Phong,VN,86898
ADDR-000850,So 12 Duong Gia,Phuong Mo Phong,Quan Test 3,Thanh pho Gia,VN,50757
ADDR-000851,So 12 Duong Gia,Phuong Sandbox,Huyen Sandbox,Thanh pho Demo,VN,25306
ADDR-000852,So 60 Pho Placeholder,Xa Mo Hinh,Huyen Sandbox,Thanh pho Gia,VN,92403
ADDR-000853,So 15 Duong Sandbox,Phuong Mo Phong,Quan Test 3,Thanh pho Gia,VN,65935
ADDR-000854,So 45 Pho Ao,Phuong Gia Lap,Quan Mock 2,Tinh Mo Phong,VN,81700
ADDR-000855,So 88 Lo Demo Data,Phuong Demo,Huyen Demo,Tinh Mo Phong,VN,69754
ADDR-000856,So 7 Ngach Demo,Phuong Demo,Quan Mock 1,Thanh pho Gia,VN,72959
ADDR-000857,So 45 Pho Ao,Phuong Demo,Huyen Demo,Thanh pho Gia,VN,12027
ADDR-000858,So 12 Duong Gia,Xa Mo Hinh,Quan Mock 1,Thanh pho Gia,VN,46193
ADDR-000859,So 45 Pho Ao,Xa Du Lieu,Quan Mock 2,Tinh Mo Phong,VN,83765
ADDR-000860,So 15 Duong Sandbox,Xa Synthetic,Quan Mock 2,Thanh pho Gia,VN,56937
ADDR-000861,So 99 Hem Mock,Phuong Gia Lap,Quan Mock 2,Thanh pho Demo,VN,48863
ADDR-000862,So 12 Duong Gia,Xa Synthetic,Quan Test 3,Thanh pho Demo,VN,42856
ADDR-000863,So 12 Duong Gia,Phuong Demo,Quan Mock 1,Tinh Mo Phong,VN,77765
ADDR-000864,So 3 Duong Synthetic,Phuong Gia Lap,Huyen Sandbox,Thanh pho Ao,VN,99366
ADDR-000865,So 88 Lo Demo Data,Xa Du Lieu,Quan Test 3,Thanh pho Ao,VN,33627
ADDR-000866,So 21 Pho Fictitious,Phuong Mo Phong,Huyen Sandbox,Tinh Mo Phong,VN,82415
ADDR-000867,So 60 Pho Placeholder,Phuong Gia Lap,Quan Mock 1,Tinh Mo Phong,VN,34167
ADDR-000868,So 3 Duong Synthetic,Phuong Sandbox,Quan Mock 2,Thanh pho Ao,VN,64167
ADDR-000869,So 21 Pho Fictitious,Xa Mo Hinh,Quan Mock 1,Thanh pho Ao,VN,89260
ADDR-000870,So 7 Ngach Demo,Xa Synthetic,Quan Mock 2,Tinh Mo Phong,VN,56648
ADDR-000871,So 45 Pho Ao,Xa Du Lieu,Huyen Demo,Thanh pho Gia,VN,31745
ADDR-000872,So 45 Pho Ao,Phuong Gia Lap,Quan Mock 2,Tinh Mo Phong,VN,95455
ADDR-000873,So 99 Hem Mock,Phuong Demo,Quan Mock 2,Thanh pho Demo,VN,27335
ADDR-000874,So 99 Hem Mock,Xa Synthetic,Quan Test 3,Thanh pho Ao,VN,19863
ADDR-000875,So 99 Hem Mock,Phuong Mo Phong,Quan Test 3,Tinh Mo Phong,VN,40424
ADDR-000876,So 60 Pho Placeholder,Phuong Thu Nghiem,Huyen Sandbox,Thanh pho Ao,VN,45452
ADDR-000877,So 15 Duong Sandbox,Xa Synthetic,Huyen Demo,Thanh pho Demo,VN,93586
ADDR-000878,So 3 Duong Synthetic,Xa Synthetic,Quan Test 3,Thanh pho Gia,VN,66547
ADDR-000879,So 12 Duong Gia,Xa Mo Hinh,Huyen Demo,Tinh Mo Phong,VN,79113
ADDR-000880,So 21 Pho Fictitious,Xa Mo Hinh,Quan Mock 1,Thanh pho Demo,VN,32121
ADDR-000881,So 45 Pho Ao,Xa Du Lieu,Quan Mock 2,Thanh pho Ao,VN,45851
ADDR-000882,So 99 Hem Mock,Xa Du Lieu,Quan Mock 1,Thanh pho Demo,VN,47360
ADDR-000883,So 12 Duong Gia,Phuong Gia Lap,Quan Test 3,Thanh pho Gia,VN,79320
ADDR-000884,So 45 Pho Ao,Xa Synthetic,Quan Test 3,Thanh pho Ao,VN,39220
ADDR-000885,So 15 Duong Sandbox,Xa Synthetic,Quan Test 3,Tinh Mo Phong,VN,72470
ADDR-000886,So 7 Ngach Demo,Phuong Thu Nghiem,Huyen Demo,Thanh pho Ao,VN,68365
ADDR-000887,So 60 Pho Placeholder,Xa Mo Hinh,Quan Mock 2,Thanh pho Demo,VN,27932
ADDR-000888,So 33 Ngach Testbed,Phuong Gia Lap,Quan Mock 1,Thanh pho Ao,VN,72515
ADDR-000889,So 21 Pho Fictitious,Phuong Demo,Huyen Sandbox,Thanh pho Demo,VN,71257
ADDR-000890,So 60 Pho Placeholder,Phuong Thu Nghiem,Huyen Sandbox,Thanh pho Gia,VN,69562
ADDR-000891,So 88 Lo Demo Data,Xa Synthetic,Quan Mock 1,Thanh pho Ao,VN,33990
ADDR-000892,So 33 Ngach Testbed,Phuong Demo,Quan Mock 2,Tinh Mo Phong,VN,99094
ADDR-000893,So 60 Pho Placeholder,Phuong Demo,Quan Test 3,Thanh pho Gia,VN,63363
ADDR-000894,So 99 Hem Mock,Phuong Sandbox,Quan Test 3,Thanh pho Gia,VN,69970
ADDR-000895,So 12 Duong Gia,Phuong Mo Phong,Huyen Sandbox,Tinh Mo Phong,VN,84131
ADDR-000896,So 99 Hem Mock,Phuong Gia Lap,Quan Mock 2,Thanh pho Gia,VN,71067
ADDR-000897,So 7 Ngach Demo,Phuong Mo Phong,Huyen Sandbox,Thanh pho Gia,VN,36176
ADDR-000898,So 60 Pho Placeholder,Xa Du Lieu,Huyen Sandbox,Tinh Mo Phong,VN,79019
ADDR-000899,So 45 Pho Ao,Xa Du Lieu,Quan Test 3,Thanh pho Demo,VN,61368
ADDR-000900,So 60 Pho Placeholder,Xa Synthetic,Quan Mock 1,Thanh pho Gia,VN,33415
ADDR-000901,So 12 Duong Gia,Phuong Sandbox,Huyen Demo,Thanh pho Demo,VN,95069
ADDR-000902,So 12 Duong Gia,Phuong Sandbox,Quan Test 3,Tinh Mo Phong,VN,76849
ADDR-000903,So 88 Lo Demo Data,Phuong Thu Nghiem,Huyen Demo,Thanh pho Gia,VN,26953
ADDR-000904,So 15 Duong Sandbox,Phuong Demo,Quan Mock 2,Thanh pho Ao,VN,55187
ADDR-000905,So 88 Lo Demo Data,Phuong Gia Lap,Huyen Sandbox,Thanh pho Gia,VN,42382
ADDR-000906,So 12 Duong Gia,Xa Synthetic,Quan Test 3,Thanh pho Ao,VN,90863
ADDR-000907,So 33 Ngach Testbed,Phuong Demo,Huyen Sandbox,Thanh pho Demo,VN,48944
ADDR-000908,So 7 Ngach Demo,Phuong Gia Lap,Huyen Sandbox,Thanh pho Demo,VN,79985
ADDR-000909,So 3 Duong Synthetic,Xa Synthetic,Huyen Sandbox,Thanh pho Gia,VN,31412
ADDR-000910,So 33 Ngach Testbed,Xa Du Lieu,Quan Mock 1,Thanh pho Ao,VN,53715
ADDR-000911,So 15 Duong Sandbox,Phuong Demo,Quan Mock 1,Thanh pho Demo,VN,80063
ADDR-000912,So 21 Pho Fictitious,Phuong Mo Phong,Huyen Sandbox,Tinh Mo Phong,VN,60269
ADDR-000913,So 21 Pho Fictitious,Phuong Sandbox,Huyen Demo,Thanh pho Gia,VN,62215
ADDR-000914,So 12 Duong Gia,Phuong Sandbox,Huyen Demo,Thanh pho Demo,VN,61597
ADDR-000915,So 88 Lo Demo Data,Phuong Sandbox,Quan Mock 2,Thanh pho Ao,VN,54898
ADDR-000916,So 60 Pho Placeholder,Phuong Thu Nghiem,Quan Mock 2,Thanh pho Gia,VN,22042
ADDR-000917,So 7 Ngach Demo,Xa Du Lieu,Quan Mock 1,Tinh Mo Phong,VN,39607
ADDR-000918,So 33 Ngach Testbed,Xa Mo Hinh,Quan Mock 2,Tinh Mo Phong,VN,65210
ADDR-000919,So 15 Duong Sandbox,Phuong Gia Lap,Quan Mock 2,Thanh pho Demo,VN,77755
ADDR-000920,So 99 Hem Mock,Phuong Gia Lap,Huyen Demo,Thanh pho Gia,VN,31614
ADDR-000921,So 33 Ngach Testbed,Phuong Demo,Quan Mock 1,Thanh pho Ao,VN,70747
ADDR-000922,So 60 Pho Placeholder,Phuong Mo Phong,Huyen Demo,Thanh pho Demo,VN,55594
ADDR-000923,So 88 Lo Demo Data,Xa Du Lieu,Huyen Sandbox,Thanh pho Demo,VN,13995
ADDR-000924,So 45 Pho Ao,Phuong Demo,Quan Test 3,Thanh pho Gia,VN,51423
ADDR-000925,So 21 Pho Fictitious,Phuong Sandbox,Quan Mock 1,Tinh Mo Phong,VN,71281
ADDR-000926,So 99 Hem Mock,Xa Mo Hinh,Huyen Demo,Thanh pho Demo,VN,44582
ADDR-000927,So 33 Ngach Testbed,Xa Mo Hinh,Quan Test 3,Thanh pho Demo,VN,41705
ADDR-000928,So 7 Ngach Demo,Phuong Thu Nghiem,Quan Mock 2,Thanh pho Demo,VN,72049
ADDR-000929,So 3 Duong Synthetic,Xa Du Lieu,Quan Mock 2,Tinh Mo Phong,VN,74833
ADDR-000930,So 45 Pho Ao,Phuong Gia Lap,Quan Mock 1,Thanh pho Demo,VN,47269
ADDR-000931,So 60 Pho Placeholder,Xa Mo Hinh,Quan Mock 1,Thanh pho Ao,VN,59604
ADDR-000932,So 15 Duong Sandbox,Xa Mo Hinh,Huyen Demo,Thanh pho Ao,VN,66102
ADDR-000933,So 15 Duong Sandbox,Phuong Thu Nghiem,Huyen Sandbox,Thanh pho Demo,VN,94631
ADDR-000934,So 21 Pho Fictitious,Phuong Gia Lap,Huyen Sandbox,Thanh pho Ao,VN,28733
ADDR-000935,So 45 Pho Ao,Xa Du Lieu,Quan Test 3,Thanh pho Demo,VN,31410
ADDR-000936,So 99 Hem Mock,Xa Synthetic,Huyen Demo,Thanh pho Demo,VN,17577
ADDR-000937,So 3 Duong Synthetic,Phuong Demo,Quan Mock 2,Thanh pho Ao,VN,10485
ADDR-000938,So 3 Duong Synthetic,Xa Mo Hinh,Quan Test 3,Thanh pho Demo,VN,52267
ADDR-000939,So 21 Pho Fictitious,Phuong Mo Phong,Quan Mock 2,Thanh pho Ao,VN,43644
ADDR-000940,So 15 Duong Sandbox,Phuong Gia Lap,Quan Mock 2,Thanh pho Demo,VN,35426
ADDR-000941,So 12 Duong Gia,Phuong Demo,Quan Mock 1,Thanh pho Demo,VN,88168
ADDR-000942,So 15 Duong Sandbox,Phuong Thu Nghiem,Huyen Demo,Thanh pho Gia,VN,85109
ADDR-000943,So 60 Pho Placeholder,Xa Du Lieu,Huyen Sandbox,Tinh Mo Phong,VN,90022
ADDR-000944,So 60 Pho Placeholder,Xa Du Lieu,Quan Mock 2,Thanh pho Gia,VN,75648
ADDR-000945,So 88 Lo Demo Data,Phuong Thu Nghiem,Quan Mock 2,Thanh pho Demo,VN,65048
ADDR-000946,So 60 Pho Placeholder,Xa Du Lieu,Huyen Sandbox,Thanh pho Ao,VN,60001
ADDR-000947,So 99 Hem Mock,Xa Synthetic,Huyen Demo,Thanh pho Gia,VN,14707
ADDR-000948,So 60 Pho Placeholder,Phuong Gia Lap,Quan Test 3,Thanh pho Ao,VN,70656
ADDR-000949,So 88 Lo Demo Data,Phuong Sandbox,Huyen Demo,Thanh pho Gia,VN,30388
ADDR-000950,So 45 Pho Ao,Xa Du Lieu,Quan Mock 1,Thanh pho Demo,VN,10923
ADDR-000951,So 15 Duong Sandbox,Phuong Gia Lap,Quan Mock 2,Tinh Mo Phong,VN,15798
ADDR-000952,So 45 Pho Ao,Xa Mo Hinh,Huyen Sandbox,Tinh Mo Phong,VN,92853
ADDR-000953,So 3 Duong Synthetic,Phuong Mo Phong,Huyen Sandbox,Thanh pho Demo,VN,16737
ADDR-000954,So 7 Ngach Demo,Phuong Sandbox,Huyen Sandbox,Tinh Mo Phong,VN,56813
ADDR-000955,So 21 Pho Fictitious,Xa Synthetic,Huyen Sandbox,Thanh pho Demo,VN,30993
ADDR-000956,So 21 Pho Fictitious,Phuong Thu Nghiem,Huyen Demo,Thanh pho Ao,VN,86425
ADDR-000957,So 33 Ngach Testbed,Phuong Mo Phong,Quan Test 3,Thanh pho Gia,VN,67927
ADDR-000958,So 15 Duong Sandbox,Xa Synthetic,Huyen Sandbox,Thanh pho Gia,VN,26837
ADDR-000959,So 33 Ngach Testbed,Phuong Demo,Quan Test 3,Thanh pho Demo,VN,67082
ADDR-000960,So 15 Duong Sandbox,Phuong Demo,Huyen Demo,Thanh pho Ao,VN,65178
ADDR-000961,So 45 Pho Ao,Xa Synthetic,Huyen Sandbox,Thanh pho Demo,VN,57250
ADDR-000962,So 7 Ngach Demo,Xa Synthetic,Quan Test 3,Thanh pho Demo,VN,44433
ADDR-000963,So 60 Pho Placeholder,Phuong Sandbox,Huyen Demo,Thanh pho Gia,VN,49412
ADDR-000964,So 12 Duong Gia,Phuong Thu Nghiem,Quan Mock 1,Tinh Mo Phong,VN,47409
ADDR-000965,So 3 Duong Synthetic,Phuong Sandbox,Quan Test 3,Thanh pho Demo,VN,80105
ADDR-000966,So 12 Duong Gia,Xa Du Lieu,Quan Test 3,Thanh pho Ao,VN,42032
ADDR-000967,So 3 Duong Synthetic,Phuong Mo Phong,Quan Mock 1,Tinh Mo Phong,VN,30106
ADDR-000968,So 12 Duong Gia,Phuong Gia Lap,Huyen Sandbox,Thanh pho Ao,VN,86953
ADDR-000969,So 45 Pho Ao,Phuong Sandbox,Quan Mock 2,Thanh pho Ao,VN,88342
ADDR-000970,So 12 Duong Gia,Xa Mo Hinh,Quan Mock 2,Thanh pho Demo,VN,69482
ADDR-000971,So 45 Pho Ao,Phuong Thu Nghiem,Quan Test 3,Thanh pho Demo,VN,30670
ADDR-000972,So 99 Hem Mock,Xa Mo Hinh,Quan Mock 2,Thanh pho Demo,VN,26683
ADDR-000973,So 3 Duong Synthetic,Phuong Demo,Huyen Demo,Tinh Mo Phong,VN,75563
ADDR-000974,So 60 Pho Placeholder,Phuong Sandbox,Quan Test 3,Thanh pho Gia,VN,13830
ADDR-000975,So 45 Pho Ao,Phuong Thu Nghiem,Quan Test 3,Thanh pho Ao,VN,87614
ADDR-000976,So 33 Ngach Testbed,Phuong Thu Nghiem,Quan Mock 1,Thanh pho Ao,VN,61827
ADDR-000977,So 12 Duong Gia,Phuong Mo Phong,Quan Test 3,Thanh pho Gia,VN,32257
ADDR-000978,So 99 Hem Mock,Phuong Thu Nghiem,Huyen Demo,Thanh pho Gia,VN,46889
ADDR-000979,So 45 Pho Ao,Phuong Gia Lap,Quan Mock 1,Tinh Mo Phong,VN,96003
ADDR-000980,So 21 Pho Fictitious,Phuong Thu Nghiem,Huyen Demo,Tinh Mo Phong,VN,30438
ADDR-000981,So 15 Duong Sandbox,Phuong Mo Phong,Quan Mock 2,Thanh pho Ao,VN,22813
ADDR-000982,So 45 Pho Ao,Phuong Sandbox,Quan Test 3,Thanh pho Demo,VN,76856
ADDR-000983,So 21 Pho Fictitious,Phuong Thu Nghiem,Quan Mock 1,Thanh pho Gia,VN,41125
ADDR-000984,So 12 Duong Gia,Xa Du Lieu,Huyen Sandbox,Tinh Mo Phong,VN,73774
ADDR-000985,So 15 Duong Sandbox,Xa Mo Hinh,Quan Test 3,Thanh pho Ao,VN,57922
ADDR-000986,So 45 Pho Ao,Phuong Thu Nghiem,Huyen Sandbox,Thanh pho Gia,VN,39161
ADDR-000987,So 45 Pho Ao,Xa Synthetic,Quan Mock 2,Thanh pho Ao,VN,11010
ADDR-000988,So 99 Hem Mock,Xa Mo Hinh,Huyen Demo,Tinh Mo Phong,VN,14187
ADDR-000989,So 15 Duong Sandbox,Xa Du Lieu,Quan Mock 2,Thanh pho Ao,VN,11003
ADDR-000990,So 21 Pho Fictitious,Phuong Sandbox,Huyen Sandbox,Thanh pho Gia,VN,90381
ADDR-000991,So 12 Duong Gia,Phuong Demo,Quan Mock 2,Tinh Mo Phong,VN,75237
ADDR-000992,So 21 Pho Fictitious,Phuong Thu Nghiem,Quan Mock 1,Tinh Mo Phong,VN,34454
ADDR-000993,So 21 Pho Fictitious,Xa Synthetic,Quan Mock 1,Thanh pho Gia,VN,62307
ADDR-000994,So 88 Lo Demo Data,Phuong Thu Nghiem,Huyen Sandbox,Tinh Mo Phong,VN,70271
ADDR-000995,So 88 Lo Demo Data,Phuong Mo Phong,Huyen Sandbox,Tinh Mo Phong,VN,51330
ADDR-000996,So 7 Ngach Demo,Phuong Sandbox,Quan Mock 1,Tinh Mo Phong,VN,93890
ADDR-000997,So 45 Pho Ao,Phuong Demo,Quan Test 3,Thanh pho Ao,VN,25626
ADDR-000998,So 21 Pho Fictitious,Phuong Gia Lap,Quan Mock 2,Thanh pho Ao,VN,15909
ADDR-000999,So 45 Pho Ao,Phuong Demo,Quan Mock 2,Thanh pho Ao,VN,54631
ADDR-001000,So 60 Pho Placeholder,Phuong Mo Phong,Huyen Sandbox,Tinh Mo Phong,VN,59393
ADDR-001001,So 88 Lo Demo Data,Phuong Mo Phong,Quan Mock 2,Thanh pho Gia,VN,85431
ADDR-001002,So 88 Lo Demo Data,Phuong Sandbox,Huyen Sandbox,Thanh pho Ao,VN,27758
ADDR-001003,So 3 Duong Synthetic,Phuong Sandbox,Quan Mock 1,Thanh pho Gia,VN,13790
ADDR-001004,So 3 Duong Synthetic,Phuong Mo Phong,Quan Test 3,Thanh pho Ao,VN,99523
ADDR-001005,So 99 Hem Mock,Xa Mo Hinh,Quan Mock 1,Thanh pho Ao,VN,73943
ADDR-001006,So 33 Ngach Testbed,Phuong Thu Nghiem,Huyen Sandbox,Thanh pho Gia,VN,12841
ADDR-001007,So 33 Ngach Testbed,Phuong Sandbox,Huyen Sandbox,Thanh pho Gia,VN,90463
ADDR-001008,So 12 Duong Gia,Phuong Thu Nghiem,Huyen Sandbox,Thanh pho Demo,VN,84348
ADDR-001009,So 7 Ngach Demo,Phuong Gia Lap,Huyen Demo,Tinh Mo Phong,VN,51504
ADDR-001010,So 60 Pho Placeholder,Phuong Thu Nghiem,Huyen Demo,Tinh Mo Phong,VN,26580
ADDR-001011,So 3 Duong Synthetic,Phuong Thu Nghiem,Quan Test 3,Thanh pho Ao,VN,13149
ADDR-001012,So 45 Pho Ao,Xa Synthetic,Huyen Sandbox,Thanh pho Gia,VN,80895
ADDR-001013,So 99 Hem Mock,Phuong Mo Phong,Huyen Sandbox,Thanh pho Ao,VN,72562
ADDR-001014,So 33 Ngach Testbed,Phuong Gia Lap,Quan Mock 2,Thanh pho Demo,VN,96121
ADDR-001015,So 21 Pho Fictitious,Phuong Sandbox,Quan Mock 2,Thanh pho Ao,VN,64240
ADDR-001016,So 99 Hem Mock,Phuong Sandbox,Huyen Demo,Thanh pho Ao,VN,47000
ADDR-001017,So 60 Pho Placeholder,Xa Mo Hinh,Quan Mock 2,Thanh pho Ao,VN,70558
ADDR-001018,So 60 Pho Placeholder,Xa Synthetic,Quan Mock 2,Thanh pho Gia,VN,80145
ADDR-001019,So 33 Ngach Testbed,Phuong Gia Lap,Quan Mock 1,Thanh pho Demo,VN,20871
ADDR-001020,So 33 Ngach Testbed,Xa Synthetic,Quan Mock 1,Thanh pho Demo,VN,57810
ADDR-001021,So 3 Duong Synthetic,Xa Du Lieu,Quan Test 3,Tinh Mo Phong,VN,35726
ADDR-001022,So 33 Ngach Testbed,Phuong Mo Phong,Quan Mock 1,Tinh Mo Phong,VN,14868
ADDR-001023,So 99 Hem Mock,Phuong Sandbox,Huyen Sandbox,Tinh Mo Phong,VN,76532
ADDR-001024,So 45 Pho Ao,Xa Synthetic,Quan Mock 2,Thanh pho Demo,VN,65480
ADDR-001025,So 12 Duong Gia,Xa Mo Hinh,Quan Mock 1,Thanh pho Gia,VN,83331
ADDR-001026,So 12 Duong Gia,Phuong Gia Lap,Huyen Demo,Thanh pho Ao,VN,18646
ADDR-001027,So 99 Hem Mock,Phuong Gia Lap,Huyen Sandbox,Thanh pho Ao,VN,93015
ADDR-001028,So 3 Duong Synthetic,Xa Synthetic,Quan Mock 1,Tinh Mo Phong,VN,38873
ADDR-001029,So 88 Lo Demo Data,Phuong Sandbox,Quan Test 3,Thanh pho Demo,VN,56658
ADDR-001030,So 12 Duong Gia,Phuong Mo Phong,Quan Test 3,Thanh pho Ao,VN,70278
ADDR-001031,So 60 Pho Placeholder,Phuong Gia Lap,Quan Test 3,Tinh Mo Phong,VN,86124
ADDR-001032,So 12 Duong Gia,Xa Mo Hinh,Quan Mock 1,Thanh pho Gia,VN,48129
ADDR-001033,So 3 Duong Synthetic,Phuong Demo,Quan Mock 1,Thanh pho Gia,VN,95391
ADDR-001034,So 7 Ngach Demo,Phuong Sandbox,Quan Mock 1,Thanh pho Gia,VN,23326
ADDR-001035,So 60 Pho Placeholder,Phuong Gia Lap,Quan Test 3,Thanh pho Ao,VN,15485
ADDR-001036,So 21 Pho Fictitious,Xa Synthetic,Quan Mock 1,Tinh Mo Phong,VN,49986
ADDR-001037,So 60 Pho Placeholder,Phuong Demo,Huyen Sandbox,Thanh pho Ao,VN,97327
ADDR-001038,So 12 Duong Gia,Xa Synthetic,Quan Test 3,Tinh Mo Phong,VN,78750
ADDR-001039,So 21 Pho Fictitious,Phuong Gia Lap,Huyen Sandbox,Thanh pho Gia,VN,88103
ADDR-001040,So 33 Ngach Testbed,Xa Mo Hinh,Huyen Sandbox,Tinh Mo Phong,VN,97419
ADDR-001041,So 45 Pho Ao,Xa Du Lieu,Quan Test 3,Tinh Mo Phong,VN,99624
ADDR-001042,So 88 Lo Demo Data,Xa Du Lieu,Huyen Sandbox,Thanh pho Gia,VN,16699
ADDR-001043,So 3 Duong Synthetic,Xa Mo Hinh,Huyen Sandbox,Tinh Mo Phong,VN,99687
ADDR-001044,So 7 Ngach Demo,Phuong Demo,Huyen Sandbox,Thanh pho Gia,VN,32780
ADDR-001045,So 33 Ngach Testbed,Xa Mo Hinh,Quan Mock 1,Thanh pho Demo,VN,74758
ADDR-001046,So 60 Pho Placeholder,Phuong Gia Lap,Huyen Sandbox,Tinh Mo Phong,VN,21855
ADDR-001047,So 33 Ngach Testbed,Phuong Mo Phong,Quan Mock 1,Tinh Mo Phong,VN,48378
ADDR-001048,So 45 Pho Ao,Xa Mo Hinh,Quan Mock 1,Thanh pho Demo,VN,29277
ADDR-001049,So 7 Ngach Demo,Phuong Mo Phong,Huyen Demo,Thanh pho Ao,VN,62044
ADDR-001050,So 45 Pho Ao,Xa Mo Hinh,Quan Mock 2,Thanh pho Gia,VN,43331
ADDR-001051,So 15 Duong Sandbox,Phuong Demo,Quan Mock 1,Thanh pho Ao,VN,95009
ADDR-001052,So 7 Ngach Demo,Xa Synthetic,Quan Mock 2,Thanh pho Gia,VN,16352
ADDR-001053,So 45 Pho Ao,Phuong Demo,Huyen Demo,Thanh pho Gia,VN,93515
ADDR-001054,So 45 Pho Ao,Phuong Gia Lap,Quan Test 3,Thanh pho Gia,VN,69867
ADDR-001055,So 3 Duong Synthetic,Xa Mo Hinh,Huyen Sandbox,Tinh Mo Phong,VN,65091
ADDR-001056,So 88 Lo Demo Data,Phuong Sandbox,Huyen Demo,Tinh Mo Phong,VN,62532
ADDR-001057,So 3 Duong Synthetic,Phuong Demo,Quan Mock 1,Tinh Mo Phong,VN,48944
ADDR-001058,So 33 Ngach Testbed,Phuong Demo,Huyen Demo,Thanh pho Demo,VN,37159
ADDR-001059,So 99 Hem Mock,Phuong Demo,Quan Mock 2,Thanh pho Gia,VN,55156
ADDR-001060,So 60 Pho Placeholder,Xa Synthetic,Quan Mock 2,Thanh pho Ao,VN,77313
ADDR-001061,So 3 Duong Synthetic,Xa Synthetic,Huyen Demo,Thanh pho Gia,VN,51382
ADDR-001062,So 88 Lo Demo Data,Phuong Sandbox,Quan Mock 1,Thanh pho Ao,VN,88168
ADDR-001063,So 33 Ngach Testbed,Phuong Gia Lap,Quan Test 3,Thanh pho Ao,VN,16207
ADDR-001064,So 21 Pho Fictitious,Phuong Thu Nghiem,Huyen Demo,Thanh pho Gia,VN,15951
ADDR-001065,So 99 Hem Mock,Xa Du Lieu,Quan Mock 2,Tinh Mo Phong,VN,54829
ADDR-001066,So 60 Pho Placeholder,Phuong Demo,Quan Mock 2,Tinh Mo Phong,VN,56924
ADDR-001067,So 3 Duong Synthetic,Xa Mo Hinh,Huyen Demo,Thanh pho Demo,VN,27774
ADDR-001068,So 99 Hem Mock,Phuong Demo,Quan Test 3,Thanh pho Gia,VN,72681
ADDR-001069,So 99 Hem Mock,Xa Du Lieu,Quan Mock 2,Thanh pho Demo,VN,50982
ADDR-001070,So 88 Lo Demo Data,Xa Mo Hinh,Quan Mock 1,Thanh pho Gia,VN,97596
ADDR-001071,So 45 Pho Ao,Phuong Gia Lap,Huyen Demo,Thanh pho Ao,VN,60533
ADDR-001072,So 88 Lo Demo Data,Xa Du Lieu,Quan Mock 2,Tinh Mo Phong,VN,40635
ADDR-001073,So 99 Hem Mock,Phuong Sandbox,Huyen Sandbox,Thanh pho Ao,VN,41212
ADDR-001074,So 3 Duong Synthetic,Phuong Sandbox,Huyen Sandbox,Thanh pho Gia,VN,85709
ADDR-001075,So 15 Duong Sandbox,Phuong Mo Phong,Huyen Demo,Thanh pho Ao,VN,10593
ADDR-001076,So 45 Pho Ao,Xa Synthetic,Quan Mock 1,Thanh pho Demo,VN,86577
ADDR-001077,So 12 Duong Gia,Phuong Mo Phong,Quan Test 3,Thanh pho Demo,VN,96794
ADDR-001078,So 33 Ngach Testbed,Phuong Sandbox,Quan Test 3,Tinh Mo Phong,VN,50745
ADDR-001079,So 15 Duong Sandbox,Phuong Demo,Quan Mock 2,Thanh pho Demo,VN,49433
ADDR-001080,So 21 Pho Fictitious,Phuong Mo Phong,Huyen Demo,Thanh pho Ao,VN,10201
ADDR-001081,So 88 Lo Demo Data,Phuong Demo,Quan Mock 2,Thanh pho Ao,VN,23756
ADDR-001082,So 7 Ngach Demo,Phuong Demo,Quan Mock 2,Thanh pho Demo,VN,68261
ADDR-001083,So 12 Duong Gia,Phuong Sandbox,Quan Test 3,Thanh pho Demo,VN,71044
ADDR-001084,So 12 Duong Gia,Phuong Gia Lap,Quan Mock 1,Thanh pho Gia,VN,84838
ADDR-001085,So 88 Lo Demo Data,Phuong Gia Lap,Quan Mock 1,Thanh pho Gia,VN,44108
ADDR-001086,So 15 Duong Sandbox,Phuong Thu Nghiem,Quan Test 3,Thanh pho Demo,VN,20027
ADDR-001087,So 33 Ngach Testbed,Phuong Gia Lap,Huyen Sandbox,Thanh pho Ao,VN,58347
ADDR-001088,So 99 Hem Mock,Phuong Demo,Quan Mock 2,Thanh pho Ao,VN,18793
ADDR-001089,So 3 Duong Synthetic,Xa Du Lieu,Quan Mock 1,Thanh pho Ao,VN,52901
ADDR-001090,So 99 Hem Mock,Xa Mo Hinh,Quan Mock 1,Thanh pho Ao,VN,11135
ADDR-001091,So 45 Pho Ao,Xa Du Lieu,Huyen Demo,Thanh pho Demo,VN,53292
ADDR-001092,So 99 Hem Mock,Phuong Thu Nghiem,Quan Mock 2,Thanh pho Ao,VN,50862
ADDR-001093,So 99 Hem Mock,Phuong Sandbox,Quan Mock 1,Tinh Mo Phong,VN,94032
ADDR-001094,So 21 Pho Fictitious,Xa Mo Hinh,Quan Test 3,Thanh pho Demo,VN,66643
ADDR-001095,So 45 Pho Ao,Phuong Gia Lap,Quan Test 3,Thanh pho Gia,VN,60127
ADDR-001096,So 45 Pho Ao,Xa Synthetic,Huyen Sandbox,Thanh pho Demo,VN,32347
ADDR-001097,So 60 Pho Placeholder,Xa Synthetic,Quan Mock 1,Thanh pho Ao,VN,30696
ADDR-001098,So 12 Duong Gia,Xa Mo Hinh,Huyen Demo,Thanh pho Gia,VN,29322
ADDR-001099,So 12 Duong Gia,Phuong Gia Lap,Huyen Sandbox,Thanh pho Gia,VN,93173
ADDR-001100,So 88 Lo Demo Data,Phuong Sandbox,Quan Mock 1,Thanh pho Ao,VN,61033
ADDR-001101,So 21 Pho Fictitious,Phuong Mo Phong,Huyen Sandbox,Tinh Mo Phong,VN,42229
ADDR-001102,So 33 Ngach Testbed,Xa Mo Hinh,Quan Mock 2,Thanh pho Ao,VN,96180
ADDR-001103,So 45 Pho Ao,Phuong Sandbox,Quan Mock 2,Thanh pho Ao,VN,58957
ADDR-001104,So 3 Duong Synthetic,Xa Mo Hinh,Huyen Demo,Thanh pho Demo,VN,53872
ADDR-001105,So 3 Duong Synthetic,Phuong Demo,Quan Mock 2,Thanh pho Demo,VN,68164
ADDR-001106,So 99 Hem Mock,Phuong Gia Lap,Quan Mock 1,Thanh pho Ao,VN,56001
ADDR-001107,So 33 Ngach Testbed,Xa Du Lieu,Quan Test 3,Thanh pho Demo,VN,63767
ADDR-001108,So 99 Hem Mock,Xa Synthetic,Quan Mock 2,Tinh Mo Phong,VN,79072
ADDR-001109,So 7 Ngach Demo,Phuong Gia Lap,Huyen Sandbox,Thanh pho Ao,VN,61784
ADDR-001110,So 99 Hem Mock,Phuong Sandbox,Quan Mock 1,Thanh pho Demo,VN,69505
ADDR-001111,So 15 Duong Sandbox,Xa Mo Hinh,Quan Mock 1,Thanh pho Gia,VN,89580
ADDR-001112,So 99 Hem Mock,Xa Mo Hinh,Huyen Demo,Thanh pho Demo,VN,45666
ADDR-001113,So 21 Pho Fictitious,Phuong Demo,Huyen Demo,Thanh pho Ao,VN,28463
ADDR-001114,So 3 Duong Synthetic,Phuong Thu Nghiem,Quan Mock 2,Thanh pho Gia,VN,96410
ADDR-001115,So 33 Ngach Testbed,Xa Mo Hinh,Quan Mock 2,Thanh pho Ao,VN,28948
ADDR-001116,So 99 Hem Mock,Phuong Demo,Quan Mock 2,Thanh pho Ao,VN,37971
ADDR-001117,So 12 Duong Gia,Phuong Sandbox,Quan Test 3,Tinh Mo Phong,VN,58871
ADDR-001118,So 33 Ngach Testbed,Phuong Gia Lap,Quan Test 3,Thanh pho Demo,VN,88300
ADDR-001119,So 21 Pho Fictitious,Phuong Demo,Quan Mock 1,Thanh pho Demo,VN,17575
ADDR-001120,So 33 Ngach Testbed,Phuong Sandbox,Quan Test 3,Thanh pho Demo,VN,98129
ADDR-001121,So 7 Ngach Demo,Phuong Demo,Quan Mock 1,Thanh pho Ao,VN,54919
ADDR-001122,So 21 Pho Fictitious,Xa Du Lieu,Quan Test 3,Thanh pho Gia,VN,24182
ADDR-001123,So 60 Pho Placeholder,Phuong Mo Phong,Huyen Demo,Tinh Mo Phong,VN,21184
ADDR-001124,So 15 Duong Sandbox,Phuong Mo Phong,Huyen Sandbox,Thanh pho Demo,VN,97917
ADDR-001125,So 88 Lo Demo Data,Phuong Thu Nghiem,Quan Test 3,Thanh pho Demo,VN,16056
ADDR-001126,So 60 Pho Placeholder,Phuong Demo,Huyen Demo,Thanh pho Gia,VN,96084
ADDR-001127,So 99 Hem Mock,Phuong Gia Lap,Quan Test 3,Tinh Mo Phong,VN,84596
ADDR-001128,So 88 Lo Demo Data,Xa Synthetic,Quan Mock 1,Thanh pho Demo,VN,46342
ADDR-001129,So 21 Pho Fictitious,Phuong Thu Nghiem,Huyen Demo,Thanh pho Gia,VN,28555
ADDR-001130,So 99 Hem Mock,Xa Mo Hinh,Quan Mock 1,Thanh pho Gia,VN,31354
ADDR-001131,So 15 Duong Sandbox,Phuong Gia Lap,Quan Mock 2,Thanh pho Gia,VN,55272
ADDR-001132,So 15 Duong Sandbox,Phuong Demo,Quan Test 3,Thanh pho Demo,VN,97455
ADDR-001133,So 3 Duong Synthetic,Xa Mo Hinh,Quan Mock 1,Thanh pho Gia,VN,49609
ADDR-001134,So 21 Pho Fictitious,Phuong Thu Nghiem,Quan Test 3,Thanh pho Demo,VN,25383
ADDR-001135,So 12 Duong Gia,Phuong Sandbox,Huyen Demo,Thanh pho Gia,VN,89803
ADDR-001136,So 15 Duong Sandbox,Xa Synthetic,Quan Test 3,Thanh pho Demo,VN,88137
ADDR-001137,So 45 Pho Ao,Xa Du Lieu,Huyen Demo,Thanh pho Demo,VN,32595
ADDR-001138,So 88 Lo Demo Data,Phuong Thu Nghiem,Quan Mock 2,Thanh pho Gia,VN,62275
ADDR-001139,So 60 Pho Placeholder,Xa Mo Hinh,Huyen Sandbox,Thanh pho Demo,VN,54648
ADDR-001140,So 12 Duong Gia,Xa Synthetic,Huyen Demo,Thanh pho Demo,VN,82174
ADDR-001141,So 99 Hem Mock,Xa Du Lieu,Huyen Demo,Thanh pho Demo,VN,84168
ADDR-001142,So 99 Hem Mock,Phuong Sandbox,Quan Mock 2,Thanh pho Gia,VN,71735
ADDR-001143,So 88 Lo Demo Data,Phuong Thu Nghiem,Huyen Demo,Thanh pho Demo,VN,91200
ADDR-001144,So 15 Duong Sandbox,Xa Mo Hinh,Huyen Sandbox,Thanh pho Ao,VN,36432
ADDR-001145,So 3 Duong Synthetic,Xa Mo Hinh,Huyen Demo,Thanh pho Gia,VN,91390
ADDR-001146,So 7 Ngach Demo,Xa Synthetic,Quan Mock 1,Tinh Mo Phong,VN,85412
ADDR-001147,So 15 Duong Sandbox,Phuong Thu Nghiem,Quan Mock 1,Tinh Mo Phong,VN,34054
ADDR-001148,So 88 Lo Demo Data,Xa Synthetic,Quan Test 3,Thanh pho Ao,VN,43801
ADDR-001149,So 12 Duong Gia,Xa Du Lieu,Huyen Demo,Thanh pho Gia,VN,39673
ADDR-001150,So 7 Ngach Demo,Phuong Demo,Quan Test 3,Thanh pho Ao,VN,26500
ADDR-001151,So 15 Duong Sandbox,Xa Du Lieu,Quan Mock 2,Thanh pho Demo,VN,50729
ADDR-001152,So 21 Pho Fictitious,Phuong Demo,Quan Test 3,Thanh pho Demo,VN,72477
ADDR-001153,So 3 Duong Synthetic,Xa Synthetic,Quan Test 3,Thanh pho Gia,VN,94531
ADDR-001154,So 21 Pho Fictitious,Phuong Thu Nghiem,Huyen Demo,Thanh pho Ao,VN,91523
ADDR-001155,So 15 Duong Sandbox,Phuong Sandbox,Huyen Sandbox,Tinh Mo Phong,VN,42578
ADDR-001156,So 21 Pho Fictitious,Phuong Mo Phong,Quan Test 3,Thanh pho Gia,VN,26451
ADDR-001157,So 45 Pho Ao,Phuong Mo Phong,Huyen Demo,Thanh pho Ao,VN,58671
ADDR-001158,So 45 Pho Ao,Xa Mo Hinh,Quan Test 3,Tinh Mo Phong,VN,56916
ADDR-001159,So 21 Pho Fictitious,Phuong Demo,Quan Mock 2,Tinh Mo Phong,VN,27225
ADDR-001160,So 88 Lo Demo Data,Phuong Gia Lap,Huyen Demo,Thanh pho Gia,VN,87707
ADDR-001161,So 99 Hem Mock,Phuong Mo Phong,Quan Test 3,Thanh pho Demo,VN,80209
ADDR-001162,So 15 Duong Sandbox,Xa Du Lieu,Quan Mock 1,Thanh pho Gia,VN,98241
ADDR-001163,So 33 Ngach Testbed,Xa Mo Hinh,Quan Mock 1,Tinh Mo Phong,VN,55439
ADDR-001164,So 45 Pho Ao,Phuong Demo,Huyen Sandbox,Tinh Mo Phong,VN,66506
ADDR-001165,So 21 Pho Fictitious,Phuong Sandbox,Quan Mock 2,Thanh pho Demo,VN,72497
ADDR-001166,So 21 Pho Fictitious,Phuong Thu Nghiem,Huyen Sandbox,Tinh Mo Phong,VN,13116
ADDR-001167,So 99 Hem Mock,Phuong Gia Lap,Quan Mock 2,Tinh Mo Phong,VN,42601
ADDR-001168,So 88 Lo Demo Data,Xa Du Lieu,Huyen Demo,Thanh pho Demo,VN,35513
ADDR-001169,So 15 Duong Sandbox,Phuong Mo Phong,Quan Mock 2,Tinh Mo Phong,VN,20330
ADDR-001170,So 15 Duong Sandbox,Phuong Thu Nghiem,Huyen Sandbox,Thanh pho Demo,VN,93215
ADDR-001171,So 60 Pho Placeholder,Xa Du Lieu,Huyen Sandbox,Thanh pho Demo,VN,35086
ADDR-001172,So 15 Duong Sandbox,Phuong Mo Phong,Huyen Demo,Thanh pho Gia,VN,23360
ADDR-001173,So 45 Pho Ao,Phuong Mo Phong,Huyen Demo,Thanh pho Gia,VN,50901
ADDR-001174,So 15 Duong Sandbox,Phuong Sandbox,Quan Mock 1,Thanh pho Gia,VN,35943
ADDR-001175,So 3 Duong Synthetic,Phuong Thu Nghiem,Huyen Demo,Thanh pho Demo,VN,10486
ADDR-001176,So 60 Pho Placeholder,Phuong Gia Lap,Huyen Sandbox,Thanh pho Demo,VN,61980
ADDR-001177,So 88 Lo Demo Data,Xa Synthetic,Huyen Demo,Tinh Mo Phong,VN,83587
ADDR-001178,So 99 Hem Mock,Xa Synthetic,Huyen Sandbox,Tinh Mo Phong,VN,88055
ADDR-001179,So 88 Lo Demo Data,Xa Synthetic,Huyen Sandbox,Thanh pho Ao,VN,40456
ADDR-001180,So 33 Ngach Testbed,Xa Du Lieu,Quan Test 3,Thanh pho Demo,VN,55610
ADDR-001181,So 21 Pho Fictitious,Phuong Demo,Huyen Sandbox,Thanh pho Ao,VN,91491
ADDR-001182,So 45 Pho Ao,Xa Synthetic,Quan Mock 2,Tinh Mo Phong,VN,70621
ADDR-001183,So 45 Pho Ao,Phuong Thu Nghiem,Huyen Sandbox,Tinh Mo Phong,VN,73700
ADDR-001184,So 12 Duong Gia,Phuong Gia Lap,Quan Mock 1,Thanh pho Gia,VN,24560
ADDR-001185,So 99 Hem Mock,Phuong Thu Nghiem,Quan Test 3,Thanh pho Gia,VN,99181
ADDR-001186,So 45 Pho Ao,Xa Du Lieu,Quan Mock 2,Thanh pho Gia,VN,79508
ADDR-001187,So 99 Hem Mock,Phuong Demo,Huyen Demo,Thanh pho Ao,VN,51532
ADDR-001188,So 88 Lo Demo Data,Xa Synthetic,Quan Mock 1,Thanh pho Ao,VN,59877
ADDR-001189,So 88 Lo Demo Data,Phuong Mo Phong,Quan Mock 1,Thanh pho Gia,VN,50515
ADDR-001190,So 7 Ngach Demo,Xa Synthetic,Huyen Demo,Thanh pho Demo,VN,89921
ADDR-001191,So 60 Pho Placeholder,Phuong Gia Lap,Quan Mock 2,Tinh Mo Phong,VN,55180
ADDR-001192,So 88 Lo Demo Data,Xa Synthetic,Quan Mock 1,Thanh pho Ao,VN,79167
ADDR-001193,So 12 Duong Gia,Xa Du Lieu,Huyen Demo,Thanh pho Ao,VN,92349
ADDR-001194,So 12 Duong Gia,Xa Synthetic,Quan Mock 2,Thanh pho Gia,VN,18395
ADDR-001195,So 12 Duong Gia,Phuong Gia Lap,Huyen Sandbox,Thanh pho Gia,VN,14241
ADDR-001196,So 12 Duong Gia,Phuong Sandbox,Huyen Sandbox,Thanh pho Ao,VN,93852
ADDR-001197,So 15 Duong Sandbox,Phuong Thu Nghiem,Quan Mock 1,Thanh pho Ao,VN,37045
ADDR-001198,So 88 Lo Demo Data,Phuong Thu Nghiem,Quan Mock 2,Thanh pho Demo,VN,32276
ADDR-001199,So 21 Pho Fictitious,Xa Mo Hinh,Quan Mock 2,Thanh pho Ao,VN,31318
ADDR-001200,So 45 Pho Ao,Phuong Mo Phong,Quan Mock 1,Tinh Mo Phong,VN,30861
ADDR-001201,So 60 Pho Placeholder,Phuong Gia Lap,Huyen Demo,Thanh pho Demo,VN,25431
ADDR-001202,So 15 Duong Sandbox,Phuong Mo Phong,Quan Mock 1,Thanh pho Ao,VN,68879
ADDR-001203,So 12 Duong Gia,Phuong Mo Phong,Huyen Sandbox,Thanh pho Ao,VN,33794
ADDR-001204,So 45 Pho Ao,Phuong Sandbox,Huyen Demo,Thanh pho Demo,VN,85669
ADDR-001205,So 60 Pho Placeholder,Phuong Mo Phong,Huyen Demo,Tinh Mo Phong,VN,40782
ADDR-001206,So 12 Duong Gia,Xa Synthetic,Quan Test 3,Thanh pho Ao,VN,65842
ADDR-001207,So 33 Ngach Testbed,Phuong Gia Lap,Quan Test 3,Thanh pho Demo,VN,57693
ADDR-001208,So 45 Pho Ao,Xa Synthetic,Quan Test 3,Thanh pho Demo,VN,22310
ADDR-001209,So 7 Ngach Demo,Xa Mo Hinh,Quan Mock 1,Thanh pho Ao,VN,39387
ADDR-001210,So 88 Lo Demo Data,Xa Mo Hinh,Quan Mock 1,Thanh pho Ao,VN,56784
ADDR-001211,So 45 Pho Ao,Xa Du Lieu,Quan Mock 1,Thanh pho Ao,VN,96857
ADDR-001212,So 60 Pho Placeholder,Xa Mo Hinh,Quan Mock 2,Thanh pho Gia,VN,43642
ADDR-001213,So 33 Ngach Testbed,Phuong Gia Lap,Huyen Sandbox,Thanh pho Demo,VN,14635
ADDR-001214,So 15 Duong Sandbox,Phuong Gia Lap,Quan Test 3,Thanh pho Demo,VN,13113
ADDR-001215,So 99 Hem Mock,Phuong Mo Phong,Huyen Demo,Thanh pho Ao,VN,85758
ADDR-001216,So 12 Duong Gia,Xa Mo Hinh,Huyen Sandbox,Tinh Mo Phong,VN,74355
ADDR-001217,So 88 Lo Demo Data,Xa Mo Hinh,Huyen Demo,Tinh Mo Phong,VN,28003
ADDR-001218,So 15 Duong Sandbox,Phuong Thu Nghiem,Quan Mock 1,Thanh pho Demo,VN,10472
ADDR-001219,So 7 Ngach Demo,Phuong Demo,Quan Mock 1,Thanh pho Demo,VN,43706
ADDR-001220,So 33 Ngach Testbed,Xa Mo Hinh,Quan Mock 1,Thanh pho Ao,VN,71107
ADDR-001221,So 3 Duong Synthetic,Phuong Gia Lap,Huyen Demo,Thanh pho Demo,VN,10362
ADDR-001222,So 33 Ngach Testbed,Xa Mo Hinh,Quan Test 3,Thanh pho Demo,VN,69377
ADDR-001223,So 33 Ngach Testbed,Xa Synthetic,Quan Mock 2,Thanh pho Ao,VN,99479
ADDR-001224,So 3 Duong Synthetic,Phuong Thu Nghiem,Quan Mock 2,Tinh Mo Phong,VN,29837
ADDR-001225,So 33 Ngach Testbed,Phuong Sandbox,Quan Test 3,Thanh pho Demo,VN,61835
ADDR-001226,So 45 Pho Ao,Phuong Thu Nghiem,Huyen Sandbox,Thanh pho Gia,VN,77568
ADDR-001227,So 33 Ngach Testbed,Phuong Mo Phong,Quan Mock 1,Thanh pho Gia,VN,21865
ADDR-001228,So 60 Pho Placeholder,Phuong Sandbox,Quan Mock 1,Thanh pho Demo,VN,36025
ADDR-001229,So 60 Pho Placeholder,Phuong Mo Phong,Huyen Demo,Thanh pho Ao,VN,18419
ADDR-001230,So 7 Ngach Demo,Xa Synthetic,Huyen Sandbox,Thanh pho Gia,VN,45576
ADDR-001231,So 45 Pho Ao,Phuong Sandbox,Huyen Sandbox,Thanh pho Gia,VN,25144
ADDR-001232,So 3 Duong Synthetic,Phuong Thu Nghiem,Huyen Sandbox,Thanh pho Demo,VN,89173
ADDR-001233,So 99 Hem Mock,Phuong Mo Phong,Quan Test 3,Thanh pho Gia,VN,27212
ADDR-001234,So 45 Pho Ao,Xa Du Lieu,Quan Mock 1,Thanh pho Ao,VN,81251
ADDR-001235,So 3 Duong Synthetic,Phuong Mo Phong,Huyen Demo,Thanh pho Gia,VN,31659
ADDR-001236,So 60 Pho Placeholder,Xa Du Lieu,Huyen Demo,Tinh Mo Phong,VN,68852
ADDR-001237,So 60 Pho Placeholder,Phuong Demo,Huyen Sandbox,Thanh pho Ao,VN,68001
ADDR-001238,So 3 Duong Synthetic,Xa Synthetic,Quan Mock 1,Thanh pho Gia,VN,63306
ADDR-001239,So 60 Pho Placeholder,Xa Mo Hinh,Huyen Demo,Thanh pho Demo,VN,38616
ADDR-001240,So 88 Lo Demo Data,Phuong Sandbox,Huyen Demo,Thanh pho Demo,VN,70051
ADDR-001241,So 3 Duong Synthetic,Phuong Thu Nghiem,Quan Test 3,Thanh pho Demo,VN,39919
ADDR-001242,So 21 Pho Fictitious,Phuong Thu Nghiem,Quan Mock 2,Thanh pho Demo,VN,45990
ADDR-001243,So 60 Pho Placeholder,Phuong Sandbox,Quan Mock 2,Tinh Mo Phong,VN,65613
ADDR-001244,So 15 Duong Sandbox,Phuong Mo Phong,Huyen Sandbox,Thanh pho Demo,VN,57948
ADDR-001245,So 45 Pho Ao,Xa Synthetic,Quan Mock 1,Tinh Mo Phong,VN,77363
ADDR-001246,So 45 Pho Ao,Phuong Thu Nghiem,Huyen Sandbox,Thanh pho Demo,VN,48718
ADDR-001247,So 7 Ngach Demo,Phuong Mo Phong,Quan Mock 2,Tinh Mo Phong,VN,47451
ADDR-001248,So 33 Ngach Testbed,Phuong Gia Lap,Quan Mock 1,Tinh Mo Phong,VN,72711
ADDR-001249,So 21 Pho Fictitious,Xa Synthetic,Quan Mock 1,Thanh pho Ao,VN,38093
ADDR-001250,So 60 Pho Placeholder,Phuong Mo Phong,Quan Mock 2,Thanh pho Gia,VN,22093
ADDR-001251,So 33 Ngach Testbed,Phuong Gia Lap,Huyen Demo,Thanh pho Ao,VN,19188
ADDR-001252,So 45 Pho Ao,Xa Synthetic,Huyen Sandbox,Thanh pho Gia,VN,52081
ADDR-001253,So 21 Pho Fictitious,Xa Du Lieu,Huyen Sandbox,Thanh pho Demo,VN,29926
ADDR-001254,So 99 Hem Mock,Phuong Demo,Quan Mock 2,Thanh pho Gia,VN,65643
ADDR-001255,So 21 Pho Fictitious,Phuong Gia Lap,Quan Mock 1,Thanh pho Demo,VN,18611
ADDR-001256,So 7 Ngach Demo,Xa Mo Hinh,Huyen Demo,Thanh pho Ao,VN,99901
ADDR-001257,So 99 Hem Mock,Xa Synthetic,Quan Mock 2,Thanh pho Demo,VN,83740
ADDR-001258,So 45 Pho Ao,Xa Du Lieu,Quan Mock 1,Thanh pho Demo,VN,39882
ADDR-001259,So 45 Pho Ao,Phuong Thu Nghiem,Quan Mock 2,Thanh pho Demo,VN,18970
ADDR-001260,So 3 Duong Synthetic,Xa Du Lieu,Quan Test 3,Thanh pho Ao,VN,59777
ADDR-001261,So 45 Pho Ao,Phuong Demo,Quan Mock 2,Thanh pho Ao,VN,75082
ADDR-001262,So 15 Duong Sandbox,Phuong Gia Lap,Huyen Demo,Thanh pho Ao,VN,43900
ADDR-001263,So 15 Duong Sandbox,Xa Mo Hinh,Huyen Demo,Tinh Mo Phong,VN,26267
ADDR-001264,So 12 Duong Gia,Phuong Mo Phong,Quan Test 3,Thanh pho Gia,VN,94981
ADDR-001265,So 33 Ngach Testbed,Xa Synthetic,Quan Mock 1,Thanh pho Gia,VN,16949
ADDR-001266,So 3 Duong Synthetic,Xa Du Lieu,Quan Mock 2,Tinh Mo Phong,VN,55954
ADDR-001267,So 15 Duong Sandbox,Phuong Mo Phong,Quan Mock 1,Tinh Mo Phong,VN,77849
ADDR-001268,So 45 Pho Ao,Phuong Mo Phong,Huyen Demo,Thanh pho Ao,VN,17910
ADDR-001269,So 7 Ngach Demo,Xa Mo Hinh,Quan Mock 2,Thanh pho Ao,VN,53821
ADDR-001270,So 99 Hem Mock,Phuong Sandbox,Huyen Demo,Tinh Mo Phong,VN,70211
ADDR-001271,So 88 Lo Demo Data,Phuong Sandbox,Quan Mock 2,Thanh pho Gia,VN,75366
ADDR-001272,So 21 Pho Fictitious,Phuong Demo,Huyen Sandbox,Thanh pho Demo,VN,27462
ADDR-001273,So 7 Ngach Demo,Phuong Gia Lap,Quan Mock 2,Thanh pho Demo,VN,33534
ADDR-001274,So 99 Hem Mock,Xa Mo Hinh,Quan Mock 1,Thanh pho Demo,VN,77494
ADDR-001275,So 33 Ngach Testbed,Phuong Sandbox,Quan Mock 2,Thanh pho Ao,VN,74561
ADDR-001276,So 15 Duong Sandbox,Phuong Gia Lap,Quan Mock 1,Tinh Mo Phong,VN,28687
ADDR-001277,So 60 Pho Placeholder,Phuong Gia Lap,Huyen Sandbox,Thanh pho Demo,VN,38720
ADDR-001278,So 7 Ngach Demo,Phuong Mo Phong,Huyen Sandbox,Thanh pho Demo,VN,97253
ADDR-001279,So 33 Ngach Testbed,Phuong Gia Lap,Quan Mock 2,Thanh pho Demo,VN,90426
ADDR-001280,So 88 Lo Demo Data,Phuong Demo,Huyen Demo,Thanh pho Demo,VN,93610
ADDR-001281,So 7 Ngach Demo,Xa Synthetic,Quan Test 3,Thanh pho Ao,VN,30015
ADDR-001282,So 88 Lo Demo Data,Xa Mo Hinh,Quan Test 3,Tinh Mo Phong,VN,36002
ADDR-001283,So 15 Duong Sandbox,Phuong Sandbox,Quan Mock 2,Thanh pho Ao,VN,36804
ADDR-001284,So 7 Ngach Demo,Phuong Demo,Huyen Sandbox,Tinh Mo Phong,VN,68625
ADDR-001285,So 60 Pho Placeholder,Phuong Mo Phong,Quan Mock 1,Tinh Mo Phong,VN,55884
ADDR-001286,So 45 Pho Ao,Phuong Sandbox,Quan Test 3,Tinh Mo Phong,VN,68898
ADDR-001287,So 33 Ngach Testbed,Phuong Demo,Huyen Sandbox,Thanh pho Demo,VN,89725
ADDR-001288,So 99 Hem Mock,Xa Mo Hinh,Huyen Sandbox,Thanh pho Demo,VN,91513
ADDR-001289,So 99 Hem Mock,Phuong Demo,Huyen Sandbox,Tinh Mo Phong,VN,82253
ADDR-001290,So 21 Pho Fictitious,Phuong Gia Lap,Quan Mock 1,Thanh pho Ao,VN,86824
ADDR-001291,So 21 Pho Fictitious,Phuong Gia Lap,Huyen Sandbox,Tinh Mo Phong,VN,25835
ADDR-001292,So 60 Pho Placeholder,Xa Mo Hinh,Quan Mock 1,Thanh pho Demo,VN,23292
ADDR-001293,So 15 Duong Sandbox,Xa Synthetic,Huyen Sandbox,Tinh Mo Phong,VN,60509
ADDR-001294,So 45 Pho Ao,Xa Du Lieu,Quan Mock 1,Thanh pho Gia,VN,82662
ADDR-001295,So 12 Duong Gia,Phuong Demo,Quan Mock 2,Thanh pho Ao,VN,25076
ADDR-001296,So 7 Ngach Demo,Phuong Gia Lap,Quan Mock 2,Thanh pho Demo,VN,10771
ADDR-001297,So 3 Duong Synthetic,Phuong Thu Nghiem,Huyen Demo,Tinh Mo Phong,VN,13910
ADDR-001298,So 45 Pho Ao,Phuong Thu Nghiem,Quan Mock 2,Thanh pho Gia,VN,48057
ADDR-001299,So 88 Lo Demo Data,Phuong Mo Phong,Quan Test 3,Tinh Mo Phong,VN,98119
ADDR-001300,So 60 Pho Placeholder,Xa Du Lieu,Huyen Sandbox,Thanh pho Demo,VN,81878
ADDR-001301,So 99 Hem Mock,Xa Mo Hinh,Quan Mock 2,Tinh Mo Phong,VN,61154
ADDR-001302,So 99 Hem Mock,Phuong Mo Phong,Huyen Demo,Tinh Mo Phong,VN,58688
ADDR-001303,So 99 Hem Mock,Phuong Mo Phong,Huyen Sandbox,Thanh pho Gia,VN,46836
ADDR-001304,So 15 Duong Sandbox,Phuong Mo Phong,Huyen Demo,Thanh pho Gia,VN,95608
ADDR-001305,So 3 Duong Synthetic,Xa Du Lieu,Quan Mock 2,Thanh pho Demo,VN,92112
ADDR-001306,So 60 Pho Placeholder,Xa Du Lieu,Huyen Demo,Thanh pho Demo,VN,30819
ADDR-001307,So 99 Hem Mock,Phuong Demo,Huyen Demo,Tinh Mo Phong,VN,89190
ADDR-001308,So 88 Lo Demo Data,Phuong Mo Phong,Huyen Sandbox,Tinh Mo Phong,VN,56592
ADDR-001309,So 3 Duong Synthetic,Xa Synthetic,Quan Mock 2,Thanh pho Demo,VN,90643
ADDR-001310,So 15 Duong Sandbox,Phuong Demo,Quan Mock 1,Thanh pho Ao,VN,25152
ADDR-001311,So 3 Duong Synthetic,Phuong Gia Lap,Quan Test 3,Thanh pho Gia,VN,47989
ADDR-001312,So 88 Lo Demo Data,Xa Du Lieu,Quan Mock 2,Thanh pho Ao,VN,25747
ADDR-001313,So 21 Pho Fictitious,Phuong Demo,Huyen Demo,Thanh pho Ao,VN,96803
ADDR-001314,So 45 Pho Ao,Phuong Mo Phong,Huyen Demo,Tinh Mo Phong,VN,66753
ADDR-001315,So 33 Ngach Testbed,Xa Mo Hinh,Huyen Sandbox,Tinh Mo Phong,VN,85067
ADDR-001316,So 33 Ngach Testbed,Phuong Sandbox,Huyen Sandbox,Thanh pho Demo,VN,19424
ADDR-001317,So 88 Lo Demo Data,Phuong Mo Phong,Huyen Sandbox,Thanh pho Gia,VN,14346
ADDR-001318,So 45 Pho Ao,Phuong Gia Lap,Huyen Demo,Thanh pho Demo,VN,22746
ADDR-001319,So 15 Duong Sandbox,Xa Du Lieu,Quan Mock 1,Thanh pho Demo,VN,25488
ADDR-001320,So 21 Pho Fictitious,Xa Mo Hinh,Quan Test 3,Thanh pho Ao,VN,30572
ADDR-001321,So 60 Pho Placeholder,Phuong Demo,Quan Mock 1,Thanh pho Gia,VN,78648
ADDR-001322,So 88 Lo Demo Data,Xa Synthetic,Quan Test 3,Tinh Mo Phong,VN,87925
ADDR-001323,So 7 Ngach Demo,Phuong Thu Nghiem,Quan Mock 1,Tinh Mo Phong,VN,41632
ADDR-001324,So 15 Duong Sandbox,Phuong Gia Lap,Huyen Sandbox,Thanh pho Ao,VN,79742
ADDR-001325,So 3 Duong Synthetic,Phuong Mo Phong,Huyen Sandbox,Thanh pho Gia,VN,60636
ADDR-001326,So 88 Lo Demo Data,Phuong Demo,Quan Mock 1,Thanh pho Ao,VN,38627
ADDR-001327,So 60 Pho Placeholder,Phuong Mo Phong,Huyen Demo,Tinh Mo Phong,VN,25071
ADDR-001328,So 33 Ngach Testbed,Phuong Sandbox,Huyen Sandbox,Thanh pho Gia,VN,55080
ADDR-001329,So 7 Ngach Demo,Xa Du Lieu,Quan Mock 2,Thanh pho Demo,VN,22432
ADDR-001330,So 12 Duong Gia,Xa Synthetic,Huyen Demo,Thanh pho Gia,VN,15881
ADDR-001331,So 99 Hem Mock,Phuong Demo,Huyen Sandbox,Tinh Mo Phong,VN,98918
ADDR-001332,So 21 Pho Fictitious,Phuong Thu Nghiem,Huyen Sandbox,Tinh Mo Phong,VN,15458
ADDR-001333,So 12 Duong Gia,Phuong Mo Phong,Huyen Sandbox,Thanh pho Ao,VN,37095
ADDR-001334,So 12 Duong Gia,Xa Du Lieu,Quan Test 3,Thanh pho Ao,VN,31410
ADDR-001335,So 3 Duong Synthetic,Phuong Mo Phong,Quan Mock 1,Thanh pho Ao,VN,17328
ADDR-001336,So 45 Pho Ao,Xa Du Lieu,Quan Test 3,Thanh pho Ao,VN,98931
ADDR-001337,So 45 Pho Ao,Phuong Demo,Huyen Demo,Tinh Mo Phong,VN,49758
ADDR-001338,So 12 Duong Gia,Phuong Sandbox,Huyen Sandbox,Thanh pho Gia,VN,68146
ADDR-001339,So 15 Duong Sandbox,Xa Synthetic,Huyen Sandbox,Tinh Mo Phong,VN,85290
ADDR-001340,So 60 Pho Placeholder,Phuong Thu Nghiem,Huyen Demo,Thanh pho Demo,VN,70534
ADDR-001341,So 12 Duong Gia,Phuong Demo,Huyen Sandbox,Thanh pho Gia,VN,30298
ADDR-001342,So 21 Pho Fictitious,Phuong Sandbox,Huyen Sandbox,Tinh Mo Phong,VN,56615
ADDR-001343,So 33 Ngach Testbed,Phuong Mo Phong,Quan Mock 1,Thanh pho Demo,VN,16660
ADDR-001344,So 99 Hem Mock,Phuong Mo Phong,Quan Test 3,Thanh pho Gia,VN,78617
ADDR-001345,So 33 Ngach Testbed,Phuong Sandbox,Quan Mock 2,Thanh pho Ao,VN,84798
ADDR-001346,So 88 Lo Demo Data,Phuong Demo,Quan Mock 2,Tinh Mo Phong,VN,27709
ADDR-001347,So 7 Ngach Demo,Xa Synthetic,Huyen Demo,Thanh pho Demo,VN,63276
ADDR-001348,So 33 Ngach Testbed,Xa Mo Hinh,Quan Mock 2,Thanh pho Gia,VN,52865
ADDR-001349,So 60 Pho Placeholder,Phuong Mo Phong,Quan Mock 1,Thanh pho Ao,VN,28232
ADDR-001350,So 45 Pho Ao,Phuong Sandbox,Huyen Demo,Thanh pho Demo,VN,74479
ADDR-001351,So 21 Pho Fictitious,Xa Mo Hinh,Quan Mock 1,Thanh pho Ao,VN,61851
ADDR-001352,So 7 Ngach Demo,Phuong Mo Phong,Huyen Demo,Thanh pho Demo,VN,68074
ADDR-001353,So 60 Pho Placeholder,Xa Mo Hinh,Quan Mock 1,Thanh pho Gia,VN,92039
ADDR-001354,So 60 Pho Placeholder,Phuong Mo Phong,Quan Test 3,Thanh pho Gia,VN,15001
ADDR-001355,So 45 Pho Ao,Phuong Thu Nghiem,Quan Mock 2,Tinh Mo Phong,VN,76034
ADDR-001356,So 99 Hem Mock,Xa Synthetic,Quan Mock 1,Tinh Mo Phong,VN,68590
ADDR-001357,So 21 Pho Fictitious,Phuong Gia Lap,Quan Test 3,Thanh pho Ao,VN,42839
ADDR-001358,So 12 Duong Gia,Phuong Demo,Huyen Demo,Thanh pho Gia,VN,51839
ADDR-001359,So 60 Pho Placeholder,Phuong Thu Nghiem,Huyen Demo,Tinh Mo Phong,VN,20734
ADDR-001360,So 7 Ngach Demo,Phuong Gia Lap,Huyen Sandbox,Thanh pho Gia,VN,95517
ADDR-001361,So 3 Duong Synthetic,Phuong Sandbox,Quan Test 3,Thanh pho Gia,VN,10379
ADDR-001362,So 7 Ngach Demo,Phuong Sandbox,Quan Mock 2,Thanh pho Demo,VN,22128
ADDR-001363,So 33 Ngach Testbed,Phuong Mo Phong,Quan Test 3,Thanh pho Ao,VN,42420
ADDR-001364,So 33 Ngach Testbed,Phuong Sandbox,Huyen Sandbox,Thanh pho Demo,VN,12812
ADDR-001365,So 88 Lo Demo Data,Phuong Mo Phong,Quan Mock 1,Thanh pho Demo,VN,77178
ADDR-001366,So 60 Pho Placeholder,Phuong Gia Lap,Huyen Sandbox,Thanh pho Demo,VN,70940
ADDR-001367,So 33 Ngach Testbed,Xa Mo Hinh,Quan Test 3,Thanh pho Gia,VN,87705
ADDR-001368,So 60 Pho Placeholder,Phuong Demo,Quan Test 3,Thanh pho Ao,VN,57593
ADDR-001369,So 33 Ngach Testbed,Xa Synthetic,Quan Mock 1,Thanh pho Ao,VN,55962
ADDR-001370,So 99 Hem Mock,Phuong Mo Phong,Quan Mock 2,Thanh pho Demo,VN,82982
ADDR-001371,So 15 Duong Sandbox,Phuong Mo Phong,Quan Mock 1,Thanh pho Ao,VN,83207
ADDR-001372,So 99 Hem Mock,Phuong Thu Nghiem,Quan Test 3,Tinh Mo Phong,VN,94432
ADDR-001373,So 12 Duong Gia,Xa Du Lieu,Quan Test 3,Thanh pho Ao,VN,16575
ADDR-001374,So 21 Pho Fictitious,Phuong Gia Lap,Quan Test 3,Tinh Mo Phong,VN,39862
ADDR-001375,So 60 Pho Placeholder,Phuong Demo,Huyen Demo,Thanh pho Gia,VN,38066
ADDR-001376,So 88 Lo Demo Data,Phuong Thu Nghiem,Quan Mock 2,Thanh pho Demo,VN,34559
ADDR-001377,So 99 Hem Mock,Phuong Thu Nghiem,Quan Test 3,Thanh pho Demo,VN,18134
ADDR-001378,So 45 Pho Ao,Xa Du Lieu,Quan Mock 1,Thanh pho Ao,VN,31686
ADDR-001379,So 12 Duong Gia,Xa Du Lieu,Huyen Demo,Tinh Mo Phong,VN,88286
ADDR-001380,So 45 Pho Ao,Phuong Mo Phong,Huyen Sandbox,Thanh pho Ao,VN,84767
ADDR-001381,So 7 Ngach Demo,Phuong Gia Lap,Quan Mock 1,Thanh pho Demo,VN,49579
ADDR-001382,So 99 Hem Mock,Phuong Demo,Quan Test 3,Tinh Mo Phong,VN,89517
ADDR-001383,So 7 Ngach Demo,Phuong Sandbox,Huyen Sandbox,Thanh pho Ao,VN,81191
ADDR-001384,So 12 Duong Gia,Phuong Thu Nghiem,Quan Mock 2,Thanh pho Ao,VN,95434
ADDR-001385,So 21 Pho Fictitious,Phuong Mo Phong,Quan Mock 1,Thanh pho Demo,VN,28958
ADDR-001386,So 99 Hem Mock,Phuong Mo Phong,Huyen Demo,Thanh pho Ao,VN,77015
ADDR-001387,So 99 Hem Mock,Phuong Mo Phong,Huyen Demo,Tinh Mo Phong,VN,85866
ADDR-001388,So 60 Pho Placeholder,Phuong Thu Nghiem,Huyen Demo,Tinh Mo Phong,VN,96326
ADDR-001389,So 33 Ngach Testbed,Phuong Thu Nghiem,Huyen Demo,Tinh Mo Phong,VN,57054
ADDR-001390,So 45 Pho Ao,Phuong Gia Lap,Huyen Demo,Thanh pho Demo,VN,75258
ADDR-001391,So 15 Duong Sandbox,Xa Synthetic,Quan Mock 1,Thanh pho Ao,VN,98923
ADDR-001392,So 45 Pho Ao,Phuong Mo Phong,Quan Mock 2,Thanh pho Demo,VN,51572
ADDR-001393,So 33 Ngach Testbed,Phuong Thu Nghiem,Quan Mock 1,Thanh pho Gia,VN,40785
ADDR-001394,So 3 Duong Synthetic,Phuong Demo,Quan Mock 1,Thanh pho Demo,VN,93153
ADDR-001395,So 15 Duong Sandbox,Phuong Thu Nghiem,Quan Mock 2,Thanh pho Ao,VN,50211
ADDR-001396,So 33 Ngach Testbed,Phuong Thu Nghiem,Quan Mock 2,Thanh pho Gia,VN,71912
ADDR-001397,So 15 Duong Sandbox,Xa Synthetic,Quan Mock 1,Thanh pho Ao,VN,37929
ADDR-001398,So 45 Pho Ao,Xa Synthetic,Quan Mock 2,Tinh Mo Phong,VN,24872
ADDR-001399,So 12 Duong Gia,Xa Mo Hinh,Huyen Sandbox,Tinh Mo Phong,VN,88767
ADDR-001400,So 21 Pho Fictitious,Phuong Sandbox,Quan Test 3,Tinh Mo Phong,VN,34367
ADDR-001401,So 7 Ngach Demo,Xa Du Lieu,Quan Mock 1,Thanh pho Gia,VN,15072
ADDR-001402,So 60 Pho Placeholder,Phuong Demo,Quan Test 3,Thanh pho Demo,VN,20724
ADDR-001403,So 99 Hem Mock,Phuong Sandbox,Quan Mock 2,Tinh Mo Phong,VN,70718
ADDR-001404,So 12 Duong Gia,Phuong Thu Nghiem,Quan Mock 2,Thanh pho Gia,VN,70822
ADDR-001405,So 3 Duong Synthetic,Phuong Sandbox,Quan Mock 2,Thanh pho Ao,VN,20975
ADDR-001406,So 15 Duong Sandbox,Phuong Thu Nghiem,Quan Mock 1,Tinh Mo Phong,VN,37523
ADDR-001407,So 33 Ngach Testbed,Phuong Sandbox,Quan Mock 1,Thanh pho Gia,VN,57248
ADDR-001408,So 33 Ngach Testbed,Phuong Thu Nghiem,Huyen Sandbox,Thanh pho Ao,VN,64144
ADDR-001409,So 99 Hem Mock,Xa Du Lieu,Quan Mock 2,Tinh Mo Phong,VN,82765
ADDR-001410,So 15 Duong Sandbox,Phuong Sandbox,Huyen Sandbox,Tinh Mo Phong,VN,48625
ADDR-001411,So 60 Pho Placeholder,Xa Du Lieu,Quan Test 3,Tinh Mo Phong,VN,81609
ADDR-001412,So 15 Duong Sandbox,Xa Du Lieu,Huyen Sandbox,Tinh Mo Phong,VN,56429
ADDR-001413,So 88 Lo Demo Data,Phuong Gia Lap,Quan Mock 2,Thanh pho Ao,VN,58723
ADDR-001414,So 21 Pho Fictitious,Phuong Thu Nghiem,Huyen Demo,Tinh Mo Phong,VN,91681
ADDR-001415,So 33 Ngach Testbed,Phuong Sandbox,Quan Test 3,Thanh pho Ao,VN,72363
ADDR-001416,So 21 Pho Fictitious,Phuong Gia Lap,Quan Mock 2,Thanh pho Ao,VN,79716
ADDR-001417,So 3 Duong Synthetic,Phuong Sandbox,Quan Mock 2,Thanh pho Demo,VN,35365
ADDR-001418,So 60 Pho Placeholder,Phuong Demo,Huyen Demo,Thanh pho Demo,VN,54992
ADDR-001419,So 99 Hem Mock,Xa Synthetic,Quan Test 3,Thanh pho Ao,VN,23821
ADDR-001420,So 7 Ngach Demo,Phuong Gia Lap,Huyen Demo,Thanh pho Demo,VN,21192
ADDR-001421,So 99 Hem Mock,Xa Du Lieu,Quan Mock 2,Thanh pho Gia,VN,82194
ADDR-001422,So 60 Pho Placeholder,Xa Synthetic,Huyen Sandbox,Tinh Mo Phong,VN,99492
ADDR-001423,So 45 Pho Ao,Phuong Thu Nghiem,Quan Mock 2,Thanh pho Gia,VN,50431
ADDR-001424,So 88 Lo Demo Data,Xa Synthetic,Huyen Sandbox,Thanh pho Gia,VN,67883
ADDR-001425,So 3 Duong Synthetic,Phuong Mo Phong,Huyen Demo,Thanh pho Demo,VN,91895
ADDR-001426,So 3 Duong Synthetic,Phuong Sandbox,Quan Test 3,Thanh pho Gia,VN,45442
ADDR-001427,So 15 Duong Sandbox,Phuong Sandbox,Huyen Sandbox,Thanh pho Demo,VN,25441
ADDR-001428,So 88 Lo Demo Data,Phuong Gia Lap,Quan Mock 1,Thanh pho Gia,VN,53731
ADDR-001429,So 33 Ngach Testbed,Xa Synthetic,Quan Test 3,Thanh pho Gia,VN,75317
ADDR-001430,So 88 Lo Demo Data,Phuong Sandbox,Huyen Demo,Thanh pho Demo,VN,67234
ADDR-001431,So 21 Pho Fictitious,Phuong Sandbox,Quan Mock 1,Tinh Mo Phong,VN,24264
ADDR-001432,So 99 Hem Mock,Xa Du Lieu,Quan Mock 1,Tinh Mo Phong,VN,45796
ADDR-001433,So 3 Duong Synthetic,Xa Mo Hinh,Quan Test 3,Thanh pho Demo,VN,74428
ADDR-001434,So 21 Pho Fictitious,Phuong Gia Lap,Huyen Sandbox,Thanh pho Demo,VN,79365
ADDR-001435,So 60 Pho Placeholder,Phuong Demo,Huyen Sandbox,Thanh pho Gia,VN,18087
ADDR-001436,So 45 Pho Ao,Phuong Mo Phong,Huyen Demo,Tinh Mo Phong,VN,97632
ADDR-001437,So 21 Pho Fictitious,Xa Synthetic,Huyen Demo,Thanh pho Ao,VN,51599
ADDR-001438,So 60 Pho Placeholder,Phuong Demo,Huyen Sandbox,Thanh pho Gia,VN,70814
ADDR-001439,So 60 Pho Placeholder,Phuong Thu Nghiem,Quan Mock 2,Thanh pho Demo,VN,78840
ADDR-001440,So 7 Ngach Demo,Phuong Gia Lap,Quan Mock 2,Thanh pho Demo,VN,30820
ADDR-001441,So 45 Pho Ao,Phuong Demo,Huyen Sandbox,Thanh pho Demo,VN,63481
ADDR-001442,So 33 Ngach Testbed,Phuong Thu Nghiem,Quan Mock 1,Tinh Mo Phong,VN,30922
ADDR-001443,So 15 Duong Sandbox,Phuong Gia Lap,Quan Mock 2,Tinh Mo Phong,VN,45367
ADDR-001444,So 15 Duong Sandbox,Phuong Demo,Quan Mock 1,Thanh pho Demo,VN,26682
ADDR-001445,So 12 Duong Gia,Xa Du Lieu,Quan Mock 1,Tinh Mo Phong,VN,17716
ADDR-001446,So 45 Pho Ao,Xa Du Lieu,Huyen Demo,Thanh pho Gia,VN,38973
ADDR-001447,So 88 Lo Demo Data,Xa Mo Hinh,Huyen Demo,Thanh pho Gia,VN,16010
ADDR-001448,So 7 Ngach Demo,Xa Du Lieu,Quan Test 3,Thanh pho Demo,VN,75565
ADDR-001449,So 12 Duong Gia,Phuong Demo,Quan Mock 2,Thanh pho Ao,VN,54840
ADDR-001450,So 3 Duong Synthetic,Phuong Demo,Huyen Sandbox,Thanh pho Demo,VN,79253
ADDR-001451,So 33 Ngach Testbed,Xa Mo Hinh,Huyen Demo,Thanh pho Demo,VN,52887
ADDR-001452,So 45 Pho Ao,Phuong Thu Nghiem,Huyen Sandbox,Tinh Mo Phong,VN,72908
ADDR-001453,So 15 Duong Sandbox,Xa Du Lieu,Quan Mock 2,Thanh pho Ao,VN,25972
ADDR-001454,So 33 Ngach Testbed,Xa Mo Hinh,Quan Mock 2,Thanh pho Gia,VN,81535
ADDR-001455,So 12 Duong Gia,Phuong Thu Nghiem,Quan Mock 2,Thanh pho Demo,VN,76264
ADDR-001456,So 21 Pho Fictitious,Xa Synthetic,Quan Mock 2,Thanh pho Demo,VN,42118
ADDR-001457,So 88 Lo Demo Data,Phuong Mo Phong,Huyen Demo,Thanh pho Gia,VN,59601
ADDR-001458,So 45 Pho Ao,Phuong Sandbox,Huyen Sandbox,Tinh Mo Phong,VN,16166
ADDR-001459,So 99 Hem Mock,Phuong Gia Lap,Quan Mock 1,Thanh pho Ao,VN,30964
ADDR-001460,So 12 Duong Gia,Xa Du Lieu,Quan Mock 1,Thanh pho Ao,VN,73574
ADDR-001461,So 12 Duong Gia,Phuong Gia Lap,Quan Mock 1,Thanh pho Gia,VN,96003
ADDR-001462,So 33 Ngach Testbed,Phuong Mo Phong,Quan Mock 1,Thanh pho Demo,VN,92097
ADDR-001463,So 45 Pho Ao,Phuong Demo,Quan Mock 1,Thanh pho Gia,VN,59107
ADDR-001464,So 3 Duong Synthetic,Xa Du Lieu,Huyen Demo,Thanh pho Ao,VN,31950
ADDR-001465,So 7 Ngach Demo,Phuong Demo,Quan Test 3,Thanh pho Ao,VN,12063
ADDR-001466,So 21 Pho Fictitious,Xa Mo Hinh,Quan Mock 1,Tinh Mo Phong,VN,75772
ADDR-001467,So 3 Duong Synthetic,Phuong Gia Lap,Huyen Sandbox,Thanh pho Ao,VN,52196
ADDR-001468,So 45 Pho Ao,Xa Du Lieu,Quan Mock 1,Thanh pho Ao,VN,43504
ADDR-001469,So 15 Duong Sandbox,Phuong Gia Lap,Quan Test 3,Tinh Mo Phong,VN,80879
ADDR-001470,So 60 Pho Placeholder,Phuong Mo Phong,Huyen Demo,Thanh pho Gia,VN,26291
ADDR-001471,So 3 Duong Synthetic,Xa Mo Hinh,Quan Mock 1,Thanh pho Demo,VN,71171
ADDR-001472,So 33 Ngach Testbed,Xa Du Lieu,Huyen Demo,Tinh Mo Phong,VN,78699
ADDR-001473,So 33 Ngach Testbed,Phuong Demo,Quan Test 3,Thanh pho Ao,VN,89485
ADDR-001474,So 15 Duong Sandbox,Phuong Demo,Quan Mock 2,Thanh pho Ao,VN,72039
ADDR-001475,So 3 Duong Synthetic,Xa Mo Hinh,Quan Mock 2,Thanh pho Demo,VN,37758
ADDR-001476,So 3 Duong Synthetic,Phuong Thu Nghiem,Huyen Sandbox,Tinh Mo Phong,VN,72659
ADDR-001477,So 33 Ngach Testbed,Xa Du Lieu,Huyen Sandbox,Thanh pho Demo,VN,47784
ADDR-001478,So 21 Pho Fictitious,Phuong Mo Phong,Huyen Demo,Thanh pho Ao,VN,46432
ADDR-001479,So 88 Lo Demo Data,Xa Du Lieu,Huyen Sandbox,Thanh pho Ao,VN,16218
ADDR-001480,So 60 Pho Placeholder,Xa Synthetic,Huyen Demo,Thanh pho Gia,VN,60562
ADDR-001481,So 15 Duong Sandbox,Xa Du Lieu,Huyen Demo,Thanh pho Demo,VN,77035
ADDR-001482,So 12 Duong Gia,Phuong Gia Lap,Quan Mock 1,Tinh Mo Phong,VN,21111
ADDR-001483,So 21 Pho Fictitious,Phuong Thu Nghiem,Quan Test 3,Tinh Mo Phong,VN,96467
ADDR-001484,So 15 Duong Sandbox,Phuong Demo,Quan Mock 1,Thanh pho Demo,VN,50879
ADDR-001485,So 88 Lo Demo Data,Phuong Demo,Quan Test 3,Thanh pho Gia,VN,90924
ADDR-001486,So 7 Ngach Demo,Phuong Thu Nghiem,Huyen Sandbox,Tinh Mo Phong,VN,17980
ADDR-001487,So 99 Hem Mock,Xa Synthetic,Huyen Sandbox,Tinh Mo Phong,VN,30278
ADDR-001488,So 88 Lo Demo Data,Xa Mo Hinh,Quan Mock 2,Thanh pho Ao,VN,91811
ADDR-001489,So 21 Pho Fictitious,Xa Synthetic,Huyen Sandbox,Thanh pho Ao,VN,81218
ADDR-001490,So 99 Hem Mock,Phuong Sandbox,Huyen Sandbox,Thanh pho Demo,VN,19991
ADDR-001491,So 15 Duong Sandbox,Phuong Mo Phong,Quan Test 3,Thanh pho Gia,VN,42140
ADDR-001492,So 45 Pho Ao,Phuong Gia Lap,Huyen Demo,Thanh pho Ao,VN,64460
ADDR-001493,So 3 Duong Synthetic,Phuong Sandbox,Huyen Sandbox,Thanh pho Gia,VN,24139
ADDR-001494,So 21 Pho Fictitious,Phuong Gia Lap,Quan Test 3,Thanh pho Gia,VN,28776
ADDR-001495,So 3 Duong Synthetic,Xa Du Lieu,Quan Test 3,Thanh pho Demo,VN,42669
ADDR-001496,So 3 Duong Synthetic,Phuong Mo Phong,Huyen Demo,Tinh Mo Phong,VN,89082
ADDR-001497,So 3 Duong Synthetic,Phuong Mo Phong,Huyen Sandbox,Thanh pho Ao,VN,49735
ADDR-001498,So 33 Ngach Testbed,Phuong Sandbox,Quan Test 3,Thanh pho Demo,VN,28776
ADDR-001499,So 45 Pho Ao,Phuong Sandbox,Huyen Sandbox,Thanh pho Gia,VN,73874
ADDR-001500,So 45 Pho Ao,Xa Mo Hinh,Quan Mock 1,Thanh pho Demo,VN,61283
ADDR-001501,So 21 Pho Fictitious,Xa Mo Hinh,Huyen Sandbox,Thanh pho Gia,VN,64174
ADDR-001502,So 15 Duong Sandbox,Phuong Thu Nghiem,Huyen Demo,Thanh pho Demo,VN,85986
ADDR-001503,So 7 Ngach Demo,Xa Du Lieu,Huyen Sandbox,Thanh pho Gia,VN,65306
ADDR-001504,So 12 Duong Gia,Xa Mo Hinh,Huyen Sandbox,Thanh pho Ao,VN,60896
ADDR-001505,So 12 Duong Gia,Phuong Sandbox,Quan Mock 2,Thanh pho Demo,VN,36638
ADDR-001506,So 60 Pho Placeholder,Phuong Gia Lap,Quan Test 3,Tinh Mo Phong,VN,76266
ADDR-001507,So 88 Lo Demo Data,Phuong Thu Nghiem,Quan Test 3,Thanh pho Ao,VN,76469
ADDR-001508,So 99 Hem Mock,Phuong Mo Phong,Quan Mock 2,Thanh pho Ao,VN,42890
ADDR-001509,So 21 Pho Fictitious,Xa Du Lieu,Huyen Sandbox,Tinh Mo Phong,VN,81016
ADDR-001510,So 88 Lo Demo Data,Phuong Mo Phong,Quan Test 3,Tinh Mo Phong,VN,67732
ADDR-001511,So 3 Duong Synthetic,Xa Mo Hinh,Quan Test 3,Thanh pho Demo,VN,63645
ADDR-001512,So 99 Hem Mock,Phuong Demo,Quan Mock 1,Thanh pho Gia,VN,85913
ADDR-001513,So 99 Hem Mock,Phuong Mo Phong,Quan Mock 1,Thanh pho Ao,VN,11495
ADDR-001514,So 12 Duong Gia,Xa Mo Hinh,Quan Test 3,Tinh Mo Phong,VN,74275
ADDR-001515,So 60 Pho Placeholder,Xa Synthetic,Quan Mock 2,Thanh pho Gia,VN,56371
ADDR-001516,So 33 Ngach Testbed,Xa Mo Hinh,Huyen Demo,Thanh pho Gia,VN,50089
ADDR-001517,So 99 Hem Mock,Phuong Thu Nghiem,Quan Test 3,Tinh Mo Phong,VN,41983
ADDR-001518,So 3 Duong Synthetic,Xa Du Lieu,Huyen Demo,Tinh Mo Phong,VN,95818
ADDR-001519,So 33 Ngach Testbed,Phuong Gia Lap,Quan Mock 2,Thanh pho Ao,VN,42362
ADDR-001520,So 15 Duong Sandbox,Phuong Sandbox,Huyen Demo,Thanh pho Demo,VN,47587
ADDR-001521,So 60 Pho Placeholder,Phuong Mo Phong,Huyen Demo,Tinh Mo Phong,VN,25364
ADDR-001522,So 15 Duong Sandbox,Xa Mo Hinh,Quan Test 3,Tinh Mo Phong,VN,14390
ADDR-001523,So 15 Duong Sandbox,Phuong Mo Phong,Quan Mock 2,Thanh pho Demo,VN,46936
ADDR-001524,So 7 Ngach Demo,Phuong Demo,Huyen Demo,Thanh pho Gia,VN,24745
ADDR-001525,So 60 Pho Placeholder,Phuong Gia Lap,Huyen Demo,Thanh pho Ao,VN,76060
ADDR-001526,So 7 Ngach Demo,Phuong Sandbox,Huyen Sandbox,Tinh Mo Phong,VN,28141
ADDR-001527,So 60 Pho Placeholder,Phuong Demo,Quan Mock 2,Thanh pho Demo,VN,86022
ADDR-001528,So 7 Ngach Demo,Xa Du Lieu,Huyen Demo,Tinh Mo Phong,VN,21832
ADDR-001529,So 60 Pho Placeholder,Phuong Sandbox,Quan Mock 1,Tinh Mo Phong,VN,10471
ADDR-001530,So 60 Pho Placeholder,Phuong Demo,Quan Mock 2,Thanh pho Gia,VN,35519
ADDR-001531,So 33 Ngach Testbed,Phuong Thu Nghiem,Quan Test 3,Thanh pho Demo,VN,97081
ADDR-001532,So 3 Duong Synthetic,Xa Synthetic,Huyen Sandbox,Thanh pho Gia,VN,92796
ADDR-001533,So 3 Duong Synthetic,Phuong Mo Phong,Huyen Sandbox,Thanh pho Gia,VN,79916
ADDR-001534,So 7 Ngach Demo,Phuong Demo,Quan Mock 1,Tinh Mo Phong,VN,64898
ADDR-001535,So 99 Hem Mock,Xa Du Lieu,Quan Mock 1,Thanh pho Demo,VN,55763
ADDR-001536,So 12 Duong Gia,Xa Mo Hinh,Quan Mock 1,Thanh pho Demo,VN,66848
ADDR-001537,So 33 Ngach Testbed,Xa Du Lieu,Quan Mock 2,Thanh pho Gia,VN,33580
ADDR-001538,So 15 Duong Sandbox,Phuong Sandbox,Quan Mock 2,Tinh Mo Phong,VN,88661
ADDR-001539,So 15 Duong Sandbox,Phuong Demo,Huyen Sandbox,Tinh Mo Phong,VN,37588
ADDR-001540,So 12 Duong Gia,Xa Mo Hinh,Quan Mock 1,Tinh Mo Phong,VN,17500
ADDR-001541,So 99 Hem Mock,Phuong Mo Phong,Quan Mock 1,Thanh pho Demo,VN,26367
ADDR-001542,So 15 Duong Sandbox,Xa Du Lieu,Quan Mock 2,Thanh pho Demo,VN,59603
ADDR-001543,So 3 Duong Synthetic,Phuong Gia Lap,Huyen Sandbox,Thanh pho Ao,VN,86135
ADDR-001544,So 15 Duong Sandbox,Xa Mo Hinh,Quan Mock 2,Tinh Mo Phong,VN,94872
ADDR-001545,So 21 Pho Fictitious,Phuong Sandbox,Quan Mock 2,Thanh pho Demo,VN,41029
ADDR-001546,So 3 Duong Synthetic,Xa Mo Hinh,Quan Test 3,Tinh Mo Phong,VN,85361
ADDR-001547,So 15 Duong Sandbox,Xa Mo Hinh,Quan Test 3,Tinh Mo Phong,VN,38125
ADDR-001548,So 21 Pho Fictitious,Xa Synthetic,Huyen Demo,Thanh pho Demo,VN,68884
ADDR-001549,So 60 Pho Placeholder,Phuong Thu Nghiem,Quan Mock 1,Tinh Mo Phong,VN,98786
ADDR-001550,So 3 Duong Synthetic,Phuong Mo Phong,Huyen Sandbox,Tinh Mo Phong,VN,10297
ADDR-001551,So 7 Ngach Demo,Xa Du Lieu,Huyen Demo,Tinh Mo Phong,VN,50043
ADDR-001552,So 21 Pho Fictitious,Xa Synthetic,Huyen Demo,Thanh pho Ao,VN,97402
ADDR-001553,So 3 Duong Synthetic,Phuong Sandbox,Quan Mock 1,Tinh Mo Phong,VN,18030
ADDR-001554,So 15 Duong Sandbox,Phuong Mo Phong,Quan Test 3,Thanh pho Demo,VN,37917
ADDR-001555,So 15 Duong Sandbox,Phuong Gia Lap,Quan Mock 2,Tinh Mo Phong,VN,50895
ADDR-001556,So 99 Hem Mock,Phuong Demo,Huyen Demo,Thanh pho Gia,VN,61220
ADDR-001557,So 21 Pho Fictitious,Phuong Thu Nghiem,Quan Mock 1,Tinh Mo Phong,VN,40711
ADDR-001558,So 60 Pho Placeholder,Phuong Gia Lap,Huyen Sandbox,Thanh pho Demo,VN,39406
ADDR-001559,So 12 Duong Gia,Xa Mo Hinh,Quan Mock 2,Tinh Mo Phong,VN,14734
ADDR-001560,So 12 Duong Gia,Phuong Demo,Quan Mock 2,Tinh Mo Phong,VN,97229
ADDR-001561,So 12 Duong Gia,Phuong Mo Phong,Huyen Demo,Thanh pho Demo,VN,65457
ADDR-001562,So 12 Duong Gia,Phuong Mo Phong,Huyen Sandbox,Thanh pho Gia,VN,31996
ADDR-001563,So 12 Duong Gia,Phuong Gia Lap,Huyen Demo,Thanh pho Gia,VN,52418
ADDR-001564,So 21 Pho Fictitious,Phuong Demo,Quan Mock 2,Tinh Mo Phong,VN,94092
ADDR-001565,So 3 Duong Synthetic,Phuong Demo,Quan Test 3,Thanh pho Demo,VN,43853
ADDR-001566,So 99 Hem Mock,Phuong Sandbox,Quan Mock 1,Tinh Mo Phong,VN,66719
ADDR-001567,So 3 Duong Synthetic,Xa Mo Hinh,Quan Mock 1,Thanh pho Demo,VN,28896
ADDR-001568,So 33 Ngach Testbed,Xa Mo Hinh,Huyen Sandbox,Thanh pho Demo,VN,42937
ADDR-001569,So 60 Pho Placeholder,Xa Mo Hinh,Huyen Demo,Thanh pho Gia,VN,87268
ADDR-001570,So 7 Ngach Demo,Xa Synthetic,Huyen Sandbox,Thanh pho Ao,VN,43333
ADDR-001571,So 12 Duong Gia,Phuong Demo,Quan Mock 2,Tinh Mo Phong,VN,57560
ADDR-001572,So 88 Lo Demo Data,Xa Synthetic,Huyen Demo,Thanh pho Gia,VN,65646
ADDR-001573,So 15 Duong Sandbox,Xa Synthetic,Quan Test 3,Tinh Mo Phong,VN,94456
ADDR-001574,So 21 Pho Fictitious,Phuong Gia Lap,Quan Mock 2,Thanh pho Gia,VN,96293
ADDR-001575,So 3 Duong Synthetic,Xa Synthetic,Huyen Sandbox,Thanh pho Ao,VN,58300
ADDR-001576,So 15 Duong Sandbox,Phuong Thu Nghiem,Quan Test 3,Thanh pho Demo,VN,94521
ADDR-001577,So 7 Ngach Demo,Phuong Sandbox,Huyen Sandbox,Thanh pho Gia,VN,21453
ADDR-001578,So 7 Ngach Demo,Phuong Gia Lap,Quan Mock 1,Thanh pho Gia,VN,13046
ADDR-001579,So 12 Duong Gia,Phuong Gia Lap,Quan Mock 1,Tinh Mo Phong,VN,92727
ADDR-001580,So 21 Pho Fictitious,Phuong Mo Phong,Quan Mock 2,Thanh pho Ao,VN,43556
ADDR-001581,So 99 Hem Mock,Phuong Mo Phong,Quan Mock 1,Tinh Mo Phong,VN,94810
ADDR-001582,So 33 Ngach Testbed,Xa Synthetic,Huyen Sandbox,Thanh pho Demo,VN,29865
ADDR-001583,So 21 Pho Fictitious,Xa Synthetic,Quan Test 3,Thanh pho Demo,VN,37116
ADDR-001584,So 33 Ngach Testbed,Phuong Sandbox,Quan Test 3,Thanh pho Ao,VN,24066
ADDR-001585,So 7 Ngach Demo,Phuong Mo Phong,Quan Mock 1,Tinh Mo Phong,VN,98974
ADDR-001586,So 99 Hem Mock,Phuong Demo,Huyen Sandbox,Thanh pho Ao,VN,73272
ADDR-001587,So 33 Ngach Testbed,Phuong Mo Phong,Huyen Sandbox,Tinh Mo Phong,VN,81970
ADDR-001588,So 60 Pho Placeholder,Phuong Thu Nghiem,Quan Mock 1,Tinh Mo Phong,VN,75499
ADDR-001589,So 99 Hem Mock,Xa Mo Hinh,Huyen Sandbox,Thanh pho Ao,VN,81669
ADDR-001590,So 33 Ngach Testbed,Phuong Demo,Huyen Sandbox,Thanh pho Demo,VN,30532
ADDR-001591,So 15 Duong Sandbox,Xa Mo Hinh,Quan Test 3,Tinh Mo Phong,VN,55956
ADDR-001592,So 15 Duong Sandbox,Phuong Demo,Quan Test 3,Thanh pho Ao,VN,60344
ADDR-001593,So 45 Pho Ao,Xa Mo Hinh,Quan Mock 1,Thanh pho Ao,VN,38649
ADDR-001594,So 33 Ngach Testbed,Phuong Demo,Quan Mock 2,Thanh pho Gia,VN,45347
ADDR-001595,So 60 Pho Placeholder,Xa Mo Hinh,Huyen Demo,Thanh pho Demo,VN,49248
ADDR-001596,So 15 Duong Sandbox,Xa Synthetic,Huyen Sandbox,Thanh pho Ao,VN,67486
ADDR-001597,So 33 Ngach Testbed,Phuong Gia Lap,Quan Mock 1,Thanh pho Gia,VN,52426
ADDR-001598,So 15 Duong Sandbox,Phuong Mo Phong,Quan Mock 2,Thanh pho Ao,VN,89962
ADDR-001599,So 12 Duong Gia,Xa Synthetic,Huyen Demo,Thanh pho Demo,VN,92471
ADDR-001600,So 15 Duong Sandbox,Xa Mo Hinh,Huyen Sandbox,Thanh pho Gia,VN,17241
ADDR-001601,So 12 Duong Gia,Xa Mo Hinh,Huyen Demo,Tinh Mo Phong,VN,97911
ADDR-001602,So 60 Pho Placeholder,Phuong Thu Nghiem,Quan Mock 1,Thanh pho Demo,VN,53166
ADDR-001603,So 12 Duong Gia,Phuong Demo,Huyen Demo,Thanh pho Demo,VN,68777
ADDR-001604,So 33 Ngach Testbed,Xa Du Lieu,Huyen Sandbox,Thanh pho Gia,VN,39189
ADDR-001605,So 7 Ngach Demo,Phuong Sandbox,Huyen Demo,Thanh pho Demo,VN,65779
ADDR-001606,So 7 Ngach Demo,Xa Mo Hinh,Huyen Demo,Thanh pho Gia,VN,13380
ADDR-001607,So 3 Duong Synthetic,Phuong Sandbox,Quan Mock 1,Thanh pho Demo,VN,59673
ADDR-001608,So 3 Duong Synthetic,Xa Mo Hinh,Huyen Demo,Tinh Mo Phong,VN,14445
ADDR-001609,So 99 Hem Mock,Phuong Demo,Quan Mock 2,Thanh pho Ao,VN,62880
ADDR-001610,So 88 Lo Demo Data,Phuong Sandbox,Huyen Demo,Thanh pho Gia,VN,15325
ADDR-001611,So 33 Ngach Testbed,Xa Synthetic,Quan Mock 2,Thanh pho Gia,VN,75249
ADDR-001612,So 88 Lo Demo Data,Phuong Demo,Quan Mock 2,Tinh Mo Phong,VN,67565
ADDR-001613,So 12 Duong Gia,Xa Synthetic,Quan Mock 1,Thanh pho Demo,VN,40348
ADDR-001614,So 3 Duong Synthetic,Xa Mo Hinh,Huyen Demo,Thanh pho Ao,VN,88590
ADDR-001615,So 33 Ngach Testbed,Phuong Demo,Huyen Sandbox,Thanh pho Ao,VN,50954
ADDR-001616,So 60 Pho Placeholder,Phuong Sandbox,Quan Mock 2,Thanh pho Demo,VN,29980
ADDR-001617,So 12 Duong Gia,Phuong Thu Nghiem,Huyen Demo,Thanh pho Ao,VN,11735
ADDR-001618,So 7 Ngach Demo,Xa Synthetic,Quan Test 3,Thanh pho Demo,VN,67536
ADDR-001619,So 99 Hem Mock,Phuong Demo,Quan Test 3,Tinh Mo Phong,VN,93519
ADDR-001620,So 99 Hem Mock,Phuong Mo Phong,Quan Test 3,Thanh pho Demo,VN,88233
ADDR-001621,So 88 Lo Demo Data,Xa Du Lieu,Huyen Demo,Thanh pho Gia,VN,25628
ADDR-001622,So 21 Pho Fictitious,Phuong Mo Phong,Quan Mock 1,Thanh pho Demo,VN,65876
ADDR-001623,So 21 Pho Fictitious,Phuong Mo Phong,Huyen Demo,Thanh pho Ao,VN,65870
ADDR-001624,So 21 Pho Fictitious,Xa Du Lieu,Quan Test 3,Thanh pho Demo,VN,64840
ADDR-001625,So 33 Ngach Testbed,Phuong Gia Lap,Quan Mock 2,Thanh pho Gia,VN,89006
ADDR-001626,So 60 Pho Placeholder,Xa Du Lieu,Quan Mock 1,Thanh pho Ao,VN,32051
ADDR-001627,So 3 Duong Synthetic,Xa Synthetic,Huyen Sandbox,Tinh Mo Phong,VN,40765
ADDR-001628,So 99 Hem Mock,Xa Synthetic,Huyen Sandbox,Tinh Mo Phong,VN,93692
ADDR-001629,So 21 Pho Fictitious,Phuong Gia Lap,Huyen Sandbox,Thanh pho Ao,VN,37456
ADDR-001630,So 88 Lo Demo Data,Phuong Gia Lap,Huyen Demo,Thanh pho Ao,VN,20126
ADDR-001631,So 21 Pho Fictitious,Xa Synthetic,Huyen Sandbox,Thanh pho Gia,VN,53836
ADDR-001632,So 21 Pho Fictitious,Xa Du Lieu,Huyen Sandbox,Thanh pho Gia,VN,41432
ADDR-001633,So 33 Ngach Testbed,Phuong Gia Lap,Huyen Sandbox,Thanh pho Demo,VN,21200
ADDR-001634,So 45 Pho Ao,Phuong Mo Phong,Quan Mock 1,Tinh Mo Phong,VN,31296
ADDR-001635,So 88 Lo Demo Data,Xa Mo Hinh,Huyen Sandbox,Tinh Mo Phong,VN,95806
ADDR-001636,So 60 Pho Placeholder,Phuong Sandbox,Quan Mock 1,Thanh pho Gia,VN,69647
ADDR-001637,So 60 Pho Placeholder,Xa Du Lieu,Huyen Sandbox,Thanh pho Gia,VN,26118
ADDR-001638,So 12 Duong Gia,Phuong Demo,Huyen Sandbox,Thanh pho Ao,VN,19605
ADDR-001639,So 99 Hem Mock,Phuong Sandbox,Quan Mock 1,Thanh pho Demo,VN,45433
ADDR-001640,So 15 Duong Sandbox,Phuong Gia Lap,Quan Test 3,Thanh pho Demo,VN,85576
ADDR-001641,So 33 Ngach Testbed,Xa Synthetic,Quan Mock 2,Thanh pho Demo,VN,89034
ADDR-001642,So 60 Pho Placeholder,Xa Synthetic,Huyen Sandbox,Thanh pho Gia,VN,91284
ADDR-001643,So 33 Ngach Testbed,Xa Du Lieu,Huyen Sandbox,Thanh pho Gia,VN,65839
ADDR-001644,So 45 Pho Ao,Xa Synthetic,Huyen Demo,Tinh Mo Phong,VN,88993
ADDR-001645,So 45 Pho Ao,Phuong Thu Nghiem,Quan Mock 1,Thanh pho Ao,VN,46604
ADDR-001646,So 60 Pho Placeholder,Xa Synthetic,Quan Mock 1,Tinh Mo Phong,VN,28805
ADDR-001647,So 15 Duong Sandbox,Xa Du Lieu,Quan Mock 2,Thanh pho Gia,VN,65348
ADDR-001648,So 33 Ngach Testbed,Phuong Thu Nghiem,Huyen Demo,Tinh Mo Phong,VN,23577
ADDR-001649,So 45 Pho Ao,Phuong Sandbox,Quan Test 3,Thanh pho Gia,VN,79047
ADDR-001650,So 45 Pho Ao,Xa Synthetic,Huyen Demo,Tinh Mo Phong,VN,45383
ADDR-001651,So 21 Pho Fictitious,Phuong Thu Nghiem,Quan Mock 1,Thanh pho Demo,VN,73999
ADDR-001652,So 21 Pho Fictitious,Phuong Gia Lap,Quan Mock 2,Tinh Mo Phong,VN,74507
ADDR-001653,So 15 Duong Sandbox,Phuong Gia Lap,Quan Test 3,Thanh pho Ao,VN,40530
ADDR-001654,So 45 Pho Ao,Xa Synthetic,Quan Mock 1,Thanh pho Ao,VN,73654
ADDR-001655,So 3 Duong Synthetic,Phuong Demo,Huyen Demo,Tinh Mo Phong,VN,72676
ADDR-001656,So 7 Ngach Demo,Phuong Gia Lap,Huyen Demo,Tinh Mo Phong,VN,72480
ADDR-001657,So 60 Pho Placeholder,Phuong Mo Phong,Quan Test 3,Tinh Mo Phong,VN,48590
ADDR-001658,So 21 Pho Fictitious,Phuong Sandbox,Quan Mock 1,Thanh pho Gia,VN,19378
ADDR-001659,So 3 Duong Synthetic,Phuong Gia Lap,Quan Mock 1,Tinh Mo Phong,VN,64046
ADDR-001660,So 45 Pho Ao,Phuong Sandbox,Huyen Demo,Thanh pho Gia,VN,71671
ADDR-001661,So 45 Pho Ao,Xa Synthetic,Huyen Sandbox,Thanh pho Gia,VN,92831
ADDR-001662,So 60 Pho Placeholder,Phuong Thu Nghiem,Huyen Sandbox,Tinh Mo Phong,VN,59771
ADDR-001663,So 3 Duong Synthetic,Xa Synthetic,Huyen Demo,Thanh pho Ao,VN,85795
ADDR-001664,So 60 Pho Placeholder,Xa Synthetic,Huyen Demo,Thanh pho Gia,VN,94412
ADDR-001665,So 60 Pho Placeholder,Xa Synthetic,Huyen Sandbox,Thanh pho Demo,VN,67044
ADDR-001666,So 15 Duong Sandbox,Phuong Gia Lap,Huyen Demo,Tinh Mo Phong,VN,65110
ADDR-001667,So 15 Duong Sandbox,Phuong Gia Lap,Quan Mock 2,Tinh Mo Phong,VN,12394
ADDR-001668,So 21 Pho Fictitious,Xa Mo Hinh,Huyen Sandbox,Thanh pho Demo,VN,61167
ADDR-001669,So 60 Pho Placeholder,Phuong Thu Nghiem,Quan Mock 2,Thanh pho Demo,VN,62832
ADDR-001670,So 45 Pho Ao,Phuong Demo,Huyen Sandbox,Thanh pho Ao,VN,72678
ADDR-001671,So 7 Ngach Demo,Xa Mo Hinh,Quan Mock 1,Thanh pho Gia,VN,60881
ADDR-001672,So 15 Duong Sandbox,Phuong Thu Nghiem,Quan Mock 2,Thanh pho Ao,VN,66648
ADDR-001673,So 60 Pho Placeholder,Xa Du Lieu,Huyen Demo,Thanh pho Demo,VN,88584
ADDR-001674,So 99 Hem Mock,Phuong Sandbox,Quan Test 3,Tinh Mo Phong,VN,98596
ADDR-001675,So 7 Ngach Demo,Phuong Mo Phong,Quan Test 3,Thanh pho Ao,VN,19780
ADDR-001676,So 15 Duong Sandbox,Phuong Sandbox,Huyen Demo,Tinh Mo Phong,VN,87924
ADDR-001677,So 33 Ngach Testbed,Phuong Demo,Huyen Sandbox,Thanh pho Ao,VN,46922
ADDR-001678,So 12 Duong Gia,Xa Du Lieu,Quan Test 3,Tinh Mo Phong,VN,67383
ADDR-001679,So 45 Pho Ao,Phuong Sandbox,Quan Test 3,Thanh pho Gia,VN,16071
ADDR-001680,So 12 Duong Gia,Phuong Mo Phong,Quan Mock 1,Thanh pho Gia,VN,96576
ADDR-001681,So 45 Pho Ao,Phuong Thu Nghiem,Quan Mock 2,Tinh Mo Phong,VN,81104
ADDR-001682,So 33 Ngach Testbed,Phuong Sandbox,Huyen Sandbox,Thanh pho Demo,VN,73535
ADDR-001683,So 60 Pho Placeholder,Phuong Demo,Quan Mock 1,Thanh pho Demo,VN,54238
ADDR-001684,So 60 Pho Placeholder,Xa Du Lieu,Quan Test 3,Thanh pho Demo,VN,81880
ADDR-001685,So 15 Duong Sandbox,Phuong Demo,Quan Mock 2,Thanh pho Demo,VN,76826
ADDR-001686,So 88 Lo Demo Data,Phuong Mo Phong,Huyen Sandbox,Thanh pho Ao,VN,65828
ADDR-001687,So 15 Duong Sandbox,Xa Mo Hinh,Quan Mock 1,Thanh pho Gia,VN,10713
ADDR-001688,So 7 Ngach Demo,Phuong Sandbox,Huyen Sandbox,Thanh pho Gia,VN,43940
ADDR-001689,So 12 Duong Gia,Xa Mo Hinh,Huyen Demo,Tinh Mo Phong,VN,47561
ADDR-001690,So 12 Duong Gia,Phuong Mo Phong,Quan Test 3,Thanh pho Ao,VN,16195
ADDR-001691,So 99 Hem Mock,Phuong Demo,Quan Mock 1,Thanh pho Ao,VN,57152
ADDR-001692,So 99 Hem Mock,Xa Synthetic,Quan Mock 1,Thanh pho Ao,VN,93361
ADDR-001693,So 88 Lo Demo Data,Phuong Gia Lap,Huyen Demo,Thanh pho Demo,VN,15000
ADDR-001694,So 7 Ngach Demo,Xa Synthetic,Quan Test 3,Tinh Mo Phong,VN,58277
ADDR-001695,So 12 Duong Gia,Phuong Demo,Quan Mock 2,Thanh pho Ao,VN,75716
ADDR-001696,So 21 Pho Fictitious,Phuong Gia Lap,Huyen Sandbox,Thanh pho Gia,VN,37297
ADDR-001697,So 21 Pho Fictitious,Phuong Demo,Huyen Demo,Thanh pho Ao,VN,38346
ADDR-001698,So 12 Duong Gia,Phuong Demo,Quan Mock 1,Tinh Mo Phong,VN,64103
ADDR-001699,So 88 Lo Demo Data,Phuong Thu Nghiem,Quan Mock 2,Thanh pho Demo,VN,55867
ADDR-001700,So 45 Pho Ao,Xa Synthetic,Huyen Demo,Thanh pho Demo,VN,63851
ADDR-001701,So 15 Duong Sandbox,Phuong Gia Lap,Huyen Sandbox,Thanh pho Gia,VN,13178
ADDR-001702,So 88 Lo Demo Data,Phuong Gia Lap,Huyen Sandbox,Thanh pho Ao,VN,73639
ADDR-001703,So 88 Lo Demo Data,Xa Du Lieu,Quan Mock 1,Thanh pho Gia,VN,83851
ADDR-001704,So 7 Ngach Demo,Xa Synthetic,Huyen Demo,Thanh pho Gia,VN,50839
ADDR-001705,So 99 Hem Mock,Phuong Mo Phong,Quan Mock 1,Thanh pho Gia,VN,79621
ADDR-001706,So 15 Duong Sandbox,Xa Du Lieu,Quan Test 3,Thanh pho Gia,VN,33959
ADDR-001707,So 99 Hem Mock,Xa Synthetic,Huyen Demo,Thanh pho Ao,VN,94202
ADDR-001708,So 45 Pho Ao,Phuong Thu Nghiem,Quan Mock 2,Thanh pho Gia,VN,72655
ADDR-001709,So 3 Duong Synthetic,Phuong Gia Lap,Quan Test 3,Tinh Mo Phong,VN,62556
ADDR-001710,So 3 Duong Synthetic,Xa Mo Hinh,Huyen Demo,Thanh pho Demo,VN,62677
ADDR-001711,So 99 Hem Mock,Phuong Demo,Huyen Demo,Thanh pho Ao,VN,41011
ADDR-001712,So 15 Duong Sandbox,Phuong Thu Nghiem,Huyen Demo,Thanh pho Gia,VN,83342
ADDR-001713,So 88 Lo Demo Data,Phuong Gia Lap,Huyen Demo,Thanh pho Demo,VN,19891
ADDR-001714,So 60 Pho Placeholder,Phuong Thu Nghiem,Quan Test 3,Thanh pho Ao,VN,95789
ADDR-001715,So 88 Lo Demo Data,Phuong Mo Phong,Quan Mock 1,Thanh pho Demo,VN,17748
ADDR-001716,So 3 Duong Synthetic,Phuong Demo,Huyen Sandbox,Thanh pho Ao,VN,66499
ADDR-001717,So 33 Ngach Testbed,Xa Synthetic,Huyen Sandbox,Thanh pho Ao,VN,17777
ADDR-001718,So 3 Duong Synthetic,Phuong Sandbox,Quan Mock 2,Thanh pho Ao,VN,87744
ADDR-001719,So 45 Pho Ao,Phuong Gia Lap,Quan Test 3,Thanh pho Demo,VN,92289
ADDR-001720,So 60 Pho Placeholder,Xa Mo Hinh,Huyen Demo,Thanh pho Demo,VN,16594
ADDR-001721,So 7 Ngach Demo,Phuong Sandbox,Huyen Sandbox,Thanh pho Ao,VN,44765
ADDR-001722,So 99 Hem Mock,Phuong Mo Phong,Quan Mock 2,Thanh pho Ao,VN,19610
ADDR-001723,So 33 Ngach Testbed,Xa Mo Hinh,Quan Mock 1,Thanh pho Demo,VN,27058
ADDR-001724,So 99 Hem Mock,Xa Synthetic,Huyen Demo,Thanh pho Demo,VN,74832
ADDR-001725,So 7 Ngach Demo,Xa Du Lieu,Quan Test 3,Thanh pho Ao,VN,89258
ADDR-001726,So 15 Duong Sandbox,Phuong Sandbox,Quan Mock 1,Thanh pho Ao,VN,94036
ADDR-001727,So 33 Ngach Testbed,Xa Mo Hinh,Huyen Demo,Thanh pho Demo,VN,17392
ADDR-001728,So 33 Ngach Testbed,Xa Du Lieu,Quan Test 3,Tinh Mo Phong,VN,98542
ADDR-001729,So 45 Pho Ao,Phuong Thu Nghiem,Huyen Sandbox,Tinh Mo Phong,VN,95739
ADDR-001730,So 45 Pho Ao,Xa Mo Hinh,Quan Test 3,Thanh pho Ao,VN,97262
ADDR-001731,So 12 Duong Gia,Xa Synthetic,Huyen Sandbox,Thanh pho Gia,VN,45899
ADDR-001732,So 21 Pho Fictitious,Xa Mo Hinh,Quan Test 3,Thanh pho Demo,VN,49858
ADDR-001733,So 7 Ngach Demo,Phuong Sandbox,Quan Mock 2,Thanh pho Gia,VN,90210
ADDR-001734,So 3 Duong Synthetic,Xa Du Lieu,Huyen Demo,Thanh pho Gia,VN,74322
ADDR-001735,So 12 Duong Gia,Xa Mo Hinh,Huyen Demo,Thanh pho Gia,VN,45283
ADDR-001736,So 3 Duong Synthetic,Phuong Demo,Quan Mock 1,Thanh pho Ao,VN,29605
ADDR-001737,So 7 Ngach Demo,Xa Synthetic,Huyen Sandbox,Thanh pho Ao,VN,40714
ADDR-001738,So 60 Pho Placeholder,Phuong Mo Phong,Huyen Sandbox,Thanh pho Gia,VN,80215
ADDR-001739,So 99 Hem Mock,Xa Synthetic,Huyen Demo,Thanh pho Gia,VN,39191
ADDR-001740,So 60 Pho Placeholder,Phuong Mo Phong,Huyen Sandbox,Thanh pho Gia,VN,89278
ADDR-001741,So 3 Duong Synthetic,Phuong Mo Phong,Quan Test 3,Thanh pho Demo,VN,60952
ADDR-001742,So 12 Duong Gia,Phuong Thu Nghiem,Huyen Demo,Thanh pho Demo,VN,73507
ADDR-001743,So 15 Duong Sandbox,Phuong Demo,Huyen Sandbox,Thanh pho Gia,VN,89956
ADDR-001744,So 12 Duong Gia,Xa Mo Hinh,Huyen Demo,Tinh Mo Phong,VN,98997
ADDR-001745,So 21 Pho Fictitious,Xa Synthetic,Quan Test 3,Tinh Mo Phong,VN,23061
ADDR-001746,So 99 Hem Mock,Xa Du Lieu,Huyen Sandbox,Thanh pho Ao,VN,42914
ADDR-001747,So 21 Pho Fictitious,Phuong Gia Lap,Huyen Sandbox,Thanh pho Ao,VN,90360
ADDR-001748,So 99 Hem Mock,Phuong Demo,Quan Mock 1,Thanh pho Gia,VN,58128
ADDR-001749,So 3 Duong Synthetic,Phuong Mo Phong,Huyen Sandbox,Thanh pho Demo,VN,72495
ADDR-001750,So 7 Ngach Demo,Xa Du Lieu,Quan Mock 2,Thanh pho Demo,VN,53266
ADDR-001751,So 3 Duong Synthetic,Phuong Thu Nghiem,Quan Mock 2,Thanh pho Demo,VN,25993
ADDR-001752,So 45 Pho Ao,Phuong Demo,Quan Mock 2,Thanh pho Demo,VN,11928
ADDR-001753,So 33 Ngach Testbed,Phuong Demo,Huyen Demo,Tinh Mo Phong,VN,19609
ADDR-001754,So 99 Hem Mock,Phuong Demo,Quan Mock 1,Thanh pho Ao,VN,64263
ADDR-001755,So 88 Lo Demo Data,Phuong Sandbox,Huyen Demo,Thanh pho Ao,VN,19523
ADDR-001756,So 12 Duong Gia,Phuong Mo Phong,Huyen Demo,Thanh pho Demo,VN,46604
ADDR-001757,So 3 Duong Synthetic,Xa Du Lieu,Quan Mock 2,Thanh pho Ao,VN,74740
ADDR-001758,So 33 Ngach Testbed,Phuong Mo Phong,Quan Mock 1,Tinh Mo Phong,VN,39523
ADDR-001759,So 60 Pho Placeholder,Phuong Mo Phong,Huyen Demo,Tinh Mo Phong,VN,10640
ADDR-001760,So 21 Pho Fictitious,Phuong Sandbox,Quan Mock 2,Thanh pho Ao,VN,57503
ADDR-001761,So 12 Duong Gia,Phuong Demo,Quan Test 3,Thanh pho Ao,VN,17223
ADDR-001762,So 21 Pho Fictitious,Xa Synthetic,Huyen Sandbox,Thanh pho Ao,VN,39004
ADDR-001763,So 88 Lo Demo Data,Xa Mo Hinh,Quan Mock 1,Thanh pho Gia,VN,39510
ADDR-001764,So 60 Pho Placeholder,Phuong Gia Lap,Quan Test 3,Thanh pho Gia,VN,87835
ADDR-001765,So 60 Pho Placeholder,Phuong Thu Nghiem,Quan Mock 2,Thanh pho Demo,VN,55321
ADDR-001766,So 45 Pho Ao,Phuong Thu Nghiem,Huyen Sandbox,Thanh pho Ao,VN,71474
ADDR-001767,So 15 Duong Sandbox,Phuong Sandbox,Huyen Sandbox,Thanh pho Demo,VN,43328
ADDR-001768,So 15 Duong Sandbox,Phuong Thu Nghiem,Quan Mock 1,Thanh pho Demo,VN,17765
ADDR-001769,So 12 Duong Gia,Phuong Mo Phong,Quan Test 3,Thanh pho Ao,VN,68868
ADDR-001770,So 21 Pho Fictitious,Phuong Demo,Quan Mock 1,Thanh pho Ao,VN,17983
ADDR-001771,So 33 Ngach Testbed,Xa Du Lieu,Huyen Sandbox,Thanh pho Demo,VN,12046
ADDR-001772,So 60 Pho Placeholder,Phuong Demo,Huyen Sandbox,Thanh pho Gia,VN,80349
ADDR-001773,So 60 Pho Placeholder,Phuong Thu Nghiem,Quan Mock 1,Thanh pho Gia,VN,66461
ADDR-001774,So 12 Duong Gia,Phuong Demo,Huyen Demo,Thanh pho Gia,VN,50554
ADDR-001775,So 88 Lo Demo Data,Phuong Sandbox,Quan Mock 2,Thanh pho Demo,VN,38631
ADDR-001776,So 15 Duong Sandbox,Phuong Demo,Huyen Demo,Thanh pho Ao,VN,29701
ADDR-001777,So 99 Hem Mock,Xa Synthetic,Quan Mock 2,Thanh pho Gia,VN,18831
ADDR-001778,So 60 Pho Placeholder,Xa Synthetic,Quan Mock 2,Tinh Mo Phong,VN,50899
ADDR-001779,So 33 Ngach Testbed,Phuong Thu Nghiem,Quan Mock 2,Thanh pho Ao,VN,15943
ADDR-001780,So 7 Ngach Demo,Xa Du Lieu,Quan Test 3,Thanh pho Gia,VN,71248
ADDR-001781,So 12 Duong Gia,Phuong Thu Nghiem,Huyen Sandbox,Thanh pho Gia,VN,95188
ADDR-001782,So 99 Hem Mock,Xa Synthetic,Quan Mock 2,Thanh pho Ao,VN,93315
ADDR-001783,So 3 Duong Synthetic,Phuong Mo Phong,Quan Test 3,Thanh pho Demo,VN,62909
ADDR-001784,So 15 Duong Sandbox,Phuong Sandbox,Huyen Demo,Tinh Mo Phong,VN,93126
ADDR-001785,So 7 Ngach Demo,Phuong Gia Lap,Quan Test 3,Thanh pho Ao,VN,92881
ADDR-001786,So 7 Ngach Demo,Phuong Gia Lap,Huyen Sandbox,Tinh Mo Phong,VN,67347
ADDR-001787,So 88 Lo Demo Data,Phuong Gia Lap,Quan Test 3,Thanh pho Ao,VN,90113
ADDR-001788,So 21 Pho Fictitious,Phuong Demo,Quan Mock 1,Tinh Mo Phong,VN,56339
ADDR-001789,So 88 Lo Demo Data,Phuong Gia Lap,Huyen Sandbox,Thanh pho Ao,VN,45215
ADDR-001790,So 7 Ngach Demo,Phuong Thu Nghiem,Quan Mock 1,Thanh pho Ao,VN,76575
ADDR-001791,So 15 Duong Sandbox,Phuong Sandbox,Huyen Demo,Thanh pho Ao,VN,98921
ADDR-001792,So 99 Hem Mock,Xa Du Lieu,Huyen Demo,Thanh pho Gia,VN,11409
ADDR-001793,So 45 Pho Ao,Xa Synthetic,Quan Test 3,Thanh pho Demo,VN,12732
ADDR-001794,So 88 Lo Demo Data,Phuong Sandbox,Huyen Sandbox,Thanh pho Ao,VN,64777
ADDR-001795,So 12 Duong Gia,Phuong Sandbox,Quan Test 3,Thanh pho Ao,VN,50082
ADDR-001796,So 7 Ngach Demo,Phuong Mo Phong,Quan Mock 2,Tinh Mo Phong,VN,52407
ADDR-001797,So 99 Hem Mock,Xa Synthetic,Quan Mock 1,Tinh Mo Phong,VN,24307
ADDR-001798,So 33 Ngach Testbed,Phuong Demo,Quan Test 3,Tinh Mo Phong,VN,53048
ADDR-001799,So 88 Lo Demo Data,Phuong Thu Nghiem,Quan Mock 1,Thanh pho Ao,VN,98485
ADDR-001800,So 12 Duong Gia,Phuong Thu Nghiem,Huyen Demo,Thanh pho Gia,VN,46890
ADDR-001801,So 15 Duong Sandbox,Phuong Thu Nghiem,Quan Mock 1,Thanh pho Demo,VN,51629
ADDR-001802,So 12 Duong Gia,Xa Synthetic,Huyen Sandbox,Thanh pho Gia,VN,23934
ADDR-001803,So 88 Lo Demo Data,Xa Synthetic,Huyen Demo,Thanh pho Demo,VN,19175
ADDR-001804,So 88 Lo Demo Data,Phuong Demo,Huyen Sandbox,Tinh Mo Phong,VN,84320
ADDR-001805,So 60 Pho Placeholder,Phuong Sandbox,Huyen Sandbox,Thanh pho Ao,VN,79813
ADDR-001806,So 21 Pho Fictitious,Xa Du Lieu,Huyen Sandbox,Thanh pho Gia,VN,45701
ADDR-001807,So 88 Lo Demo Data,Phuong Thu Nghiem,Quan Mock 2,Thanh pho Gia,VN,22278
ADDR-001808,So 88 Lo Demo Data,Xa Mo Hinh,Quan Mock 2,Thanh pho Ao,VN,43506
ADDR-001809,So 60 Pho Placeholder,Phuong Mo Phong,Huyen Sandbox,Thanh pho Ao,VN,53770
ADDR-001810,So 21 Pho Fictitious,Phuong Mo Phong,Quan Mock 2,Tinh Mo Phong,VN,15684
ADDR-001811,So 21 Pho Fictitious,Xa Synthetic,Quan Mock 2,Thanh pho Demo,VN,30386
ADDR-001812,So 99 Hem Mock,Phuong Mo Phong,Huyen Demo,Tinh Mo Phong,VN,16269
ADDR-001813,So 21 Pho Fictitious,Xa Mo Hinh,Quan Test 3,Thanh pho Ao,VN,76190
ADDR-001814,So 15 Duong Sandbox,Xa Synthetic,Huyen Demo,Thanh pho Ao,VN,79382
ADDR-001815,So 21 Pho Fictitious,Phuong Demo,Quan Mock 2,Tinh Mo Phong,VN,98986
ADDR-001816,So 21 Pho Fictitious,Xa Du Lieu,Quan Mock 1,Tinh Mo Phong,VN,62479
ADDR-001817,So 45 Pho Ao,Xa Synthetic,Quan Mock 1,Thanh pho Gia,VN,25832
ADDR-001818,So 33 Ngach Testbed,Phuong Sandbox,Huyen Sandbox,Thanh pho Ao,VN,68060
ADDR-001819,So 88 Lo Demo Data,Phuong Demo,Huyen Sandbox,Thanh pho Ao,VN,14939
ADDR-001820,So 12 Duong Gia,Phuong Demo,Quan Test 3,Thanh pho Ao,VN,74414
ADDR-001821,So 45 Pho Ao,Xa Synthetic,Quan Mock 1,Tinh Mo Phong,VN,61210
ADDR-001822,So 3 Duong Synthetic,Xa Synthetic,Huyen Demo,Thanh pho Gia,VN,12717
ADDR-001823,So 3 Duong Synthetic,Xa Du Lieu,Quan Mock 1,Thanh pho Demo,VN,14230
ADDR-001824,So 99 Hem Mock,Phuong Gia Lap,Quan Mock 2,Tinh Mo Phong,VN,76447
ADDR-001825,So 99 Hem Mock,Phuong Gia Lap,Quan Test 3,Tinh Mo Phong,VN,99314
ADDR-001826,So 88 Lo Demo Data,Xa Synthetic,Quan Mock 2,Thanh pho Demo,VN,25013
ADDR-001827,So 99 Hem Mock,Xa Synthetic,Huyen Sandbox,Thanh pho Ao,VN,54930
ADDR-001828,So 45 Pho Ao,Phuong Thu Nghiem,Quan Mock 1,Tinh Mo Phong,VN,94735
ADDR-001829,So 45 Pho Ao,Xa Mo Hinh,Huyen Demo,Tinh Mo Phong,VN,99748
ADDR-001830,So 33 Ngach Testbed,Phuong Gia Lap,Huyen Sandbox,Thanh pho Gia,VN,93742
ADDR-001831,So 7 Ngach Demo,Phuong Mo Phong,Huyen Demo,Thanh pho Demo,VN,48041
ADDR-001832,So 88 Lo Demo Data,Xa Du Lieu,Huyen Demo,Thanh pho Gia,VN,82939
ADDR-001833,So 15 Duong Sandbox,Phuong Thu Nghiem,Huyen Sandbox,Thanh pho Demo,VN,65748
ADDR-001834,So 3 Duong Synthetic,Xa Synthetic,Quan Mock 1,Tinh Mo Phong,VN,10931
ADDR-001835,So 60 Pho Placeholder,Phuong Sandbox,Quan Mock 2,Tinh Mo Phong,VN,89514
ADDR-001836,So 3 Duong Synthetic,Phuong Demo,Quan Mock 1,Tinh Mo Phong,VN,22937
ADDR-001837,So 7 Ngach Demo,Xa Synthetic,Quan Test 3,Thanh pho Gia,VN,27755
ADDR-001838,So 60 Pho Placeholder,Xa Du Lieu,Quan Mock 2,Thanh pho Gia,VN,62737
ADDR-001839,So 99 Hem Mock,Phuong Demo,Huyen Sandbox,Thanh pho Demo,VN,33385
ADDR-001840,So 88 Lo Demo Data,Xa Synthetic,Quan Mock 2,Thanh pho Ao,VN,16699
ADDR-001841,So 12 Duong Gia,Xa Synthetic,Quan Mock 1,Thanh pho Ao,VN,69551
ADDR-001842,So 33 Ngach Testbed,Xa Mo Hinh,Huyen Sandbox,Thanh pho Gia,VN,16948
ADDR-001843,So 15 Duong Sandbox,Xa Mo Hinh,Quan Mock 2,Thanh pho Gia,VN,93393
ADDR-001844,So 45 Pho Ao,Phuong Thu Nghiem,Huyen Sandbox,Tinh Mo Phong,VN,80963
ADDR-001845,So 60 Pho Placeholder,Phuong Demo,Huyen Sandbox,Thanh pho Gia,VN,74651
ADDR-001846,So 21 Pho Fictitious,Phuong Demo,Huyen Demo,Thanh pho Gia,VN,81727
ADDR-001847,So 45 Pho Ao,Phuong Gia Lap,Quan Test 3,Thanh pho Demo,VN,28216
ADDR-001848,So 21 Pho Fictitious,Xa Synthetic,Quan Mock 2,Thanh pho Gia,VN,90998
ADDR-001849,So 15 Duong Sandbox,Xa Mo Hinh,Quan Test 3,Thanh pho Ao,VN,38154
ADDR-001850,So 60 Pho Placeholder,Xa Synthetic,Huyen Demo,Thanh pho Ao,VN,96224
ADDR-001851,So 60 Pho Placeholder,Phuong Thu Nghiem,Huyen Sandbox,Thanh pho Demo,VN,10793
ADDR-001852,So 21 Pho Fictitious,Xa Mo Hinh,Huyen Sandbox,Tinh Mo Phong,VN,31434
ADDR-001853,So 88 Lo Demo Data,Phuong Gia Lap,Huyen Sandbox,Thanh pho Gia,VN,87742
ADDR-001854,So 45 Pho Ao,Phuong Demo,Quan Mock 1,Thanh pho Demo,VN,70215
ADDR-001855,So 88 Lo Demo Data,Phuong Gia Lap,Huyen Sandbox,Tinh Mo Phong,VN,74237
ADDR-001856,So 99 Hem Mock,Phuong Mo Phong,Huyen Demo,Thanh pho Ao,VN,55685
ADDR-001857,So 7 Ngach Demo,Xa Synthetic,Huyen Sandbox,Thanh pho Ao,VN,53639
ADDR-001858,So 88 Lo Demo Data,Phuong Sandbox,Huyen Sandbox,Tinh Mo Phong,VN,37241
ADDR-001859,So 45 Pho Ao,Phuong Thu Nghiem,Quan Mock 2,Tinh Mo Phong,VN,22493
ADDR-001860,So 21 Pho Fictitious,Xa Mo Hinh,Quan Mock 2,Thanh pho Gia,VN,63163
ADDR-001861,So 99 Hem Mock,Phuong Sandbox,Huyen Sandbox,Tinh Mo Phong,VN,56885
ADDR-001862,So 99 Hem Mock,Phuong Gia Lap,Quan Test 3,Thanh pho Ao,VN,63222
ADDR-001863,So 88 Lo Demo Data,Xa Synthetic,Quan Mock 2,Thanh pho Ao,VN,36470
ADDR-001864,So 45 Pho Ao,Phuong Thu Nghiem,Quan Mock 2,Thanh pho Gia,VN,30183
ADDR-001865,So 7 Ngach Demo,Phuong Sandbox,Quan Mock 2,Thanh pho Gia,VN,11976
ADDR-001866,So 88 Lo Demo Data,Phuong Mo Phong,Quan Test 3,Thanh pho Demo,VN,34090
ADDR-001867,So 12 Duong Gia,Phuong Gia Lap,Quan Test 3,Thanh pho Ao,VN,41127
ADDR-001868,So 33 Ngach Testbed,Xa Synthetic,Quan Test 3,Thanh pho Demo,VN,35622
ADDR-001869,So 7 Ngach Demo,Xa Du Lieu,Quan Mock 2,Tinh Mo Phong,VN,88825
ADDR-001870,So 12 Duong Gia,Phuong Sandbox,Huyen Demo,Thanh pho Ao,VN,94425
ADDR-001871,So 33 Ngach Testbed,Phuong Mo Phong,Huyen Demo,Thanh pho Gia,VN,54609
ADDR-001872,So 12 Duong Gia,Phuong Demo,Quan Mock 1,Thanh pho Demo,VN,89036
ADDR-001873,So 12 Duong Gia,Xa Du Lieu,Huyen Sandbox,Thanh pho Ao,VN,98799
ADDR-001874,So 3 Duong Synthetic,Phuong Gia Lap,Huyen Sandbox,Thanh pho Demo,VN,49612
ADDR-001875,So 12 Duong Gia,Phuong Sandbox,Quan Test 3,Thanh pho Gia,VN,55249
ADDR-001876,So 88 Lo Demo Data,Phuong Thu Nghiem,Huyen Demo,Thanh pho Demo,VN,46926
ADDR-001877,So 12 Duong Gia,Phuong Mo Phong,Quan Mock 1,Thanh pho Gia,VN,27721
ADDR-001878,So 12 Duong Gia,Xa Synthetic,Quan Mock 2,Thanh pho Ao,VN,19356
ADDR-001879,So 12 Duong Gia,Phuong Sandbox,Quan Mock 1,Tinh Mo Phong,VN,78444
ADDR-001880,So 7 Ngach Demo,Xa Synthetic,Quan Test 3,Thanh pho Gia,VN,99823
ADDR-001881,So 45 Pho Ao,Phuong Demo,Huyen Sandbox,Thanh pho Gia,VN,92811
ADDR-001882,So 7 Ngach Demo,Phuong Thu Nghiem,Quan Mock 1,Thanh pho Demo,VN,14519
ADDR-001883,So 12 Duong Gia,Phuong Gia Lap,Huyen Demo,Thanh pho Gia,VN,31592
ADDR-001884,So 12 Duong Gia,Xa Du Lieu,Quan Test 3,Thanh pho Demo,VN,44157
ADDR-001885,So 12 Duong Gia,Phuong Demo,Quan Test 3,Thanh pho Demo,VN,75232
ADDR-001886,So 21 Pho Fictitious,Xa Synthetic,Huyen Demo,Thanh pho Ao,VN,17177
ADDR-001887,So 12 Duong Gia,Phuong Demo,Huyen Demo,Thanh pho Demo,VN,24464
ADDR-001888,So 12 Duong Gia,Phuong Demo,Quan Test 3,Thanh pho Demo,VN,94248
ADDR-001889,So 60 Pho Placeholder,Phuong Gia Lap,Huyen Sandbox,Tinh Mo Phong,VN,66502
ADDR-001890,So 3 Duong Synthetic,Phuong Sandbox,Quan Test 3,Thanh pho Demo,VN,78403
ADDR-001891,So 15 Duong Sandbox,Xa Mo Hinh,Quan Mock 2,Thanh pho Ao,VN,91368
ADDR-001892,So 21 Pho Fictitious,Phuong Mo Phong,Huyen Sandbox,Thanh pho Ao,VN,43909
ADDR-001893,So 12 Duong Gia,Xa Du Lieu,Quan Mock 2,Tinh Mo Phong,VN,22692
ADDR-001894,So 99 Hem Mock,Phuong Thu Nghiem,Quan Test 3,Thanh pho Gia,VN,66907
ADDR-001895,So 60 Pho Placeholder,Xa Mo Hinh,Quan Test 3,Thanh pho Demo,VN,42790
ADDR-001896,So 99 Hem Mock,Xa Synthetic,Quan Mock 2,Thanh pho Demo,VN,94424
ADDR-001897,So 7 Ngach Demo,Xa Synthetic,Huyen Demo,Tinh Mo Phong,VN,30587
ADDR-001898,So 60 Pho Placeholder,Xa Du Lieu,Huyen Sandbox,Thanh pho Ao,VN,58433
ADDR-001899,So 88 Lo Demo Data,Phuong Gia Lap,Huyen Demo,Thanh pho Gia,VN,43749
ADDR-001900,So 45 Pho Ao,Phuong Gia Lap,Huyen Sandbox,Thanh pho Demo,VN,77683
ADDR-001901,So 60 Pho Placeholder,Phuong Mo Phong,Huyen Sandbox,Thanh pho Demo,VN,50313
ADDR-001902,So 21 Pho Fictitious,Xa Synthetic,Quan Test 3,Thanh pho Gia,VN,95499
ADDR-001903,So 3 Duong Synthetic,Xa Du Lieu,Huyen Sandbox,Thanh pho Ao,VN,64601
ADDR-001904,So 45 Pho Ao,Phuong Demo,Huyen Sandbox,Thanh pho Gia,VN,17889
ADDR-001905,So 15 Duong Sandbox,Phuong Mo Phong,Huyen Sandbox,Tinh Mo Phong,VN,25005
ADDR-001906,So 3 Duong Synthetic,Phuong Gia Lap,Quan Mock 2,Tinh Mo Phong,VN,86565
ADDR-001907,So 60 Pho Placeholder,Phuong Sandbox,Huyen Demo,Thanh pho Gia,VN,18921
ADDR-001908,So 3 Duong Synthetic,Phuong Sandbox,Quan Mock 1,Thanh pho Ao,VN,86415
ADDR-001909,So 60 Pho Placeholder,Phuong Gia Lap,Huyen Demo,Thanh pho Demo,VN,62503
ADDR-001910,So 15 Duong Sandbox,Phuong Mo Phong,Quan Mock 2,Thanh pho Demo,VN,35885
ADDR-001911,So 7 Ngach Demo,Xa Du Lieu,Huyen Sandbox,Thanh pho Demo,VN,84645
ADDR-001912,So 21 Pho Fictitious,Xa Du Lieu,Huyen Demo,Thanh pho Gia,VN,13393
ADDR-001913,So 60 Pho Placeholder,Phuong Mo Phong,Huyen Demo,Tinh Mo Phong,VN,21042
ADDR-001914,So 99 Hem Mock,Phuong Demo,Huyen Sandbox,Thanh pho Ao,VN,55715
ADDR-001915,So 21 Pho Fictitious,Xa Synthetic,Quan Test 3,Thanh pho Gia,VN,40470
ADDR-001916,So 60 Pho Placeholder,Phuong Sandbox,Quan Test 3,Thanh pho Demo,VN,40837
ADDR-001917,So 33 Ngach Testbed,Phuong Thu Nghiem,Quan Mock 2,Thanh pho Ao,VN,20009
ADDR-001918,So 7 Ngach Demo,Phuong Sandbox,Huyen Demo,Thanh pho Gia,VN,23743
ADDR-001919,So 3 Duong Synthetic,Phuong Demo,Huyen Demo,Thanh pho Gia,VN,20386
ADDR-001920,So 15 Duong Sandbox,Phuong Mo Phong,Huyen Demo,Thanh pho Demo,VN,91468
ADDR-001921,So 60 Pho Placeholder,Phuong Gia Lap,Quan Mock 1,Thanh pho Gia,VN,54607
ADDR-001922,So 12 Duong Gia,Xa Mo Hinh,Quan Mock 2,Thanh pho Ao,VN,55074
ADDR-001923,So 88 Lo Demo Data,Phuong Sandbox,Quan Mock 2,Tinh Mo Phong,VN,14140
ADDR-001924,So 21 Pho Fictitious,Xa Du Lieu,Quan Mock 1,Tinh Mo Phong,VN,98663
ADDR-001925,So 99 Hem Mock,Phuong Gia Lap,Quan Mock 2,Thanh pho Demo,VN,13107
ADDR-001926,So 99 Hem Mock,Phuong Thu Nghiem,Quan Mock 1,Tinh Mo Phong,VN,95698
ADDR-001927,So 7 Ngach Demo,Phuong Sandbox,Huyen Sandbox,Thanh pho Gia,VN,11100
ADDR-001928,So 12 Duong Gia,Phuong Sandbox,Quan Mock 2,Thanh pho Gia,VN,53689
ADDR-001929,So 88 Lo Demo Data,Phuong Thu Nghiem,Huyen Demo,Thanh pho Gia,VN,93507
ADDR-001930,So 99 Hem Mock,Phuong Demo,Huyen Demo,Tinh Mo Phong,VN,23033
ADDR-001931,So 3 Duong Synthetic,Xa Du Lieu,Huyen Demo,Thanh pho Gia,VN,67146
ADDR-001932,So 33 Ngach Testbed,Phuong Mo Phong,Huyen Sandbox,Tinh Mo Phong,VN,54060
ADDR-001933,So 7 Ngach Demo,Phuong Gia Lap,Quan Mock 2,Thanh pho Gia,VN,30305
ADDR-001934,So 88 Lo Demo Data,Xa Du Lieu,Huyen Sandbox,Thanh pho Ao,VN,17937
ADDR-001935,So 12 Duong Gia,Xa Mo Hinh,Huyen Sandbox,Thanh pho Ao,VN,27450
ADDR-001936,So 45 Pho Ao,Phuong Sandbox,Huyen Sandbox,Thanh pho Gia,VN,68698
ADDR-001937,So 21 Pho Fictitious,Xa Du Lieu,Quan Mock 2,Thanh pho Gia,VN,22471
ADDR-001938,So 45 Pho Ao,Phuong Demo,Quan Test 3,Thanh pho Demo,VN,50291
ADDR-001939,So 60 Pho Placeholder,Phuong Demo,Quan Mock 1,Thanh pho Ao,VN,62735
ADDR-001940,So 60 Pho Placeholder,Phuong Gia Lap,Huyen Sandbox,Thanh pho Demo,VN,92191
ADDR-001941,So 12 Duong Gia,Phuong Thu Nghiem,Huyen Sandbox,Thanh pho Demo,VN,70101
ADDR-001942,So 99 Hem Mock,Phuong Sandbox,Quan Mock 1,Thanh pho Gia,VN,51634
ADDR-001943,So 99 Hem Mock,Phuong Gia Lap,Quan Mock 1,Thanh pho Gia,VN,73561
ADDR-001944,So 7 Ngach Demo,Xa Mo Hinh,Quan Mock 1,Thanh pho Demo,VN,71491
ADDR-001945,So 33 Ngach Testbed,Phuong Demo,Quan Mock 1,Thanh pho Demo,VN,31224
ADDR-001946,So 33 Ngach Testbed,Phuong Sandbox,Quan Mock 2,Thanh pho Gia,VN,59084
ADDR-001947,So 12 Duong Gia,Xa Du Lieu,Quan Mock 1,Thanh pho Demo,VN,74444
ADDR-001948,So 99 Hem Mock,Phuong Thu Nghiem,Quan Mock 2,Thanh pho Ao,VN,14299
ADDR-001949,So 45 Pho Ao,Xa Synthetic,Quan Test 3,Thanh pho Demo,VN,97514
ADDR-001950,So 12 Duong Gia,Phuong Thu Nghiem,Huyen Sandbox,Thanh pho Gia,VN,62105
ADDR-001951,So 33 Ngach Testbed,Xa Synthetic,Quan Mock 1,Thanh pho Ao,VN,25829
ADDR-001952,So 15 Duong Sandbox,Xa Synthetic,Quan Mock 1,Thanh pho Ao,VN,90995
ADDR-001953,So 88 Lo Demo Data,Phuong Sandbox,Quan Mock 2,Thanh pho Ao,VN,98249
ADDR-001954,So 7 Ngach Demo,Xa Du Lieu,Huyen Demo,Thanh pho Ao,VN,55632
ADDR-001955,So 88 Lo Demo Data,Phuong Demo,Quan Mock 1,Thanh pho Demo,VN,86717
ADDR-001956,So 12 Duong Gia,Xa Synthetic,Huyen Demo,Tinh Mo Phong,VN,64667
ADDR-001957,So 45 Pho Ao,Phuong Thu Nghiem,Quan Mock 2,Thanh pho Gia,VN,38301
ADDR-001958,So 99 Hem Mock,Phuong Demo,Huyen Demo,Thanh pho Ao,VN,28521
ADDR-001959,So 33 Ngach Testbed,Phuong Gia Lap,Huyen Sandbox,Thanh pho Gia,VN,91916
ADDR-001960,So 7 Ngach Demo,Phuong Mo Phong,Huyen Sandbox,Tinh Mo Phong,VN,41209
ADDR-001961,So 3 Duong Synthetic,Xa Mo Hinh,Quan Mock 1,Thanh pho Ao,VN,36121
ADDR-001962,So 12 Duong Gia,Xa Synthetic,Quan Mock 2,Thanh pho Ao,VN,85150
ADDR-001963,So 33 Ngach Testbed,Phuong Mo Phong,Huyen Demo,Thanh pho Demo,VN,64061
ADDR-001964,So 7 Ngach Demo,Phuong Thu Nghiem,Huyen Demo,Thanh pho Gia,VN,64800
ADDR-001965,So 33 Ngach Testbed,Phuong Gia Lap,Quan Mock 2,Tinh Mo Phong,VN,68164
ADDR-001966,So 21 Pho Fictitious,Phuong Mo Phong,Quan Mock 2,Tinh Mo Phong,VN,95221
ADDR-001967,So 7 Ngach Demo,Xa Mo Hinh,Huyen Sandbox,Thanh pho Gia,VN,73539
ADDR-001968,So 88 Lo Demo Data,Phuong Mo Phong,Huyen Demo,Thanh pho Gia,VN,65996
ADDR-001969,So 88 Lo Demo Data,Phuong Gia Lap,Huyen Sandbox,Tinh Mo Phong,VN,41589
ADDR-001970,So 15 Duong Sandbox,Phuong Thu Nghiem,Quan Mock 1,Thanh pho Demo,VN,91499
ADDR-001971,So 60 Pho Placeholder,Phuong Demo,Huyen Sandbox,Thanh pho Demo,VN,43880
ADDR-001972,So 7 Ngach Demo,Phuong Demo,Quan Test 3,Tinh Mo Phong,VN,46876
ADDR-001973,So 60 Pho Placeholder,Xa Du Lieu,Quan Mock 2,Thanh pho Gia,VN,37541
ADDR-001974,So 7 Ngach Demo,Xa Du Lieu,Huyen Sandbox,Tinh Mo Phong,VN,39698
ADDR-001975,So 33 Ngach Testbed,Xa Mo Hinh,Huyen Demo,Thanh pho Ao,VN,89549
ADDR-001976,So 33 Ngach Testbed,Phuong Mo Phong,Huyen Sandbox,Thanh pho Ao,VN,19335
ADDR-001977,So 15 Duong Sandbox,Xa Synthetic,Quan Mock 1,Thanh pho Ao,VN,58258
ADDR-001978,So 33 Ngach Testbed,Phuong Thu Nghiem,Quan Mock 1,Thanh pho Demo,VN,32227
ADDR-001979,So 33 Ngach Testbed,Xa Mo Hinh,Quan Mock 1,Thanh pho Gia,VN,22277
ADDR-001980,So 21 Pho Fictitious,Phuong Demo,Huyen Demo,Tinh Mo Phong,VN,47165
ADDR-001981,So 88 Lo Demo Data,Phuong Thu Nghiem,Huyen Sandbox,Thanh pho Gia,VN,36390
ADDR-001982,So 60 Pho Placeholder,Xa Du Lieu,Quan Mock 1,Thanh pho Demo,VN,97888
ADDR-001983,So 12 Duong Gia,Xa Du Lieu,Huyen Sandbox,Thanh pho Demo,VN,89711
ADDR-001984,So 12 Duong Gia,Xa Du Lieu,Quan Mock 2,Tinh Mo Phong,VN,91658
ADDR-001985,So 99 Hem Mock,Phuong Mo Phong,Quan Mock 1,Thanh pho Demo,VN,73023
ADDR-001986,So 60 Pho Placeholder,Xa Mo Hinh,Huyen Sandbox,Thanh pho Ao,VN,13567
ADDR-001987,So 99 Hem Mock,Xa Du Lieu,Quan Mock 2,Thanh pho Gia,VN,95422
ADDR-001988,So 60 Pho Placeholder,Phuong Mo Phong,Quan Mock 1,Thanh pho Ao,VN,88308
ADDR-001989,So 88 Lo Demo Data,Phuong Demo,Quan Test 3,Thanh pho Ao,VN,25476
ADDR-001990,So 21 Pho Fictitious,Phuong Gia Lap,Huyen Demo,Tinh Mo Phong,VN,48927
ADDR-001991,So 21 Pho Fictitious,Xa Synthetic,Quan Test 3,Thanh pho Gia,VN,52147
ADDR-001992,So 3 Duong Synthetic,Xa Du Lieu,Quan Test 3,Tinh Mo Phong,VN,59532
ADDR-001993,So 12 Duong Gia,Xa Du Lieu,Quan Mock 1,Thanh pho Ao,VN,33660
ADDR-001994,So 45 Pho Ao,Xa Du Lieu,Huyen Demo,Tinh Mo Phong,VN,46149
ADDR-001995,So 15 Duong Sandbox,Xa Mo Hinh,Quan Mock 1,Thanh pho Ao,VN,10919
ADDR-001996,So 12 Duong Gia,Xa Mo Hinh,Quan Mock 1,Tinh Mo Phong,VN,98153
ADDR-001997,So 3 Duong Synthetic,Xa Du Lieu,Quan Mock 1,Thanh pho Gia,VN,49280
ADDR-001998,So 45 Pho Ao,Phuong Gia Lap,Huyen Demo,Thanh pho Ao,VN,70031
ADDR-001999,So 21 Pho Fictitious,Xa Mo Hinh,Huyen Demo,Tinh Mo Phong,VN,80529
ADDR-002000,So 12 Duong Gia,Xa Du Lieu,Quan Test 3,Thanh pho Demo,VN,26307
ADDR-002001,So 60 Pho Placeholder,Xa Mo Hinh,Quan Test 3,Thanh pho Ao,VN,36806
ADDR-002002,So 15 Duong Sandbox,Xa Mo Hinh,Quan Mock 2,Thanh pho Ao,VN,36481
ADDR-002003,So 12 Duong Gia,Phuong Mo Phong,Quan Mock 2,Thanh pho Ao,VN,32633
ADDR-002004,So 12 Duong Gia,Xa Du Lieu,Huyen Demo,Tinh Mo Phong,VN,31504
ADDR-002005,So 15 Duong Sandbox,Phuong Sandbox,Quan Mock 2,Thanh pho Ao,VN,55537
ADDR-002006,So 7 Ngach Demo,Phuong Thu Nghiem,Quan Mock 1,Thanh pho Demo,VN,96038
ADDR-002007,So 33 Ngach Testbed,Phuong Thu Nghiem,Huyen Sandbox,Tinh Mo Phong,VN,97634
ADDR-002008,So 21 Pho Fictitious,Xa Synthetic,Huyen Sandbox,Thanh pho Gia,VN,48326
ADDR-002009,So 7 Ngach Demo,Xa Synthetic,Quan Mock 1,Tinh Mo Phong,VN,42946
ADDR-002010,So 15 Duong Sandbox,Phuong Gia Lap,Quan Mock 1,Thanh pho Demo,VN,40960
ADDR-002011,So 88 Lo Demo Data,Phuong Sandbox,Quan Mock 2,Thanh pho Gia,VN,79133
ADDR-002012,So 3 Duong Synthetic,Phuong Sandbox,Quan Mock 2,Tinh Mo Phong,VN,54486
ADDR-002013,So 99 Hem Mock,Phuong Gia Lap,Quan Mock 1,Thanh pho Gia,VN,99219
ADDR-002014,So 15 Duong Sandbox,Phuong Mo Phong,Quan Mock 2,Thanh pho Gia,VN,31891
ADDR-002015,So 60 Pho Placeholder,Phuong Sandbox,Quan Mock 1,Thanh pho Gia,VN,84117
ADDR-002016,So 99 Hem Mock,Phuong Mo Phong,Quan Test 3,Thanh pho Ao,VN,54499
ADDR-002017,So 45 Pho Ao,Phuong Thu Nghiem,Huyen Sandbox,Thanh pho Gia,VN,60909
ADDR-002018,So 99 Hem Mock,Phuong Mo Phong,Quan Mock 1,Thanh pho Ao,VN,59892
ADDR-002019,So 21 Pho Fictitious,Phuong Gia Lap,Quan Mock 2,Thanh pho Demo,VN,54345
ADDR-002020,So 15 Duong Sandbox,Phuong Gia Lap,Huyen Sandbox,Tinh Mo Phong,VN,53952
ADDR-002021,So 99 Hem Mock,Phuong Mo Phong,Quan Mock 1,Thanh pho Demo,VN,16080
ADDR-002022,So 60 Pho Placeholder,Phuong Sandbox,Huyen Sandbox,Tinh Mo Phong,VN,56175
ADDR-002023,So 33 Ngach Testbed,Xa Synthetic,Huyen Demo,Tinh Mo Phong,VN,18091
ADDR-002024,So 33 Ngach Testbed,Xa Du Lieu,Quan Test 3,Tinh Mo Phong,VN,32423
ADDR-002025,So 45 Pho Ao,Phuong Thu Nghiem,Huyen Sandbox,Thanh pho Demo,VN,45860
ADDR-002026,So 3 Duong Synthetic,Phuong Demo,Quan Test 3,Thanh pho Gia,VN,82337
ADDR-002027,So 15 Duong Sandbox,Xa Synthetic,Huyen Sandbox,Thanh pho Gia,VN,10212
ADDR-002028,So 45 Pho Ao,Xa Du Lieu,Quan Test 3,Thanh pho Ao,VN,90484
ADDR-002029,So 45 Pho Ao,Phuong Gia Lap,Quan Mock 1,Tinh Mo Phong,VN,90461
ADDR-002030,So 3 Duong Synthetic,Phuong Demo,Huyen Sandbox,Tinh Mo Phong,VN,14722
ADDR-002031,So 99 Hem Mock,Phuong Sandbox,Huyen Sandbox,Thanh pho Ao,VN,39772
ADDR-002032,So 88 Lo Demo Data,Xa Synthetic,Quan Test 3,Thanh pho Demo,VN,46709
ADDR-002033,So 88 Lo Demo Data,Xa Du Lieu,Huyen Demo,Thanh pho Demo,VN,14147
ADDR-002034,So 60 Pho Placeholder,Phuong Thu Nghiem,Huyen Sandbox,Thanh pho Demo,VN,55111
ADDR-002035,So 3 Duong Synthetic,Phuong Thu Nghiem,Quan Test 3,Tinh Mo Phong,VN,54926
ADDR-002036,So 60 Pho Placeholder,Phuong Demo,Huyen Sandbox,Thanh pho Demo,VN,97928
ADDR-002037,So 60 Pho Placeholder,Phuong Mo Phong,Quan Test 3,Thanh pho Ao,VN,37769
ADDR-002038,So 33 Ngach Testbed,Xa Du Lieu,Quan Mock 1,Tinh Mo Phong,VN,18435
ADDR-002039,So 7 Ngach Demo,Xa Synthetic,Quan Test 3,Thanh pho Ao,VN,82562
ADDR-002040,So 7 Ngach Demo,Phuong Sandbox,Quan Mock 1,Thanh pho Demo,VN,97852
ADDR-002041,So 3 Duong Synthetic,Phuong Sandbox,Huyen Demo,Tinh Mo Phong,VN,74037
ADDR-002042,So 45 Pho Ao,Phuong Mo Phong,Quan Test 3,Thanh pho Demo,VN,79041
ADDR-002043,So 33 Ngach Testbed,Xa Mo Hinh,Quan Mock 2,Tinh Mo Phong,VN,62469
ADDR-002044,So 33 Ngach Testbed,Xa Du Lieu,Quan Mock 1,Tinh Mo Phong,VN,21343
ADDR-002045,So 3 Duong Synthetic,Xa Du Lieu,Huyen Sandbox,Thanh pho Demo,VN,30846
ADDR-002046,So 15 Duong Sandbox,Xa Du Lieu,Quan Mock 1,Thanh pho Demo,VN,56362
ADDR-002047,So 21 Pho Fictitious,Phuong Thu Nghiem,Quan Mock 1,Thanh pho Ao,VN,60703
ADDR-002048,So 99 Hem Mock,Xa Synthetic,Quan Mock 1,Tinh Mo Phong,VN,76999
ADDR-002049,So 21 Pho Fictitious,Phuong Sandbox,Quan Mock 2,Thanh pho Demo,VN,35801
ADDR-002050,So 88 Lo Demo Data,Xa Mo Hinh,Quan Mock 1,Tinh Mo Phong,VN,29396
