customer_id,full_name,date_of_birth,nationality,national_id,phone,email,address_id,occupation,annual_income,customer_risk_level,created_at
CUST-000001,Mai Linh Hanh,1950-08-22,VN,972873083538,+84947095573,mai6996@fictitious-mail.dev,ADDR-000001,Retired,99536330,MEDIUM,2024-04-02T23:59:59Z
CUST-000002,Le Quynh Minh,1994-11-16,VN,983632372131,+84967881875,le3579@fictitious-mail.dev,ADDR-000002,Marketing Specialist,215800408,LOW,2023-06-21T23:59:59Z
CUST-000003,Ho Son Khanh,1999-10-01,KR,977735888965,+84974174787,ho7145@example-sandbox.test,ADDR-000003,Consultant,330093890,MEDIUM,2023-10-28T23:59:59Z
CUST-000004,Le Bao Viet,1976-05-21,VN,983773013886,+84915278941,le6295@fictitious-mail.dev,ADDR-000862,Nurse,366766998,LOW,2025-03-22T23:59:59Z
CUST-000005,Mai Phong Quynh,1979-11-10,JP,914277072865,+84914971784,mai5559@mail-demo.invalid,ADDR-000005,Student,410206668,MEDIUM,2025-04-26T23:59:59Z
CUST-000006,Tran Khanh Quynh,1996-10-02,VN,998911392778,+84927520478,tran236@mail-demo.invalid,ADDR-000006,Marketing Specialist,352984113,LOW,2025-07-25T23:59:59Z
CUST-000007,Bui Diep Tuan,1962-09-05,SG,939176149509,+84916118522,bui9718@mail-demo.invalid,ADDR-000007,Student,429219932,LOW,2021-11-01T23:59:59Z
CUST-000008,Cao Cuong Lan,1956-02-01,VN,990108681121,+84948081803,cao6820@fictitious-mail.dev,ADDR-000008,Factory Worker,381438673,MEDIUM,2020-09-27T23:59:59Z
CUST-000009,Cao Giang Thao,1977-09-08,VN,992015337636,+84958573570,cao8843@fictitious-mail.dev,ADDR-000009,Nurse,122453523,LOW,2023-04-29T23:59:59Z
CUST-000010,Tran Dung Bao,1951-06-20,JP,923070949060,+84917040602,tran8805@mail-demo.invalid,ADDR-000010,Retired,93739891,LOW,2023-03-27T23:59:59Z
CUST-000011,Pham Tuan Nga,2001-04-13,VN,974740317158,+84988529753,pham7937@mail-demo.invalid,ADDR-000011,Student,51688812,MEDIUM,2021-07-15T23:59:59Z
CUST-000012,Hoang Chi Dao,1958-02-28,JP,967804156335,+84932978251,hoang5630@mail-demo.invalid,ADDR-000012,Sales Associate,193283685,LOW,2024-02-06T23:59:59Z
CUST-000013,Vu Phong Tuan,1982-10-05,AU,913857962086,+84966072388,vu725@mail-demo.invalid,ADDR-000013,Retired,239403639,MEDIUM,2022-06-04T23:59:59Z
CUST-000014,Dang Phong Giang,1956-05-06,JP,990994158750,+84988337534,dang400@example-sandbox.test,ADDR-000014,Retired,479185758,MEDIUM,2022-12-25T23:59:59Z
CUST-000015,Cao Viet Dao,2005-10-11,VN,923106361494,+84961399349,cao5990@example-sandbox.test,ADDR-000015,Driver,163464553,LOW,2024-07-05T23:59:59Z
CUST-000016,Ly Hieu Nam,2003-06-12,VN,946176205120,+84917309497,ly1039@example-sandbox.test,ADDR-000016,Student,241030689,LOW,2021-06-30T23:59:59Z
CUST-000017,Ho Linh Tam,1959-05-04,VN,929311584866,+84937414797,ho8531@fictitious-mail.dev,ADDR-000017,Software Engineer,208458189,LOW,2025-01-22T23:59:59Z
CUST-000018,Bui Quynh Hieu,1997-09-15,JP,988615435029,+84927710599,bui5022@mail-demo.invalid,ADDR-000018,Factory Worker,404630827,LOW,2021-10-06T23:59:59Z
CUST-000019,Huynh Khanh Lan,1970-06-19,VN,946253340668,+84959616555,huynh3023@mail-demo.invalid,ADDR-000019,Retail Manager,142093017,MEDIUM,2025-01-06T23:59:59Z
CUST-000020,Bui Khanh An,2002-06-21,VN,954848501766,+84925074747,bui7848@mail-demo.invalid,ADDR-000020,Accountant,392413149,LOW,2022-08-11T23:59:59Z
CUST-000021,Phan Binh Giang,1989-11-22,VN,982910675494,+84962938641,phan3186@example-sandbox.test,ADDR-000021,Student,359153487,LOW,2020-11-28T23:59:59Z
CUST-000022,Doan Giang Nam,2001-12-14,JP,932714510152,+84966885794,doan6787@mail-demo.invalid,ADDR-000022,Consultant,358488988,LOW,2020-09-10T23:59:59Z
CUST-000023,Vo Hoa Linh,1990-03-07,VN,965114238912,+84948851088,vo9075@example-sandbox.test,ADDR-000023,Software Engineer,424897755,MEDIUM,2023-01-30T23:59:59Z
CUST-000024,Huynh Quynh Phong,1956-08-03,AU,960446820007,+84987989327,huynh7873@fictitious-mail.dev,ADDR-000024,Freelancer,268829761,MEDIUM,2025-01-01T23:59:59Z
CUST-000025,Do Lan Dung,1972-11-12,VN,949899628574,+84981083363,do1259@fictitious-mail.dev,ADDR-000025,Nurse,345224865,MEDIUM,2023-08-25T23:59:59Z
CUST-000026,Mai Yen Khanh,1955-05-12,JP,954719175873,+84931881401,mai1679@mail-demo.invalid,ADDR-000026,Accountant,378190802,MEDIUM,2024-11-26T23:59:59Z
CUST-000027,Duong Kiet Uy,1955-05-01,VN,928134888874,+84929107146,duong3713@example-sandbox.test,ADDR-000027,Retired,155280478,LOW,2024-09-15T23:59:59Z
CUST-000028,Trinh Hieu Dung,1985-05-02,VN,938354480617,+84988866745,trinh3278@mail-demo.invalid,ADDR-000028,Marketing Specialist,587762952,LOW,2025-01-02T23:59:59Z
CUST-000029,Mai An Uy,1968-05-06,KR,926000253636,+84938724658,mai8261@fictitious-mail.dev,ADDR-000029,Retired,222836290,LOW,2021-08-29T23:59:59Z
CUST-000030,Pham Oanh Hanh,1988-06-23,VN,918764347045,+84954038904,pham8089@mail-demo.invalid,ADDR-000030,Freelancer,386189196,LOW,2024-11-28T23:59:59Z
CUST-000031,Ly Hai Diep,1983-11-03,VN,962155366542,+84963770881,ly9676@mail-demo.invalid,ADDR-000031,Civil Servant,473555406,MEDIUM,2022-09-28T23:59:59Z
CUST-000032,Mai Hieu Son,1965-06-16,AU,965620422710,+84975032899,mai8380@example-sandbox.test,ADDR-000032,Retired,113718703,LOW,2020-05-20T23:59:59Z
CUST-000033,Nguyen Linh Cuong,1993-03-10,AU,925561665617,+84920269972,nguyen8519@example-sandbox.test,ADDR-000033,Factory Worker,295533105,LOW,2021-11-11T23:59:59Z
CUST-000034,Duong Tuan Cuong,1983-01-06,KR,952002127877,+84932031067,duong8053@example-sandbox.test,ADDR-000034,Accountant,139317216,LOW,2023-02-04T23:59:59Z
CUST-000035,Vo Quynh Hieu,2003-06-02,VN,916830988382,+84927206452,vo6004@example-sandbox.test,ADDR-000035,Student,43088280,MEDIUM,2021-05-17T23:59:59Z
CUST-000036,Le Em Thao,1962-01-18,SG,970290077805,+84998284097,le6922@fictitious-mail.dev,ADDR-000036,Retail Manager,211149539,MEDIUM,2023-10-12T23:59:59Z
CUST-000037,Phan Van Quynh,1987-06-06,AU,958531072709,+84968517739,phan3306@example-sandbox.test,ADDR-000037,Marketing Specialist,478300967,MEDIUM,2021-02-14T23:59:59Z
CUST-000038,Le Dao Uy,2004-02-21,VN,967122674302,+84999047650,le8847@example-sandbox.test,ADDR-000038,Student,47308014,LOW,2024-06-30T23:59:59Z
CUST-000039,Doan Nhi Khoa,1991-01-17,VN,971694089925,+84929829822,doan3939@mail-demo.invalid,ADDR-000039,Civil Servant,456488394,LOW,2021-08-06T23:59:59Z
CUST-000040,Vu Hanh Khanh,1967-05-15,JP,967707751452,+84996828407,vu607@mail-demo.invalid,ADDR-000040,Accountant,251848305,LOW,2025-07-08T23:59:59Z
CUST-000041,Cao Thao Em,1981-11-22,VN,930799454031,+84941680907,cao1834@fictitious-mail.dev,ADDR-000041,Civil Servant,315117274,LOW,2020-08-23T23:59:59Z
CUST-000042,Hoang Hai Linh,1968-07-09,AU,974664707203,+84981601127,hoang6140@fictitious-mail.dev,ADDR-000042,Teacher,355941567,LOW,2024-02-18T23:59:59Z
CUST-000043,Tran Phong Quang,1990-11-23,SG,925828021089,+84981794497,tran3873@example-sandbox.test,ADDR-000043,Freelancer,266037261,LOW,2023-07-08T23:59:59Z
CUST-000044,Vo Giang Quynh,1985-06-23,US,926407811505,+84931520919,vo4276@fictitious-mail.dev,ADDR-000044,Teacher,341706918,LOW,2021-07-16T23:59:59Z
CUST-000045,Dang Tuan Dao,1960-04-17,VN,995242045966,+84965071708,dang5234@example-sandbox.test,ADDR-000045,Retired,184730279,HIGH,2025-01-19T23:59:59Z
CUST-000046,Vu Binh Binh,1990-11-08,VN,974313388195,+84936610839,vu4290@fictitious-mail.dev,ADDR-000046,Consultant,448566692,LOW,2022-01-16T23:59:59Z
CUST-000047,Vu Nam Minh,2002-07-05,US,939447746310,+84990541748,vu3532@example-sandbox.test,ADDR-000047,Student,57163063,MEDIUM,2024-01-22T23:59:59Z
CUST-000048,Duong Giang An,1985-12-13,VN,964603362120,+84966813149,duong9785@example-sandbox.test,ADDR-000048,Teacher,293541363,LOW,2024-12-04T23:59:59Z
CUST-000049,Cao Cuong Thao,1956-09-02,AU,945130136199,+84932799095,cao8254@example-sandbox.test,ADDR-000049,Retired,179752539,MEDIUM,2024-12-06T23:59:59Z
CUST-000050,Ngo Tam Quang,1994-09-11,US,935308832733,+84952351453,ngo8050@mail-demo.invalid,ADDR-000050,Retail Manager,261603964,MEDIUM,2021-01-08T23:59:59Z
CUST-000051,Duong Yen Xuan,1986-02-28,VN,957775731167,+84922559810,duong3338@example-sandbox.test,ADDR-000051,Accountant,384671213,MEDIUM,2023-02-08T23:59:59Z
CUST-000052,Nguyen Tam Hanh,1980-02-27,SG,910660460633,+84920880123,nguyen7541@fictitious-mail.dev,ADDR-000052,Marketing Specialist,436935564,LOW,2023-07-30T23:59:59Z
CUST-000053,Dang Tuan Dung,2002-10-13,VN,946072822584,+84933892205,dang3934@example-sandbox.test,ADDR-000053,Teacher,393752257,LOW,2025-04-11T23:59:59Z
CUST-000054,Cao Hung Yen,1999-09-07,JP,976091341262,+84946034695,cao9226@fictitious-mail.dev,ADDR-000054,Student,48659610,LOW,2021-01-02T23:59:59Z
CUST-000055,Trinh Giang Tam,1984-08-10,VN,931406916870,+84950320166,trinh4074@fictitious-mail.dev,ADDR-000055,Freelancer,162511119,LOW,2023-03-22T23:59:59Z
CUST-000056,Le Trang Binh,1962-08-06,VN,965159877676,+84916074522,le1365@example-sandbox.test,ADDR-000056,Civil Servant,475182158,LOW,2021-07-09T23:59:59Z
CUST-000057,Nguyen An Diep,1962-11-16,JP,964510892694,+84998277293,nguyen9862@fictitious-mail.dev,ADDR-000057,Retired,212199714,LOW,2025-08-06T23:59:59Z
CUST-000058,Hoang Phong Khoa,1995-09-07,VN,929170266800,+84973617738,hoang6913@mail-demo.invalid,ADDR-000058,Teacher,524134215,LOW,2020-11-10T23:59:59Z
CUST-000059,Pham Khoa Hoa,1986-10-24,KR,952945491254,+84914968366,pham7988@example-sandbox.test,ADDR-000059,Retired,430666403,LOW,2021-07-16T23:59:59Z
CUST-000060,Cao Yen My,2004-05-24,VN,959260012582,+84968802221,cao3803@fictitious-mail.dev,ADDR-000060,Student,34826903,LOW,2025-07-22T23:59:59Z
CUST-000061,Le Phuong Hung,1966-10-16,VN,969242556032,+84976266658,le4976@mail-demo.invalid,ADDR-000061,Nurse,183920491,MEDIUM,2024-07-21T23:59:59Z
CUST-000062,Cao Nga Hanh,1952-06-26,SG,917599403070,+84984762274,cao4383@mail-demo.invalid,ADDR-000062,Retired,94604301,MEDIUM,2022-12-11T23:59:59Z
CUST-000063,Pham Lan Hanh,1968-03-24,VN,973171080634,+84977900294,pham8166@fictitious-mail.dev,ADDR-000063,Consultant,294153159,LOW,2020-07-25T23:59:59Z
CUST-000064,Trinh Lan Giang,1972-06-21,VN,981955765379,+84966602596,trinh3739@mail-demo.invalid,ADDR-000064,Factory Worker,342806048,LOW,2023-08-02T23:59:59Z
CUST-000065,Ho Lan Khoa,1958-11-21,VN,991185667112,+84917759103,ho8517@example-sandbox.test,ADDR-000065,Freelancer,139914545,LOW,2023-06-20T23:59:59Z
CUST-000066,Cao Nhi My,2003-07-25,VN,952438463123,+84921311994,cao606@fictitious-mail.dev,ADDR-000066,Student,67537345,LOW,2020-09-11T23:59:59Z
CUST-000067,Dang Khoa Trang,1962-06-09,KR,924407353338,+84916406597,dang2044@example-sandbox.test,ADDR-000067,Sales Associate,132183122,MEDIUM,2021-07-26T23:59:59Z
CUST-000068,Mai Hung Cuong,1952-09-19,VN,971681174392,+84923151704,mai2402@fictitious-mail.dev,ADDR-000068,Retired,104002874,LOW,2025-01-30T23:59:59Z
CUST-000069,Mai Quynh Khoa,1983-12-14,VN,979339438868,+84927062291,mai7943@fictitious-mail.dev,ADDR-000069,Retired,382820359,LOW,2021-10-22T23:59:59Z
CUST-000070,Mai Tam Chi,1949-05-12,VN,975687149498,+84913755114,mai2341@mail-demo.invalid,ADDR-000070,Retired,109857504,MEDIUM,2025-01-04T23:59:59Z
CUST-000071,Tran Hoa Phuong,1991-08-11,US,929781372583,+84928592146,tran8271@fictitious-mail.dev,ADDR-000071,Retired,403742223,MEDIUM,2023-12-08T23:59:59Z
CUST-000072,Tran My Son,1999-12-01,AU,984340936419,+84996591866,tran2029@fictitious-mail.dev,ADDR-000072,Student,35114219,LOW,2020-10-25T23:59:59Z
CUST-000073,Vu Hieu My,1962-07-19,VN,914010849996,+84955628196,vu7161@mail-demo.invalid,ADDR-000073,Retired,103007542,LOW,2022-04-09T23:59:59Z
CUST-000074,Huynh Dung Nhi,1975-12-02,VN,924559680193,+84952955238,huynh2335@example-sandbox.test,ADDR-000074,Student,134587421,LOW,2024-08-27T23:59:59Z
CUST-000075,Duong Xuan Hoa,1959-07-21,VN,944439722839,+84984366722,duong9604@fictitious-mail.dev,ADDR-000075,Teacher,115519027,LOW,2022-12-16T23:59:59Z
CUST-000076,Doan Khoa Xuan,1983-08-27,AU,997141662861,+84932465588,doan9@mail-demo.invalid,ADDR-000076,Retired,120537439,LOW,2025-06-09T23:59:59Z
CUST-000077,Pham Hung Xuan,1972-04-20,KR,997370953130,+84945079216,pham7418@example-sandbox.test,ADDR-000077,Nurse,351908067,LOW,2020-09-30T23:59:59Z
CUST-000078,Huynh Hoa Xuan,1999-07-18,VN,998687197488,+84920404976,huynh8826@mail-demo.invalid,ADDR-000078,Consultant,382517373,MEDIUM,2021-09-23T23:59:59Z
CUST-000079,Duong An Nga,2002-05-22,SG,919412470990,+84992334886,duong4968@fictitious-mail.dev,ADDR-000079,Nurse,507174174,LOW,2025-07-24T23:59:59Z
CUST-000080,Doan Minh Dao,1998-10-06,VN,929706016861,+84918730772,doan2088@example-sandbox.test,ADDR-000080,Driver,423718421,HIGH,2021-11-05T23:59:59Z
CUST-000081,Tran Tuan Khoa,1981-11-17,JP,959373117463,+84979425047,tran713@fictitious-mail.dev,ADDR-000081,Nurse,185346690,LOW,2024-02-19T23:59:59Z
CUST-000082,Huynh Van Thao,1959-02-01,JP,987412591612,+84994060174,huynh5478@example-sandbox.test,ADDR-000082,Nurse,435702536,LOW,2022-02-28T23:59:59Z
CUST-000083,Pham Giang Dung,1957-12-03,VN,973575768491,+84917353632,pham4940@fictitious-mail.dev,ADDR-000083,Retired,179465016,LOW,2023-12-01T23:59:59Z
CUST-000084,Ho Oanh Khoa,1994-06-21,VN,980669721583,+84954049408,ho9631@mail-demo.invalid,ADDR-000084,Teacher,174373172,LOW,2022-03-14T23:59:59Z
CUST-000085,Tran Dung Hung,1974-09-21,SG,988645954641,+84982631078,tran2386@mail-demo.invalid,ADDR-000085,Retired,353994181,LOW,2022-05-24T23:59:59Z
CUST-000086,Phan Minh Em,1976-08-23,JP,989793666575,+84955051587,phan4910@example-sandbox.test,ADDR-000086,Student,458554682,LOW,2024-08-11T23:59:59Z
CUST-000087,Ho Nam Diep,1966-06-01,VN,911537111540,+84984449447,ho1888@mail-demo.invalid,ADDR-000087,Sales Associate,123610665,LOW,2021-01-15T23:59:59Z
CUST-000088,Phan Binh Linh,1948-11-05,US,926685997462,+84955417034,phan3445@example-sandbox.test,ADDR-000088,Retired,171594757,LOW,2025-07-22T23:59:59Z
CUST-000089,Phan Viet Cuong,1956-07-21,VN,918250690566,+84992681879,phan9623@mail-demo.invalid,ADDR-000089,Retired,140470126,MEDIUM,2023-11-21T23:59:59Z
CUST-000090,Cao Em Lan,1987-11-25,KR,976031970065,+84979644554,cao7607@mail-demo.invalid,ADDR-000090,Student,503355428,MEDIUM,2023-07-01T23:59:59Z
CUST-000091,Vu Diep Nam,2004-10-06,SG,984107638795,+84921376149,vu2201@mail-demo.invalid,ADDR-000091,Student,49305609,LOW,2020-09-08T23:59:59Z
CUST-000092,Vo Cuong Binh,1966-05-21,VN,949008690492,+84977345747,vo8402@fictitious-mail.dev,ADDR-000092,Marketing Specialist,245515266,LOW,2023-03-13T23:59:59Z
CUST-000093,Cao Hung Viet,1971-05-27,SG,912814528616,+84973351303,cao8400@mail-demo.invalid,ADDR-000093,Consultant,280778961,LOW,2025-08-16T23:59:59Z
CUST-000094,Ngo Hoa Nam,1983-09-01,SG,987906198004,+84927226260,ngo5007@fictitious-mail.dev,ADDR-000094,Software Engineer,557920888,MEDIUM,2023-02-24T23:59:59Z
CUST-000095,Hoang Van Dao,1995-10-19,US,965749414722,+84937407879,hoang6401@mail-demo.invalid,ADDR-000095,Retail Manager,443734654,LOW,2021-03-11T23:59:59Z
CUST-000096,Huynh Minh Em,1979-04-10,KR,970430101504,+84917711235,huynh6040@fictitious-mail.dev,ADDR-000096,Software Engineer,210537584,LOW,2024-01-30T23:59:59Z
CUST-000097,Ngo Phuong Lan,1993-10-07,KR,946330941251,+84937072082,ngo122@mail-demo.invalid,ADDR-000097,Retired,266598417,LOW,2022-06-13T23:59:59Z
CUST-000098,Dang Diep Nhi,1966-03-20,US,963505964480,+84998460225,dang3006@fictitious-mail.dev,ADDR-000098,Driver,253753239,LOW,2023-05-06T23:59:59Z
CUST-000099,Le Hai Trang,1955-03-09,VN,916468498095,+84972031070,le438@mail-demo.invalid,ADDR-000099,Retired,120523603,LOW,2023-05-17T23:59:59Z
CUST-000100,Duong Em Giang,1990-12-15,VN,932167900479,+84912424794,duong9945@mail-demo.invalid,ADDR-000243,Accountant,250080388,LOW,2021-12-27T23:59:59Z
CUST-000101,Tran Uy Hai,1979-08-02,AU,914315006465,+84960653170,tran3306@mail-demo.invalid,ADDR-000101,Student,285530320,MEDIUM,2021-10-20T23:59:59Z
CUST-000102,Tran Hoa Trang,1961-06-18,VN,938452755404,+84982706099,tran6473@example-sandbox.test,ADDR-000102,Teacher,275632738,LOW,2021-02-05T23:59:59Z
CUST-000103,Cao Bao Chi,1959-07-10,AU,927138956600,+84981965066,cao9326@mail-demo.invalid,ADDR-000103,Sales Associate,237338965,HIGH,2020-09-15T23:59:59Z
CUST-000104,Cao Hieu My,2006-09-19,VN,910999034756,+84992724918,cao2033@example-sandbox.test,ADDR-000104,Student,39597809,LOW,2022-01-30T23:59:59Z
CUST-000105,Duong Van Hung,1972-01-17,US,940166533165,+84954462343,duong5616@mail-demo.invalid,ADDR-000105,Nurse,465531230,LOW,2023-11-22T23:59:59Z
CUST-000106,Hoang Nam Hung,2000-04-08,KR,966170288878,+84972689644,hoang5104@mail-demo.invalid,ADDR-000106,Student,60832505,MEDIUM,2022-05-08T23:59:59Z
CUST-000107,Ho Cuong Lan,1959-10-24,US,930445437912,+84974693042,ho325@example-sandbox.test,ADDR-000107,Retired,127819218,LOW,2023-04-21T23:59:59Z
CUST-000108,Bui Hung Phuong,1967-01-01,KR,976031934498,+84964298487,bui6813@example-sandbox.test,ADDR-000108,Civil Servant,221804584,LOW,2024-10-21T23:59:59Z
CUST-000109,Ngo Quang Yen,1960-06-23,VN,964335228971,+84966913730,ngo4044@mail-demo.invalid,ADDR-000109,Retired,152407482,LOW,2022-02-10T23:59:59Z
CUST-000110,Pham Giang Cuong,1963-09-07,US,946193137400,+84950563223,pham8203@fictitious-mail.dev,ADDR-000110,Retired,70784168,LOW,2020-08-14T23:59:59Z
CUST-000111,Dang An Lan,1986-02-25,US,968089269435,+84997848347,dang4725@fictitious-mail.dev,ADDR-000111,Freelancer,152007042,LOW,2025-08-30T23:59:59Z
CUST-000112,Huynh Minh Quang,1981-10-04,VN,948997486159,+84921503407,huynh6189@mail-demo.invalid,ADDR-000112,Sales Associate,456530755,LOW,2023-03-15T23:59:59Z
CUST-000113,Nguyen Cuong Kiet,1988-05-16,JP,956200583704,+84991117376,nguyen7037@example-sandbox.test,ADDR-000113,Student,508754168,MEDIUM,2020-04-11T23:59:59Z
CUST-000114,Ho Hung Binh,1999-05-23,VN,971711936504,+84992993759,ho7786@fictitious-mail.dev,ADDR-000114,Student,59609932,LOW,2020-10-19T23:59:59Z
CUST-000115,Cao Giang Yen,1960-12-04,US,992866510467,+84936182785,cao2346@fictitious-mail.dev,ADDR-000115,Retired,175038014,MEDIUM,2021-12-24T23:59:59Z
CUST-000116,Doan Phong Phong,1950-12-03,VN,913074187947,+84931506414,doan5350@example-sandbox.test,ADDR-000116,Retired,148549488,MEDIUM,2021-06-13T23:59:59Z
CUST-000117,Cao Em Van,1957-09-28,US,943537026580,+84940004485,cao4245@mail-demo.invalid,ADDR-000117,Retired,146181498,LOW,2022-01-02T23:59:59Z
CUST-000118,Tran Hieu Viet,1967-07-11,SG,979261962732,+84999086047,tran9857@fictitious-mail.dev,ADDR-000118,Nurse,328384042,LOW,2020-12-03T23:59:59Z
CUST-000119,Bui Thao Trang,1999-12-19,JP,975350955632,+84949123810,bui6172@mail-demo.invalid,ADDR-000119,Factory Worker,266808715,LOW,2024-12-24T23:59:59Z
CUST-000120,Ngo Phuong Yen,2003-02-17,VN,939734332549,+84983552661,ngo6452@mail-demo.invalid,ADDR-000120,Accountant,329950403,LOW,2023-06-24T23:59:59Z
CUST-000121,Nguyen Bao Dao,1961-07-14,VN,918272044055,+84922891308,nguyen5826@example-sandbox.test,ADDR-000121,Accountant,199245078,MEDIUM,2021-11-13T23:59:59Z
CUST-000122,Ho Giang Oanh,1996-11-21,JP,911577640521,+84926106179,ho1911@mail-demo.invalid,ADDR-000122,Teacher,267755484,LOW,2023-07-13T23:59:59Z
CUST-000123,Ngo Thao Dao,1963-02-23,KR,962333703397,+84912650315,ngo6452@fictitious-mail.dev,ADDR-000123,Consultant,274605977,MEDIUM,2025-02-11T23:59:59Z
CUST-000124,Doan My Tuan,1998-04-21,VN,983391632032,+84944461808,doan574@mail-demo.invalid,ADDR-000124,Student,62593034,HIGH,2024-12-13T23:59:59Z
CUST-000125,Mai Quynh Tuan,1988-10-18,KR,917815823845,+84941823071,mai602@mail-demo.invalid,ADDR-000125,Accountant,309041443,LOW,2020-07-25T23:59:59Z
CUST-000126,Ho Lan Diep,1984-11-14,VN,938071495319,+84919470140,ho4414@fictitious-mail.dev,ADDR-000126,Civil Servant,236461520,MEDIUM,2025-03-16T23:59:59Z
CUST-000127,Doan Hanh Xuan,1981-11-03,SG,956854852172,+84946675397,doan2398@mail-demo.invalid,ADDR-000127,Sales Associate,296822467,LOW,2025-04-20T23:59:59Z
CUST-000128,Dang Xuan Son,1993-01-06,SG,933147998269,+84956328320,dang8712@fictitious-mail.dev,ADDR-000128,Driver,581342484,HIGH,2025-02-12T23:59:59Z
CUST-000129,Do Phong Kiet,1981-03-15,SG,973558939966,+84977408068,do4700@example-sandbox.test,ADDR-000129,Freelancer,365772304,LOW,2021-09-16T23:59:59Z
CUST-000130,Mai Dung Giang,2002-08-26,VN,930318619978,+84974378331,mai8157@fictitious-mail.dev,ADDR-000130,Marketing Specialist,397512263,HIGH,2024-01-26T23:59:59Z
CUST-000131,Duong Lan Uy,1969-06-27,VN,959450898327,+84916832563,duong6926@example-sandbox.test,ADDR-000131,Freelancer,160331019,LOW,2024-09-09T23:59:59Z
CUST-000132,Phan An Dao,1980-05-21,KR,916392055779,+84957747160,phan97@fictitious-mail.dev,ADDR-000132,Retired,595562112,LOW,2024-06-14T23:59:59Z
CUST-000133,Pham Quynh An,1964-05-08,JP,958942693495,+84950169346,pham5972@example-sandbox.test,ADDR-000133,Accountant,472527399,LOW,2021-05-11T23:59:59Z
CUST-000134,Dang Chi Hung,1980-06-02,VN,938631131693,+84974329883,dang4355@mail-demo.invalid,ADDR-000134,Freelancer,499391148,MEDIUM,2023-04-24T23:59:59Z
CUST-000135,Hoang Khanh Yen,1987-11-08,VN,967304059236,+84990139636,hoang132@example-sandbox.test,ADDR-000135,Retired,511986656,LOW,2025-08-06T23:59:59Z
CUST-000136,Ly Hai Trang,1994-10-21,VN,923870099519,+84927756443,ly6575@mail-demo.invalid,ADDR-000136,Sales Associate,221290895,HIGH,2024-08-27T23:59:59Z
CUST-000137,Tran Trang Khoa,1996-02-09,SG,941860386095,+84952928316,tran780@mail-demo.invalid,ADDR-000137,Software Engineer,283364446,LOW,2025-05-20T23:59:59Z
CUST-000138,Pham An Xuan,2004-06-12,SG,981248830533,+84991163313,pham6089@mail-demo.invalid,ADDR-000138,Marketing Specialist,189958622,LOW,2020-11-02T23:59:59Z
CUST-000139,Cao Van Thao,2001-04-18,VN,927368036456,+84935730441,cao6852@fictitious-mail.dev,ADDR-000139,Civil Servant,508552328,LOW,2023-01-05T23:59:59Z
CUST-000140,Dang Chi Dao,1958-12-27,US,931796896879,+84968753131,dang8345@example-sandbox.test,ADDR-000140,Retail Manager,222107969,MEDIUM,2021-03-21T23:59:59Z
CUST-000141,Vu Tam Son,1990-04-02,KR,949677838914,+84915246661,vu2428@example-sandbox.test,ADDR-000141,Accountant,211863496,LOW,2025-01-02T23:59:59Z
CUST-000142,Ngo Nhi Tam,1998-06-08,VN,945118810443,+84912098962,ngo8805@fictitious-mail.dev,ADDR-000142,Student,24698481,HIGH,2022-03-01T23:59:59Z
CUST-000143,Mai Diep Khanh,1983-06-05,JP,974826909493,+84934362335,mai7527@mail-demo.invalid,ADDR-000143,Consultant,352950200,MEDIUM,2024-05-16T23:59:59Z
CUST-000144,Ngo Phong Oanh,1957-09-05,VN,925476027818,+84960717541,ngo6292@mail-demo.invalid,ADDR-000144,Retired,157214829,LOW,2025-02-09T23:59:59Z
CUST-000145,Phan Hung Phuong,2005-05-11,JP,940728400736,+84917499483,phan8906@fictitious-mail.dev,ADDR-000145,Student,34948438,LOW,2021-02-05T23:59:59Z
CUST-000146,Hoang Yen Tam,1969-11-23,VN,933587189786,+84924782157,hoang3679@mail-demo.invalid,ADDR-000146,Sales Associate,326557756,LOW,2020-07-03T23:59:59Z
CUST-000147,Huynh Khoa Khanh,2002-06-04,VN,978359706021,+84998816127,huynh6048@example-sandbox.test,ADDR-000147,Student,43260616,MEDIUM,2022-03-03T23:59:59Z
CUST-000148,Mai Khoa Son,1964-03-06,US,954464116035,+84976331270,mai6945@example-sandbox.test,ADDR-000148,Civil Servant,293437978,HIGH,2025-03-01T23:59:59Z
CUST-000149,Le Hieu Hoa,1988-12-03,VN,911553530199,+84937283734,le282@example-sandbox.test,ADDR-000149,Retail Manager,237754037,LOW,2022-06-07T23:59:59Z
CUST-000150,Tran Hung Hanh,1999-07-24,VN,959068750421,+84917258943,tran1737@fictitious-mail.dev,ADDR-000150,Driver,196813653,LOW,2021-09-22T23:59:59Z
CUST-000151,Trinh Thao Phuong,1981-08-26,VN,924116565665,+84930922844,trinh984@fictitious-mail.dev,ADDR-000151,Software Engineer,281106416,MEDIUM,2021-08-15T23:59:59Z
CUST-000152,Vo Giang Uy,1979-12-07,US,916953740030,+84939381121,vo6428@mail-demo.invalid,ADDR-000152,Consultant,187180457,MEDIUM,2020-05-04T23:59:59Z
CUST-000153,Le Bao Kiet,2004-01-08,VN,983713494654,+84924289429,le1071@mail-demo.invalid,ADDR-000153,Driver,280104976,LOW,2020-12-04T23:59:59Z
CUST-000154,Tran Tuan Giang,1945-05-13,KR,953786692104,+84962430988,tran5831@mail-demo.invalid,ADDR-000154,Retired,160888705,MEDIUM,2023-09-03T23:59:59Z
CUST-000155,Huynh Khanh Oanh,1960-02-23,VN,939568281759,+84997807942,huynh2308@fictitious-mail.dev,ADDR-000155,Accountant,436055808,HIGH,2020-09-16T23:59:59Z
CUST-000156,Cao Em Khanh,1965-01-05,VN,974798891796,+84922631766,cao7452@example-sandbox.test,ADDR-000156,Retired,73073617,LOW,2022-11-19T23:59:59Z
CUST-000157,Hoang Hanh Dao,1986-05-13,US,995285169715,+84927311971,hoang7223@example-sandbox.test,ADDR-000157,Retail Manager,295137600,HIGH,2025-06-13T23:59:59Z
CUST-000158,Pham Tam Cuong,1963-02-08,US,973884025952,+84999811868,pham1532@example-sandbox.test,ADDR-000158,Retired,174599014,LOW,2023-06-08T23:59:59Z
CUST-000159,Ly Nam Phuong,1962-01-18,VN,978498430565,+84929530531,ly3498@example-sandbox.test,ADDR-000159,Driver,364050054,LOW,2024-02-10T23:59:59Z
CUST-000160,Huynh Giang Khanh,1959-02-10,JP,969576733159,+84980434503,huynh3508@fictitious-mail.dev,ADDR-000160,Sales Associate,337469485,LOW,2024-02-20T23:59:59Z
CUST-000161,Do Dao Cuong,1955-04-03,AU,929827769690,+84953450650,do5186@mail-demo.invalid,ADDR-000161,Accountant,440580999,MEDIUM,2022-07-12T23:59:59Z
CUST-000162,Phan Minh Hoa,1999-10-13,VN,937264819855,+84935656926,phan9451@mail-demo.invalid,ADDR-000162,Student,209174810,MEDIUM,2022-08-11T23:59:59Z
CUST-000163,Bui Hanh Linh,1984-03-18,AU,983713051126,+84968502308,bui6252@example-sandbox.test,ADDR-000163,Consultant,320318072,LOW,2023-04-09T23:59:59Z
CUST-000164,Ly Nhi Viet,1961-09-19,VN,951522498878,+84966457460,ly3472@mail-demo.invalid,ADDR-000164,Factory Worker,338426175,MEDIUM,2022-02-13T23:59:59Z
CUST-000165,Trinh Tam Son,1953-07-22,VN,969738953747,+84914385512,trinh255@mail-demo.invalid,ADDR-000165,Retired,172539440,LOW,2023-12-13T23:59:59Z
CUST-000166,Ho Linh Diep,1961-04-04,VN,925050669420,+84994750585,ho9453@example-sandbox.test,ADDR-000166,Retired,118707047,MEDIUM,2024-10-13T23:59:59Z
CUST-000167,Ho Binh Hung,2003-11-08,VN,983846932875,+84942917490,ho6195@example-sandbox.test,ADDR-000167,Student,40087463,LOW,2024-08-16T23:59:59Z
CUST-000168,Hoang Tam Quang,1966-08-28,SG,962432842460,+84923511929,hoang8046@mail-demo.invalid,ADDR-000168,Freelancer,141543839,LOW,2025-02-24T23:59:59Z
CUST-000169,Mai Kiet Chi,1962-08-20,AU,912347125656,+84931258513,mai8549@fictitious-mail.dev,ADDR-000169,Sales Associate,286178092,HIGH,2023-10-01T23:59:59Z
CUST-000170,Vu Giang Hung,1972-04-03,SG,986055639820,+84997499829,vu4823@example-sandbox.test,ADDR-000170,Civil Servant,358543542,HIGH,2024-02-20T23:59:59Z
CUST-000171,Phan Quynh Khoa,1958-05-27,SG,925560284106,+84991509842,phan6276@example-sandbox.test,ADDR-000171,Retired,160271282,LOW,2022-04-30T23:59:59Z
CUST-000172,Cao Uy Yen,1980-03-26,SG,958043138628,+84942926044,cao1191@mail-demo.invalid,ADDR-000172,Marketing Specialist,181552225,LOW,2025-07-03T23:59:59Z
CUST-000173,Dang Kiet Nam,2001-05-23,AU,921473339290,+84987034049,dang6910@fictitious-mail.dev,ADDR-000173,Student,61645301,MEDIUM,2025-02-04T23:59:59Z
CUST-000174,Ho Phong Dao,1956-11-26,AU,914243233430,+84971977968,ho4660@mail-demo.invalid,ADDR-000174,Consultant,129575789,HIGH,2024-01-28T23:59:59Z
CUST-000175,Doan Tuan Quynh,1994-05-23,JP,926795348592,+84960184824,doan1684@mail-demo.invalid,ADDR-001352,Nurse,311166089,LOW,2025-05-29T23:59:59Z
CUST-000176,Vo Chi Hanh,1958-02-09,SG,994558979380,+84960943206,vo4423@fictitious-mail.dev,ADDR-000176,Accountant,283364501,MEDIUM,2020-05-12T23:59:59Z
CUST-000177,Ly Son Tuan,2005-05-25,VN,921645294346,+84957380159,ly9151@mail-demo.invalid,ADDR-000177,Student,30160551,LOW,2024-05-28T23:59:59Z
CUST-000178,Phan Hieu Uy,1987-05-23,JP,929994315483,+84977714375,phan1732@mail-demo.invalid,ADDR-000178,Nurse,288233345,MEDIUM,2020-11-09T23:59:59Z
CUST-000179,Duong Hai Hanh,1970-03-09,VN,972409677605,+84957238845,duong4352@mail-demo.invalid,ADDR-000179,Retail Manager,367415255,LOW,2025-07-31T23:59:59Z
CUST-000180,Phan Tam Minh,1980-05-17,AU,980839542298,+84968192155,phan1789@fictitious-mail.dev,ADDR-000180,Software Engineer,438927718,LOW,2024-09-06T23:59:59Z
CUST-000181,Ho Hai Nga,2001-08-07,VN,939144478341,+84956658526,ho4719@fictitious-mail.dev,ADDR-000181,Driver,264024720,LOW,2021-01-19T23:59:59Z
CUST-000182,Huynh Van Oanh,1964-11-16,US,911434751674,+84933825666,huynh4323@mail-demo.invalid,ADDR-000182,Accountant,106836959,MEDIUM,2020-04-11T23:59:59Z
CUST-000183,Trinh Trang Lan,2003-02-10,SG,976368481878,+84957081034,trinh8941@example-sandbox.test,ADDR-000183,Marketing Specialist,170417600,LOW,2024-11-06T23:59:59Z
CUST-000184,Trinh Binh Khanh,1981-11-05,SG,912138173174,+84942798491,trinh9464@fictitious-mail.dev,ADDR-000184,Civil Servant,218248825,HIGH,2020-11-14T23:59:59Z
CUST-000185,Do Van Diep,1958-05-07,VN,981208482577,+84956073515,do2015@example-sandbox.test,ADDR-000185,Retired,97077262,MEDIUM,2020-05-16T23:59:59Z
CUST-000186,Ly Tam Em,1973-01-07,VN,990854780561,+84926567268,ly872@example-sandbox.test,ADDR-000186,Sales Associate,343663257,LOW,2025-08-02T23:59:59Z
CUST-000187,Phan Khoa Hieu,1960-01-16,SG,998813482402,+84961840367,phan6924@example-sandbox.test,ADDR-000187,Teacher,217498371,HIGH,2024-01-16T23:59:59Z
CUST-000188,Phan Thao Thao,2002-08-18,VN,924761342259,+84928603902,phan8628@example-sandbox.test,ADDR-000188,Student,66165762,LOW,2022-06-30T23:59:59Z
CUST-000189,Dang Phong Hieu,1956-09-19,VN,965169315940,+84926902822,dang6602@fictitious-mail.dev,ADDR-000189,Retired,143334410,LOW,2024-12-16T23:59:59Z
CUST-000190,Mai Trang Dung,1999-03-18,JP,940650616447,+84995854802,mai2536@example-sandbox.test,ADDR-000190,Marketing Specialist,397167141,LOW,2024-07-10T23:59:59Z
CUST-000191,Ly Binh Trang,1957-05-13,JP,935695484816,+84941531482,ly8958@example-sandbox.test,ADDR-000191,Retired,76349251,MEDIUM,2025-05-12T23:59:59Z
CUST-000192,Ly Tam Tam,1997-08-12,VN,963219752453,+84924406372,ly7602@example-sandbox.test,ADDR-000192,Consultant,416090158,MEDIUM,2025-02-10T23:59:59Z
CUST-000193,Duong Oanh Son,1955-09-28,KR,958149934058,+84980471776,duong6400@fictitious-mail.dev,ADDR-000193,Teacher,312064314,LOW,2024-10-13T23:59:59Z
CUST-000194,Ly Cuong Phuong,1993-10-23,KR,946616459823,+84927370722,ly5310@fictitious-mail.dev,ADDR-000194,Driver,196837840,LOW,2021-12-23T23:59:59Z
CUST-000195,Huynh Cuong Hoa,1959-05-04,VN,970442566647,+84960240663,huynh9938@fictitious-mail.dev,ADDR-000195,Consultant,448513257,LOW,2025-04-29T23:59:59Z
CUST-000196,Dang Nga Minh,2000-04-03,AU,996003469046,+84999745791,dang1577@mail-demo.invalid,ADDR-000196,Student,59469010,LOW,2023-03-29T23:59:59Z
CUST-000197,Ly Trang Yen,1977-03-26,VN,967719541788,+84993949256,ly6163@mail-demo.invalid,ADDR-000197,Driver,419948332,LOW,2022-03-16T23:59:59Z
CUST-000198,Huynh Tam Em,1989-09-20,KR,962880665233,+84993033115,huynh929@fictitious-mail.dev,ADDR-000198,Civil Servant,249599778,MEDIUM,2022-06-12T23:59:59Z
CUST-000199,Tran Phong Quynh,1959-10-23,VN,993392116568,+84992199318,tran1321@fictitious-mail.dev,ADDR-000199,Retired,422717988,MEDIUM,2021-02-26T23:59:59Z
CUST-000200,Phan Viet Kiet,1979-09-16,VN,966372465369,+84967288633,phan9004@mail-demo.invalid,ADDR-000200,Teacher,129714604,LOW,2021-11-06T23:59:59Z
CUST-000201,Vu Dung Em,2000-05-02,SG,993106188948,+84997940656,vu4002@example-sandbox.test,ADDR-000201,Student,36119423,LOW,2023-03-19T23:59:59Z
CUST-000202,Do Xuan Tam,1996-05-11,KR,925047183425,+84917247426,do5680@example-sandbox.test,ADDR-000202,Civil Servant,402847319,HIGH,2024-04-20T23:59:59Z
CUST-000203,Vu My Oanh,1962-01-09,VN,964066079795,+84950320729,vu1385@mail-demo.invalid,ADDR-000203,Sales Associate,367848918,HIGH,2025-07-21T23:59:59Z
CUST-000204,Do Binh Kiet,2003-05-26,AU,953067119440,+84993420414,do7112@example-sandbox.test,ADDR-000204,Factory Worker,300505823,MEDIUM,2020-08-30T23:59:59Z
CUST-000205,Ho Oanh Phong,1945-11-09,VN,944354610578,+84982853994,ho4847@example-sandbox.test,ADDR-000205,Retired,167319008,LOW,2024-02-06T23:59:59Z
CUST-000206,Huynh My Oanh,2005-01-12,JP,938160418704,+84964842825,huynh960@fictitious-mail.dev,ADDR-000206,Student,55302225,MEDIUM,2025-08-15T23:59:59Z
CUST-000207,Cao Dung Nga,1962-03-22,KR,973825663359,+84987831614,cao5200@mail-demo.invalid,ADDR-000207,Retail Manager,140670485,MEDIUM,2022-01-01T23:59:59Z
CUST-000208,Duong Hanh Trang,1959-06-19,SG,968759517416,+84919582229,duong6988@example-sandbox.test,ADDR-000208,Accountant,229544170,LOW,2024-05-05T23:59:59Z
CUST-000209,Hoang Hieu Binh,1961-06-17,KR,990674377113,+84956177977,hoang3521@example-sandbox.test,ADDR-000209,Consultant,233537270,LOW,2022-04-04T23:59:59Z
CUST-000210,Tran Kiet Phuong,1961-06-09,VN,990900042399,+84949334559,tran3999@example-sandbox.test,ADDR-000210,Retired,119192355,LOW,2022-10-03T23:59:59Z
CUST-000211,Trinh Em Bao,1960-08-26,US,988296237199,+84926814965,trinh8809@mail-demo.invalid,ADDR-000211,Retired,90917031,MEDIUM,2022-04-12T23:59:59Z
CUST-000212,Phan Linh Oanh,1955-07-09,KR,927613641012,+84914573558,phan7069@mail-demo.invalid,ADDR-000212,Civil Servant,184848016,LOW,2024-09-26T23:59:59Z
CUST-000213,Bui Hieu Kiet,1994-02-24,SG,974209413424,+84964878236,bui7369@fictitious-mail.dev,ADDR-000213,Consultant,144286805,LOW,2025-01-25T23:59:59Z
CUST-000214,Huynh Trang Hieu,1999-08-11,VN,981142402397,+84980490297,huynh9500@fictitious-mail.dev,ADDR-000214,Student,43954722,MEDIUM,2024-05-15T23:59:59Z
CUST-000215,Huynh Hanh Tam,1972-04-06,VN,928376570372,+84922881682,huynh3389@fictitious-mail.dev,ADDR-000215,Consultant,355641635,LOW,2022-12-11T23:59:59Z
CUST-000216,Dang Hanh Hanh,1983-08-09,VN,930892880235,+84947373355,dang1909@example-sandbox.test,ADDR-000216,Factory Worker,352071014,LOW,2020-09-08T23:59:59Z
CUST-000217,Trinh Tuan Minh,1990-11-02,VN,928236060639,+84988697675,trinh6164@mail-demo.invalid,ADDR-000217,Marketing Specialist,549701887,LOW,2021-12-19T23:59:59Z
CUST-000218,Ly Xuan Nhi,2000-12-09,AU,997532680001,+84988369591,ly3846@fictitious-mail.dev,ADDR-000218,Student,52062198,LOW,2025-06-15T23:59:59Z
CUST-000219,Pham Nga Hanh,2003-07-15,SG,924709684394,+84933648417,pham7615@example-sandbox.test,ADDR-000219,Marketing Specialist,254227635,LOW,2021-05-22T23:59:59Z
CUST-000220,Phan Hoa Dung,1990-05-22,SG,963305823039,+84969317732,phan6967@example-sandbox.test,ADDR-000220,Sales Associate,293512393,MEDIUM,2021-05-06T23:59:59Z
CUST-000221,Pham Nhi Nhi,1976-09-01,VN,964985944624,+84922113513,pham5461@example-sandbox.test,ADDR-000221,Factory Worker,444786072,MEDIUM,2024-12-12T23:59:59Z
CUST-000222,Bui Hoa Nam,1990-01-02,VN,925146440043,+84977310099,bui6520@example-sandbox.test,ADDR-000222,Software Engineer,233521806,LOW,2021-07-24T23:59:59Z
CUST-000223,Le Em Trang,2001-12-14,VN,986580347149,+84991184526,le2488@mail-demo.invalid,ADDR-000223,Civil Servant,509302862,MEDIUM,2021-09-23T23:59:59Z
CUST-000224,Pham Quang Dao,1985-07-03,VN,969987320001,+84985295643,pham4564@example-sandbox.test,ADDR-000224,Sales Associate,276357562,MEDIUM,2023-07-24T23:59:59Z
CUST-000225,Vu My Bao,1985-11-10,SG,923244109533,+84985280767,vu2774@mail-demo.invalid,ADDR-000225,Consultant,158491253,HIGH,2022-07-07T23:59:59Z
CUST-000226,Dang Van Khanh,2003-10-14,VN,985113510036,+84977084096,dang5129@fictitious-mail.dev,ADDR-000226,Student,61937470,LOW,2021-10-22T23:59:59Z
CUST-000227,Trinh Hanh Lan,1967-01-14,JP,996632591703,+84980409156,trinh7983@mail-demo.invalid,ADDR-000227,Civil Servant,181023212,MEDIUM,2023-03-21T23:59:59Z
CUST-000228,Huynh Khanh Tam,1951-12-12,KR,946956122473,+84973365536,huynh7584@mail-demo.invalid,ADDR-000228,Retired,142409660,MEDIUM,2021-03-03T23:59:59Z
CUST-000229,Phan Hai Viet,1984-01-20,JP,934027998973,+84918961986,phan5742@fictitious-mail.dev,ADDR-000229,Retail Manager,170849499,MEDIUM,2023-10-26T23:59:59Z
CUST-000230,Mai Khanh Hai,2001-03-09,AU,927619339390,+84980104308,mai9623@fictitious-mail.dev,ADDR-000230,Factory Worker,270316091,LOW,2024-06-16T23:59:59Z
CUST-000231,Tran Hung Trang,1983-08-11,VN,940568555688,+84985181407,tran6443@example-sandbox.test,ADDR-000231,Factory Worker,476934455,LOW,2023-04-15T23:59:59Z
CUST-000232,Duong Quynh Quang,1998-07-21,SG,910764557476,+84959081701,duong7637@fictitious-mail.dev,ADDR-000232,Student,399523010,MEDIUM,2024-12-30T23:59:59Z
CUST-000233,Vo Trang An,1993-11-09,JP,916005627031,+84943962179,vo4493@fictitious-mail.dev,ADDR-000233,Software Engineer,138000310,HIGH,2024-02-21T23:59:59Z
CUST-000234,Cao Khanh Linh,1947-02-02,JP,953217358824,+84923082934,cao8915@example-sandbox.test,ADDR-000234,Retired,171946232,HIGH,2023-04-27T23:59:59Z
CUST-000235,Ho Hoa Dung,1959-03-24,VN,931835479316,+84969511989,ho730@example-sandbox.test,ADDR-000235,Driver,389254556,LOW,2024-08-03T23:59:59Z
CUST-000236,Duong Giang Hanh,2000-03-11,AU,935814637665,+84995623611,duong6137@example-sandbox.test,ADDR-000236,Student,29799390,LOW,2021-07-31T23:59:59Z
CUST-000237,Hoang Dao Tuan,1981-05-07,VN,952860673554,+84944809916,hoang7203@example-sandbox.test,ADDR-000237,Teacher,221063422,LOW,2024-05-28T23:59:59Z
CUST-000238,Dang Nam Van,1999-12-26,VN,979109277222,+84938282626,dang4231@mail-demo.invalid,ADDR-000238,Retired,416144011,LOW,2022-11-06T23:59:59Z
CUST-000239,Huynh Hoa Phuong,2003-03-12,VN,970828529367,+84983387315,huynh3051@mail-demo.invalid,ADDR-000239,Student,30724824,LOW,2022-01-15T23:59:59Z
CUST-000240,Trinh Hai Hoa,2002-07-19,VN,979423962888,+84932331780,trinh4925@fictitious-mail.dev,ADDR-000240,Student,62754563,HIGH,2020-04-28T23:59:59Z
CUST-000241,Nguyen Khanh Minh,1966-02-06,VN,939453864369,+84968592599,nguyen1478@fictitious-mail.dev,ADDR-000241,Nurse,265102171,LOW,2023-12-25T23:59:59Z
CUST-000242,Pham Cuong Hung,1975-07-25,SG,952511677749,+84966987832,pham9781@example-sandbox.test,ADDR-000242,Retail Manager,191686370,LOW,2021-05-24T23:59:59Z
CUST-000243,Ly Minh Chi,1968-02-11,US,934283938108,+84967138006,ly2470@example-sandbox.test,ADDR-000243,Sales Associate,353753934,LOW,2023-12-24T23:59:59Z
CUST-000244,Pham Diep An,1965-10-17,US,973077172405,+84911555403,pham7965@fictitious-mail.dev,ADDR-000244,Marketing Specialist,169116497,MEDIUM,2023-11-19T23:59:59Z
CUST-000245,Do Hanh Linh,1982-07-28,VN,910645908204,+84955246901,do9670@example-sandbox.test,ADDR-000245,Nurse,507812934,MEDIUM,2022-09-10T23:59:59Z
CUST-000246,Dang Binh Viet,1972-06-14,VN,954868536154,+84949954382,dang584@fictitious-mail.dev,ADDR-000246,Teacher,277431856,LOW,2024-09-01T23:59:59Z
CUST-000247,Cao Phong Uy,1991-02-11,SG,927344312230,+84991786040,cao1657@example-sandbox.test,ADDR-000247,Retail Manager,141818962,HIGH,2023-02-07T23:59:59Z
CUST-000248,Mai Quang Thao,1994-04-23,VN,988916744376,+84973474033,mai3526@example-sandbox.test,ADDR-000248,Sales Associate,409458046,MEDIUM,2022-10-16T23:59:59Z
CUST-000249,Hoang Son Son,1984-06-04,VN,910965615040,+84953568260,hoang3622@mail-demo.invalid,ADDR-000249,Driver,460836076,LOW,2022-04-25T23:59:59Z
CUST-000250,Hoang Oanh Quynh,2006-11-13,VN,916025573812,+84998677450,hoang9361@mail-demo.invalid,ADDR-000250,Student,35409406,LOW,2021-10-05T23:59:59Z
CUST-000251,Mai Lan Nhi,1977-07-25,VN,984233732344,+84975868272,mai3846@example-sandbox.test,ADDR-000251,Retail Manager,331676331,LOW,2022-07-04T23:59:59Z
CUST-000252,Cao Son Tuan,2004-02-22,SG,985171826170,+84981472067,cao6426@mail-demo.invalid,ADDR-000252,Consultant,438376670,MEDIUM,2023-08-21T23:59:59Z
CUST-000253,Pham Cuong Hieu,1996-07-07,VN,942722823127,+84928598824,pham9990@fictitious-mail.dev,ADDR-000253,Retail Manager,344556771,HIGH,2023-04-30T23:59:59Z
CUST-000254,Duong Bao Phong,1960-04-11,VN,919848282364,+84914145953,duong3392@fictitious-mail.dev,ADDR-000254,Retired,155669392,LOW,2020-06-01T23:59:59Z
CUST-000255,Le An Chi,1998-09-16,US,986089540022,+84926237925,le9945@fictitious-mail.dev,ADDR-000255,Retail Manager,338155727,MEDIUM,2021-11-16T23:59:59Z
CUST-000256,Pham Hai Khanh,1971-10-25,VN,934575778034,+84959186033,pham6765@fictitious-mail.dev,ADDR-000256,Student,543041226,LOW,2021-06-03T23:59:59Z
CUST-000257,Duong Van My,1999-05-20,VN,930449725445,+84929867441,duong8549@example-sandbox.test,ADDR-000257,Software Engineer,425066798,LOW,2024-03-23T23:59:59Z
CUST-000258,Dang Cuong Quang,1995-04-19,VN,987946627105,+84911619567,dang4251@example-sandbox.test,ADDR-000258,Civil Servant,135034909,LOW,2024-05-24T23:59:59Z
CUST-000259,Huynh Uy Phuong,1966-01-22,VN,941535226138,+84951514655,huynh3383@mail-demo.invalid,ADDR-000259,Accountant,323942427,LOW,2022-12-16T23:59:59Z
CUST-000260,Trinh Em Son,1990-12-18,VN,970369952081,+84986061476,trinh8568@mail-demo.invalid,ADDR-000260,Nurse,387093799,LOW,2020-04-12T23:59:59Z
CUST-000261,Trinh Thao Dung,1968-10-25,AU,972179454039,+84923189607,trinh8798@mail-demo.invalid,ADDR-000261,Student,250964608,MEDIUM,2024-05-24T23:59:59Z
CUST-000262,Ngo Hanh My,2004-10-26,AU,973374574817,+84910066454,ngo4125@example-sandbox.test,ADDR-000262,Driver,224581790,LOW,2022-01-25T23:59:59Z
CUST-000263,Duong Hanh Linh,1986-09-16,JP,932175478265,+84918799243,duong7079@fictitious-mail.dev,ADDR-000263,Sales Associate,291373245,LOW,2025-08-20T23:59:59Z
CUST-000264,Trinh Phuong Hai,1998-04-19,VN,932865398414,+84935756927,trinh6492@mail-demo.invalid,ADDR-000264,Consultant,447237151,LOW,2023-12-28T23:59:59Z
CUST-000265,Dang Van Yen,2002-05-14,AU,911791532400,+84964234848,dang907@example-sandbox.test,ADDR-000265,Student,361435078,LOW,2023-11-27T23:59:59Z
CUST-000266,Ho Tuan Xuan,1990-04-20,KR,924061564107,+84919989411,ho3984@mail-demo.invalid,ADDR-000266,Student,207080053,MEDIUM,2021-07-12T23:59:59Z
CUST-000267,Bui Son Viet,1978-02-16,VN,953267452285,+84965536259,bui2487@mail-demo.invalid,ADDR-000267,Driver,272597683,LOW,2023-03-20T23:59:59Z
CUST-000268,Bui Bao My,2002-03-11,JP,971107430097,+84958614170,bui5457@mail-demo.invalid,ADDR-000268,Marketing Specialist,235326754,HIGH,2020-09-17T23:59:59Z
CUST-000269,Do Binh Dao,1982-06-26,KR,950767870257,+84987150426,do5469@fictitious-mail.dev,ADDR-000269,Teacher,390696518,MEDIUM,2025-06-29T23:59:59Z
CUST-000270,Duong Khanh Van,1959-10-11,JP,961631878623,+84987140007,duong4814@mail-demo.invalid,ADDR-000270,Driver,467806376,MEDIUM,2024-08-26T23:59:59Z
CUST-000271,Hoang Minh Khanh,2002-01-18,AU,983561294473,+84956777508,hoang1135@example-sandbox.test,ADDR-000271,Student,30771049,MEDIUM,2024-08-27T23:59:59Z
CUST-000272,Ho Binh My,1951-08-15,US,936622946366,+84961070501,ho9671@mail-demo.invalid,ADDR-000272,Retired,66605430,LOW,2023-07-16T23:59:59Z
CUST-000273,Trinh Bao Phuong,1971-08-01,VN,963343553745,+84923430634,trinh5812@example-sandbox.test,ADDR-000273,Sales Associate,180125436,MEDIUM,2022-10-27T23:59:59Z
CUST-000274,Huynh Dao An,1963-03-23,JP,917568968643,+84918211636,huynh9769@mail-demo.invalid,ADDR-000274,Consultant,203622108,MEDIUM,2022-10-06T23:59:59Z
CUST-000275,Nguyen Quynh Nam,1957-05-20,SG,953060612106,+84913824787,nguyen7709@mail-demo.invalid,ADDR-000275,Retired,110087924,MEDIUM,2022-03-02T23:59:59Z
CUST-000276,Pham Phuong Oanh,1981-08-05,AU,999375800347,+84910096855,pham5103@example-sandbox.test,ADDR-000276,Retired,408153221,MEDIUM,2020-11-14T23:59:59Z
CUST-000277,Hoang Khanh Nga,1997-02-23,US,925526369280,+84943524742,hoang3707@example-sandbox.test,ADDR-000277,Accountant,498994539,MEDIUM,2025-03-18T23:59:59Z
CUST-000278,Hoang Hieu Chi,1957-04-06,VN,996513330674,+84914578708,hoang3897@mail-demo.invalid,ADDR-000278,Retired,66444924,LOW,2022-02-16T23:59:59Z
CUST-000279,Vo Viet My,1953-09-11,SG,945159974103,+84955765962,vo7985@fictitious-mail.dev,ADDR-000279,Retired,163147807,LOW,2021-12-30T23:59:59Z
CUST-000280,Pham Hanh Xuan,2000-06-10,JP,984887754601,+84921135674,pham8270@mail-demo.invalid,ADDR-000280,Freelancer,187806392,MEDIUM,2024-01-06T23:59:59Z
CUST-000281,Do Viet Nga,1999-03-12,VN,996610745044,+84995135998,do3708@fictitious-mail.dev,ADDR-000281,Accountant,405008700,LOW,2020-05-12T23:59:59Z
CUST-000282,Dang An Em,1962-04-24,AU,914581934705,+84965079671,dang2299@mail-demo.invalid,ADDR-000282,Retired,101822962,LOW,2021-12-04T23:59:59Z
CUST-000283,Ho Hanh Hieu,1998-08-05,VN,956216358939,+84911445395,ho1922@fictitious-mail.dev,ADDR-000283,Sales Associate,230504725,LOW,2024-10-27T23:59:59Z
CUST-000284,Vo Hanh Oanh,1982-12-23,JP,951912264562,+84940149786,vo8567@mail-demo.invalid,ADDR-000284,Teacher,210439129,HIGH,2022-05-23T23:59:59Z
CUST-000285,Vo Yen Giang,1999-04-19,JP,988260266118,+84968219225,vo4355@mail-demo.invalid,ADDR-000285,Student,56584625,HIGH,2021-09-03T23:59:59Z
CUST-000286,Mai Kiet Hoa,1998-08-28,JP,916540227566,+84963511633,mai7075@fictitious-mail.dev,ADDR-000286,Student,67425372,MEDIUM,2023-09-22T23:59:59Z
CUST-000287,Do Yen Phong,1972-06-15,VN,936459541652,+84984957616,do8967@fictitious-mail.dev,ADDR-000287,Student,145661953,MEDIUM,2023-03-04T23:59:59Z
CUST-000288,Ho Tuan Nhi,1986-07-07,VN,959329591901,+84955231541,ho7173@example-sandbox.test,ADDR-000288,Factory Worker,219961147,LOW,2022-02-01T23:59:59Z
CUST-000289,Cao Em Minh,1960-10-22,US,948019947359,+84929564306,cao5574@fictitious-mail.dev,ADDR-000289,Student,482072541,LOW,2025-03-01T23:59:59Z
CUST-000290,Hoang Son Binh,1986-04-08,JP,928107445092,+84911666763,hoang4863@mail-demo.invalid,ADDR-000290,Software Engineer,237561395,MEDIUM,2024-05-31T23:59:59Z
CUST-000291,Ngo Bao Bao,1970-06-03,VN,943081705641,+84982246104,ngo9486@mail-demo.invalid,ADDR-000291,Teacher,410108457,HIGH,2023-11-17T23:59:59Z
CUST-000292,Tran Oanh Nhi,1983-07-03,VN,983109428019,+84970192392,tran9159@fictitious-mail.dev,ADDR-000292,Software Engineer,417324493,HIGH,2022-11-19T23:59:59Z
CUST-000293,Phan My Thao,1989-06-08,AU,928928530782,+84982425578,phan9616@example-sandbox.test,ADDR-000293,Consultant,283563665,LOW,2021-10-06T23:59:59Z
CUST-000294,Nguyen Quynh Hanh,1976-07-19,US,969291653941,+84961175972,nguyen7773@mail-demo.invalid,ADDR-000294,Consultant,150552531,LOW,2025-03-04T23:59:59Z
CUST-000295,Le Van My,2003-05-01,AU,916687815498,+84960082940,le1565@mail-demo.invalid,ADDR-000295,Software Engineer,401249101,HIGH,2025-02-22T23:59:59Z
CUST-000296,Pham Khanh Kiet,1963-08-23,VN,929358829482,+84969741176,pham498@fictitious-mail.dev,ADDR-000296,Retired,179646617,LOW,2024-09-05T23:59:59Z
CUST-000297,Bui Oanh Xuan,1979-02-22,KR,953230836922,+84943047380,bui5992@mail-demo.invalid,ADDR-000297,Nurse,360483583,HIGH,2021-04-11T23:59:59Z
CUST-000298,Bui Uy Dao,1962-09-21,VN,954163265610,+84928183236,bui7339@mail-demo.invalid,ADDR-000298,Retired,112906603,LOW,2022-09-30T23:59:59Z
CUST-000299,Tran Uy Chi,1967-05-19,AU,933806089043,+84996024494,tran5139@fictitious-mail.dev,ADDR-001355,Software Engineer,167882175,LOW,2020-05-12T23:59:59Z
CUST-000300,Tran Nam Hai,1950-12-11,VN,938836558912,+84976474713,tran3388@fictitious-mail.dev,ADDR-000300,Retired,89738238,LOW,2020-09-01T23:59:59Z
CUST-000301,Do Diep Chi,1964-04-20,VN,951344173015,+84937498028,do4467@example-sandbox.test,ADDR-000301,Civil Servant,441452337,LOW,2024-11-16T23:59:59Z
CUST-000302,Vu Em Hanh,1962-02-06,KR,932880916705,+84944426734,vu6525@example-sandbox.test,ADDR-000302,Retail Manager,382281203,LOW,2024-10-12T23:59:59Z
CUST-000303,Ly Hai Hanh,1998-03-03,VN,966872891113,+84992586963,ly6077@example-sandbox.test,ADDR-000303,Student,50042524,MEDIUM,2020-12-31T23:59:59Z
CUST-000304,Huynh Yen Oanh,1967-01-13,US,979972772240,+84918542875,huynh3691@mail-demo.invalid,ADDR-000304,Marketing Specialist,445817439,LOW,2020-08-13T23:59:59Z
CUST-000305,Pham Em Hoa,1988-10-24,VN,958626143366,+84915157990,pham2351@mail-demo.invalid,ADDR-000305,Marketing Specialist,129374737,LOW,2022-09-04T23:59:59Z
CUST-000306,Ho Tam Nhi,1979-12-08,JP,946990871857,+84956324745,ho7455@example-sandbox.test,ADDR-000306,Accountant,588681957,MEDIUM,2023-02-25T23:59:59Z
CUST-000307,Tran Oanh Hoa,1962-07-05,SG,967577439758,+84966066184,tran7547@fictitious-mail.dev,ADDR-000307,Retired,90465492,LOW,2020-11-23T23:59:59Z
CUST-000308,Cao Bao Oanh,1990-06-21,VN,962456641853,+84928969191,cao7705@mail-demo.invalid,ADDR-000308,Retail Manager,339155049,LOW,2020-11-01T23:59:59Z
CUST-000309,Phan Cuong Dao,2000-10-25,VN,964293704388,+84987184473,phan3241@mail-demo.invalid,ADDR-000309,Student,69676317,LOW,2024-02-21T23:59:59Z
CUST-000310,Nguyen An Dung,1976-06-12,VN,930373539474,+84938589967,nguyen5040@mail-demo.invalid,ADDR-000310,Student,148289913,MEDIUM,2020-11-21T23:59:59Z
CUST-000311,Doan Nhi Hoa,1965-11-16,VN,943945925205,+84925214980,doan2403@example-sandbox.test,ADDR-000311,Teacher,396525188,MEDIUM,2022-07-10T23:59:59Z
CUST-000312,Nguyen Quynh Dao,1955-06-03,VN,992183956106,+84950279349,nguyen6450@mail-demo.invalid,ADDR-000312,Retired,178982768,LOW,2025-03-12T23:59:59Z
CUST-000313,Phan Trang Son,1988-01-16,SG,935365289400,+84916980807,phan3913@fictitious-mail.dev,ADDR-000313,Sales Associate,591733523,LOW,2020-08-08T23:59:59Z
CUST-000314,Nguyen Thao Cuong,1967-07-13,VN,954560895411,+84959230243,nguyen8399@example-sandbox.test,ADDR-000314,Freelancer,372394272,MEDIUM,2020-08-07T23:59:59Z
CUST-000315,Hoang Hai Phong,1959-02-05,AU,943507002928,+84921728894,hoang1236@mail-demo.invalid,ADDR-000315,Civil Servant,320461313,LOW,2024-09-05T23:59:59Z
CUST-000316,Le Linh Giang,2000-01-14,VN,915197851203,+84920658492,le6339@example-sandbox.test,ADDR-000316,Marketing Specialist,169169822,LOW,2020-05-03T23:59:59Z
CUST-000317,Huynh Minh Quang,1964-10-07,VN,936095275382,+84935105164,huynh5266@mail-demo.invalid,ADDR-000317,Accountant,390983194,LOW,2020-09-30T23:59:59Z
CUST-000318,Le Dung Em,1986-10-25,US,973205209939,+84911610470,le1446@example-sandbox.test,ADDR-000318,Driver,152429136,MEDIUM,2023-09-29T23:59:59Z
CUST-000319,Doan Minh Nga,1992-12-12,US,954932402595,+84964122182,doan7597@example-sandbox.test,ADDR-000319,Retired,122924109,LOW,2024-09-18T23:59:59Z
CUST-000320,Huynh Khanh Hieu,1951-07-16,VN,954113136992,+84936542426,huynh356@example-sandbox.test,ADDR-000320,Retired,62199743,LOW,2025-02-20T23:59:59Z
CUST-000321,Bui Phuong Kiet,1973-09-16,VN,976212699362,+84911740480,bui5047@fictitious-mail.dev,ADDR-000321,Accountant,226246493,LOW,2024-11-17T23:59:59Z
CUST-000322,Nguyen My Bao,1981-06-23,VN,956826113208,+84995076782,nguyen7802@example-sandbox.test,ADDR-000322,Retail Manager,212450825,LOW,2024-04-16T23:59:59Z
CUST-000323,Ly Binh Tuan,1948-03-20,SG,979068690523,+84975892915,ly7581@fictitious-mail.dev,ADDR-000323,Retired,160689109,MEDIUM,2023-07-09T23:59:59Z
CUST-000324,Nguyen Tuan Yen,1994-03-26,VN,957058529132,+84975055025,nguyen5148@fictitious-mail.dev,ADDR-000324,Retail Manager,421655903,LOW,2022-12-19T23:59:59Z
CUST-000325,Phan Khanh Tam,1956-11-25,US,957582695727,+84972403120,phan2419@example-sandbox.test,ADDR-000325,Marketing Specialist,469843858,LOW,2025-07-05T23:59:59Z
CUST-000326,Nguyen Hanh Dung,1975-06-05,SG,984625181533,+84913417889,nguyen7115@fictitious-mail.dev,ADDR-000326,Student,356141926,LOW,2022-07-29T23:59:59Z
CUST-000327,Hoang Khanh Hai,1950-04-03,SG,961420720423,+84955386805,hoang1330@example-sandbox.test,ADDR-000327,Retired,155811834,LOW,2020-05-26T23:59:59Z
CUST-000328,Pham Quang Nga,1970-11-18,VN,996124759130,+84940268764,pham7843@mail-demo.invalid,ADDR-000328,Software Engineer,466152124,LOW,2025-05-10T23:59:59Z
CUST-000329,Nguyen Hoa Xuan,1959-10-02,VN,988295132036,+84975963322,nguyen118@example-sandbox.test,ADDR-000329,Civil Servant,207440971,LOW,2025-06-12T23:59:59Z
CUST-000330,Ho Lan Minh,2003-06-07,SG,948216310312,+84962698234,ho1953@fictitious-mail.dev,ADDR-000330,Sales Associate,237588326,MEDIUM,2022-04-07T23:59:59Z
CUST-000331,Phan Hieu Thao,1978-11-21,VN,936853563953,+84978598598,phan391@example-sandbox.test,ADDR-000331,Software Engineer,129188359,LOW,2023-01-27T23:59:59Z
CUST-000332,Cao Tam Phong,1964-01-28,VN,916954740651,+84911504836,cao4494@mail-demo.invalid,ADDR-000332,Retired,178703817,LOW,2025-01-26T23:59:59Z
CUST-000333,Nguyen Thao Chi,1962-05-15,VN,913404889130,+84973955393,nguyen2861@mail-demo.invalid,ADDR-000333,Teacher,196148741,LOW,2023-12-24T23:59:59Z
CUST-000334,Le Diep Cuong,1956-07-27,JP,933246185162,+84911780943,le9450@mail-demo.invalid,ADDR-000334,Marketing Specialist,387052174,LOW,2025-06-18T23:59:59Z
CUST-000335,Tran Dao Khoa,1960-12-28,VN,958475221870,+84921866994,tran9799@example-sandbox.test,ADDR-000335,Retired,91074206,LOW,2021-03-26T23:59:59Z
CUST-000336,Duong Yen Tam,1964-11-18,US,920444120651,+84990819459,duong4149@mail-demo.invalid,ADDR-000336,Student,385488396,MEDIUM,2021-02-08T23:59:59Z
CUST-000337,Hoang Nam Diep,1960-02-17,KR,978899772675,+84923933855,hoang9429@mail-demo.invalid,ADDR-000337,Sales Associate,344936062,MEDIUM,2021-01-20T23:59:59Z
CUST-000338,Pham Nga Oanh,1964-12-01,KR,926320597446,+84976465010,pham2366@mail-demo.invalid,ADDR-000338,Civil Servant,221109507,HIGH,2020-12-29T23:59:59Z
CUST-000339,Huynh Em Em,1971-07-12,US,951221210036,+84956059442,huynh6353@example-sandbox.test,ADDR-000339,Nurse,183862368,LOW,2023-02-19T23:59:59Z
CUST-000340,Mai Nhi Yen,1998-07-02,JP,974797435541,+84943843856,mai8909@mail-demo.invalid,ADDR-000340,Teacher,134671677,LOW,2022-12-03T23:59:59Z
CUST-000341,Nguyen Hung Hieu,1998-08-03,KR,970907933132,+84946875132,nguyen9258@example-sandbox.test,ADDR-000341,Student,57976851,MEDIUM,2020-06-05T23:59:59Z
CUST-000342,Pham Khanh Em,1967-04-01,US,999364536959,+84933707092,pham6173@mail-demo.invalid,ADDR-000342,Sales Associate,381052114,LOW,2022-12-20T23:59:59Z
CUST-000343,Ngo Binh Uy,1999-09-04,US,916329312932,+84947433620,ngo7149@fictitious-mail.dev,ADDR-000343,Civil Servant,460822833,LOW,2023-08-10T23:59:59Z
CUST-000344,Le Dao Linh,1997-11-18,SG,946753617755,+84974139933,le1095@fictitious-mail.dev,ADDR-000344,Accountant,359499249,LOW,2024-07-27T23:59:59Z
CUST-000345,Trinh Son Hieu,1988-03-11,VN,978120696830,+84938663679,trinh3092@fictitious-mail.dev,ADDR-000345,Retired,282856646,LOW,2025-08-15T23:59:59Z
CUST-000346,Le Dao Lan,1970-11-12,VN,947915866659,+84964544939,le978@example-sandbox.test,ADDR-000208,Software Engineer,342000748,MEDIUM,2022-02-27T23:59:59Z
CUST-000347,Huynh Phong Kiet,1988-02-14,AU,965967349515,+84918903195,huynh9203@mail-demo.invalid,ADDR-000347,Civil Servant,366896506,HIGH,2024-01-22T23:59:59Z
CUST-000348,Ly Trang Quynh,1963-11-20,AU,929645129358,+84972992151,ly5523@mail-demo.invalid,ADDR-000348,Retired,135187117,LOW,2021-10-10T23:59:59Z
CUST-000349,Dang Minh Van,1988-05-09,AU,938600664540,+84992282678,dang2282@fictitious-mail.dev,ADDR-000349,Sales Associate,340943451,LOW,2021-11-18T23:59:59Z
CUST-000350,Ly Bao Phong,1980-05-19,JP,955257825390,+84929641411,ly4174@fictitious-mail.dev,ADDR-000350,Teacher,484958698,LOW,2022-12-16T23:59:59Z
CUST-000351,Vo Dung Khoa,1960-08-14,US,924229836453,+84928753889,vo2968@mail-demo.invalid,ADDR-000351,Retired,74506141,LOW,2022-05-02T23:59:59Z
CUST-000352,Mai Dung An,1962-12-09,VN,941910759388,+84940935620,mai3612@fictitious-mail.dev,ADDR-000352,Driver,455200735,LOW,2023-10-12T23:59:59Z
CUST-000353,Le Dao Nhi,1972-02-04,VN,969465464057,+84939658559,le3966@example-sandbox.test,ADDR-000353,Driver,361057282,LOW,2021-02-18T23:59:59Z
CUST-000354,Pham Giang Hoa,2005-12-13,AU,964763814527,+84913090576,pham8869@example-sandbox.test,ADDR-000354,Student,34092202,LOW,2023-03-11T23:59:59Z
CUST-000355,Cao Cuong Lan,2004-06-12,US,941242201007,+84949014249,cao3783@example-sandbox.test,ADDR-000355,Student,38624924,LOW,2024-07-05T23:59:59Z
CUST-000356,Ho Binh Quynh,1982-07-03,US,958339537934,+84940676379,ho4410@example-sandbox.test,ADDR-000356,Sales Associate,359083411,LOW,2021-08-11T23:59:59Z
CUST-000357,Huynh Giang Nhi,1999-05-03,KR,948362691255,+84970814164,huynh2442@example-sandbox.test,ADDR-000357,Accountant,126878480,HIGH,2022-07-28T23:59:59Z
CUST-000358,Huynh Phong Binh,1999-05-27,VN,925178213956,+84972080682,huynh9068@example-sandbox.test,ADDR-000358,Student,30812241,MEDIUM,2025-04-18T23:59:59Z
CUST-000359,Tran Phuong Khanh,1963-06-19,VN,942050786351,+84971061571,tran2870@fictitious-mail.dev,ADDR-000359,Teacher,446937797,MEDIUM,2024-04-25T23:59:59Z
CUST-000360,Duong Uy Yen,2005-12-27,US,947587970071,+84980259009,duong6680@mail-demo.invalid,ADDR-000360,Retail Manager,430027853,MEDIUM,2022-04-11T23:59:59Z
CUST-000361,Phan Binh Nam,1982-03-15,AU,930397767415,+84997116877,phan4948@example-sandbox.test,ADDR-000361,Nurse,462767204,LOW,2021-04-29T23:59:59Z
CUST-000362,Pham Tam Bao,1958-07-21,US,991939916398,+84949453440,pham5813@fictitious-mail.dev,ADDR-000362,Retail Manager,369692979,LOW,2023-09-16T23:59:59Z
CUST-000363,Phan Uy Bao,1959-10-15,SG,955620166271,+84948242277,phan6029@mail-demo.invalid,ADDR-000363,Retired,104834214,MEDIUM,2023-05-30T23:59:59Z
CUST-000364,Duong Son Khanh,1964-04-03,AU,946008531385,+84962935392,duong3609@mail-demo.invalid,ADDR-000364,Software Engineer,591234102,LOW,2021-05-26T23:59:59Z
CUST-000365,Huynh Chi Quang,2001-04-15,VN,925004391966,+84920733328,huynh7531@example-sandbox.test,ADDR-000365,Driver,155481302,MEDIUM,2022-12-19T23:59:59Z
CUST-000366,Nguyen Khoa Phuong,2003-05-16,US,951196007085,+84944580161,nguyen1745@mail-demo.invalid,ADDR-000366,Student,58147340,LOW,2020-05-27T23:59:59Z
CUST-000367,Le Phong Lan,1994-02-25,SG,966078971540,+84964482291,le7081@mail-demo.invalid,ADDR-000367,Freelancer,475882247,LOW,2022-12-22T23:59:59Z
CUST-000368,Dang Phong Nhi,1955-06-19,US,922254394653,+84923510334,dang1346@mail-demo.invalid,ADDR-000368,Retired,140259807,MEDIUM,2024-10-11T23:59:59Z
CUST-000369,Do Yen Dao,1960-05-11,VN,921093314278,+84915303441,do4@mail-demo.invalid,ADDR-000369,Factory Worker,208702651,LOW,2025-06-12T23:59:59Z
CUST-000370,Trinh Hai Quynh,1993-01-13,SG,934331026588,+84973439392,trinh7414@example-sandbox.test,ADDR-000370,Retail Manager,272308681,LOW,2024-06-01T23:59:59Z
CUST-000371,Pham Khanh Hai,1983-12-03,VN,956258372770,+84952943014,pham9491@mail-demo.invalid,ADDR-000371,Civil Servant,200169225,LOW,2024-12-18T23:59:59Z
CUST-000372,Ho Minh Yen,1959-05-13,VN,977914251161,+84972210446,ho6513@fictitious-mail.dev,ADDR-000372,Consultant,136846744,LOW,2025-05-25T23:59:59Z
CUST-000373,Le Quynh Van,1964-03-08,KR,977018333979,+84947294047,le3314@fictitious-mail.dev,ADDR-000373,Accountant,574711529,MEDIUM,2025-06-08T23:59:59Z
CUST-000374,Trinh Son Uy,1980-10-20,AU,966679227463,+84915291565,trinh7454@fictitious-mail.dev,ADDR-000374,Driver,403862524,LOW,2020-09-07T23:59:59Z
CUST-000375,Vo Thao Chi,1963-05-01,KR,915279463349,+84939769617,vo7361@mail-demo.invalid,ADDR-000375,Retired,112990847,LOW,2024-03-31T23:59:59Z
CUST-000376,Tran Quynh Hieu,1968-09-10,VN,943737972626,+84962214255,tran9188@fictitious-mail.dev,ADDR-000376,Student,475026604,LOW,2022-09-05T23:59:59Z
CUST-000377,Vo Hoa Lan,1982-06-04,VN,998255911439,+84919205963,vo1249@mail-demo.invalid,ADDR-000377,Consultant,207997063,LOW,2024-07-12T23:59:59Z
CUST-000378,Cao Son Giang,1977-06-06,US,939234132571,+84983189524,cao4101@fictitious-mail.dev,ADDR-000378,Software Engineer,169408285,MEDIUM,2021-04-01T23:59:59Z
CUST-000379,Ngo Hai Trang,2004-04-06,VN,998566843077,+84974883953,ngo9607@fictitious-mail.dev,ADDR-000379,Civil Servant,336068740,LOW,2021-02-13T23:59:59Z
CUST-000380,Mai Yen Binh,1997-11-11,US,920580571523,+84927995861,mai1573@fictitious-mail.dev,ADDR-000380,Retail Manager,320004490,LOW,2020-06-08T23:59:59Z
CUST-000381,Tran Hai Dung,1974-12-09,US,931471747296,+84947670632,tran5570@example-sandbox.test,ADDR-000381,Teacher,173508087,HIGH,2021-12-11T23:59:59Z
CUST-000382,Pham Hai Quang,2004-02-06,AU,988221277836,+84920581573,pham3794@mail-demo.invalid,ADDR-000382,Sales Associate,290892304,LOW,2023-10-20T23:59:59Z
CUST-000383,Bui Son Dung,1963-10-01,VN,978253053502,+84915707588,bui7688@example-sandbox.test,ADDR-000383,Freelancer,150634961,MEDIUM,2025-04-15T23:59:59Z
CUST-000384,Hoang Lan Trang,1970-11-17,VN,939385479847,+84976122740,hoang8972@mail-demo.invalid,ADDR-000384,Software Engineer,122838163,LOW,2023-05-21T23:59:59Z
CUST-000385,Pham Hoa Quang,2005-07-19,VN,947567158241,+84927205509,pham9448@mail-demo.invalid,ADDR-000385,Student,31691395,MEDIUM,2025-08-31T23:59:59Z
CUST-000386,Mai An Nam,2000-12-01,US,953409035406,+84937693606,mai7325@mail-demo.invalid,ADDR-000386,Accountant,545587131,MEDIUM,2025-01-19T23:59:59Z
CUST-000387,Phan Phong Quynh,1986-07-02,VN,965847706266,+84972220991,phan2599@mail-demo.invalid,ADDR-000387,Factory Worker,267047572,MEDIUM,2020-05-08T23:59:59Z
CUST-000388,Trinh Em Hieu,1984-11-08,JP,948069936449,+84973999739,trinh6400@example-sandbox.test,ADDR-000388,Accountant,282776947,LOW,2023-09-21T23:59:59Z
CUST-000389,Trinh Quang Hai,1961-12-13,VN,987579855867,+84924377289,trinh3953@example-sandbox.test,ADDR-000389,Retired,101636644,LOW,2021-03-10T23:59:59Z
CUST-000390,Ly Minh Linh,1961-12-25,US,947815439830,+84988677406,ly3269@fictitious-mail.dev,ADDR-000390,Freelancer,284463989,LOW,2021-07-25T23:59:59Z
CUST-000391,Vu Khoa Xuan,1956-02-19,VN,966828019822,+84915889037,vu3359@example-sandbox.test,ADDR-000391,Freelancer,140946218,MEDIUM,2021-10-21T23:59:59Z
CUST-000392,Vo An Hieu,1981-11-19,JP,939605650830,+84922547070,vo5584@mail-demo.invalid,ADDR-000392,Driver,270544451,LOW,2024-12-30T23:59:59Z
CUST-000393,Pham Giang Trang,1992-10-09,VN,984957297417,+84932051215,pham441@fictitious-mail.dev,ADDR-000393,Teacher,596504157,HIGH,2024-05-21T23:59:59Z
CUST-000394,Duong Dung My,1969-01-04,VN,997474063088,+84950210777,duong7075@mail-demo.invalid,ADDR-000250,Civil Servant,172217212,LOW,2022-03-16T23:59:59Z
CUST-000395,Le Khanh Hoa,1961-12-27,VN,981627778387,+84989414336,le9595@example-sandbox.test,ADDR-000395,Retired,223081480,LOW,2023-03-27T23:59:59Z
CUST-000396,Dang Cuong Viet,1984-10-04,VN,918164006747,+84940834888,dang8742@mail-demo.invalid,ADDR-000396,Retail Manager,168868536,LOW,2020-06-21T23:59:59Z
CUST-000397,Trinh Viet Giang,1971-09-05,VN,966023633131,+84975834916,trinh3364@mail-demo.invalid,ADDR-000397,Factory Worker,298281868,MEDIUM,2024-03-17T23:59:59Z
CUST-000398,Nguyen Binh Binh,1960-12-26,AU,918938098397,+84935558010,nguyen7878@mail-demo.invalid,ADDR-000398,Retired,208542861,MEDIUM,2023-11-12T23:59:59Z
CUST-000399,Vo Lan Giang,1949-10-18,JP,975657954475,+84980091471,vo1256@mail-demo.invalid,ADDR-000399,Retired,149676711,LOW,2022-04-22T23:59:59Z
CUST-000400,Ho Yen Van,1960-05-17,VN,963279856797,+84985564783,ho2015@mail-demo.invalid,ADDR-000400,Freelancer,396966713,LOW,2023-08-24T23:59:59Z
CUST-000401,Ly Dung Hoa,1968-10-28,AU,972527260799,+84992958783,ly5818@mail-demo.invalid,ADDR-000401,Factory Worker,320215569,MEDIUM,2024-04-28T23:59:59Z
CUST-000402,Vo Linh Xuan,1985-09-07,US,979525573383,+84996938535,vo1052@example-sandbox.test,ADDR-000402,Sales Associate,253689088,LOW,2022-11-17T23:59:59Z
CUST-000403,Vu Hoa Hung,2006-02-10,VN,970482452204,+84915473245,vu6393@example-sandbox.test,ADDR-000403,Student,38352862,MEDIUM,2023-04-04T23:59:59Z
CUST-000404,Doan Linh Tam,1945-08-13,VN,979967597516,+84987270408,doan8690@fictitious-mail.dev,ADDR-000404,Retired,71355740,MEDIUM,2021-12-03T23:59:59Z
CUST-000405,Tran Van Chi,1973-01-28,VN,936795515451,+84939008943,tran3424@example-sandbox.test,ADDR-000405,Nurse,463104155,MEDIUM,2021-10-27T23:59:59Z
CUST-000406,Duong Hanh Viet,1958-04-19,VN,975274870677,+84939096022,duong2208@example-sandbox.test,ADDR-000406,Marketing Specialist,206632703,LOW,2022-04-09T23:59:59Z
CUST-000407,Duong Trang Hoa,1962-09-01,VN,935389745989,+84938011716,duong436@mail-demo.invalid,ADDR-000407,Retired,175966247,LOW,2021-08-19T23:59:59Z
CUST-000408,Dang Kiet Hanh,2001-01-20,VN,958927242701,+84991838269,dang5666@mail-demo.invalid,ADDR-000408,Software Engineer,343075717,LOW,2020-07-31T23:59:59Z
CUST-000409,Hoang Hoa Minh,1965-04-20,AU,929352489531,+84919865211,hoang3935@example-sandbox.test,ADDR-000409,Sales Associate,204652786,LOW,2021-02-06T23:59:59Z
CUST-000410,Ly Diep Khoa,1982-09-23,VN,966387708428,+84912411735,ly691@mail-demo.invalid,ADDR-000410,Consultant,144888476,HIGH,2021-03-28T23:59:59Z
CUST-000411,Phan Hai Linh,2004-06-12,VN,969345271143,+84978326999,phan9016@mail-demo.invalid,ADDR-000411,Freelancer,236379662,MEDIUM,2024-06-12T23:59:59Z
CUST-000412,Dang Xuan An,2005-04-11,VN,975444244936,+84999537557,dang9016@fictitious-mail.dev,ADDR-000412,Retail Manager,360212159,LOW,2022-09-18T23:59:59Z
CUST-000413,Mai Em Tam,1973-01-23,JP,948619891085,+84988235393,mai2714@example-sandbox.test,ADDR-000413,Factory Worker,217591339,LOW,2022-06-15T23:59:59Z
CUST-000414,Doan Bao Hieu,1979-04-05,SG,925313018168,+84949514706,doan349@fictitious-mail.dev,ADDR-000414,Sales Associate,405351346,MEDIUM,2022-02-06T23:59:59Z
CUST-000415,Doan Dung Hoa,1994-09-16,VN,997608716218,+84925799663,doan7491@example-sandbox.test,ADDR-000415,Software Engineer,112326915,MEDIUM,2021-10-01T23:59:59Z
CUST-000416,Doan Binh Tam,1955-07-22,VN,931395800707,+84986003182,doan9995@example-sandbox.test,ADDR-000416,Student,305050214,LOW,2020-08-22T23:59:59Z
CUST-000417,Ngo Em Nam,1955-07-04,VN,939061857573,+84980934691,ngo5140@fictitious-mail.dev,ADDR-000417,Student,378733700,HIGH,2022-07-10T23:59:59Z
CUST-000418,Ly Nga An,1955-07-20,US,920261906466,+84917402229,ly1914@example-sandbox.test,ADDR-000418,Retail Manager,395897212,LOW,2021-12-05T23:59:59Z
CUST-000419,Cao Em Tuan,1958-03-28,KR,997803363394,+84965181600,cao2354@mail-demo.invalid,ADDR-000419,Civil Servant,338931149,LOW,2023-02-17T23:59:59Z
CUST-000420,Hoang Kiet Hung,1977-02-24,JP,999013146369,+84973637906,hoang6300@mail-demo.invalid,ADDR-000420,Accountant,418212727,LOW,2025-07-25T23:59:59Z
CUST-000421,Hoang Tuan Yen,1950-07-04,JP,970469492366,+84911428262,hoang3358@mail-demo.invalid,ADDR-000421,Retired,106270369,LOW,2024-07-15T23:59:59Z
CUST-000422,Mai Yen Cuong,1962-08-03,KR,949929143395,+84945513832,mai9709@mail-demo.invalid,ADDR-000422,Civil Servant,237174075,HIGH,2024-08-09T23:59:59Z
CUST-000423,Vo Hai Diep,1985-03-15,JP,981585406849,+84932859720,vo3059@mail-demo.invalid,ADDR-000423,Software Engineer,178133786,MEDIUM,2022-09-04T23:59:59Z
CUST-000424,Cao My Nga,2003-09-08,VN,982361935736,+84933785610,cao8905@fictitious-mail.dev,ADDR-000424,Student,244354760,LOW,2023-04-14T23:59:59Z
CUST-000425,Ly Dung Diep,1986-07-17,VN,957311048305,+84910302186,ly6163@fictitious-mail.dev,ADDR-000425,Accountant,583351603,LOW,2024-05-07T23:59:59Z
CUST-000426,Vo Diep Dao,1947-03-03,AU,953545574293,+84986217823,vo6520@example-sandbox.test,ADDR-000426,Retired,147416232,MEDIUM,2022-09-28T23:59:59Z
CUST-000427,Cao Nga Viet,1982-12-23,VN,997152907744,+84927446717,cao4885@fictitious-mail.dev,ADDR-000427,Student,421168464,HIGH,2021-08-22T23:59:59Z
CUST-000428,Vu Viet Diep,1957-09-25,VN,972773450461,+84946896459,vu6234@mail-demo.invalid,ADDR-000428,Retired,86305164,HIGH,2022-12-29T23:59:59Z
CUST-000429,Hoang Tuan Uy,1991-12-02,KR,912252224016,+84963498334,hoang3052@fictitious-mail.dev,ADDR-000429,Marketing Specialist,365164385,MEDIUM,2024-07-28T23:59:59Z
CUST-000430,Duong Dao Chi,1956-03-09,KR,956155749194,+84960268472,duong4397@example-sandbox.test,ADDR-000430,Accountant,187015171,MEDIUM,2021-11-24T23:59:59Z
CUST-000431,Vu Minh Viet,1999-03-09,VN,956883850668,+84935045268,vu8734@example-sandbox.test,ADDR-000431,Student,51172450,MEDIUM,2023-10-07T23:59:59Z
CUST-000432,Cao Bao Hai,1969-02-18,US,958830477156,+84913443928,cao8023@fictitious-mail.dev,ADDR-000432,Sales Associate,390841307,HIGH,2020-11-05T23:59:59Z
CUST-000433,Trinh Dao Em,1962-10-16,VN,935971194111,+84980000261,trinh5466@fictitious-mail.dev,ADDR-000433,Nurse,378351594,LOW,2020-07-19T23:59:59Z
CUST-000434,Huynh Bao Nhi,1968-08-24,KR,940483005926,+84967210317,huynh7330@example-sandbox.test,ADDR-000434,Software Engineer,345208606,LOW,2021-02-01T23:59:59Z
CUST-000435,Ho Nhi Uy,1962-09-16,KR,991862687945,+84927667669,ho7832@mail-demo.invalid,ADDR-000435,Sales Associate,417685202,LOW,2021-10-08T23:59:59Z
CUST-000436,Trinh Hoa My,1959-03-05,JP,955982356459,+84978479007,trinh5527@fictitious-mail.dev,ADDR-000436,Retired,100084147,MEDIUM,2024-02-08T23:59:59Z
CUST-000437,Cao Hanh Giang,1999-01-05,VN,918085232961,+84915754576,cao2555@example-sandbox.test,ADDR-000437,Student,278399403,MEDIUM,2023-04-10T23:59:59Z
CUST-000438,Nguyen Tuan Van,1946-11-21,US,949085788872,+84950703194,nguyen4660@fictitious-mail.dev,ADDR-000438,Retired,87392666,LOW,2022-09-30T23:59:59Z
CUST-000439,Ngo Khanh An,1963-09-24,VN,961192750722,+84948643064,ngo3427@mail-demo.invalid,ADDR-000439,Retail Manager,554173062,LOW,2023-08-14T23:59:59Z
CUST-000440,Ho An Giang,1988-05-16,VN,972503568126,+84956306069,ho397@fictitious-mail.dev,ADDR-000440,Accountant,342998996,MEDIUM,2024-04-19T23:59:59Z
CUST-000441,Hoang Dao Chi,1975-02-17,JP,985839148939,+84942358410,hoang1676@example-sandbox.test,ADDR-000441,Software Engineer,452114531,LOW,2024-11-15T23:59:59Z
CUST-000442,Bui Linh Linh,1964-10-07,US,935261102330,+84923530495,bui6998@example-sandbox.test,ADDR-000442,Marketing Specialist,424338489,MEDIUM,2022-06-10T23:59:59Z
CUST-000443,Doan Thao Son,1981-12-21,JP,978214845340,+84939375700,doan2648@example-sandbox.test,ADDR-000443,Sales Associate,382585292,LOW,2024-12-26T23:59:59Z
CUST-000444,Huynh Dao Linh,1983-01-11,VN,972688895047,+84980732751,huynh8155@fictitious-mail.dev,ADDR-000444,Teacher,187021177,LOW,2025-04-12T23:59:59Z
CUST-000445,Doan Minh Linh,1957-05-25,KR,993704383252,+84972492044,doan8498@fictitious-mail.dev,ADDR-000445,Retail Manager,143872293,MEDIUM,2020-09-19T23:59:59Z
CUST-000446,Nguyen Son Thao,1970-11-03,AU,955414349911,+84924694269,nguyen7541@mail-demo.invalid,ADDR-000446,Student,328225981,MEDIUM,2020-07-01T23:59:59Z
CUST-000447,Phan Phuong Son,2006-10-27,VN,913915526045,+84987383120,phan6809@example-sandbox.test,ADDR-000447,Student,27804310,LOW,2024-08-04T23:59:59Z
CUST-000448,Ngo Oanh Hung,1958-12-22,VN,923382834183,+84961349294,ngo6598@mail-demo.invalid,ADDR-000448,Accountant,425256429,HIGH,2025-01-10T23:59:59Z
CUST-000449,Phan Chi Tam,2001-06-07,KR,970897644160,+84997325613,phan4940@fictitious-mail.dev,ADDR-000449,Student,49520400,LOW,2023-04-03T23:59:59Z
CUST-000450,Bui Hung Khanh,1993-03-01,AU,960881932501,+84956972893,bui6235@mail-demo.invalid,ADDR-000450,Factory Worker,321636335,MEDIUM,2024-01-24T23:59:59Z
CUST-000451,Pham Khanh Son,1967-09-11,KR,963114531712,+84951197481,pham2136@mail-demo.invalid,ADDR-000451,Consultant,292745285,LOW,2023-04-18T23:59:59Z
CUST-000452,Tran Lan Kiet,1994-12-24,VN,967686658760,+84989297534,tran367@example-sandbox.test,ADDR-000452,Nurse,357895326,LOW,2025-04-30T23:59:59Z
CUST-000453,Tran Hanh Binh,1994-07-16,AU,972877628353,+84959468104,tran6934@example-sandbox.test,ADDR-000453,Driver,587468321,LOW,2023-08-21T23:59:59Z
CUST-000454,Pham Chi Xuan,1958-09-04,VN,910890000799,+84965374574,pham9075@mail-demo.invalid,ADDR-000454,Teacher,163624351,MEDIUM,2021-05-11T23:59:59Z
CUST-000455,Nguyen Hai Van,2000-02-07,KR,966016898881,+84970795682,nguyen1666@mail-demo.invalid,ADDR-000455,Software Engineer,368815691,LOW,2025-05-01T23:59:59Z
CUST-000456,Huynh Hanh Minh,1956-07-06,SG,971655687994,+84967164456,huynh7037@fictitious-mail.dev,ADDR-000456,Sales Associate,423402508,LOW,2025-07-29T23:59:59Z
CUST-000457,Hoang Giang Yen,1992-04-27,VN,912040124062,+84914306326,hoang944@example-sandbox.test,ADDR-000457,Freelancer,401651025,LOW,2025-04-24T23:59:59Z
CUST-000458,Duong Hanh Quang,1957-11-09,AU,984027850036,+84984092834,duong1114@fictitious-mail.dev,ADDR-000458,Driver,502128482,MEDIUM,2025-07-24T23:59:59Z
CUST-000459,Cao Quynh Diep,2005-08-21,VN,921373189002,+84936664201,cao7590@fictitious-mail.dev,ADDR-000459,Retired,404105596,LOW,2022-04-10T23:59:59Z
CUST-000460,Tran Quynh Phuong,1991-04-27,VN,956223276011,+84968638880,tran2999@mail-demo.invalid,ADDR-000460,Civil Servant,253273805,LOW,2024-03-06T23:59:59Z
CUST-000461,Duong Dung Trang,1962-02-03,US,996017154325,+84998642773,duong4252@mail-demo.invalid,ADDR-000461,Retired,83022123,MEDIUM,2020-12-08T23:59:59Z
CUST-000462,Duong Binh Viet,2002-09-01,VN,987182745036,+84963553095,duong4261@example-sandbox.test,ADDR-000462,Student,68391597,LOW,2020-06-20T23:59:59Z
CUST-000463,Nguyen Viet Linh,1958-05-18,VN,976223188409,+84952976267,nguyen7755@fictitious-mail.dev,ADDR-000463,Teacher,113793795,HIGH,2021-02-13T23:59:59Z
CUST-000464,Mai Son Lan,1993-09-17,VN,964770095391,+84987657839,mai7818@fictitious-mail.dev,ADDR-000464,Marketing Specialist,327351151,LOW,2021-11-29T23:59:59Z
CUST-000465,Ly Xuan Phong,1966-11-26,KR,942462168646,+84954735696,ly6184@example-sandbox.test,ADDR-000465,Teacher,252534402,MEDIUM,2022-12-09T23:59:59Z
CUST-000466,Cao Khoa Binh,1972-05-05,VN,911906735397,+84930528501,cao9189@example-sandbox.test,ADDR-000466,Teacher,394717179,LOW,2023-02-18T23:59:59Z
CUST-000467,Trinh Nga Nhi,1957-03-09,US,929239407375,+84980760834,trinh7294@fictitious-mail.dev,ADDR-000467,Driver,354026455,LOW,2020-09-26T23:59:59Z
CUST-000468,Ngo Hai Nga,1968-07-01,SG,915362805151,+84944160093,ngo5263@fictitious-mail.dev,ADDR-000468,Retail Manager,486393753,LOW,2023-01-03T23:59:59Z
CUST-000469,Tran Minh Tam,1972-07-13,VN,977604226475,+84918768924,tran8451@mail-demo.invalid,ADDR-000469,Civil Servant,424523561,LOW,2025-07-07T23:59:59Z
CUST-000470,Huynh Diep Cuong,1971-10-22,KR,943995259149,+84988083792,huynh6486@fictitious-mail.dev,ADDR-000470,Driver,346658902,LOW,2022-08-11T23:59:59Z
CUST-000471,Hoang Kiet Linh,1958-06-08,US,957435716638,+84925218749,hoang1154@example-sandbox.test,ADDR-000471,Teacher,376493681,LOW,2020-12-07T23:59:59Z
CUST-000472,Trinh Hieu Quang,1975-01-13,JP,914327945495,+84913325002,trinh9735@fictitious-mail.dev,ADDR-000472,Marketing Specialist,441850808,LOW,2023-08-02T23:59:59Z
CUST-000473,Tran Tuan Khoa,1950-05-11,US,960960553093,+84975770619,tran7260@example-sandbox.test,ADDR-000473,Retired,170084222,LOW,2025-08-04T23:59:59Z
CUST-000474,Do Quang Diep,1979-11-06,US,915537030788,+84924549026,do6497@fictitious-mail.dev,ADDR-000474,Student,190226006,LOW,2021-04-12T23:59:59Z
CUST-000475,Ngo Phuong Phuong,1974-06-20,VN,911675653639,+84923912513,ngo1296@mail-demo.invalid,ADDR-000475,Sales Associate,192121389,MEDIUM,2023-06-04T23:59:59Z
CUST-000476,Nguyen Hai Phuong,1992-08-23,JP,987273492352,+84927160025,nguyen3210@mail-demo.invalid,ADDR-000476,Accountant,332644344,LOW,2022-10-11T23:59:59Z
CUST-000477,Hoang Hanh Lan,1951-04-24,JP,941534295528,+84967724859,hoang5665@fictitious-mail.dev,ADDR-001637,Retired,93719321,LOW,2022-09-16T23:59:59Z
CUST-000478,Doan Nga Trang,1953-05-02,VN,946203298338,+84951003929,doan6020@example-sandbox.test,ADDR-000478,Retired,166960242,LOW,2023-08-23T23:59:59Z
CUST-000479,Cao Giang My,1983-04-08,VN,998669878575,+84932328144,cao8017@mail-demo.invalid,ADDR-000479,Software Engineer,333751923,LOW,2020-08-14T23:59:59Z
CUST-000480,Tran Quang Van,2001-10-26,VN,981061602579,+84929438263,tran4371@fictitious-mail.dev,ADDR-000480,Student,49945159,MEDIUM,2025-06-27T23:59:59Z
CUST-000481,Trinh Tam Trang,1959-06-06,VN,945451100742,+84999929358,trinh5890@example-sandbox.test,ADDR-000481,Sales Associate,328161896,MEDIUM,2020-12-12T23:59:59Z
CUST-000482,Cao Hanh Khanh,1989-09-22,VN,986768818680,+84961807582,cao9305@fictitious-mail.dev,ADDR-000482,Freelancer,369691316,HIGH,2023-02-11T23:59:59Z
CUST-000483,Hoang Quang Cuong,1969-12-20,KR,932559887939,+84945943456,hoang2166@mail-demo.invalid,ADDR-000483,Consultant,168072342,LOW,2025-06-20T23:59:59Z
CUST-000484,Mai Nam Linh,1988-01-23,AU,932385760930,+84929556285,mai1985@mail-demo.invalid,ADDR-000484,Consultant,396318835,LOW,2020-10-23T23:59:59Z
CUST-000485,Trinh Kiet Xuan,1998-02-01,KR,937038845096,+84960019101,trinh6287@mail-demo.invalid,ADDR-000485,Sales Associate,327357709,LOW,2022-12-23T23:59:59Z
CUST-000486,Bui Thao Hoa,1992-11-26,VN,910149762119,+84936649700,bui277@example-sandbox.test,ADDR-000486,Consultant,546707482,MEDIUM,2023-11-25T23:59:59Z
CUST-000487,Ngo Khoa Cuong,2002-01-21,US,961179431057,+84950143289,ngo1418@fictitious-mail.dev,ADDR-000487,Student,28954362,LOW,2025-02-26T23:59:59Z
CUST-000488,Trinh Nhi An,1978-04-14,US,938124454144,+84949487002,trinh9077@mail-demo.invalid,ADDR-000488,Freelancer,401559230,MEDIUM,2021-05-03T23:59:59Z
CUST-000489,Le Bao Binh,1978-07-06,SG,987642418896,+84970998022,le6178@mail-demo.invalid,ADDR-000489,Civil Servant,437485005,LOW,2021-03-03T23:59:59Z
CUST-000490,Le Xuan An,1963-02-26,JP,954501044848,+84978517715,le5151@mail-demo.invalid,ADDR-000490,Retired,78683135,LOW,2023-08-10T23:59:59Z
CUST-000491,Le Kiet Hieu,1980-07-09,VN,927878741057,+84990954568,le7824@example-sandbox.test,ADDR-000491,Retail Manager,193965120,LOW,2020-05-26T23:59:59Z
CUST-000492,Dang Bao Quynh,1957-09-05,VN,990938322976,+84928996632,dang2070@example-sandbox.test,ADDR-000492,Retired,353602015,MEDIUM,2023-11-19T23:59:59Z
CUST-000493,Ly Linh Trang,1962-12-26,VN,914316686390,+84921939929,ly7955@fictitious-mail.dev,ADDR-000493,Retired,104036615,LOW,2022-03-31T23:59:59Z
CUST-000494,Tran Yen Xuan,1996-02-04,AU,991608783946,+84933890789,tran7600@mail-demo.invalid,ADDR-000494,Consultant,151676383,LOW,2021-10-04T23:59:59Z
CUST-000495,Tran Chi Oanh,1959-10-11,VN,946437930881,+84997730855,tran1420@fictitious-mail.dev,ADDR-000495,Driver,330955406,MEDIUM,2021-02-17T23:59:59Z
CUST-000496,Cao Quang Son,1985-07-27,VN,995724696064,+84979077891,cao2315@example-sandbox.test,ADDR-000496,Nurse,182044605,MEDIUM,2021-05-18T23:59:59Z
CUST-000497,Duong Tam Nam,2005-08-09,KR,943603207316,+84955284404,duong2481@example-sandbox.test,ADDR-000497,Retail Manager,313242952,LOW,2021-03-28T23:59:59Z
CUST-000498,Dang Linh Tuan,1969-05-13,VN,916615074785,+84954405710,dang5473@mail-demo.invalid,ADDR-000498,Retired,458562595,MEDIUM,2023-07-12T23:59:59Z
CUST-000499,Cao Chi Viet,1976-02-02,JP,995856880918,+84923652183,cao3827@mail-demo.invalid,ADDR-000499,Teacher,294242771,HIGH,2020-08-12T23:59:59Z
CUST-000500,Nguyen Diep Nhi,1978-06-27,VN,932055658502,+84968752116,nguyen5141@fictitious-mail.dev,ADDR-000500,Student,225524629,HIGH,2020-07-08T23:59:59Z
CUST-000501,Do Hieu Quang,1983-06-02,JP,915508379533,+84976077091,do1637@example-sandbox.test,ADDR-000501,Civil Servant,451590377,LOW,2022-02-13T23:59:59Z
CUST-000502,Cao Nam Thao,1945-10-04,VN,958436210874,+84926919017,cao515@mail-demo.invalid,ADDR-000502,Retired,152614174,LOW,2024-07-13T23:59:59Z
CUST-000503,Vu Bao Dao,1976-06-13,VN,914437807889,+84964701384,vu7978@fictitious-mail.dev,ADDR-000503,Driver,144537474,LOW,2024-11-06T23:59:59Z
CUST-000504,Trinh Son Hung,2000-11-07,AU,952298032145,+84951172195,trinh9520@fictitious-mail.dev,ADDR-000504,Student,216932608,HIGH,2020-09-06T23:59:59Z
CUST-000505,Do An Em,1986-06-09,VN,965400112918,+84934648400,do4684@mail-demo.invalid,ADDR-000505,Retired,323733353,LOW,2024-06-24T23:59:59Z
CUST-000506,Tran Hoa Chi,1977-11-25,KR,980497612703,+84943994245,tran3981@mail-demo.invalid,ADDR-000506,Accountant,123016462,MEDIUM,2024-04-20T23:59:59Z
CUST-000507,Mai Linh Giang,1965-07-10,VN,915992515927,+84940996935,mai3937@example-sandbox.test,ADDR-000507,Marketing Specialist,438684796,MEDIUM,2022-05-06T23:59:59Z
CUST-000508,Hoang An My,1962-03-08,KR,931501118271,+84935373207,hoang7069@fictitious-mail.dev,ADDR-000508,Accountant,304819017,LOW,2025-02-28T23:59:59Z
CUST-000509,Pham Hanh Trang,1951-06-18,KR,988653509958,+84972243471,pham7708@mail-demo.invalid,ADDR-000509,Retired,109852273,MEDIUM,2022-09-02T23:59:59Z
CUST-000510,Hoang Trang Hieu,1985-09-09,SG,929387111426,+84932564866,hoang7812@mail-demo.invalid,ADDR-000510,Software Engineer,212544865,LOW,2020-08-18T23:59:59Z
CUST-000511,Ly Son Nam,1949-09-24,VN,966118210159,+84958305167,ly9459@fictitious-mail.dev,ADDR-000511,Retired,160570158,MEDIUM,2020-06-27T23:59:59Z
CUST-000512,Duong Quynh Yen,1948-12-07,VN,930441055293,+84977556899,duong1533@example-sandbox.test,ADDR-000512,Retired,110053912,LOW,2024-04-21T23:59:59Z
CUST-000513,Do Diep Hieu,1961-04-05,VN,912936842812,+84997477918,do2653@fictitious-mail.dev,ADDR-000513,Teacher,408444138,LOW,2022-03-31T23:59:59Z
CUST-000514,Vu Viet Son,1959-07-06,VN,921027281674,+84937249427,vu1942@example-sandbox.test,ADDR-000514,Retired,327822394,LOW,2022-03-13T23:59:59Z
CUST-000515,Hoang Giang Dao,1957-01-10,AU,949748787241,+84998050465,hoang593@example-sandbox.test,ADDR-000515,Retired,108542593,HIGH,2023-08-23T23:59:59Z
CUST-000516,Duong Minh Hung,2004-02-03,VN,931340221372,+84944323019,duong3547@example-sandbox.test,ADDR-000516,Student,53114501,LOW,2024-12-01T23:59:59Z
CUST-000517,Ngo Khanh Phong,2001-11-20,AU,964471774364,+84945389150,ngo3615@mail-demo.invalid,ADDR-000517,Retail Manager,165438279,LOW,2023-12-05T23:59:59Z
CUST-000518,Vu Quang Minh,1957-02-03,SG,976696555741,+84964447809,vu459@example-sandbox.test,ADDR-000518,Civil Servant,249324490,LOW,2021-02-19T23:59:59Z
CUST-000519,Vu Khoa Bao,1991-05-13,US,963699073103,+84918533850,vu7060@mail-demo.invalid,ADDR-000519,Sales Associate,560230630,LOW,2023-01-09T23:59:59Z
CUST-000520,Huynh Diep Kiet,1964-06-19,US,950360129333,+84969952950,huynh2978@mail-demo.invalid,ADDR-000520,Consultant,522263671,HIGH,2023-11-11T23:59:59Z
CUST-000521,Dang Dung Quang,1996-04-08,VN,969875961429,+84925615418,dang4932@example-sandbox.test,ADDR-000521,Sales Associate,413275566,LOW,2022-08-14T23:59:59Z
CUST-000522,Hoang Hanh Giang,1962-09-09,SG,936441615766,+84958687226,hoang4578@fictitious-mail.dev,ADDR-000522,Retired,72398776,MEDIUM,2023-03-03T23:59:59Z
CUST-000523,Nguyen Uy Hoa,2005-04-15,JP,929125344846,+84987484527,nguyen7045@example-sandbox.test,ADDR-000523,Marketing Specialist,199235652,LOW,2023-10-04T23:59:59Z
CUST-000524,Do Tuan Uy,1997-01-05,JP,919139791626,+84951498614,do3053@example-sandbox.test,ADDR-000524,Retired,139524140,LOW,2025-06-01T23:59:59Z
CUST-000525,Huynh Chi Minh,1962-10-12,SG,930225805463,+84979537865,huynh6403@mail-demo.invalid,ADDR-000525,Civil Servant,302982010,LOW,2024-07-24T23:59:59Z
CUST-000526,Duong Nga Nhi,2006-03-01,VN,943636451491,+84957518285,duong3695@mail-demo.invalid,ADDR-000526,Student,64797070,LOW,2022-04-16T23:59:59Z
CUST-000527,Cao Quynh Hanh,1961-04-13,VN,910423785679,+84975953544,cao2043@mail-demo.invalid,ADDR-000527,Retired,81259406,LOW,2021-02-23T23:59:59Z
CUST-000528,Vo Diep Phuong,1967-05-05,VN,927835995308,+84931660837,vo8329@mail-demo.invalid,ADDR-000528,Marketing Specialist,357627772,LOW,2023-11-08T23:59:59Z
CUST-000529,Ho Linh Nhi,2001-01-13,VN,977525732716,+84942835306,ho1093@fictitious-mail.dev,ADDR-000529,Student,68029435,LOW,2023-08-03T23:59:59Z
CUST-000530,Doan Tuan Khanh,1955-02-08,US,962289142826,+84998731132,doan940@fictitious-mail.dev,ADDR-000530,Factory Worker,474330153,LOW,2020-09-09T23:59:59Z
CUST-000531,Vo Dao Em,1966-11-03,SG,966205994823,+84945925808,vo1180@mail-demo.invalid,ADDR-000531,Driver,456193515,MEDIUM,2020-06-02T23:59:59Z
CUST-000532,Huynh Dung Phuong,1955-01-09,VN,918653967968,+84993584003,huynh8129@mail-demo.invalid,ADDR-000532,Accountant,193598484,MEDIUM,2021-02-14T23:59:59Z
CUST-000533,Tran Dao Uy,1985-03-14,JP,978260758607,+84941047809,tran1310@fictitious-mail.dev,ADDR-000533,Factory Worker,159832254,LOW,2024-06-18T23:59:59Z
CUST-000534,Vu Nam Dao,1954-10-03,US,950066958227,+84935283412,vu506@fictitious-mail.dev,ADDR-000534,Retired,75473711,LOW,2024-07-14T23:59:59Z
CUST-000535,Dang Dao Oanh,1973-12-02,VN,966437074817,+84985331364,dang7607@example-sandbox.test,ADDR-000535,Sales Associate,123697785,LOW,2022-12-25T23:59:59Z
CUST-000536,Ngo Chi Quang,1946-04-12,SG,943067088896,+84973117198,ngo3264@mail-demo.invalid,ADDR-000536,Retired,114587161,LOW,2025-07-17T23:59:59Z
CUST-000537,Bui Nam Dung,1999-08-24,VN,958014497085,+84956944606,bui1805@mail-demo.invalid,ADDR-000537,Retail Manager,438667491,LOW,2023-08-05T23:59:59Z
CUST-000538,Dang Hoa Khoa,1954-05-28,VN,943265934924,+84951257395,dang4218@mail-demo.invalid,ADDR-000538,Retired,161162485,MEDIUM,2023-10-27T23:59:59Z
CUST-000539,Vu Dao Son,2002-11-27,KR,927915757527,+84940135742,vu783@fictitious-mail.dev,ADDR-000539,Student,59287487,LOW,2025-07-29T23:59:59Z
CUST-000540,Pham An Dao,1983-12-06,VN,978119990649,+84915818570,pham7847@example-sandbox.test,ADDR-000540,Sales Associate,152858615,MEDIUM,2024-12-12T23:59:59Z
CUST-000541,Tran Thao Son,1991-05-13,VN,942688731597,+84986044212,tran895@mail-demo.invalid,ADDR-000541,Accountant,555404277,HIGH,2023-03-31T23:59:59Z
CUST-000542,Bui Hieu Van,1995-01-18,US,994068247135,+84939313269,bui1127@example-sandbox.test,ADDR-000542,Civil Servant,373055882,LOW,2021-11-15T23:59:59Z
CUST-000543,Huynh Minh Hoa,1965-01-28,VN,949491806826,+84971407200,huynh4797@mail-demo.invalid,ADDR-000543,Sales Associate,192870490,LOW,2020-06-10T23:59:59Z
CUST-000544,Mai Son Cuong,2003-03-26,VN,978600415541,+84968808057,mai4687@mail-demo.invalid,ADDR-000544,Retired,126909602,LOW,2022-05-28T23:59:59Z
CUST-000545,Cao Son Khoa,1980-08-25,SG,934733754481,+84936705345,cao3294@mail-demo.invalid,ADDR-000545,Retail Manager,197267066,HIGH,2023-10-11T23:59:59Z
CUST-000546,Phan Quang Hoa,1984-12-23,VN,959204409131,+84911436957,phan7169@example-sandbox.test,ADDR-000546,Accountant,156357335,MEDIUM,2023-03-14T23:59:59Z
CUST-000547,Doan Quang Quynh,1965-04-09,VN,927380301196,+84982502237,doan4850@example-sandbox.test,ADDR-000547,Teacher,135592549,MEDIUM,2024-05-09T23:59:59Z
CUST-000548,Doan Oanh Hai,1965-08-11,VN,924662674635,+84993523502,doan9843@mail-demo.invalid,ADDR-000548,Retired,152742278,MEDIUM,2022-02-08T23:59:59Z
CUST-000549,Hoang Tuan Kiet,1957-12-11,US,950947258179,+84944188269,hoang8309@fictitious-mail.dev,ADDR-000549,Civil Servant,434033662,LOW,2021-03-04T23:59:59Z
CUST-000550,Duong Trang Chi,1970-12-18,US,994794453910,+84916710432,duong1212@example-sandbox.test,ADDR-000550,Consultant,306109314,LOW,2021-10-06T23:59:59Z
CUST-000551,Bui Hanh Quynh,1961-03-16,US,947574256355,+84943524010,bui3610@fictitious-mail.dev,ADDR-000551,Retired,214222399,LOW,2024-09-14T23:59:59Z
CUST-000552,Phan An Viet,1967-05-10,JP,913579914826,+84950900605,phan8229@fictitious-mail.dev,ADDR-000552,Retired,275637150,LOW,2024-07-15T23:59:59Z
CUST-000553,Duong Quynh Quang,2000-11-22,VN,995373848705,+84952484260,duong6785@mail-demo.invalid,ADDR-000553,Student,52664791,LOW,2023-06-12T23:59:59Z
CUST-000554,Doan Giang Khanh,2000-06-19,VN,987957562153,+84948364464,doan1918@mail-demo.invalid,ADDR-000554,Student,67897238,LOW,2025-07-08T23:59:59Z
CUST-000555,Hoang Hoa Linh,1994-11-25,VN,966018164930,+84960597830,hoang1246@example-sandbox.test,ADDR-000555,Marketing Specialist,259267573,LOW,2021-08-14T23:59:59Z
CUST-000556,Le Giang Linh,1964-02-12,VN,984614274174,+84930623050,le7135@fictitious-mail.dev,ADDR-000556,Freelancer,212822705,LOW,2025-02-21T23:59:59Z
CUST-000557,Hoang An Chi,2005-10-17,JP,997798770149,+84980386112,hoang7872@mail-demo.invalid,ADDR-000557,Consultant,215381216,LOW,2023-06-30T23:59:59Z
CUST-000558,Huynh Hanh Nhi,1964-07-26,VN,919358929925,+84935945352,huynh2999@mail-demo.invalid,ADDR-000558,Sales Associate,599376917,MEDIUM,2021-08-30T23:59:59Z
CUST-000559,Duong Khanh Hoa,1992-10-09,AU,981685816063,+84922956718,duong2636@fictitious-mail.dev,ADDR-000559,Civil Servant,438934319,LOW,2022-04-03T23:59:59Z
CUST-000560,Huynh Viet Van,1967-04-28,VN,952966203619,+84994799875,huynh761@example-sandbox.test,ADDR-000560,Factory Worker,312616810,LOW,2022-08-15T23:59:59Z
CUST-000561,Duong Diep Viet,1958-08-25,US,944074390991,+84940486002,duong2906@fictitious-mail.dev,ADDR-000561,Retired,170412194,HIGH,2024-10-02T23:59:59Z
CUST-000562,Ho Oanh Hai,1970-05-25,VN,936089287464,+84930810799,ho8288@mail-demo.invalid,ADDR-000562,Nurse,416433260,MEDIUM,2023-03-29T23:59:59Z
CUST-000563,Nguyen Diep Phuong,1986-11-02,US,999144269533,+84959691975,nguyen9536@mail-demo.invalid,ADDR-000563,Software Engineer,170987663,LOW,2023-07-06T23:59:59Z
CUST-000564,Mai Hoa Hieu,1989-09-23,VN,933611490682,+84912232886,mai2469@fictitious-mail.dev,ADDR-000564,Freelancer,252580172,LOW,2022-01-24T23:59:59Z
CUST-000565,Cao Son Khoa,1995-08-24,VN,930987763281,+84987756567,cao9959@mail-demo.invalid,ADDR-000565,Retired,124849264,LOW,2022-02-07T23:59:59Z
CUST-000566,Cao Oanh Thao,2005-06-22,AU,990962745853,+84948148252,cao6646@example-sandbox.test,ADDR-000566,Student,61523919,LOW,2024-03-29T23:59:59Z
CUST-000567,Dang Hieu Viet,1956-06-01,AU,981468297627,+84962948689,dang163@example-sandbox.test,ADDR-000567,Accountant,275701024,LOW,2024-03-08T23:59:59Z
CUST-000568,Doan Quang Yen,1988-01-18,KR,985476037520,+84935495179,doan675@example-sandbox.test,ADDR-000568,Retired,238884443,LOW,2025-02-01T23:59:59Z
CUST-000569,Nguyen Dung An,1946-12-13,US,987746735695,+84990052851,nguyen5831@fictitious-mail.dev,ADDR-000569,Retired,106293495,LOW,2021-11-11T23:59:59Z
CUST-000570,Tran Trang Phuong,2001-11-04,KR,933502508110,+84965625918,tran573@mail-demo.invalid,ADDR-000570,Teacher,130472028,LOW,2020-07-22T23:59:59Z
CUST-000571,Ly Son Van,1962-06-06,VN,918332230192,+84960711458,ly2323@mail-demo.invalid,ADDR-000571,Retired,113803762,LOW,2020-08-11T23:59:59Z
CUST-000572,Vu Nam Tam,1983-05-16,VN,950324578794,+84982636467,vu4728@fictitious-mail.dev,ADDR-000572,Factory Worker,135783770,LOW,2021-03-23T23:59:59Z
CUST-000573,Do Nam Hai,1965-01-01,VN,928873746101,+84998370567,do3029@mail-demo.invalid,ADDR-000573,Consultant,439938581,LOW,2021-09-27T23:59:59Z
CUST-000574,Bui Tuan Xuan,1975-10-22,VN,960859706295,+84928782845,bui5123@mail-demo.invalid,ADDR-000574,Freelancer,217143915,LOW,2024-09-17T23:59:59Z
CUST-000575,Duong Oanh Thao,1972-06-21,VN,949260923438,+84968835737,duong8666@fictitious-mail.dev,ADDR-000575,Civil Servant,243652687,MEDIUM,2023-01-11T23:59:59Z
CUST-000576,Cao Nam Chi,1976-09-18,VN,936724341101,+84926751951,cao8682@mail-demo.invalid,ADDR-000576,Freelancer,382170382,LOW,2024-05-17T23:59:59Z
CUST-000577,Huynh Phuong Viet,1985-05-27,KR,933342266513,+84952408734,huynh1026@example-sandbox.test,ADDR-000577,Accountant,125176872,LOW,2024-07-27T23:59:59Z
CUST-000578,Ngo Phuong Minh,1973-08-03,JP,988007709767,+84963350270,ngo9648@mail-demo.invalid,ADDR-000578,Sales Associate,324824800,LOW,2024-02-09T23:59:59Z
CUST-000579,Pham Dung Viet,1993-08-08,AU,983087294831,+84941400578,pham5577@mail-demo.invalid,ADDR-000579,Teacher,302688759,MEDIUM,2022-07-26T23:59:59Z
CUST-000580,Do My Lan,1956-08-11,AU,929412819636,+84979566756,do1822@fictitious-mail.dev,ADDR-001665,Retired,164036230,LOW,2021-01-19T23:59:59Z
CUST-000581,Cao My Giang,1945-10-17,VN,939746792491,+84967103476,cao8133@mail-demo.invalid,ADDR-000581,Retired,104045721,LOW,2020-06-24T23:59:59Z
CUST-000582,Ly Viet Giang,1972-10-01,VN,990402369264,+84994594084,ly2735@mail-demo.invalid,ADDR-000582,Retired,300688935,LOW,2020-05-16T23:59:59Z
CUST-000583,Doan Binh Oanh,1998-06-07,VN,964431557414,+84912681024,doan1992@mail-demo.invalid,ADDR-000583,Student,68891532,LOW,2021-05-12T23:59:59Z
CUST-000584,Vu Khoa Chi,1946-06-27,KR,926310572525,+84977416019,vu2016@mail-demo.invalid,ADDR-000584,Retired,131285557,LOW,2021-10-20T23:59:59Z
CUST-000585,Hoang My Giang,1956-10-13,AU,936823556958,+84957409708,hoang3965@fictitious-mail.dev,ADDR-000585,Retired,156720580,LOW,2022-10-25T23:59:59Z
CUST-000586,Ho Phong Hieu,1963-06-26,VN,961974524497,+84948946940,ho4033@example-sandbox.test,ADDR-000586,Retired,107924903,HIGH,2024-08-18T23:59:59Z
CUST-000587,Bui Phong Tam,1966-07-26,VN,919691270504,+84965325710,bui1255@mail-demo.invalid,ADDR-000587,Teacher,164134440,LOW,2022-10-01T23:59:59Z
CUST-000588,Pham Chi Minh,2006-03-16,VN,944395268745,+84929154201,pham7973@example-sandbox.test,ADDR-000588,Student,24082035,LOW,2022-08-10T23:59:59Z
CUST-000589,Tran Hoa Quynh,1980-10-21,VN,933921541085,+84933237546,tran8285@fictitious-mail.dev,ADDR-000589,Factory Worker,473945909,MEDIUM,2024-03-19T23:59:59Z
CUST-000590,Duong Son Minh,1956-09-18,VN,926272927497,+84961505711,duong4440@fictitious-mail.dev,ADDR-000590,Factory Worker,348072554,MEDIUM,2022-01-27T23:59:59Z
CUST-000591,Vu Nga Nam,1980-08-01,VN,940469756816,+84911131286,vu9914@mail-demo.invalid,ADDR-000591,Driver,374958026,MEDIUM,2024-01-30T23:59:59Z
CUST-000592,Vo Em Lan,1969-10-02,SG,972063180421,+84927978533,vo120@example-sandbox.test,ADDR-000592,Factory Worker,165630009,LOW,2020-08-28T23:59:59Z
CUST-000593,Cao Phuong Nhi,1974-03-05,VN,911999805893,+84988837038,cao9143@example-sandbox.test,ADDR-000593,Accountant,460532804,MEDIUM,2025-02-12T23:59:59Z
CUST-000594,Phan Linh Hoa,1961-10-02,VN,949481138561,+84961347932,phan8616@example-sandbox.test,ADDR-000594,Teacher,386457889,MEDIUM,2025-01-25T23:59:59Z
CUST-000595,Bui Phong Diep,2000-06-07,US,987130896070,+84988301601,bui511@mail-demo.invalid,ADDR-000595,Student,62335350,LOW,2025-04-12T23:59:59Z
CUST-000596,Cao Oanh Giang,1946-03-06,VN,936238629857,+84982549495,cao6237@fictitious-mail.dev,ADDR-000596,Retired,120595412,LOW,2022-01-01T23:59:59Z
CUST-000597,Mai Lan Xuan,1959-08-09,VN,966886319596,+84917220051,mai2371@mail-demo.invalid,ADDR-000597,Factory Worker,123376202,LOW,2023-01-06T23:59:59Z
CUST-000598,Nguyen Hieu Son,1974-08-06,US,912650098209,+84937950053,nguyen2993@example-sandbox.test,ADDR-000598,Marketing Specialist,359486091,LOW,2021-07-06T23:59:59Z
CUST-000599,Do Hieu Viet,1999-03-04,VN,953424009601,+84982078150,do9527@mail-demo.invalid,ADDR-000599,Student,26486744,LOW,2023-07-13T23:59:59Z
CUST-000600,Ngo Hung Nam,1957-09-17,VN,971469406789,+84944737951,ngo388@fictitious-mail.dev,ADDR-000600,Retired,61298102,MEDIUM,2025-05-05T23:59:59Z
CUST-000601,Tran Dung Diep,2006-07-20,VN,939350113117,+84953759724,tran3776@example-sandbox.test,ADDR-000601,Student,37529147,LOW,2020-06-09T23:59:59Z
CUST-000602,Huynh Khanh An,1965-04-24,JP,930369069805,+84911952172,huynh5887@example-sandbox.test,ADDR-000602,Software Engineer,209388850,MEDIUM,2025-04-20T23:59:59Z
CUST-000603,Nguyen An Uy,1988-10-03,VN,923967760064,+84964518407,nguyen44@mail-demo.invalid,ADDR-000603,Driver,512380180,HIGH,2022-06-20T23:59:59Z
CUST-000604,Tran Cuong An,1989-06-10,KR,922674254718,+84983499395,tran6968@example-sandbox.test,ADDR-000604,Sales Associate,493556047,LOW,2021-03-19T23:59:59Z
CUST-000605,Vu My Giang,1961-06-03,AU,998284323908,+84959577347,vu4246@example-sandbox.test,ADDR-000605,Retail Manager,165721518,LOW,2022-09-27T23:59:59Z
CUST-000606,Duong Tuan Cuong,1991-05-10,AU,967571554000,+84969272797,duong2430@fictitious-mail.dev,ADDR-000606,Software Engineer,440635654,LOW,2022-04-08T23:59:59Z
CUST-000607,Duong Kiet Tam,1955-03-02,KR,980208329805,+84919398971,duong8141@example-sandbox.test,ADDR-000607,Civil Servant,329960575,LOW,2024-11-01T23:59:59Z
CUST-000608,Dang Giang Lan,1994-03-18,SG,983474790965,+84925595477,dang6860@mail-demo.invalid,ADDR-000608,Marketing Specialist,420655059,LOW,2025-02-21T23:59:59Z
CUST-000609,Ngo Hoa Binh,1958-09-08,KR,970745115183,+84921632103,ngo486@mail-demo.invalid,ADDR-000609,Civil Servant,188605031,MEDIUM,2025-03-12T23:59:59Z
CUST-000610,Ngo Tuan Nga,2004-05-13,VN,997211293075,+84933851074,ngo2365@example-sandbox.test,ADDR-000610,Freelancer,258807331,HIGH,2020-09-03T23:59:59Z
CUST-000611,Vo Phong Yen,1990-02-16,US,933771604846,+84931901903,vo5208@mail-demo.invalid,ADDR-000611,Civil Servant,346482082,LOW,2020-04-13T23:59:59Z
CUST-000612,Vo Em Nhi,1983-09-15,KR,951332812393,+84973525919,vo7653@mail-demo.invalid,ADDR-000612,Marketing Specialist,339456599,LOW,2020-09-18T23:59:59Z
CUST-000613,Vu Tuan Son,1968-05-24,US,964777583518,+84983508869,vu2497@mail-demo.invalid,ADDR-000613,Accountant,148801821,LOW,2023-12-13T23:59:59Z
CUST-000614,Le Hanh Hai,2005-09-18,VN,929461340442,+84972223246,le4081@mail-demo.invalid,ADDR-000614,Student,37124130,MEDIUM,2021-05-01T23:59:59Z
CUST-000615,Ngo Viet Binh,1980-01-12,VN,926391994708,+84915871005,ngo2978@mail-demo.invalid,ADDR-000615,Accountant,259409465,MEDIUM,2023-05-27T23:59:59Z
CUST-000616,Cao Uy Khoa,1955-08-05,VN,963709581372,+84917096276,cao958@mail-demo.invalid,ADDR-000616,Accountant,248697335,LOW,2021-01-19T23:59:59Z
CUST-000617,Vu Hai Quynh,2002-08-25,KR,916077124826,+84924087799,vu6357@mail-demo.invalid,ADDR-000617,Factory Worker,436589556,HIGH,2025-02-12T23:59:59Z
CUST-000618,Pham Em Nam,2003-09-06,VN,974521720933,+84932342927,pham9145@fictitious-mail.dev,ADDR-000618,Student,46662471,LOW,2024-06-02T23:59:59Z
CUST-000619,Nguyen Xuan Trang,1962-08-27,VN,990565718459,+84995059580,nguyen6295@example-sandbox.test,ADDR-000619,Retired,430481336,MEDIUM,2021-04-21T23:59:59Z
CUST-000620,Nguyen Xuan Bao,2005-09-02,VN,996628272475,+84944479616,nguyen4804@mail-demo.invalid,ADDR-000620,Factory Worker,369925267,MEDIUM,2023-09-13T23:59:59Z
CUST-000621,Vo Diep Phuong,1956-08-22,SG,966119302059,+84993180597,vo1940@mail-demo.invalid,ADDR-000621,Driver,529951469,HIGH,2023-06-29T23:59:59Z
CUST-000622,Nguyen Nam Minh,1946-11-17,VN,949327043065,+84938438227,nguyen1844@fictitious-mail.dev,ADDR-000622,Retired,169168690,LOW,2020-05-24T23:59:59Z
CUST-000623,Bui Nga Chi,1964-02-13,JP,960335707393,+84983826394,bui6360@fictitious-mail.dev,ADDR-000623,Sales Associate,317730070,LOW,2025-02-08T23:59:59Z
CUST-000624,Ly Hoa Quang,2004-09-27,AU,969215736304,+84926412074,ly5244@example-sandbox.test,ADDR-000624,Nurse,383380264,LOW,2024-10-19T23:59:59Z
CUST-000625,Ly Trang Hai,1976-03-13,VN,995092313736,+84971989770,ly2635@mail-demo.invalid,ADDR-000625,Civil Servant,259370257,LOW,2023-08-23T23:59:59Z
CUST-000626,Le My Hai,1956-01-27,KR,924877102167,+84958540351,le6296@example-sandbox.test,ADDR-000626,Factory Worker,229293069,LOW,2023-02-02T23:59:59Z
CUST-000627,Le Thao Trang,1975-11-06,US,931688771135,+84985513912,le2831@example-sandbox.test,ADDR-000627,Sales Associate,366433812,MEDIUM,2021-09-18T23:59:59Z
CUST-000628,Hoang An My,1996-11-07,VN,937222607843,+84983617061,hoang6569@example-sandbox.test,ADDR-000628,Freelancer,302532913,MEDIUM,2020-09-01T23:59:59Z
CUST-000629,Trinh Diep Hieu,1998-01-23,SG,960595453913,+84941583718,trinh4256@mail-demo.invalid,ADDR-000629,Student,214685188,MEDIUM,2024-05-12T23:59:59Z
CUST-000630,Bui Hoa My,1958-09-20,JP,958700638151,+84944184054,bui2602@example-sandbox.test,ADDR-000630,Consultant,374310368,LOW,2021-07-17T23:59:59Z
CUST-000631,Tran Linh Linh,1996-02-04,VN,973719776640,+84959793666,tran8030@example-sandbox.test,ADDR-000631,Driver,378849806,LOW,2024-11-05T23:59:59Z
CUST-000632,Ho Dao Xuan,1946-02-27,US,991412625129,+84911055438,ho3397@fictitious-mail.dev,ADDR-000632,Retired,83584929,MEDIUM,2023-07-28T23:59:59Z
CUST-000633,Ho Son Quynh,1946-01-28,VN,972064755407,+84912593999,ho3540@mail-demo.invalid,ADDR-000633,Retired,133332162,LOW,2023-04-22T23:59:59Z
CUST-000634,Duong Linh Quang,1957-02-28,JP,987996218203,+84947398032,duong7268@example-sandbox.test,ADDR-000634,Retired,90048229,HIGH,2022-06-08T23:59:59Z
CUST-000635,Vu Hung Oanh,1999-03-18,VN,925344165483,+84962025032,vu3641@example-sandbox.test,ADDR-000635,Marketing Specialist,384814953,LOW,2024-10-14T23:59:59Z
CUST-000636,Phan Hieu Quynh,2003-12-01,KR,986704518771,+84968364452,phan4938@mail-demo.invalid,ADDR-000636,Student,54376395,LOW,2025-07-17T23:59:59Z
CUST-000637,Huynh Em Bao,2002-10-02,VN,984127046998,+84986829222,huynh567@fictitious-mail.dev,ADDR-000637,Student,39985103,LOW,2020-09-22T23:59:59Z
CUST-000638,Bui Yen Dung,1962-06-10,SG,940208181099,+84964334037,bui9518@fictitious-mail.dev,ADDR-000638,Consultant,241462795,LOW,2022-03-16T23:59:59Z
CUST-000639,Nguyen Viet Binh,1977-11-08,VN,919750532858,+84931701972,nguyen9500@mail-demo.invalid,ADDR-000639,Retired,409032946,MEDIUM,2022-07-05T23:59:59Z
CUST-000640,Ly Oanh Thao,1992-03-03,VN,933123806624,+84989899485,ly4395@fictitious-mail.dev,ADDR-000640,Teacher,269172369,LOW,2023-08-03T23:59:59Z
CUST-000641,Ho Hung Khoa,1972-03-22,KR,946071891955,+84961418159,ho1686@mail-demo.invalid,ADDR-000641,Civil Servant,290994419,LOW,2023-01-07T23:59:59Z
CUST-000642,Tran Minh Lan,2000-06-23,VN,956643601860,+84957597060,tran163@example-sandbox.test,ADDR-000642,Teacher,153712594,LOW,2025-01-29T23:59:59Z
CUST-000643,Hoang Quang Oanh,1993-12-24,VN,930873410240,+84930578989,hoang1531@fictitious-mail.dev,ADDR-000643,Retail Manager,320983926,LOW,2024-12-17T23:59:59Z
CUST-000644,Ly Cuong Dao,1951-03-19,AU,987250043446,+84967713405,ly5805@mail-demo.invalid,ADDR-000644,Retired,91471125,LOW,2020-09-25T23:59:59Z
CUST-000645,Trinh Minh Viet,1965-12-14,JP,962119323682,+84933072173,trinh295@fictitious-mail.dev,ADDR-000645,Retail Manager,292141757,LOW,2021-04-30T23:59:59Z
CUST-000646,Doan Lan Linh,1966-01-25,VN,933765272282,+84957334398,doan6648@mail-demo.invalid,ADDR-000646,Factory Worker,308099737,MEDIUM,2020-10-18T23:59:59Z
CUST-000647,Le Tam Dao,2000-01-20,US,933168853169,+84969509996,le652@mail-demo.invalid,ADDR-000647,Student,24768038,LOW,2022-05-05T23:59:59Z
CUST-000648,Tran Binh Nga,1994-12-25,VN,942534037196,+84942965259,tran6075@mail-demo.invalid,ADDR-000648,Retail Manager,146791065,LOW,2025-04-02T23:59:59Z
CUST-000649,Hoang Oanh Quynh,1997-07-09,US,917905071695,+84973619420,hoang7143@mail-demo.invalid,ADDR-000649,Freelancer,291997762,LOW,2025-06-18T23:59:59Z
CUST-000650,Pham Nam Minh,2005-01-21,AU,949766995723,+84922502848,pham7132@example-sandbox.test,ADDR-000650,Accountant,181560945,MEDIUM,2023-05-16T23:59:59Z
CUST-000651,Ngo Chi Khoa,1999-10-10,VN,974722844042,+84953995738,ngo5574@mail-demo.invalid,ADDR-000651,Retail Manager,254758819,LOW,2024-07-03T23:59:59Z
CUST-000652,Dang Son Son,1959-03-08,VN,967317843754,+84954995300,dang3218@fictitious-mail.dev,ADDR-000652,Consultant,386400853,LOW,2021-05-12T23:59:59Z
CUST-000653,Ngo Xuan Dao,1957-03-07,KR,947392405394,+84918485147,ngo199@mail-demo.invalid,ADDR-000653,Driver,371046465,LOW,2024-02-05T23:59:59Z
CUST-000654,Doan Em Quang,1998-05-16,US,926050461174,+84949406327,doan3640@example-sandbox.test,ADDR-000654,Retail Manager,146795738,HIGH,2023-04-11T23:59:59Z
CUST-000655,Hoang Cuong Nga,1980-02-12,VN,979093688288,+84960031940,hoang8480@fictitious-mail.dev,ADDR-000655,Driver,596399593,MEDIUM,2022-07-27T23:59:59Z
CUST-000656,Doan Cuong Binh,1973-07-25,US,953092550192,+84914899615,doan3734@fictitious-mail.dev,ADDR-000656,Nurse,315067172,LOW,2024-05-07T23:59:59Z
CUST-000657,Huynh Hoa Hoa,1985-11-09,VN,912638434339,+84978706154,huynh7408@fictitious-mail.dev,ADDR-000657,Marketing Specialist,428505390,LOW,2020-07-24T23:59:59Z
CUST-000658,Huynh Trang Nhi,1987-07-01,SG,955688489716,+84912940347,huynh4960@fictitious-mail.dev,ADDR-000658,Accountant,358545146,LOW,2021-06-07T23:59:59Z
CUST-000659,Ho Nam Linh,1958-07-25,VN,974488203965,+84935723881,ho9507@fictitious-mail.dev,ADDR-000659,Accountant,137435008,MEDIUM,2021-05-25T23:59:59Z
CUST-000660,Nguyen Viet Khoa,1964-07-19,VN,910677466991,+84937681981,nguyen9689@fictitious-mail.dev,ADDR-000660,Retired,83033865,LOW,2024-03-14T23:59:59Z
CUST-000661,Cao Hoa My,2004-02-20,SG,986534281521,+84968946977,cao3111@mail-demo.invalid,ADDR-000661,Student,36054914,LOW,2022-04-25T23:59:59Z
CUST-000662,Doan Hanh Hoa,2006-07-21,US,999996092567,+84946383648,doan3634@fictitious-mail.dev,ADDR-000662,Student,24374493,LOW,2020-11-06T23:59:59Z
CUST-000663,Duong Chi Hanh,1985-03-14,VN,970312212628,+84916432263,duong3336@mail-demo.invalid,ADDR-000663,Retail Manager,421627051,MEDIUM,2025-05-14T23:59:59Z
CUST-000664,Bui Binh Binh,1949-11-19,SG,991395683884,+84934676025,bui7651@fictitious-mail.dev,ADDR-000664,Retired,128134603,LOW,2022-10-11T23:59:59Z
CUST-000665,Hoang An Xuan,1957-01-08,AU,970645139615,+84917626061,hoang2871@example-sandbox.test,ADDR-000665,Nurse,191655558,LOW,2022-09-12T23:59:59Z
CUST-000666,Nguyen Tam Khanh,1974-06-07,US,912562681406,+84988593456,nguyen1475@mail-demo.invalid,ADDR-000666,Nurse,473062117,LOW,2024-10-05T23:59:59Z
CUST-000667,Duong An Hung,2003-07-11,VN,915619271896,+84957235322,duong5815@mail-demo.invalid,ADDR-000207,Civil Servant,230074722,MEDIUM,2024-01-10T23:59:59Z
CUST-000668,Doan Khanh Hanh,1963-04-17,SG,964598913582,+84965178770,doan2495@mail-demo.invalid,ADDR-000668,Retired,126895856,HIGH,2023-02-20T23:59:59Z
CUST-000669,Do Hieu Thao,1960-11-06,VN,917509727634,+84944436550,do3048@fictitious-mail.dev,ADDR-000669,Retired,174799034,LOW,2020-07-24T23:59:59Z
CUST-000670,Ho Nhi Hieu,1993-10-24,AU,986167018814,+84943279063,ho3529@example-sandbox.test,ADDR-000670,Factory Worker,202849882,LOW,2021-12-26T23:59:59Z
CUST-000671,Vo Uy Linh,1958-10-27,VN,953360467888,+84936862613,vo9882@fictitious-mail.dev,ADDR-000671,Civil Servant,255006222,LOW,2022-09-27T23:59:59Z
CUST-000672,Le Thao Nga,1957-12-19,VN,949589836698,+84925865713,le274@mail-demo.invalid,ADDR-000672,Retail Manager,272602474,MEDIUM,2020-10-15T23:59:59Z
CUST-000673,Huynh Hung Tam,1955-12-21,VN,978958325030,+84934515063,huynh3827@example-sandbox.test,ADDR-000673,Consultant,453442323,LOW,2023-10-29T23:59:59Z
CUST-000674,Hoang An Giang,2003-01-15,AU,967589031111,+84923489423,hoang8622@example-sandbox.test,ADDR-000674,Student,66140846,LOW,2024-04-17T23:59:59Z
CUST-000675,Bui Nga Em,1997-11-20,SG,965192134601,+84923010145,bui209@mail-demo.invalid,ADDR-000675,Retired,358858682,MEDIUM,2024-08-01T23:59:59Z
CUST-000676,Cao Hieu Kiet,2001-04-17,JP,936600348378,+84971689400,cao661@mail-demo.invalid,ADDR-000676,Sales Associate,437175979,MEDIUM,2025-04-10T23:59:59Z
CUST-000677,Ngo Hung Nga,1975-01-23,JP,954725808828,+84920229583,ngo9967@mail-demo.invalid,ADDR-000677,Factory Worker,595534527,MEDIUM,2025-04-21T23:59:59Z
CUST-000678,Phan Quang Chi,1993-09-26,SG,912185637929,+84956212929,phan5675@fictitious-mail.dev,ADDR-000678,Civil Servant,159392664,LOW,2021-02-09T23:59:59Z
CUST-000679,Tran Quynh Phuong,1998-10-08,VN,951733443404,+84952806491,tran5108@mail-demo.invalid,ADDR-000679,Student,24758861,LOW,2024-01-28T23:59:59Z
CUST-000680,Huynh Chi Phong,1987-09-18,US,997096358409,+84912824176,huynh7288@fictitious-mail.dev,ADDR-000680,Retail Manager,591418643,LOW,2023-08-03T23:59:59Z
CUST-000681,Ngo Hung Minh,1958-10-15,VN,978808232345,+84978079093,ngo876@example-sandbox.test,ADDR-000681,Retired,221937541,LOW,2020-06-11T23:59:59Z
CUST-000682,Phan Khanh Cuong,1999-09-09,KR,984468304870,+84916314366,phan5619@mail-demo.invalid,ADDR-000682,Student,46500646,MEDIUM,2025-02-17T23:59:59Z
CUST-000683,Cao Phuong An,1985-06-23,VN,975696961698,+84917610836,cao8714@fictitious-mail.dev,ADDR-000683,Marketing Specialist,266370778,MEDIUM,2022-12-30T23:59:59Z
CUST-000684,Ly Cuong Hoa,1963-03-08,SG,964014445088,+84910372592,ly5953@mail-demo.invalid,ADDR-000684,Software Engineer,318745467,LOW,2020-10-11T23:59:59Z
CUST-000685,Ho Dung Van,1958-01-13,US,966859809338,+84911122554,ho6078@mail-demo.invalid,ADDR-000685,Accountant,226972136,MEDIUM,2023-06-20T23:59:59Z
CUST-000686,Tran Phong Binh,1964-01-20,VN,932930686152,+84936847704,tran7538@example-sandbox.test,ADDR-000686,Driver,192614806,LOW,2023-08-17T23:59:59Z
CUST-000687,Do Quynh Tam,1997-05-21,AU,931267901862,+84915884742,do5227@example-sandbox.test,ADDR-000687,Civil Servant,258399724,LOW,2023-11-14T23:59:59Z
CUST-000688,Do Uy Nam,1973-06-13,US,992325391896,+84959794063,do2448@mail-demo.invalid,ADDR-000688,Retired,271929171,LOW,2020-09-13T23:59:59Z
CUST-000689,Duong An Tam,1983-03-25,US,911744207811,+84927593505,duong3224@example-sandbox.test,ADDR-000689,Factory Worker,463783667,HIGH,2020-10-30T23:59:59Z
CUST-000690,Ngo Dung Yen,1988-01-12,VN,945129580075,+84950563566,ngo1230@mail-demo.invalid,ADDR-000690,Nurse,407133976,MEDIUM,2023-03-16T23:59:59Z
CUST-000691,Mai Dung Tuan,2001-10-24,VN,999156955226,+84980425765,mai9431@fictitious-mail.dev,ADDR-000691,Freelancer,166093232,MEDIUM,2023-02-03T23:59:59Z
CUST-000692,Doan Oanh Diep,1998-08-02,VN,944233333915,+84974192137,doan7767@fictitious-mail.dev,ADDR-000692,Student,70081293,LOW,2023-07-29T23:59:59Z
CUST-000693,Phan Minh Khanh,1999-12-16,VN,936342157233,+84985903132,phan6634@example-sandbox.test,ADDR-000693,Sales Associate,444111327,LOW,2021-09-17T23:59:59Z
CUST-000694,Vu Nhi Lan,1969-06-21,VN,927380590615,+84941983879,vu2988@mail-demo.invalid,ADDR-000694,Driver,387181638,LOW,2021-08-18T23:59:59Z
CUST-000695,Le Kiet Hieu,1988-01-26,JP,953310895619,+84946068196,le5605@mail-demo.invalid,ADDR-000695,Freelancer,446475447,LOW,2024-11-01T23:59:59Z
CUST-000696,Vu Nam Khanh,1958-03-05,JP,972059701807,+84972661174,vu3578@mail-demo.invalid,ADDR-000696,Retired,157268438,MEDIUM,2022-03-02T23:59:59Z
CUST-000697,Tran Van Nhi,1975-09-26,VN,996480334930,+84948609601,tran1390@fictitious-mail.dev,ADDR-000697,Consultant,454956409,LOW,2024-09-20T23:59:59Z
CUST-000698,Duong Hoa Hung,1978-01-27,US,935041405056,+84911851318,duong656@mail-demo.invalid,ADDR-000698,Civil Servant,597144464,MEDIUM,2022-06-25T23:59:59Z
CUST-000699,Mai Nam Hai,1988-10-23,AU,977342472156,+84987083309,mai8875@fictitious-mail.dev,ADDR-000699,Sales Associate,236817385,MEDIUM,2020-06-25T23:59:59Z
CUST-000700,Ngo Khoa Tam,1949-04-19,VN,965375822078,+84923613606,ngo2143@mail-demo.invalid,ADDR-000700,Retired,160032682,LOW,2024-12-07T23:59:59Z
CUST-000701,Hoang Minh Hieu,1988-08-10,VN,999889988824,+84931691652,hoang5588@example-sandbox.test,ADDR-000701,Civil Servant,283308499,LOW,2021-09-23T23:59:59Z
CUST-000702,Bui Viet Tam,1957-07-23,VN,947466445614,+84987246939,bui6064@example-sandbox.test,ADDR-000702,Retired,66640542,LOW,2022-09-29T23:59:59Z
CUST-000703,Cao My Khanh,1967-01-27,KR,987564334716,+84928885625,cao6836@mail-demo.invalid,ADDR-000703,Freelancer,184064912,LOW,2023-06-17T23:59:59Z
CUST-000704,Bui Yen Quynh,1977-05-16,US,911179385865,+84910919202,bui857@example-sandbox.test,ADDR-000704,Retail Manager,212421196,LOW,2025-02-10T23:59:59Z
CUST-000705,Dang Quang Em,2004-10-16,VN,927201078913,+84937073928,dang3303@fictitious-mail.dev,ADDR-000705,Freelancer,436071163,MEDIUM,2022-10-19T23:59:59Z
CUST-000706,Tran Nhi Thao,1972-04-17,US,931735812162,+84916069615,tran5453@fictitious-mail.dev,ADDR-000706,Software Engineer,591938557,MEDIUM,2024-10-22T23:59:59Z
CUST-000707,Ly Dao Quynh,2002-09-09,VN,958145487828,+84962242988,ly9985@example-sandbox.test,ADDR-000707,Student,34258030,LOW,2023-10-14T23:59:59Z
CUST-000708,Bui Quynh Nga,1991-06-19,KR,927373818711,+84998296620,bui7082@mail-demo.invalid,ADDR-000708,Accountant,130113855,MEDIUM,2024-04-06T23:59:59Z
CUST-000709,Nguyen Oanh Minh,1974-04-04,AU,973325434946,+84999253164,nguyen7534@example-sandbox.test,ADDR-000709,Sales Associate,141941390,LOW,2024-10-23T23:59:59Z
CUST-000710,Trinh Hung Kiet,1975-09-28,US,981710197212,+84947104988,trinh1738@fictitious-mail.dev,ADDR-000710,Freelancer,444342462,LOW,2021-04-05T23:59:59Z
CUST-000711,Ly Tam Uy,1968-08-07,VN,963188656299,+84934399883,ly9673@mail-demo.invalid,ADDR-000711,Marketing Specialist,555967969,HIGH,2025-02-12T23:59:59Z
CUST-000712,Do Van Dao,1974-09-19,VN,969844202502,+84930503442,do3860@mail-demo.invalid,ADDR-000712,Retired,454394098,MEDIUM,2023-05-08T23:59:59Z
CUST-000713,Ngo Tuan Son,1962-08-02,KR,989227664656,+84953347060,ngo4252@mail-demo.invalid,ADDR-000713,Retired,145599000,LOW,2022-02-25T23:59:59Z
CUST-000714,Trinh Em Yen,1947-10-02,KR,951150214334,+84959606051,trinh8355@fictitious-mail.dev,ADDR-000714,Retired,126318657,MEDIUM,2023-11-16T23:59:59Z
CUST-000715,Nguyen Phuong Diep,1960-10-13,VN,923659742802,+84994771464,nguyen9874@mail-demo.invalid,ADDR-000715,Marketing Specialist,247665395,MEDIUM,2024-10-28T23:59:59Z
CUST-000716,Ho Cuong Kiet,1957-01-15,AU,940631514223,+84974565120,ho2405@fictitious-mail.dev,ADDR-000716,Retail Manager,183577164,LOW,2020-10-10T23:59:59Z
CUST-000717,Ngo Quynh Tuan,2006-09-26,VN,953770050027,+84957555117,ngo7309@mail-demo.invalid,ADDR-000717,Student,51767346,MEDIUM,2022-03-25T23:59:59Z
CUST-000718,Tran Tuan My,1946-11-03,KR,993659267686,+84991000949,tran3648@fictitious-mail.dev,ADDR-000718,Retired,77042748,LOW,2023-09-01T23:59:59Z
CUST-000719,Pham Khanh Nga,1955-04-13,KR,974383622091,+84925278116,pham5314@fictitious-mail.dev,ADDR-000719,Retired,66606138,MEDIUM,2020-11-25T23:59:59Z
CUST-000720,Ngo Trang Tam,1971-10-26,VN,969150938904,+84967347605,ngo4886@mail-demo.invalid,ADDR-000720,Teacher,373955356,LOW,2023-05-13T23:59:59Z
CUST-000721,Cao Khanh My,1969-07-18,VN,917347273307,+84928348255,cao9256@mail-demo.invalid,ADDR-000721,Student,373290894,MEDIUM,2025-02-01T23:59:59Z
CUST-000722,Ngo Cuong Binh,1984-05-10,US,978060452820,+84944172923,ngo6370@mail-demo.invalid,ADDR-000722,Civil Servant,231295463,LOW,2020-07-26T23:59:59Z
CUST-000723,Nguyen Van An,1950-11-04,US,985439142327,+84919637542,nguyen4697@mail-demo.invalid,ADDR-001873,Retired,128936947,LOW,2025-03-29T23:59:59Z
CUST-000724,Mai Hung Viet,2002-04-07,VN,930666986447,+84967009298,mai5700@fictitious-mail.dev,ADDR-000724,Student,66743106,LOW,2021-12-12T23:59:59Z
CUST-000725,Le An Hung,1975-04-09,VN,918253721850,+84928042523,le2098@mail-demo.invalid,ADDR-000725,Marketing Specialist,331611060,LOW,2021-06-26T23:59:59Z
CUST-000726,Ly Yen Nhi,2002-08-28,JP,921228196378,+84953942593,ly2454@fictitious-mail.dev,ADDR-000726,Sales Associate,170351696,LOW,2025-07-31T23:59:59Z
CUST-000727,Ngo Thao Hung,1979-02-18,US,975482501170,+84927212173,ngo6220@mail-demo.invalid,ADDR-000727,Teacher,128210703,MEDIUM,2021-02-09T23:59:59Z
CUST-000728,Le Thao Kiet,1957-09-11,VN,935652992421,+84954898857,le5625@mail-demo.invalid,ADDR-000728,Civil Servant,236142299,MEDIUM,2025-07-11T23:59:59Z
CUST-000729,Ly Phong Nga,1959-05-13,VN,950725746352,+84987881130,ly3244@mail-demo.invalid,ADDR-000729,Student,313916272,LOW,2024-04-03T23:59:59Z
CUST-000730,Vu My Quynh,1996-02-17,VN,980325691165,+84916925406,vu980@mail-demo.invalid,ADDR-000730,Civil Servant,348130346,LOW,2023-03-26T23:59:59Z
CUST-000731,Ngo Lan Hai,1960-02-18,JP,914712944125,+84992562620,ngo6642@fictitious-mail.dev,ADDR-000731,Retired,133618872,LOW,2021-03-12T23:59:59Z
CUST-000732,Le Bao Quang,1966-01-13,VN,931701584273,+84936204357,le889@mail-demo.invalid,ADDR-000732,Retail Manager,225321154,LOW,2021-09-16T23:59:59Z
CUST-000733,Nguyen Diep Hoa,1985-06-03,VN,989838388613,+84929014290,nguyen313@mail-demo.invalid,ADDR-000733,Consultant,175349670,LOW,2025-06-19T23:59:59Z
CUST-000734,Hoang Linh Linh,1958-03-21,VN,923209282080,+84937881659,hoang4195@fictitious-mail.dev,ADDR-000734,Sales Associate,322819480,LOW,2023-08-02T23:59:59Z
CUST-000735,Vo Van Hoa,1954-04-10,VN,963689656581,+84950050708,vo4882@fictitious-mail.dev,ADDR-000735,Retired,76943702,LOW,2023-10-21T23:59:59Z
CUST-000736,Ly Phong Son,1997-11-21,SG,992366077929,+84973337038,ly3802@example-sandbox.test,ADDR-000736,Freelancer,415357634,MEDIUM,2022-06-17T23:59:59Z
CUST-000737,Do Phong Trang,1958-07-10,VN,975569552179,+84959589949,do3591@mail-demo.invalid,ADDR-000737,Freelancer,343636631,MEDIUM,2022-03-14T23:59:59Z
CUST-000738,Mai Xuan Van,2002-05-07,US,929724165820,+84949971412,mai1692@example-sandbox.test,ADDR-000738,Retired,202729646,LOW,2024-04-09T23:59:59Z
CUST-000739,Ngo Phong Dao,1956-07-24,KR,949286559713,+84985901032,ngo7707@fictitious-mail.dev,ADDR-000739,Marketing Specialist,174367892,LOW,2023-05-11T23:59:59Z
CUST-000740,Vu Binh Quynh,1960-01-16,VN,913321155158,+84922806896,vu4488@fictitious-mail.dev,ADDR-000740,Retired,110940941,LOW,2024-12-09T23:59:59Z
CUST-000741,Dang My Diep,1966-05-27,VN,990524904117,+84994937629,dang2695@example-sandbox.test,ADDR-000741,Consultant,464909647,MEDIUM,2023-11-10T23:59:59Z
CUST-000742,Mai Quang Trang,1997-02-06,US,988564107152,+84971762245,mai1449@fictitious-mail.dev,ADDR-000742,Freelancer,458506057,MEDIUM,2025-03-23T23:59:59Z
CUST-000743,Do Dao Binh,2004-10-20,VN,990450671392,+84914548283,do1333@mail-demo.invalid,ADDR-000743,Student,40569078,LOW,2021-04-27T23:59:59Z
CUST-000744,Tran Dao Viet,2002-02-28,US,993724476717,+84939059497,tran618@mail-demo.invalid,ADDR-000744,Student,28165872,HIGH,2025-03-05T23:59:59Z
CUST-000745,Huynh Chi Khanh,2006-07-04,US,986948542281,+84914426551,huynh1186@fictitious-mail.dev,ADDR-000745,Student,51999771,LOW,2021-01-05T23:59:59Z
CUST-000746,Tran Nam Tuan,1967-01-23,JP,925768112644,+84975184646,tran9695@mail-demo.invalid,ADDR-000746,Nurse,348420915,MEDIUM,2025-04-03T23:59:59Z
CUST-000747,Mai Thao Binh,1954-11-28,VN,982726047346,+84984577463,mai1447@example-sandbox.test,ADDR-000747,Retired,122267690,LOW,2020-08-04T23:59:59Z
CUST-000748,Do Quynh Cuong,1958-02-08,KR,914637237934,+84995517115,do8181@example-sandbox.test,ADDR-000748,Retired,141228073,LOW,2024-08-14T23:59:59Z
CUST-000749,Le Van Nam,1976-10-22,US,962336521995,+84918915990,le6661@fictitious-mail.dev,ADDR-000749,Sales Associate,340634961,MEDIUM,2025-05-20T23:59:59Z
CUST-000750,Le Oanh Hieu,1964-05-17,KR,967375987246,+84962402189,le9905@example-sandbox.test,ADDR-000750,Retired,142353546,LOW,2021-09-20T23:59:59Z
CUST-000751,Do Trang Tam,1964-08-21,VN,929137020251,+84962306833,do6623@mail-demo.invalid,ADDR-000751,Factory Worker,218908487,LOW,2020-11-23T23:59:59Z
CUST-000752,Nguyen Cuong Trang,2004-05-02,KR,926355350128,+84910690967,nguyen57@fictitious-mail.dev,ADDR-000752,Student,36081784,HIGH,2020-11-04T23:59:59Z
CUST-000753,Ly Hoa Lan,1967-02-04,SG,934307800833,+84928791420,ly3758@mail-demo.invalid,ADDR-000753,Retail Manager,486608822,LOW,2022-11-10T23:59:59Z
CUST-000754,Nguyen Son Giang,1957-05-15,AU,926331758207,+84940624865,nguyen6112@mail-demo.invalid,ADDR-000754,Civil Servant,417557905,LOW,2021-08-07T23:59:59Z
CUST-000755,Ngo Tam Hanh,1956-09-02,AU,973390156223,+84980355705,ngo3937@mail-demo.invalid,ADDR-000755,Retired,125682810,LOW,2020-04-23T23:59:59Z
CUST-000756,Bui Hung Trang,2003-11-09,VN,985031064225,+84965027980,bui7441@example-sandbox.test,ADDR-000756,Civil Servant,151328576,HIGH,2020-08-03T23:59:59Z
CUST-000757,Doan Binh Nga,2006-11-05,VN,994441863007,+84969677601,doan4106@mail-demo.invalid,ADDR-000757,Student,31744946,MEDIUM,2022-05-23T23:59:59Z
CUST-000758,Mai An Hoa,1958-01-23,VN,979377578227,+84991569064,mai8901@example-sandbox.test,ADDR-000758,Retired,145581622,LOW,2022-06-30T23:59:59Z
CUST-000759,Bui Khanh My,1981-04-14,KR,948951539964,+84988885917,bui9042@mail-demo.invalid,ADDR-000759,Accountant,597380558,LOW,2025-02-24T23:59:59Z
CUST-000760,Ly Linh Tuan,2006-03-08,VN,948229306894,+84933368501,ly3484@example-sandbox.test,ADDR-000760,Student,69319429,LOW,2024-02-03T23:59:59Z
CUST-000761,Duong Tam Hieu,1956-08-19,US,931539030376,+84947252186,duong2696@example-sandbox.test,ADDR-000761,Retired,213478441,LOW,2023-07-09T23:59:59Z
CUST-000762,Doan Hung Uy,1979-05-01,VN,968433463293,+84962654955,doan3012@fictitious-mail.dev,ADDR-000762,Driver,144744454,LOW,2024-05-27T23:59:59Z
CUST-000763,Do Phong Hieu,1966-07-20,VN,961560885921,+84939701146,do2068@example-sandbox.test,ADDR-000763,Factory Worker,338034126,LOW,2020-08-17T23:59:59Z
CUST-000764,Ngo Hai Hieu,1958-04-21,VN,958153654735,+84993080126,ngo3698@example-sandbox.test,ADDR-000764,Driver,409481504,MEDIUM,2025-01-28T23:59:59Z
CUST-000765,Ho Son Quynh,1959-06-20,VN,989239986470,+84993436326,ho2337@mail-demo.invalid,ADDR-000765,Software Engineer,317818794,LOW,2022-10-16T23:59:59Z
CUST-000766,Dang My Tam,1970-12-04,AU,960495659897,+84936281402,dang1711@mail-demo.invalid,ADDR-000766,Marketing Specialist,126898005,LOW,2023-03-08T23:59:59Z
CUST-000767,Huynh Xuan Giang,2003-01-14,VN,916979096729,+84930921814,huynh2164@mail-demo.invalid,ADDR-000767,Student,60738075,LOW,2022-12-31T23:59:59Z
CUST-000768,Hoang Minh Quynh,1962-10-05,VN,930912215943,+84960808227,hoang8468@fictitious-mail.dev,ADDR-000768,Sales Associate,290984164,MEDIUM,2022-08-25T23:59:59Z
CUST-000769,Vu Oanh Van,2004-10-25,KR,930172991069,+84942653792,vu1199@mail-demo.invalid,ADDR-000769,Accountant,251886710,LOW,2020-07-30T23:59:59Z
CUST-000770,Ly Hoa Van,1991-04-17,VN,923062044055,+84923201902,ly4503@fictitious-mail.dev,ADDR-000770,Consultant,302980214,LOW,2025-04-09T23:59:59Z
CUST-000771,Huynh Son Tuan,1977-08-27,SG,964428579611,+84952146428,huynh6323@fictitious-mail.dev,ADDR-000771,Retired,253631001,HIGH,2024-06-08T23:59:59Z
CUST-000772,Dang Hoa Hung,1975-10-05,AU,954748433806,+84961415792,dang8747@example-sandbox.test,ADDR-000772,Consultant,321875714,LOW,2025-08-22T23:59:59Z
CUST-000773,Duong Hieu Nam,1971-03-03,VN,925356775936,+84950421249,duong7162@fictitious-mail.dev,ADDR-000047,Student,264574443,MEDIUM,2021-10-31T23:59:59Z
CUST-000774,Duong Hung Bao,1962-05-23,VN,911971198743,+84937328312,duong3772@fictitious-mail.dev,ADDR-000774,Driver,379039943,MEDIUM,2020-10-29T23:59:59Z
CUST-000775,Le Diep Quynh,1980-01-13,VN,997647381051,+84939488936,le2304@fictitious-mail.dev,ADDR-000775,Freelancer,359050919,LOW,2021-05-18T23:59:59Z
CUST-000776,Ho Quang Viet,1951-07-28,JP,990211499632,+84961140399,ho376@fictitious-mail.dev,ADDR-000776,Retired,88523451,LOW,2021-06-14T23:59:59Z
CUST-000777,Doan Bao Hoa,1972-01-04,VN,944984962502,+84993433985,doan6056@mail-demo.invalid,ADDR-000777,Driver,483965932,HIGH,2022-06-27T23:59:59Z
CUST-000778,Tran Nam Uy,2001-11-25,VN,945587417215,+84995638611,tran1117@mail-demo.invalid,ADDR-000778,Sales Associate,429815893,LOW,2022-10-25T23:59:59Z
CUST-000779,Dang Oanh Tuan,1977-04-02,AU,912745178651,+84923839095,dang6608@fictitious-mail.dev,ADDR-000779,Student,126810624,LOW,2022-11-02T23:59:59Z
CUST-000780,Pham Diep Kiet,1988-11-23,VN,966276229369,+84922537120,pham1749@example-sandbox.test,ADDR-000780,Retail Manager,419979060,MEDIUM,2021-10-12T23:59:59Z
CUST-000781,Le Phuong Chi,2001-06-18,VN,937380089942,+84944303825,le5842@fictitious-mail.dev,ADDR-000781,Retail Manager,135077418,LOW,2023-11-15T23:59:59Z
CUST-000782,Huynh Cuong Diep,1997-08-25,JP,984453906981,+84915813554,huynh1091@fictitious-mail.dev,ADDR-000782,Student,170607786,LOW,2024-11-16T23:59:59Z
CUST-000783,Huynh Phuong Cuong,1982-11-08,VN,919949960832,+84995627064,huynh6079@fictitious-mail.dev,ADDR-000783,Civil Servant,420741992,LOW,2022-05-08T23:59:59Z
CUST-000784,Mai Phuong Hung,2001-11-15,VN,976465116346,+84971187250,mai1900@mail-demo.invalid,ADDR-000784,Factory Worker,124280341,LOW,2020-12-12T23:59:59Z
CUST-000785,Hoang Em Dung,1964-03-07,VN,951554391352,+84975613654,hoang3549@fictitious-mail.dev,ADDR-000785,Software Engineer,269603409,LOW,2021-08-27T23:59:59Z
CUST-000786,Cao Khoa Yen,2004-08-14,VN,991779149104,+84991792282,cao6188@fictitious-mail.dev,ADDR-000786,Consultant,316163489,LOW,2023-06-09T23:59:59Z
CUST-000787,Duong Nhi Minh,1950-02-19,VN,947624940231,+84942732649,duong218@example-sandbox.test,ADDR-000787,Retired,172446079,LOW,2024-12-16T23:59:59Z
CUST-000788,Pham Chi Em,1980-03-14,VN,978851461107,+84914388477,pham2205@example-sandbox.test,ADDR-000788,Student,544960788,MEDIUM,2021-09-12T23:59:59Z
CUST-000789,Trinh Nam Yen,1999-02-10,AU,976155036197,+84986522141,trinh1496@example-sandbox.test,ADDR-000789,Student,36542046,LOW,2022-04-22T23:59:59Z
CUST-000790,Do Khanh Uy,1954-06-09,AU,935347358174,+84976848478,do2106@example-sandbox.test,ADDR-000790,Retired,132306586,LOW,2023-06-21T23:59:59Z
CUST-000791,Bui Son Nam,1964-02-13,VN,917428717768,+84996565693,bui3247@mail-demo.invalid,ADDR-000791,Student,571056786,HIGH,2022-11-23T23:59:59Z
CUST-000792,Doan My Uy,1962-05-28,KR,918448958867,+84933285456,doan8630@fictitious-mail.dev,ADDR-000792,Nurse,121906699,LOW,2021-08-05T23:59:59Z
CUST-000793,Duong Hoa Khoa,1960-07-06,KR,999834351987,+84913319545,duong8387@mail-demo.invalid,ADDR-000793,Accountant,344135107,HIGH,2024-04-24T23:59:59Z
CUST-000794,Le Giang Chi,1962-11-25,VN,968466844073,+84976732339,le3323@fictitious-mail.dev,ADDR-000794,Retired,88466364,LOW,2020-05-12T23:59:59Z
CUST-000795,Nguyen Hai Diep,1986-12-28,VN,976611021940,+84974252205,nguyen6523@mail-demo.invalid,ADDR-000795,Marketing Specialist,377126919,LOW,2023-04-12T23:59:59Z
CUST-000796,Ho Linh Hieu,2000-07-15,KR,912211387246,+84986487458,ho3191@example-sandbox.test,ADDR-000796,Student,53008168,LOW,2023-04-16T23:59:59Z
CUST-000797,Mai Phong Tuan,2006-06-11,AU,976471581856,+84972391538,mai2496@example-sandbox.test,ADDR-000797,Student,33098556,LOW,2025-01-28T23:59:59Z
CUST-000798,Pham My Hai,2004-08-18,AU,988118888101,+84919391350,pham2279@fictitious-mail.dev,ADDR-000798,Consultant,276985638,LOW,2023-07-02T23:59:59Z
CUST-000799,Do Chi An,2000-05-09,AU,998923028680,+84934286300,do8567@example-sandbox.test,ADDR-000799,Retail Manager,198588651,HIGH,2022-04-16T23:59:59Z
CUST-000800,Hoang Van An,1959-07-27,VN,946478907917,+84932939871,hoang9366@mail-demo.invalid,ADDR-000800,Freelancer,392287926,LOW,2022-01-23T23:59:59Z
CUST-000801,Nguyen Quynh Minh,1956-05-26,VN,965425258162,+84997403693,nguyen6939@mail-demo.invalid,ADDR-000801,Sales Associate,173068937,MEDIUM,2020-05-26T23:59:59Z
CUST-000802,Ho Kiet Bao,1960-12-13,KR,978303801710,+84937954684,ho5930@fictitious-mail.dev,ADDR-000802,Retired,66670580,LOW,2024-03-28T23:59:59Z
CUST-000803,Vo Trang Minh,2005-12-28,VN,961225340829,+84997901087,vo8963@example-sandbox.test,ADDR-000803,Marketing Specialist,421487557,LOW,2024-01-04T23:59:59Z
CUST-000804,Ly An Trang,1993-03-25,US,985634734944,+84939318931,ly4126@example-sandbox.test,ADDR-001596,Nurse,250837152,MEDIUM,2024-01-16T23:59:59Z
CUST-000805,Huynh Viet Son,1980-12-27,VN,970349172256,+84936450788,huynh4594@mail-demo.invalid,ADDR-000805,Factory Worker,188683001,MEDIUM,2023-01-27T23:59:59Z
CUST-000806,Nguyen Phong Xuan,1956-03-11,KR,961508712877,+84924755720,nguyen5806@mail-demo.invalid,ADDR-000806,Marketing Specialist,346403903,LOW,2025-04-26T23:59:59Z
CUST-000807,Vu Nga Quynh,1994-04-03,VN,927659511082,+84942078118,vu5777@fictitious-mail.dev,ADDR-000807,Software Engineer,297495831,LOW,2020-11-09T23:59:59Z
CUST-000808,Trinh Bao Quynh,1969-09-23,SG,950151766312,+84955932193,trinh1315@example-sandbox.test,ADDR-000808,Marketing Specialist,223314820,MEDIUM,2022-09-16T23:59:59Z
CUST-000809,Vu Oanh Chi,1958-03-18,VN,971915102365,+84936816211,vu4055@example-sandbox.test,ADDR-000809,Retired,123606627,LOW,2024-11-29T23:59:59Z
CUST-000810,Ngo Binh Trang,1971-09-26,JP,933159558785,+84911894564,ngo9653@fictitious-mail.dev,ADDR-000810,Software Engineer,183634390,LOW,2022-09-22T23:59:59Z
CUST-000811,Tran Thao Van,1957-12-20,AU,929498519695,+84926782946,tran6862@example-sandbox.test,ADDR-000811,Nurse,297129894,LOW,2021-09-05T23:59:59Z
CUST-000812,Dang Khanh Dung,1964-04-13,VN,915868075454,+84929428383,dang9060@mail-demo.invalid,ADDR-000812,Factory Worker,446313742,MEDIUM,2023-08-08T23:59:59Z
CUST-000813,Mai Binh Tam,1995-02-17,VN,951433106050,+84943384189,mai7142@fictitious-mail.dev,ADDR-000813,Student,224197250,LOW,2024-03-22T23:59:59Z
CUST-000814,Mai Hanh Oanh,1993-06-26,VN,974036682337,+84938672861,mai2650@fictitious-mail.dev,ADDR-000814,Teacher,309286697,HIGH,2024-12-17T23:59:59Z
CUST-000815,Mai Em Tuan,2001-07-25,JP,957360196420,+84928375615,mai9255@fictitious-mail.dev,ADDR-000815,Student,54904263,LOW,2021-11-11T23:59:59Z
CUST-000816,Vo Tuan Dung,1955-01-05,US,942301345472,+84985223845,vo8100@fictitious-mail.dev,ADDR-000816,Driver,195338409,LOW,2021-02-19T23:59:59Z
CUST-000817,Tran Son An,1993-05-14,JP,960162726893,+84949942852,tran1128@fictitious-mail.dev,ADDR-000817,Civil Servant,230442639,MEDIUM,2021-04-17T23:59:59Z
CUST-000818,Bui Hai Phong,1970-01-04,KR,932808442645,+84929984651,bui48@mail-demo.invalid,ADDR-000818,Nurse,301486019,MEDIUM,2024-02-05T23:59:59Z
CUST-000819,Ngo Nga Hoa,1955-10-22,VN,977437058581,+84942954882,ngo6233@fictitious-mail.dev,ADDR-000819,Software Engineer,408552560,LOW,2024-05-04T23:59:59Z
CUST-000820,Pham Khoa Phong,1972-01-26,KR,995203345908,+84953035707,pham1708@mail-demo.invalid,ADDR-000820,Nurse,316056584,LOW,2022-07-12T23:59:59Z
CUST-000821,Cao Phuong Khanh,1994-06-13,VN,934051987872,+84970870360,cao7009@example-sandbox.test,ADDR-000821,Teacher,284746487,LOW,2023-06-16T23:59:59Z
CUST-000822,Pham Hung Diep,2003-08-18,VN,914037078715,+84959963258,pham5955@example-sandbox.test,ADDR-000822,Nurse,324914378,LOW,2021-01-08T23:59:59Z
CUST-000823,Ho Cuong Linh,1986-12-07,VN,925805379766,+84919612455,ho7489@example-sandbox.test,ADDR-000823,Factory Worker,229947685,LOW,2023-04-18T23:59:59Z
CUST-000824,Ngo Quang Phuong,1956-07-11,US,963967881486,+84989611948,ngo8365@example-sandbox.test,ADDR-000824,Software Engineer,254352980,LOW,2020-12-14T23:59:59Z
CUST-000825,Mai Linh Khanh,1964-11-06,JP,918310942895,+84961445893,mai5404@fictitious-mail.dev,ADDR-000825,Retired,148760953,LOW,2025-01-13T23:59:59Z
CUST-000826,Huynh Son Phuong,1962-01-03,KR,970620081994,+84988301137,huynh6562@fictitious-mail.dev,ADDR-000826,Software Engineer,223390358,MEDIUM,2022-10-06T23:59:59Z
CUST-000827,Huynh Hung Hai,1986-05-18,US,956344962448,+84966037099,huynh5832@fictitious-mail.dev,ADDR-000827,Civil Servant,179259193,LOW,2024-12-22T23:59:59Z
CUST-000828,Duong Bao Yen,1983-12-28,US,966278484405,+84990085502,duong4999@fictitious-mail.dev,ADDR-000828,Freelancer,215567570,LOW,2021-01-31T23:59:59Z
CUST-000829,Pham Nam An,1986-08-12,VN,934462447278,+84925424203,pham6374@mail-demo.invalid,ADDR-000829,Factory Worker,328716802,HIGH,2025-03-29T23:59:59Z
CUST-000830,Dang Kiet Dung,1970-03-20,SG,951874793338,+84959871485,dang8453@example-sandbox.test,ADDR-000830,Retail Manager,461075420,LOW,2023-01-01T23:59:59Z
CUST-000831,Pham My Son,1959-12-24,VN,984400306547,+84918961565,pham4163@example-sandbox.test,ADDR-000831,Consultant,442229323,LOW,2020-12-30T23:59:59Z
CUST-000832,Vo Hai Nam,2001-05-11,VN,953352609696,+84962292810,vo3566@mail-demo.invalid,ADDR-000832,Driver,417887509,LOW,2021-05-04T23:59:59Z
CUST-000833,Vo Chi Xuan,2002-03-23,VN,976404069536,+84995369341,vo3084@example-sandbox.test,ADDR-000833,Marketing Specialist,444995711,MEDIUM,2022-03-31T23:59:59Z
CUST-000834,Hoang Hanh Phuong,2001-01-23,VN,928492539674,+84997302759,hoang2813@fictitious-mail.dev,ADDR-000834,Student,43712172,LOW,2021-09-16T23:59:59Z
CUST-000835,Dang An Hai,1989-05-10,VN,949377101512,+84984188433,dang4436@mail-demo.invalid,ADDR-000835,Marketing Specialist,468329101,HIGH,2025-02-10T23:59:59Z
CUST-000836,Trinh Khoa Em,1976-01-20,AU,924108998302,+84951463789,trinh8110@example-sandbox.test,ADDR-000836,Nurse,267083536,LOW,2023-05-03T23:59:59Z
CUST-000837,Le Em Binh,1996-07-11,AU,932622313445,+84987565391,le9727@mail-demo.invalid,ADDR-000837,Software Engineer,290889260,LOW,2024-07-21T23:59:59Z
CUST-000838,Vu Viet Cuong,1963-02-21,KR,992428473684,+84912180043,vu3777@example-sandbox.test,ADDR-000838,Retired,72464150,LOW,2024-04-08T23:59:59Z
CUST-000839,Vo Nam Phuong,1978-07-14,AU,978879603811,+84968338774,vo5931@example-sandbox.test,ADDR-000839,Accountant,402829042,LOW,2025-02-05T23:59:59Z
CUST-000840,Do Lan Xuan,1995-10-12,AU,940100233491,+84986412598,do6995@fictitious-mail.dev,ADDR-000840,Consultant,400816654,HIGH,2020-08-09T23:59:59Z
CUST-000841,Tran Hieu Hieu,1976-09-17,JP,994738527250,+84996577978,tran6586@fictitious-mail.dev,ADDR-000841,Freelancer,193215362,LOW,2024-02-19T23:59:59Z
CUST-000842,Tran Giang Quang,1994-02-01,VN,982148667999,+84944991898,tran7341@mail-demo.invalid,ADDR-000842,Student,164042460,LOW,2023-03-16T23:59:59Z
CUST-000843,Dang Quang Dao,2001-04-10,VN,993184657573,+84995853878,dang7127@fictitious-mail.dev,ADDR-000843,Retail Manager,217013641,LOW,2021-11-04T23:59:59Z
CUST-000844,Tran Hung Quang,1966-07-03,JP,989616063845,+84932524235,tran5426@example-sandbox.test,ADDR-000844,Teacher,421179254,LOW,2021-03-19T23:59:59Z
CUST-000845,Trinh Em Hoa,1952-05-19,VN,937424923607,+84953362563,trinh8392@example-sandbox.test,ADDR-000845,Retired,146815386,LOW,2022-10-09T23:59:59Z
CUST-000846,Dang Trang Bao,1964-08-12,KR,916334424555,+84939022555,dang6346@example-sandbox.test,ADDR-000846,Freelancer,382919400,LOW,2020-08-03T23:59:59Z
CUST-000847,Doan Em Khanh,2001-11-14,VN,918169785257,+84970195738,doan3602@mail-demo.invalid,ADDR-000847,Student,53510748,MEDIUM,2023-08-05T23:59:59Z
CUST-000848,Doan Tuan Chi,1987-10-16,JP,993212129958,+84946589765,doan4700@fictitious-mail.dev,ADDR-000848,Nurse,417570360,MEDIUM,2022-03-25T23:59:59Z
CUST-000849,Ngo Xuan Phuong,1973-03-01,JP,971938798971,+84957605885,ngo1320@example-sandbox.test,ADDR-000849,Driver,242345104,MEDIUM,2025-07-13T23:59:59Z
CUST-000850,Vo Chi Hoa,1978-12-17,VN,954080931085,+84942771427,vo8608@example-sandbox.test,ADDR-000850,Marketing Specialist,291699605,MEDIUM,2023-06-10T23:59:59Z
CUST-000851,Duong Binh Dao,1947-12-08,VN,920399899261,+84920558159,duong9831@fictitious-mail.dev,ADDR-000851,Retired,68043668,MEDIUM,2025-04-12T23:59:59Z
CUST-000852,Dang Thao Phuong,1983-09-21,US,976619760551,+84999782208,dang1@example-sandbox.test,ADDR-000852,Civil Servant,169934044,LOW,2023-04-16T23:59:59Z
CUST-000853,Ho Van Kiet,1992-09-21,AU,944650934622,+84932021272,ho3813@fictitious-mail.dev,ADDR-000853,Nurse,129006472,LOW,2023-07-28T23:59:59Z
CUST-000854,Vo Dung Yen,1959-02-18,US,915910289200,+84951382948,vo7939@example-sandbox.test,ADDR-000854,Retired,570122075,HIGH,2024-06-17T23:59:59Z
CUST-000855,Cao Quang Tam,1961-12-08,KR,997964584529,+84940287615,cao5855@mail-demo.invalid,ADDR-000855,Retail Manager,209380123,MEDIUM,2025-07-30T23:59:59Z
CUST-000856,Hoang Yen Trang,1978-07-25,SG,957581944662,+84938190740,hoang8639@fictitious-mail.dev,ADDR-000856,Student,263632157,LOW,2024-07-29T23:59:59Z
CUST-000857,Do Uy Hanh,1979-10-06,VN,938080654844,+84923032659,do9628@mail-demo.invalid,ADDR-001926,Sales Associate,305307348,LOW,2023-02-02T23:59:59Z
CUST-000858,Huynh Hai Kiet,1978-12-27,VN,917932768860,+84988870241,huynh1665@mail-demo.invalid,ADDR-000858,Teacher,348737813,MEDIUM,2022-06-14T23:59:59Z
CUST-000859,Do Bao Minh,1958-06-08,VN,915110192089,+84951246696,do4864@mail-demo.invalid,ADDR-000859,Retired,153700355,LOW,2020-05-01T23:59:59Z
CUST-000860,Vu Thao Tuan,1974-12-06,AU,925423279950,+84928972893,vu6662@fictitious-mail.dev,ADDR-000860,Consultant,419768185,MEDIUM,2024-12-31T23:59:59Z
CUST-000861,Ho Nhi Giang,1946-12-24,KR,929913393565,+84931479842,ho4097@mail-demo.invalid,ADDR-000861,Retired,161167336,MEDIUM,2020-08-26T23:59:59Z
CUST-000862,Ho Nhi Dao,2004-01-17,VN,947071697515,+84976648409,ho9387@fictitious-mail.dev,ADDR-000862,Teacher,198388844,MEDIUM,2023-07-14T23:59:59Z
CUST-000863,Hoang Binh Chi,1996-05-18,SG,977068854652,+84927289643,hoang4163@mail-demo.invalid,ADDR-000863,Retail Manager,348733679,MEDIUM,2021-12-19T23:59:59Z
CUST-000864,Trinh Diep Binh,1979-09-01,VN,935047190689,+84945184829,trinh210@example-sandbox.test,ADDR-000864,Factory Worker,254638219,LOW,2025-06-05T23:59:59Z
CUST-000865,Trinh Hieu Trang,1958-05-07,VN,954620109267,+84994155184,trinh5807@example-sandbox.test,ADDR-000865,Retired,152316389,MEDIUM,2023-06-22T23:59:59Z
CUST-000866,Tran Hoa Hung,1963-01-03,VN,939498420162,+84984626744,tran6262@mail-demo.invalid,ADDR-000866,Sales Associate,437601123,LOW,2020-12-10T23:59:59Z
CUST-000867,Doan Lan Dao,1973-10-23,VN,971244582157,+84985612600,doan783@example-sandbox.test,ADDR-000867,Nurse,159415904,LOW,2023-12-12T23:59:59Z
CUST-000868,Ho Quynh An,2002-09-13,KR,956384250683,+84961002447,ho2446@fictitious-mail.dev,ADDR-000868,Student,58261282,MEDIUM,2020-10-28T23:59:59Z
CUST-000869,Phan Chi Khoa,1961-09-24,VN,969407142137,+84975090023,phan6710@fictitious-mail.dev,ADDR-000869,Retired,117323574,LOW,2023-10-01T23:59:59Z
CUST-000870,Hoang Giang Nga,1977-02-16,SG,961098184181,+84954258702,hoang9826@fictitious-mail.dev,ADDR-000870,Accountant,227731796,MEDIUM,2022-02-08T23:59:59Z
CUST-000871,Bui Hanh Hanh,2005-08-14,VN,941502061165,+84945999989,bui6657@example-sandbox.test,ADDR-000871,Factory Worker,452225725,LOW,2022-03-19T23:59:59Z
CUST-000872,Trinh Linh Dung,2004-01-03,SG,976896723523,+84997537832,trinh2544@mail-demo.invalid,ADDR-000872,Student,36862840,MEDIUM,2021-04-10T23:59:59Z
CUST-000873,Doan Dung Dao,1995-07-21,VN,922691274531,+84995062950,doan8293@mail-demo.invalid,ADDR-000873,Sales Associate,256386563,LOW,2022-10-04T23:59:59Z
CUST-000874,Ho Diep Quynh,1961-06-09,VN,957312382699,+84942889839,ho9598@mail-demo.invalid,ADDR-000874,Freelancer,305714686,LOW,2020-06-19T23:59:59Z
CUST-000875,Dang Nhi Dao,1959-12-05,KR,967333622211,+84969652731,dang2516@fictitious-mail.dev,ADDR-000875,Student,441747166,MEDIUM,2025-01-26T23:59:59Z
CUST-000876,Bui Tuan Xuan,1963-03-13,VN,946149816264,+84939198277,bui9951@example-sandbox.test,ADDR-000876,Freelancer,590799784,MEDIUM,2025-03-04T23:59:59Z
CUST-000877,Trinh Em Oanh,1985-02-05,AU,949845858069,+84922881860,trinh5027@fictitious-mail.dev,ADDR-000877,Factory Worker,298816876,LOW,2023-07-28T23:59:59Z
CUST-000878,Duong My Khoa,1977-06-19,VN,912067635059,+84958539136,duong5344@example-sandbox.test,ADDR-000878,Civil Servant,518830158,MEDIUM,2023-07-19T23:59:59Z
CUST-000879,Nguyen Hieu Son,2004-08-13,VN,957728053012,+84938254047,nguyen5898@fictitious-mail.dev,ADDR-000879,Retired,148866570,LOW,2022-03-28T23:59:59Z
CUST-000880,Vo Viet Phuong,1963-06-15,KR,962986008515,+84944166783,vo1702@mail-demo.invalid,ADDR-000880,Student,289192026,LOW,2024-09-13T23:59:59Z
CUST-000881,Doan Bao Bao,1977-11-24,AU,960838133573,+84975227723,doan9795@example-sandbox.test,ADDR-000881,Consultant,129477354,LOW,2022-07-29T23:59:59Z
CUST-000882,Dang My An,1974-02-09,US,990774864858,+84969671635,dang1574@example-sandbox.test,ADDR-000882,Civil Servant,369652500,HIGH,2025-07-27T23:59:59Z
CUST-000883,Ho Chi Hanh,1998-07-04,VN,970463832672,+84956698992,ho512@fictitious-mail.dev,ADDR-000883,Student,64834610,MEDIUM,2024-08-07T23:59:59Z
CUST-000884,Huynh Uy Tuan,1999-03-04,SG,943417394618,+84999198749,huynh9006@fictitious-mail.dev,ADDR-000884,Student,71220187,LOW,2023-06-11T23:59:59Z
CUST-000885,Duong Hung Hung,1989-05-25,VN,939923203171,+84940935029,duong5660@mail-demo.invalid,ADDR-000885,Factory Worker,235104449,LOW,2022-08-27T23:59:59Z
CUST-000886,Vu Tuan Phuong,2004-12-09,KR,914137193856,+84936308984,vu181@fictitious-mail.dev,ADDR-000886,Student,28198034,LOW,2023-03-13T23:59:59Z
CUST-000887,Huynh Hoa Phong,2005-05-23,VN,981999059298,+84962390577,huynh7032@fictitious-mail.dev,ADDR-000887,Student,63681301,LOW,2021-02-17T23:59:59Z
CUST-000888,Mai Quynh Viet,2000-10-28,VN,971497374131,+84945447698,mai4471@example-sandbox.test,ADDR-000888,Student,46357096,MEDIUM,2020-12-11T23:59:59Z
CUST-000889,Phan Cuong My,1967-11-11,VN,936018648548,+84984170981,phan8846@mail-demo.invalid,ADDR-000889,Civil Servant,129819529,LOW,2022-10-22T23:59:59Z
CUST-000890,Hoang Lan Binh,1959-09-08,VN,953993066846,+84945831162,hoang978@mail-demo.invalid,ADDR-000890,Teacher,475341890,LOW,2024-03-17T23:59:59Z
CUST-000891,Mai An Hoa,1960-09-08,JP,928800001501,+84991027259,mai6115@mail-demo.invalid,ADDR-000891,Retired,74550191,LOW,2023-03-26T23:59:59Z
CUST-000892,Dang Hai Trang,1979-04-02,VN,934357989081,+84961958720,dang4873@fictitious-mail.dev,ADDR-000892,Student,428326496,MEDIUM,2021-02-09T23:59:59Z
CUST-000893,Tran Dao Quynh,1996-05-05,SG,927171489769,+84990018334,tran7384@fictitious-mail.dev,ADDR-000893,Software Engineer,243194725,LOW,2025-08-02T23:59:59Z
CUST-000894,Huynh Hanh Van,1970-04-21,US,930309291816,+84955758595,huynh2816@example-sandbox.test,ADDR-000894,Factory Worker,441242677,LOW,2025-04-18T23:59:59Z
CUST-000895,Cao Nga Minh,2004-04-25,KR,952209031995,+84935786464,cao1355@mail-demo.invalid,ADDR-000895,Freelancer,412721553,LOW,2023-08-11T23:59:59Z
CUST-000896,Le Thao Dung,2003-09-08,VN,987682130974,+84954348094,le6024@fictitious-mail.dev,ADDR-000896,Marketing Specialist,200821525,LOW,2025-03-05T23:59:59Z
CUST-000897,Ngo Trang My,1958-05-03,VN,911640621012,+84954286428,ngo1528@example-sandbox.test,ADDR-000897,Sales Associate,427696517,LOW,2020-08-30T23:59:59Z
CUST-000898,Ngo Dung An,1979-05-11,AU,943681284341,+84920741296,ngo7741@mail-demo.invalid,ADDR-000898,Software Engineer,220495675,LOW,2024-02-07T23:59:59Z
CUST-000899,Doan Son Viet,1963-08-24,VN,926508554198,+84982665652,doan1520@example-sandbox.test,ADDR-000899,Retired,154074482,LOW,2023-12-21T23:59:59Z
CUST-000900,Pham Hai Dung,2005-08-12,VN,967342509063,+84955824683,pham7559@mail-demo.invalid,ADDR-000900,Student,44580504,LOW,2023-06-22T23:59:59Z
CUST-000901,Trinh Quang Cuong,1988-12-14,VN,969454592233,+84960862626,trinh9669@fictitious-mail.dev,ADDR-000901,Driver,307300735,LOW,2020-11-10T23:59:59Z
CUST-000902,Do Oanh Chi,2001-07-05,US,975381518869,+84972872396,do9655@mail-demo.invalid,ADDR-000902,Student,61916562,MEDIUM,2022-06-24T23:59:59Z
CUST-000903,Huynh Chi Hoa,1965-05-07,VN,936765498663,+84942461414,huynh851@mail-demo.invalid,ADDR-000903,Retired,82538535,LOW,2020-07-14T23:59:59Z
CUST-000904,Cao Yen Hung,1955-07-11,VN,951226470606,+84922125761,cao2238@fictitious-mail.dev,ADDR-000904,Retired,132166957,LOW,2023-03-21T23:59:59Z
CUST-000905,Vu Hai Hanh,1965-09-26,VN,932574026295,+84958601581,vu5736@example-sandbox.test,ADDR-000905,Retired,162632094,MEDIUM,2021-06-12T23:59:59Z
CUST-000906,Trinh My Viet,1980-01-08,AU,931264191404,+84932653778,trinh2005@mail-demo.invalid,ADDR-000906,Teacher,216865609,MEDIUM,2025-07-08T23:59:59Z
CUST-000907,Trinh Phuong Lan,1988-12-03,VN,934916989815,+84951569267,trinh9297@example-sandbox.test,ADDR-000907,Factory Worker,228975500,LOW,2022-11-20T23:59:59Z
CUST-000908,Nguyen Binh Tuan,1960-03-17,JP,954290645316,+84920641856,nguyen2459@mail-demo.invalid,ADDR-000908,Accountant,142187507,LOW,2021-09-27T23:59:59Z
CUST-000909,Hoang Em Dung,1972-03-28,JP,997271751047,+84912403362,hoang1601@example-sandbox.test,ADDR-000909,Accountant,342829574,LOW,2023-05-25T23:59:59Z
CUST-000910,Nguyen Dao Bao,1987-03-08,KR,962468039422,+84981794231,nguyen172@example-sandbox.test,ADDR-000910,Software Engineer,384898159,MEDIUM,2020-05-01T23:59:59Z
CUST-000911,Duong An Hai,1978-10-14,JP,910567942708,+84992869403,duong2116@example-sandbox.test,ADDR-000911,Teacher,177368653,LOW,2025-06-04T23:59:59Z
CUST-000912,Phan Phuong Hieu,1976-10-04,SG,999927632587,+84959922823,phan5288@mail-demo.invalid,ADDR-000912,Teacher,206718253,LOW,2022-11-02T23:59:59Z
CUST-000913,Dang Xuan Oanh,1970-03-13,VN,993089694425,+84920700969,dang8473@fictitious-mail.dev,ADDR-000913,Nurse,341215196,LOW,2022-05-28T23:59:59Z
CUST-000914,Dang Minh Thao,1965-05-20,JP,976653133731,+84932117862,dang9890@example-sandbox.test,ADDR-000914,Retired,105984047,LOW,2020-09-19T23:59:59Z
CUST-000915,Vo Viet Binh,1996-05-16,AU,969546045044,+84916786673,vo501@fictitious-mail.dev,ADDR-000915,Software Engineer,187302705,LOW,2024-01-04T23:59:59Z
CUST-000916,Do Quang Kiet,1964-04-14,AU,915286799321,+84989917633,do1385@fictitious-mail.dev,ADDR-000916,Sales Associate,137745174,MEDIUM,2020-07-01T23:59:59Z
CUST-000917,Le Quang Quynh,1976-01-01,VN,946600437243,+84926894484,le3650@mail-demo.invalid,ADDR-000917,Student,426863536,LOW,2023-04-24T23:59:59Z
CUST-000918,Le Yen Phong,1993-03-06,US,971423164241,+84941712644,le6598@example-sandbox.test,ADDR-000918,Software Engineer,523936859,LOW,2025-07-24T23:59:59Z
CUST-000919,Dang Thao Khanh,1983-04-27,SG,945725962716,+84998403676,dang861@fictitious-mail.dev,ADDR-000919,Sales Associate,382471096,LOW,2022-11-07T23:59:59Z
CUST-000920,Phan Thao Nga,1998-10-01,VN,932964157705,+84978905255,phan7681@fictitious-mail.dev,ADDR-000920,Civil Servant,334880174,LOW,2022-06-14T23:59:59Z
CUST-000921,Phan Dung Linh,1969-02-28,VN,949309804290,+84973841079,phan4154@mail-demo.invalid,ADDR-000921,Marketing Specialist,286551401,LOW,2023-04-20T23:59:59Z
CUST-000922,Vu Hung Tuan,1961-08-23,VN,954480806176,+84981715406,vu8170@mail-demo.invalid,ADDR-000922,Factory Worker,135213480,LOW,2021-01-29T23:59:59Z
CUST-000923,Do Giang Hung,1975-01-16,KR,987633113195,+84922231678,do4088@fictitious-mail.dev,ADDR-000923,Student,394175549,MEDIUM,2024-05-14T23:59:59Z
CUST-000924,Ly Hanh Diep,1952-11-21,VN,948571647788,+84964972840,ly4031@mail-demo.invalid,ADDR-000924,Retired,129112881,MEDIUM,2024-09-12T23:59:59Z
CUST-000925,Nguyen An Oanh,1947-05-05,VN,992954683272,+84985480965,nguyen6315@fictitious-mail.dev,ADDR-000925,Retired,65574806,MEDIUM,2023-12-02T23:59:59Z
CUST-000926,Tran Hai Chi,1960-07-24,VN,917943881886,+84939064720,tran9829@mail-demo.invalid,ADDR-000926,Retired,252755658,HIGH,2020-07-14T23:59:59Z
CUST-000927,Do Giang Uy,1998-10-02,SG,916990963417,+84998696223,do9687@example-sandbox.test,ADDR-000927,Student,345734933,HIGH,2023-09-10T23:59:59Z
CUST-000928,Dang My Khanh,1995-04-12,US,911214263986,+84972560227,dang8451@mail-demo.invalid,ADDR-000928,Civil Servant,365941313,MEDIUM,2024-08-03T23:59:59Z
CUST-000929,Dang Kiet Xuan,1968-02-09,US,946424784300,+84985738883,dang579@example-sandbox.test,ADDR-000929,Freelancer,367739400,LOW,2023-05-13T23:59:59Z
CUST-000930,Tran Yen Kiet,1956-04-10,VN,979103467549,+84916551774,tran7191@mail-demo.invalid,ADDR-000930,Retired,113978436,LOW,2021-01-25T23:59:59Z
CUST-000931,Ly Phong Binh,1998-07-16,KR,924950915841,+84989443831,ly2636@example-sandbox.test,ADDR-000931,Teacher,173376599,LOW,2024-07-20T23:59:59Z
CUST-000932,Tran Van Tam,1992-12-24,VN,990169034834,+84988671608,tran9021@mail-demo.invalid,ADDR-000932,Driver,392344318,MEDIUM,2025-06-30T23:59:59Z
CUST-000933,Trinh Nga Dung,1956-02-10,VN,932818608679,+84992555715,trinh5034@fictitious-mail.dev,ADDR-000933,Nurse,431526384,HIGH,2025-07-03T23:59:59Z
CUST-000934,Do Hai Uy,1993-03-05,SG,970796133503,+84953930317,do6623@mail-demo.invalid,ADDR-000934,Software Engineer,322718222,LOW,2021-03-12T23:59:59Z
CUST-000935,Do Uy Dao,2002-05-04,KR,999553678498,+84932280380,do8305@mail-demo.invalid,ADDR-000935,Student,543490680,LOW,2025-06-05T23:59:59Z
CUST-000936,Cao Chi Hieu,2004-07-03,SG,975028102955,+84962466791,cao5292@fictitious-mail.dev,ADDR-000936,Student,36999050,MEDIUM,2021-03-10T23:59:59Z
CUST-000937,Le Phong Oanh,1970-05-12,VN,916584243155,+84930468147,le6231@fictitious-mail.dev,ADDR-000937,Freelancer,161236742,LOW,2023-01-30T23:59:59Z
CUST-000938,Mai Nhi Hung,2001-11-22,AU,967922796525,+84985188624,mai9048@fictitious-mail.dev,ADDR-000938,Factory Worker,323133207,LOW,2023-11-27T23:59:59Z
CUST-000939,Nguyen Van Giang,1999-03-11,VN,948664268209,+84951851655,nguyen7380@mail-demo.invalid,ADDR-000939,Retail Manager,244261927,LOW,2021-09-22T23:59:59Z
CUST-000940,Pham Quang Yen,2003-05-11,JP,930463674488,+84971434761,pham5376@fictitious-mail.dev,ADDR-000940,Retired,309232282,MEDIUM,2020-07-26T23:59:59Z
CUST-000941,Cao Nga Phong,1948-07-24,AU,919830881828,+84934940623,cao6628@example-sandbox.test,ADDR-000941,Retired,90703561,LOW,2021-09-13T23:59:59Z
CUST-000942,Vu Giang Chi,1945-07-21,SG,967102976182,+84922699828,vu2716@example-sandbox.test,ADDR-000942,Retired,140874328,LOW,2022-09-05T23:59:59Z
CUST-000943,Ho Hieu Uy,1953-09-03,JP,942854916756,+84964396768,ho1746@mail-demo.invalid,ADDR-000943,Retired,93866572,HIGH,2022-10-27T23:59:59Z
CUST-000944,Phan Minh Chi,1983-02-03,JP,987767328236,+84966790757,phan854@mail-demo.invalid,ADDR-000944,Sales Associate,155439127,MEDIUM,2022-09-18T23:59:59Z
CUST-000945,Vu Uy Thao,1997-07-23,SG,940759518931,+84986174856,vu1785@example-sandbox.test,ADDR-000945,Factory Worker,492136553,MEDIUM,2022-07-04T23:59:59Z
CUST-000946,Phan Cuong Hanh,2002-11-27,JP,923895756962,+84970992556,phan3547@fictitious-mail.dev,ADDR-000946,Consultant,376421640,LOW,2022-03-26T23:59:59Z
CUST-000947,Hoang Phuong Cuong,1990-02-09,VN,944183468132,+84946705807,hoang9446@mail-demo.invalid,ADDR-000947,Factory Worker,456364943,LOW,2023-02-17T23:59:59Z
CUST-000948,Cao Hung Hanh,1999-06-01,US,985537513698,+84992188970,cao3080@example-sandbox.test,ADDR-000948,Student,33143414,MEDIUM,2023-06-30T23:59:59Z
CUST-000949,Nguyen Nga Kiet,2000-11-05,JP,927103370582,+84982612653,nguyen6474@example-sandbox.test,ADDR-000949,Civil Servant,254506251,LOW,2024-05-04T23:59:59Z
CUST-000950,Tran Giang Tuan,1982-02-28,AU,937744084763,+84985409976,tran4226@example-sandbox.test,ADDR-000950,Factory Worker,342950763,MEDIUM,2025-04-04T23:59:59Z
CUST-000951,Doan Diep Phuong,1963-02-02,VN,947217225329,+84981031418,doan2046@example-sandbox.test,ADDR-000951,Marketing Specialist,237065393,MEDIUM,2024-07-27T23:59:59Z
CUST-000952,Doan Hung Hung,1956-02-17,US,952184942825,+84926316077,doan7876@example-sandbox.test,ADDR-000952,Teacher,214526849,MEDIUM,2023-05-15T23:59:59Z
CUST-000953,Cao Hieu Em,1981-07-09,VN,943657945654,+84929775899,cao3692@fictitious-mail.dev,ADDR-000953,Marketing Specialist,368271358,LOW,2020-12-02T23:59:59Z
CUST-000954,Cao Phong Oanh,1953-10-19,SG,953750684694,+84934831499,cao6791@example-sandbox.test,ADDR-000954,Retired,173509873,LOW,2022-04-12T23:59:59Z
CUST-000955,Vu Nga Chi,1982-10-23,KR,953054993327,+84985420780,vu8187@example-sandbox.test,ADDR-000955,Teacher,113050354,HIGH,2024-03-24T23:59:59Z
CUST-000956,Tran Lan Yen,1991-01-23,VN,965639281398,+84941592244,tran7668@mail-demo.invalid,ADDR-000956,Teacher,201574344,LOW,2025-02-14T23:59:59Z
CUST-000957,Cao Hieu Dao,1986-12-15,AU,992444325467,+84958184565,cao8010@fictitious-mail.dev,ADDR-000957,Student,242072905,MEDIUM,2023-01-17T23:59:59Z
CUST-000958,Ngo Khanh Yen,1980-08-28,US,923331891831,+84931516803,ngo5977@fictitious-mail.dev,ADDR-000958,Sales Associate,450542353,MEDIUM,2020-04-20T23:59:59Z
CUST-000959,Vo Xuan Hung,1959-03-26,VN,981795174680,+84980432631,vo3322@mail-demo.invalid,ADDR-000959,Retired,172549680,LOW,2024-06-02T23:59:59Z
CUST-000960,Cao My Binh,1990-09-16,VN,966132451246,+84931497085,cao8030@fictitious-mail.dev,ADDR-000960,Civil Servant,193941481,LOW,2024-01-07T23:59:59Z
CUST-000961,Trinh Hanh Nhi,1974-05-23,VN,966387858193,+84933208690,trinh3408@fictitious-mail.dev,ADDR-000961,Software Engineer,408711009,LOW,2021-10-23T23:59:59Z
CUST-000962,Vo Minh Oanh,1976-10-04,US,990605884918,+84928997957,vo9180@mail-demo.invalid,ADDR-000962,Consultant,229903585,LOW,2021-02-23T23:59:59Z
CUST-000963,Nguyen Quang Bao,1972-02-01,US,966262311501,+84962474261,nguyen4324@fictitious-mail.dev,ADDR-000963,Retired,235678535,LOW,2020-07-27T23:59:59Z
CUST-000964,Trinh An Hieu,1963-02-12,VN,995977335765,+84991851272,trinh6684@fictitious-mail.dev,ADDR-000964,Driver,171481970,HIGH,2024-01-06T23:59:59Z
CUST-000965,Hoang Xuan Dung,1975-04-15,JP,951386137461,+84941542729,hoang5732@example-sandbox.test,ADDR-000965,Civil Servant,414338472,LOW,2022-11-07T23:59:59Z
CUST-000966,Bui Tuan Trang,1998-08-15,KR,985385967284,+84933779125,bui6585@mail-demo.invalid,ADDR-000966,Nurse,217483389,LOW,2023-03-26T23:59:59Z
CUST-000967,Doan Khoa Em,1974-03-06,AU,958190328917,+84954087406,doan4834@fictitious-mail.dev,ADDR-000967,Civil Servant,583769790,LOW,2021-01-13T23:59:59Z
CUST-000968,Mai Xuan Nga,1956-06-15,US,931352712841,+84969344625,mai4098@example-sandbox.test,ADDR-000968,Factory Worker,283987310,MEDIUM,2021-09-12T23:59:59Z
CUST-000969,Pham Nam Minh,2006-01-01,KR,945200510586,+84971539686,pham7089@fictitious-mail.dev,ADDR-000969,Student,49230316,MEDIUM,2022-05-03T23:59:59Z
CUST-000970,Cao Hung Oanh,1961-12-13,VN,936716099746,+84979910069,cao7959@fictitious-mail.dev,ADDR-000970,Retail Manager,296286824,MEDIUM,2022-02-13T23:59:59Z
CUST-000971,Mai Oanh Diep,1999-12-19,VN,912770468155,+84973117761,mai3887@example-sandbox.test,ADDR-000971,Driver,147460707,LOW,2024-04-23T23:59:59Z
CUST-000972,Hoang Cuong Van,1973-05-25,JP,960810943136,+84986241718,hoang1788@fictitious-mail.dev,ADDR-000972,Freelancer,224693414,LOW,2022-01-02T23:59:59Z
CUST-000973,Trinh Tuan My,1987-11-16,SG,920961460877,+84960790227,trinh7815@fictitious-mail.dev,ADDR-000973,Sales Associate,239705208,HIGH,2021-06-07T23:59:59Z
CUST-000974,Phan Tuan Binh,1998-09-07,US,933982531364,+84929946395,phan3126@mail-demo.invalid,ADDR-000974,Student,58081979,MEDIUM,2022-11-30T23:59:59Z
CUST-000975,Le Hung Diep,2001-04-11,SG,926358937888,+84948217622,le7381@mail-demo.invalid,ADDR-000975,Student,54776175,LOW,2024-10-13T23:59:59Z
CUST-000976,Bui Bao Yen,1999-03-02,VN,924650448149,+84973117699,bui4121@mail-demo.invalid,ADDR-000976,Nurse,142495775,LOW,2023-02-21T23:59:59Z
CUST-000977,Cao Giang Khanh,1985-01-27,US,911395553996,+84968733605,cao6640@mail-demo.invalid,ADDR-000977,Accountant,493214481,LOW,2021-11-16T23:59:59Z
CUST-000978,Do Bao Tuan,1976-01-05,US,967264070067,+84910888112,do8188@example-sandbox.test,ADDR-000978,Retired,298760339,MEDIUM,2022-06-01T23:59:59Z
CUST-000979,Nguyen Uy Linh,1999-07-19,US,930766794442,+84966920243,nguyen9222@mail-demo.invalid,ADDR-000979,Accountant,251101982,MEDIUM,2021-07-06T23:59:59Z
CUST-000980,Le Van Hai,1966-04-19,VN,949740694200,+84992087751,le544@example-sandbox.test,ADDR-000980,Freelancer,149966491,LOW,2025-06-15T23:59:59Z
CUST-000981,Ho Nhi Khanh,1962-06-08,VN,920653167905,+84931423218,ho2840@example-sandbox.test,ADDR-000981,Software Engineer,556394421,HIGH,2025-08-28T23:59:59Z
CUST-000982,Doan Viet My,2005-03-02,US,928011012709,+84931311013,doan8496@fictitious-mail.dev,ADDR-000982,Civil Servant,413937946,MEDIUM,2024-09-26T23:59:59Z
CUST-000983,Vo Quynh Hoa,1955-07-27,VN,968612269255,+84945603856,vo7209@mail-demo.invalid,ADDR-000983,Civil Servant,424871914,LOW,2020-12-08T23:59:59Z
CUST-000984,Cao Son Hoa,1975-08-25,VN,970103804287,+84921597835,cao2332@fictitious-mail.dev,ADDR-000984,Retail Manager,371310732,LOW,2022-12-27T23:59:59Z
CUST-000985,Pham My Binh,1955-08-03,KR,969878312839,+84914466147,pham5484@example-sandbox.test,ADDR-000985,Civil Servant,225159662,MEDIUM,2023-10-04T23:59:59Z
CUST-000986,Mai Uy Minh,1950-05-05,KR,960185456979,+84941973667,mai6113@fictitious-mail.dev,ADDR-000986,Retired,162240624,LOW,2021-05-28T23:59:59Z
CUST-000987,Pham Phuong An,2006-07-16,VN,933051171382,+84915289465,pham7857@example-sandbox.test,ADDR-000987,Student,69979970,LOW,2021-04-20T23:59:59Z
CUST-000988,Hoang Tam Hoa,1946-02-02,AU,913973505712,+84916877537,hoang7684@mail-demo.invalid,ADDR-000988,Retired,69042736,MEDIUM,2023-11-02T23:59:59Z
CUST-000989,Cao Linh Chi,1998-10-16,SG,995489035432,+84990939475,cao7756@example-sandbox.test,ADDR-000989,Student,35552697,LOW,2021-11-21T23:59:59Z
CUST-000990,Ho Nhi Quang,1965-05-03,US,924105589352,+84956871772,ho3461@example-sandbox.test,ADDR-000990,Retired,67537175,LOW,2024-09-28T23:59:59Z
CUST-000991,Mai Kiet My,1979-12-22,US,955226841073,+84956104466,mai8134@mail-demo.invalid,ADDR-000991,Factory Worker,161854116,MEDIUM,2022-09-06T23:59:59Z
CUST-000992,Tran Nam Van,1987-05-24,VN,960138762963,+84969620685,tran4186@example-sandbox.test,ADDR-000992,Student,211759525,LOW,2023-06-05T23:59:59Z
CUST-000993,Tran Uy Bao,1947-05-14,US,982572353051,+84991830947,tran9076@fictitious-mail.dev,ADDR-000993,Retired,131703422,HIGH,2020-04-11T23:59:59Z
CUST-000994,Vo Viet An,2003-03-22,US,928316735131,+84956461531,vo8116@fictitious-mail.dev,ADDR-000994,Accountant,203857437,LOW,2025-06-13T23:59:59Z
CUST-000995,Dang Phuong Quang,1962-05-13,VN,932740509292,+84988366323,dang4062@example-sandbox.test,ADDR-000995,Retired,119976056,HIGH,2024-02-07T23:59:59Z
CUST-000996,Do Khanh Nhi,1966-07-20,KR,998126157565,+84993035050,do7455@fictitious-mail.dev,ADDR-000996,Retail Manager,359452067,LOW,2023-04-19T23:59:59Z
CUST-000997,Cao Hung Hieu,1999-01-23,SG,995738546619,+84968379908,cao2982@fictitious-mail.dev,ADDR-000997,Retired,323310839,LOW,2024-06-23T23:59:59Z
CUST-000998,Vu Khoa Yen,1981-06-14,KR,964989829652,+84928267454,vu2168@fictitious-mail.dev,ADDR-000998,Nurse,157530220,MEDIUM,2025-01-02T23:59:59Z
CUST-000999,Hoang My Thao,1970-04-27,JP,920703307499,+84982060922,hoang6781@fictitious-mail.dev,ADDR-000999,Marketing Specialist,128377672,LOW,2024-04-12T23:59:59Z
CUST-001000,Nguyen Quynh Viet,1966-08-18,VN,965431581092,+84965860938,nguyen1271@example-sandbox.test,ADDR-001000,Civil Servant,585373636,HIGH,2022-07-19T23:59:59Z
CUST-001001,Doan Uy Linh,1976-03-22,KR,986041936049,+84961167251,doan7091@fictitious-mail.dev,ADDR-001001,Software Engineer,140816411,HIGH,2024-11-21T23:59:59Z
CUST-001002,Tran Van Khanh,1957-11-08,VN,995102592076,+84982530459,tran9102@example-sandbox.test,ADDR-001002,Teacher,162542972,MEDIUM,2024-04-24T23:59:59Z
CUST-001003,Ly Viet Cuong,1958-12-22,SG,975224028780,+84929330727,ly8671@example-sandbox.test,ADDR-001003,Retired,132689441,MEDIUM,2020-05-17T23:59:59Z
CUST-001004,Huynh Viet Nga,1969-11-12,SG,942127809898,+84955918988,huynh6968@mail-demo.invalid,ADDR-001004,Nurse,462376955,HIGH,2024-03-07T23:59:59Z
CUST-001005,Tran Hung Oanh,1969-11-27,VN,983745513077,+84956223367,tran7343@mail-demo.invalid,ADDR-001005,Sales Associate,461465126,MEDIUM,2021-06-29T23:59:59Z
CUST-001006,Tran Tam Hai,1961-09-18,VN,968341896510,+84995581492,tran4678@example-sandbox.test,ADDR-001006,Consultant,375913542,LOW,2023-05-05T23:59:59Z
CUST-001007,Phan Linh Linh,1994-12-06,VN,993942400010,+84954331375,phan5772@fictitious-mail.dev,ADDR-001007,Retired,157877908,MEDIUM,2020-12-01T23:59:59Z
CUST-001008,Tran Quynh Hoa,2006-04-02,VN,917380518223,+84940251189,tran4014@fictitious-mail.dev,ADDR-001008,Student,45678240,LOW,2022-05-04T23:59:59Z
CUST-001009,Doan Nhi Dung,1975-02-02,KR,912893341441,+84925699176,doan5997@mail-demo.invalid,ADDR-001009,Nurse,414266688,LOW,2020-09-04T23:59:59Z
CUST-001010,Cao Khoa Nhi,1978-11-10,SG,978550746235,+84955718128,cao9312@example-sandbox.test,ADDR-001010,Driver,432118519,LOW,2023-01-29T23:59:59Z
CUST-001011,Do Tam Em,1990-06-06,SG,961096730212,+84929248456,do1011@example-sandbox.test,ADDR-001011,Marketing Specialist,435150058,MEDIUM,2024-05-31T23:59:59Z
CUST-001012,Dang Tuan Khanh,1958-01-26,VN,997933374937,+84961770098,dang4294@example-sandbox.test,ADDR-001012,Nurse,209795193,LOW,2021-03-01T23:59:59Z
CUST-001013,Nguyen Linh Hieu,1967-04-10,VN,946833100596,+84922113711,nguyen2885@fictitious-mail.dev,ADDR-001013,Teacher,334348449,HIGH,2021-05-04T23:59:59Z
CUST-001014,Cao Quang Giang,1963-04-05,SG,967133745517,+84911095361,cao1415@fictitious-mail.dev,ADDR-001014,Driver,471869376,LOW,2021-03-08T23:59:59Z
CUST-001015,Cao Nhi Khoa,1999-07-18,US,931849289915,+84976245685,cao3920@example-sandbox.test,ADDR-001015,Consultant,367862945,LOW,2024-09-07T23:59:59Z
CUST-001016,Dang Hieu Thao,1990-10-17,AU,983232367628,+84983153456,dang8656@fictitious-mail.dev,ADDR-001016,Teacher,187381729,MEDIUM,2025-06-24T23:59:59Z
CUST-001017,Phan Minh Tuan,1980-02-15,VN,999604088537,+84963511584,phan8013@mail-demo.invalid,ADDR-001017,Sales Associate,231077053,HIGH,2022-07-10T23:59:59Z
CUST-001018,Nguyen Hanh Phong,2001-01-25,VN,947791473070,+84989515107,nguyen6028@example-sandbox.test,ADDR-001018,Software Engineer,205302443,HIGH,2024-07-08T23:59:59Z
CUST-001019,Vu Em Cuong,2003-02-13,VN,939357166907,+84998870526,vu8151@fictitious-mail.dev,ADDR-001019,Retail Manager,232188610,MEDIUM,2021-06-27T23:59:59Z
CUST-001020,Ho Oanh Binh,1956-05-13,AU,965696483352,+84963313041,ho9906@mail-demo.invalid,ADDR-001020,Retired,141542031,MEDIUM,2022-05-05T23:59:59Z
CUST-001021,Vo Dung Xuan,1981-03-07,VN,964772155249,+84955317976,vo8758@example-sandbox.test,ADDR-001021,Sales Associate,234028307,LOW,2024-07-24T23:59:59Z
CUST-001022,Do Xuan Van,2002-06-28,VN,992513077487,+84925344844,do9439@example-sandbox.test,ADDR-001022,Factory Worker,311164015,LOW,2024-02-19T23:59:59Z
CUST-001023,Phan Khanh Phong,1998-12-08,US,971226202599,+84958867631,phan8502@example-sandbox.test,ADDR-001023,Student,41320637,LOW,2025-06-28T23:59:59Z
CUST-001024,Pham Oanh Van,1977-10-15,JP,916011390215,+84926351514,pham4263@example-sandbox.test,ADDR-001024,Retail Manager,210547012,LOW,2020-09-05T23:59:59Z
CUST-001025,Le Hoa Viet,1979-05-13,VN,939462391843,+84960338642,le1248@mail-demo.invalid,ADDR-001025,Retail Manager,174748741,LOW,2025-01-03T23:59:59Z
CUST-001026,Trinh Quang Nga,1986-05-26,VN,949506846916,+84946599984,trinh5158@example-sandbox.test,ADDR-001026,Student,168052551,MEDIUM,2023-02-20T23:59:59Z
CUST-001027,Hoang Nga Uy,1979-08-09,VN,925850428812,+84997460707,hoang7292@fictitious-mail.dev,ADDR-001027,Consultant,415167358,HIGH,2021-03-09T23:59:59Z
CUST-001028,Nguyen Kiet Dao,1960-01-18,VN,936068876050,+84965279350,nguyen4254@mail-demo.invalid,ADDR-001028,Nurse,313655426,LOW,2023-05-24T23:59:59Z
CUST-001029,Dang Linh Kiet,1977-10-24,US,989146569699,+84954198312,dang4812@mail-demo.invalid,ADDR-001029,Consultant,273053214,LOW,2024-03-29T23:59:59Z
CUST-001030,Duong Nam Son,1974-11-26,VN,988679180483,+84934712783,duong3838@example-sandbox.test,ADDR-001030,Marketing Specialist,431362739,LOW,2023-02-01T23:59:59Z
CUST-001031,Le My An,1984-03-22,AU,997118557627,+84998062019,le5536@example-sandbox.test,ADDR-001031,Freelancer,155533841,HIGH,2022-07-21T23:59:59Z
CUST-001032,Hoang Viet Minh,1995-03-22,KR,977902049335,+84958211013,hoang6642@fictitious-mail.dev,ADDR-001032,Retired,379519773,LOW,2024-06-23T23:59:59Z
CUST-001033,Doan Hung Em,2005-11-17,AU,919782197027,+84910272336,doan7990@fictitious-mail.dev,ADDR-001033,Student,26517869,LOW,2020-04-16T23:59:59Z
CUST-001034,Mai Oanh Bao,1974-05-28,JP,934526188656,+84942370017,mai8144@fictitious-mail.dev,ADDR-001034,Marketing Specialist,492696631,MEDIUM,2024-09-14T23:59:59Z
CUST-001035,Pham Lan Giang,2003-01-18,VN,934717329296,+84964516413,pham7915@fictitious-mail.dev,ADDR-001035,Driver,417924256,LOW,2022-01-11T23:59:59Z
CUST-001036,Le Hoa Thao,1961-12-01,VN,912028884825,+84989688746,le347@example-sandbox.test,ADDR-001036,Retired,74551530,LOW,2024-12-03T23:59:59Z
CUST-001037,Tran Dao Trang,1970-05-20,VN,968804821913,+84975995916,tran4989@fictitious-mail.dev,ADDR-001037,Retired,370908847,HIGH,2024-02-21T23:59:59Z
CUST-001038,Ngo Phuong Diep,1978-02-25,AU,933664544804,+84977396777,ngo1687@example-sandbox.test,ADDR-001038,Driver,248271220,LOW,2021-11-16T23:59:59Z
CUST-001039,Ho Nhi Nga,1958-12-13,VN,932957945665,+84959823902,ho7264@mail-demo.invalid,ADDR-001039,Nurse,167112802,LOW,2024-06-16T23:59:59Z
CUST-001040,Bui Khanh Khanh,1972-12-16,SG,927704592469,+84955982726,bui9142@mail-demo.invalid,ADDR-001040,Retired,314593782,MEDIUM,2023-01-24T23:59:59Z
CUST-001041,Ngo Nga Nam,1971-09-12,US,942296588455,+84972458631,ngo2291@mail-demo.invalid,ADDR-001041,Retired,180234571,MEDIUM,2024-12-11T23:59:59Z
CUST-001042,Phan Quang Chi,1968-01-09,VN,940885485172,+84936394306,phan2029@fictitious-mail.dev,ADDR-001042,Marketing Specialist,359321416,LOW,2021-07-04T23:59:59Z
CUST-001043,Duong Hai Hieu,2003-11-04,JP,969912549917,+84986687558,duong6319@fictitious-mail.dev,ADDR-001043,Student,70109377,LOW,2021-06-14T23:59:59Z
CUST-001044,Doan Nga Oanh,1994-07-10,VN,937157975163,+84929524598,doan7378@mail-demo.invalid,ADDR-001044,Marketing Specialist,184472323,HIGH,2021-12-03T23:59:59Z
CUST-001045,Cao Oanh Uy,1968-02-23,SG,940162942255,+84932143355,cao1550@fictitious-mail.dev,ADDR-001045,Retail Manager,233401573,LOW,2021-11-15T23:59:59Z
CUST-001046,Tran Diep Oanh,1969-07-16,VN,952394902838,+84986268059,tran9454@fictitious-mail.dev,ADDR-001046,Retail Manager,385328204,LOW,2024-01-02T23:59:59Z
CUST-001047,Pham Tuan Yen,1991-04-22,JP,937036631831,+84986874676,pham6794@mail-demo.invalid,ADDR-001047,Driver,334985121,LOW,2021-05-31T23:59:59Z
CUST-001048,Le Phuong Dung,1987-01-02,VN,910391012936,+84998877179,le2400@fictitious-mail.dev,ADDR-001048,Factory Worker,216608592,HIGH,2022-12-03T23:59:59Z
CUST-001049,Dang Trang My,2001-07-22,US,987721892314,+84926621842,dang547@fictitious-mail.dev,ADDR-001049,Student,28383004,LOW,2022-04-26T23:59:59Z
CUST-001050,Doan Dao Minh,1960-10-12,VN,974816922177,+84967813680,doan955@fictitious-mail.dev,ADDR-001050,Retired,107969943,LOW,2022-10-16T23:59:59Z
CUST-001051,Ly Phong Son,2004-05-09,JP,939174746811,+84941381348,ly8841@example-sandbox.test,ADDR-001051,Student,62564000,MEDIUM,2020-04-13T23:59:59Z
CUST-001052,Duong Giang Hieu,1988-09-08,JP,941239182280,+84945436564,duong5813@mail-demo.invalid,ADDR-001052,Driver,409773863,MEDIUM,2020-07-02T23:59:59Z
CUST-001053,Huynh Quang Nga,1974-06-09,KR,993346848468,+84954288714,huynh2897@mail-demo.invalid,ADDR-001053,Accountant,244658404,MEDIUM,2021-04-30T23:59:59Z
CUST-001054,Dang Cuong Khoa,1955-10-26,VN,975334774318,+84964004006,dang4253@example-sandbox.test,ADDR-001054,Sales Associate,280876022,LOW,2020-08-07T23:59:59Z
CUST-001055,Ngo Trang Em,1995-01-02,VN,953476335629,+84979945393,ngo9867@mail-demo.invalid,ADDR-001055,Nurse,462969518,LOW,2022-07-07T23:59:59Z
CUST-001056,Bui Phuong Minh,2005-02-01,VN,924885058471,+84982742951,bui1518@example-sandbox.test,ADDR-001056,Retail Manager,126207148,LOW,2022-10-06T23:59:59Z
CUST-001057,Mai Hai Hieu,2004-02-17,US,920705013303,+84974830809,mai128@fictitious-mail.dev,ADDR-001057,Student,53395171,LOW,2022-09-08T23:59:59Z
CUST-001058,Cao Khoa Giang,1963-03-03,VN,988509633655,+84957380788,cao2674@mail-demo.invalid,ADDR-001058,Retired,87854971,LOW,2024-06-09T23:59:59Z
CUST-001059,Hoang My Quang,1989-07-04,VN,935690954563,+84965635119,hoang2152@fictitious-mail.dev,ADDR-001059,Software Engineer,328660170,LOW,2025-08-19T23:59:59Z
CUST-001060,Ngo Dung Em,1989-11-24,VN,998950729486,+84940873075,ngo9973@mail-demo.invalid,ADDR-001060,Nurse,185196962,LOW,2025-03-19T23:59:59Z
CUST-001061,Dang Van Kiet,1962-09-23,AU,926387269111,+84912706348,dang9547@fictitious-mail.dev,ADDR-001061,Retired,152277906,LOW,2021-12-25T23:59:59Z
CUST-001062,Trinh Hanh Diep,2005-12-18,VN,945447106375,+84964635982,trinh697@fictitious-mail.dev,ADDR-001062,Civil Servant,175415074,LOW,2024-02-19T23:59:59Z
CUST-001063,Ho An Hieu,2003-01-14,VN,946321393941,+84955698489,ho6527@example-sandbox.test,ADDR-001063,Student,57655246,LOW,2021-01-09T23:59:59Z
CUST-001064,Cao Yen Oanh,1959-03-11,VN,985707821274,+84948608369,cao7441@example-sandbox.test,ADDR-001064,Retired,117858370,MEDIUM,2020-08-01T23:59:59Z
CUST-001065,Ho Uy Tuan,1992-03-26,US,992160479007,+84969859815,ho6359@mail-demo.invalid,ADDR-001065,Teacher,127690229,MEDIUM,2020-08-03T23:59:59Z
CUST-001066,Cao Hoa Phuong,1996-07-12,US,951591672068,+84916013654,cao2591@mail-demo.invalid,ADDR-001066,Student,187074492,MEDIUM,2025-05-31T23:59:59Z
CUST-001067,Tran An Uy,1975-10-10,AU,970398058565,+84934126013,tran1770@example-sandbox.test,ADDR-001067,Consultant,400504577,LOW,2021-06-29T23:59:59Z
CUST-001068,Ngo Binh Van,1994-10-08,VN,930031219138,+84942507587,ngo2449@mail-demo.invalid,ADDR-001068,Civil Servant,545238338,MEDIUM,2020-04-14T23:59:59Z
CUST-001069,Nguyen Viet Quynh,1952-04-22,JP,989378354800,+84983013306,nguyen2477@fictitious-mail.dev,ADDR-001069,Retired,153236597,MEDIUM,2024-03-08T23:59:59Z
CUST-001070,Nguyen Chi Dao,1979-03-14,SG,974396074626,+84979701720,nguyen7131@mail-demo.invalid,ADDR-001070,Marketing Specialist,286823118,LOW,2024-10-29T23:59:59Z
CUST-001071,Hoang Tuan Thao,1973-03-21,SG,953819829478,+84925670605,hoang1108@example-sandbox.test,ADDR-001071,Retail Manager,199685879,MEDIUM,2021-06-24T23:59:59Z
CUST-001072,Nguyen Quang My,1980-07-13,VN,929465981109,+84982522621,nguyen8946@example-sandbox.test,ADDR-001072,Sales Associate,353618398,LOW,2023-01-08T23:59:59Z
CUST-001073,Phan Hai Bao,2004-07-05,VN,998719709198,+84914626030,phan7877@example-sandbox.test,ADDR-001073,Civil Servant,193156247,MEDIUM,2021-06-19T23:59:59Z
CUST-001074,Hoang Hieu Kiet,1979-06-23,JP,945699289298,+84937479964,hoang3499@mail-demo.invalid,ADDR-001074,Driver,284224039,MEDIUM,2020-06-13T23:59:59Z
CUST-001075,Duong Binh Giang,1956-12-07,VN,949626599290,+84950470393,duong9827@fictitious-mail.dev,ADDR-001075,Retired,124539355,LOW,2021-06-19T23:59:59Z
CUST-001076,Do Dao Hieu,1964-05-07,JP,944008889844,+84979117979,do2091@example-sandbox.test,ADDR-001076,Sales Associate,425883030,MEDIUM,2022-11-15T23:59:59Z
CUST-001077,Duong Nam Hanh,2006-09-15,VN,976399471524,+84976621591,duong4192@mail-demo.invalid,ADDR-001077,Student,50598117,LOW,2024-06-12T23:59:59Z
CUST-001078,Huynh Viet Hung,1963-09-14,KR,975133320959,+84984570966,huynh4286@example-sandbox.test,ADDR-001078,Retired,88524843,LOW,2021-01-09T23:59:59Z
CUST-001079,Tran Diep Diep,1997-05-18,SG,944310505459,+84922683673,tran2978@mail-demo.invalid,ADDR-001079,Sales Associate,117427657,MEDIUM,2023-06-12T23:59:59Z
CUST-001080,Do Hai Khanh,1950-07-24,VN,985023125264,+84921857900,do7764@fictitious-mail.dev,ADDR-001080,Retired,63904296,LOW,2025-01-03T23:59:59Z
CUST-001081,Vo Lan Em,1994-10-25,VN,926842267923,+84937994299,vo6720@mail-demo.invalid,ADDR-001081,Civil Servant,368242529,LOW,2024-04-15T23:59:59Z
CUST-001082,Phan Thao Giang,1986-02-19,SG,912385415624,+84983514512,phan8920@example-sandbox.test,ADDR-001082,Accountant,439768531,LOW,2024-03-25T23:59:59Z
CUST-001083,Pham Em Giang,1969-06-10,KR,914153308001,+84951314590,pham4638@mail-demo.invalid,ADDR-001083,Civil Servant,177049108,LOW,2022-04-03T23:59:59Z
CUST-001084,Ho Quang Oanh,1998-11-20,AU,922694721064,+84955986623,ho7885@mail-demo.invalid,ADDR-001084,Student,66200775,LOW,2023-12-04T23:59:59Z
CUST-001085,Tran Linh Minh,1984-05-08,VN,957490032571,+84978305711,tran6340@fictitious-mail.dev,ADDR-001085,Driver,352115283,LOW,2024-08-27T23:59:59Z
CUST-001086,Ly Oanh An,1962-06-10,AU,974274457095,+84976993101,ly3369@fictitious-mail.dev,ADDR-001086,Factory Worker,465765061,LOW,2025-01-09T23:59:59Z
CUST-001087,Bui Kiet Phuong,1967-09-13,JP,990876778181,+84949371830,bui3483@fictitious-mail.dev,ADDR-001087,Nurse,306170136,HIGH,2020-05-23T23:59:59Z
CUST-001088,Ho Quang Van,1988-12-13,US,947018411166,+84988298255,ho4344@example-sandbox.test,ADDR-001088,Civil Servant,472092100,LOW,2023-03-07T23:59:59Z
CUST-001089,Duong Quynh Lan,1998-11-27,KR,964164439960,+84952254501,duong3720@fictitious-mail.dev,ADDR-001089,Student,42313583,LOW,2022-07-15T23:59:59Z
CUST-001090,Phan Minh Viet,1957-03-24,AU,940583885005,+84964637585,phan9845@example-sandbox.test,ADDR-001090,Retired,85298555,LOW,2022-06-02T23:59:59Z
CUST-001091,Phan Linh Quang,1956-01-26,VN,958995317487,+84979326850,phan3776@fictitious-mail.dev,ADDR-001091,Retired,175490853,LOW,2023-11-29T23:59:59Z
CUST-001092,Hoang Quynh Minh,2005-08-09,VN,993046088903,+84929681231,hoang880@fictitious-mail.dev,ADDR-001092,Factory Worker,452500873,LOW,2022-06-22T23:59:59Z
CUST-001093,Ho Thao Uy,1971-08-19,JP,979587852947,+84936348589,ho3868@mail-demo.invalid,ADDR-001093,Freelancer,367757260,LOW,2022-05-09T23:59:59Z
CUST-001094,Huynh Hoa Chi,1966-01-24,US,982416229832,+84973132152,huynh5475@example-sandbox.test,ADDR-001094,Factory Worker,370902423,LOW,2021-05-29T23:59:59Z
CUST-001095,Phan Dao Hanh,1963-08-09,SG,998468688404,+84988953537,phan8535@example-sandbox.test,ADDR-001095,Marketing Specialist,384132037,LOW,2024-08-14T23:59:59Z
CUST-001096,Ho Bao Hanh,1956-05-02,JP,980673981927,+84937512612,ho8813@fictitious-mail.dev,ADDR-001096,Marketing Specialist,349413431,LOW,2021-01-30T23:59:59Z
CUST-001097,Nguyen Tam Quang,1994-03-17,VN,912638566461,+84935386238,nguyen1929@example-sandbox.test,ADDR-001097,Retail Manager,377273297,MEDIUM,2024-12-12T23:59:59Z
CUST-001098,Doan Xuan Dao,1975-04-01,VN,935751971825,+84993968840,doan552@example-sandbox.test,ADDR-001098,Marketing Specialist,415478051,HIGH,2021-07-05T23:59:59Z
CUST-001099,Tran Hung Kiet,2004-04-01,AU,958300719923,+84963626772,tran5778@example-sandbox.test,ADDR-001099,Student,37142173,HIGH,2023-07-15T23:59:59Z
CUST-001100,Nguyen Hanh Khanh,1995-04-03,KR,911401696707,+84912951669,nguyen4788@mail-demo.invalid,ADDR-001100,Nurse,311814636,LOW,2022-04-04T23:59:59Z
CUST-001101,Do Thao Uy,1959-06-15,JP,972706535616,+84937457394,do9616@fictitious-mail.dev,ADDR-001101,Retired,129283902,MEDIUM,2024-06-14T23:59:59Z
CUST-001102,Phan Trang Hung,1982-03-19,SG,979142387564,+84956076297,phan3026@example-sandbox.test,ADDR-001102,Student,267364520,LOW,2020-06-12T23:59:59Z
CUST-001103,Vo Trang Oanh,1948-06-01,VN,985215609421,+84947812478,vo9588@fictitious-mail.dev,ADDR-001103,Retired,167267778,LOW,2021-11-20T23:59:59Z
CUST-001104,Ngo Kiet Bao,1977-10-23,VN,980148160084,+84978555683,ngo1275@mail-demo.invalid,ADDR-001104,Retail Manager,289137888,MEDIUM,2021-04-11T23:59:59Z
CUST-001105,Huynh Bao Tam,2000-04-17,JP,943549794913,+84974763744,huynh9768@example-sandbox.test,ADDR-001105,Driver,167748293,LOW,2025-01-05T23:59:59Z
CUST-001106,Vo Hai Khoa,1949-10-11,US,924983332492,+84930674632,vo5405@example-sandbox.test,ADDR-001106,Retired,150965314,LOW,2024-07-25T23:59:59Z
CUST-001107,Hoang Quynh Khanh,2005-04-26,VN,952700194638,+84959367740,hoang1855@fictitious-mail.dev,ADDR-001107,Student,48189179,LOW,2023-06-12T23:59:59Z
CUST-001108,Cao Van Bao,1950-07-18,VN,958118826427,+84998318907,cao7925@fictitious-mail.dev,ADDR-001108,Retired,76512272,HIGH,2020-04-19T23:59:59Z
CUST-001109,Dang Minh Giang,1985-06-22,JP,955351227207,+84931297075,dang1532@fictitious-mail.dev,ADDR-001109,Civil Servant,298941161,MEDIUM,2025-03-05T23:59:59Z
CUST-001110,Mai Uy Trang,1989-11-01,VN,957388143421,+84959902895,mai9042@mail-demo.invalid,ADDR-001110,Driver,446941974,LOW,2023-09-16T23:59:59Z
CUST-001111,Ngo Phong Quynh,1992-01-22,VN,985348085309,+84995400258,ngo7333@fictitious-mail.dev,ADDR-001111,Accountant,219289426,MEDIUM,2025-06-07T23:59:59Z
CUST-001112,Nguyen Viet Nga,1974-02-06,VN,964829229657,+84968379988,nguyen4786@example-sandbox.test,ADDR-001112,Sales Associate,475465770,LOW,2022-10-19T23:59:59Z
CUST-001113,Vu My Kiet,2005-09-03,KR,972166952242,+84950581094,vu4467@fictitious-mail.dev,ADDR-001113,Driver,295697316,LOW,2022-01-08T23:59:59Z
CUST-001114,Bui Khoa Diep,1974-04-20,VN,996554742090,+84960849013,bui9558@mail-demo.invalid,ADDR-001114,Consultant,197402147,LOW,2022-01-03T23:59:59Z
CUST-001115,Mai Khanh Phong,1965-11-05,VN,984662460211,+84975853303,mai2251@mail-demo.invalid,ADDR-001115,Retired,178249068,MEDIUM,2022-02-20T23:59:59Z
CUST-001116,Dang Uy Tuan,1986-01-09,SG,988717550711,+84961679484,dang5334@fictitious-mail.dev,ADDR-001116,Factory Worker,231322673,MEDIUM,2022-11-11T23:59:59Z
CUST-001117,Ly Khoa Quang,1995-05-07,US,943996764010,+84932227639,ly7650@mail-demo.invalid,ADDR-001117,Student,443010731,LOW,2024-03-28T23:59:59Z
CUST-001118,Vo Oanh Hai,1978-04-11,VN,990021993168,+84922440409,vo9366@fictitious-mail.dev,ADDR-001118,Student,147224282,LOW,2024-11-25T23:59:59Z
CUST-001119,Vo Minh Linh,1963-08-14,US,932354497053,+84975762459,vo9684@fictitious-mail.dev,ADDR-001119,Retired,176505227,MEDIUM,2022-11-12T23:59:59Z
CUST-001120,Do Khanh Hung,1947-06-15,VN,969127192325,+84958566617,do9808@mail-demo.invalid,ADDR-001120,Retired,95872541,LOW,2022-09-16T23:59:59Z
CUST-001121,Phan Chi Thao,1955-08-24,SG,940595211184,+84915388639,phan7015@mail-demo.invalid,ADDR-001121,Software Engineer,379834787,LOW,2022-02-25T23:59:59Z
CUST-001122,Vu Khanh Chi,1973-10-05,JP,941275968283,+84921675412,vu2943@example-sandbox.test,ADDR-001122,Freelancer,144390959,MEDIUM,2024-04-17T23:59:59Z
CUST-001123,Duong Tuan Van,1949-03-02,VN,997639591501,+84973494290,duong942@mail-demo.invalid,ADDR-001123,Retired,121324458,LOW,2023-04-24T23:59:59Z
CUST-001124,Duong Em Em,1966-02-28,US,994559986350,+84937193777,duong2953@mail-demo.invalid,ADDR-001124,Student,400541912,MEDIUM,2025-03-16T23:59:59Z
CUST-001125,Ngo Van Phuong,1958-10-10,VN,942332569637,+84914303988,ngo2424@example-sandbox.test,ADDR-001125,Accountant,357490808,LOW,2020-08-24T23:59:59Z
CUST-001126,Le Tuan Thao,2006-02-02,AU,936720527314,+84948175976,le6412@example-sandbox.test,ADDR-001126,Student,45210622,MEDIUM,2025-06-27T23:59:59Z
CUST-001127,Mai Viet Tam,1962-05-08,JP,974119893805,+84914429834,mai2404@mail-demo.invalid,ADDR-001127,Factory Worker,513964455,MEDIUM,2023-05-26T23:59:59Z
CUST-001128,Duong Viet Bao,1961-07-20,JP,915905475864,+84957594407,duong9901@mail-demo.invalid,ADDR-001128,Retired,120936639,LOW,2025-01-23T23:59:59Z
CUST-001129,Le Quynh Hieu,1968-05-21,JP,978839434562,+84990820300,le4223@fictitious-mail.dev,ADDR-001129,Sales Associate,301752276,LOW,2020-09-07T23:59:59Z
CUST-001130,Ly Cuong Bao,1955-07-06,VN,985028671406,+84996977450,ly5249@example-sandbox.test,ADDR-001130,Accountant,240101689,MEDIUM,2022-06-10T23:59:59Z
CUST-001131,Nguyen Hanh Binh,1952-01-19,VN,946891910526,+84986741851,nguyen58@fictitious-mail.dev,ADDR-001131,Retired,172533148,LOW,2023-03-25T23:59:59Z
CUST-001132,Ly Quynh Dung,2002-08-05,US,929355358003,+84923496493,ly1724@fictitious-mail.dev,ADDR-001132,Student,63504946,LOW,2021-11-28T23:59:59Z
CUST-001133,Huynh Khanh Chi,1977-04-12,US,990891021250,+84998972344,huynh7530@example-sandbox.test,ADDR-001133,Civil Servant,184492394,LOW,2020-10-26T23:59:59Z
CUST-001134,Doan Hanh Xuan,1963-08-24,JP,979845360543,+84970300616,doan4623@example-sandbox.test,ADDR-001134,Retired,160669444,MEDIUM,2021-07-29T23:59:59Z
CUST-001135,Hoang Chi Giang,1994-12-13,VN,997728081815,+84987568436,hoang2017@mail-demo.invalid,ADDR-001135,Freelancer,153061586,MEDIUM,2024-07-20T23:59:59Z
CUST-001136,Phan Chi Tuan,1996-03-17,JP,941670706807,+84941597770,phan5398@example-sandbox.test,ADDR-001136,Accountant,384739899,MEDIUM,2023-06-20T23:59:59Z
CUST-001137,Huynh Diep Hieu,1997-05-24,SG,970654475201,+84940971850,huynh9349@mail-demo.invalid,ADDR-001137,Factory Worker,225746318,LOW,2022-05-15T23:59:59Z
CUST-001138,Tran Tuan Tuan,1960-10-03,JP,937061109703,+84919954137,tran2057@fictitious-mail.dev,ADDR-001138,Retired,124762191,LOW,2021-08-10T23:59:59Z
CUST-001139,Cao Son Trang,1957-07-19,SG,997835119115,+84957290089,cao6844@mail-demo.invalid,ADDR-001791,Driver,220982827,LOW,2021-07-24T23:59:59Z
CUST-001140,Mai Son Son,1961-01-10,VN,978110052911,+84989591729,mai7766@example-sandbox.test,ADDR-001140,Driver,156216716,LOW,2025-05-02T23:59:59Z
CUST-001141,Hoang Hieu Phong,1978-04-17,VN,982140738582,+84995115640,hoang1271@mail-demo.invalid,ADDR-001141,Teacher,272313828,LOW,2023-02-27T23:59:59Z
CUST-001142,Dang Van Tuan,2004-03-04,VN,993276779574,+84932765630,dang2361@fictitious-mail.dev,ADDR-001142,Student,24217868,LOW,2024-10-04T23:59:59Z
CUST-001143,Cao Van Quang,1998-01-14,VN,981170530573,+84920333657,cao844@example-sandbox.test,ADDR-001143,Student,68425472,LOW,2021-08-18T23:59:59Z
CUST-001144,Dang Hai Quynh,1976-07-17,VN,995493239826,+84955289753,dang7146@example-sandbox.test,ADDR-001144,Marketing Specialist,136171684,HIGH,2023-06-08T23:59:59Z
CUST-001145,Le Van Khoa,1999-09-04,JP,994382350641,+84923274657,le6115@fictitious-mail.dev,ADDR-001145,Retired,291527285,LOW,2021-06-01T23:59:59Z
CUST-001146,Mai Kiet Son,1987-02-10,VN,921815797141,+84939044596,mai8409@example-sandbox.test,ADDR-001146,Civil Servant,255796275,MEDIUM,2025-01-14T23:59:59Z
CUST-001147,Tran Khanh Dung,1961-12-10,US,980880689015,+84979869987,tran6407@example-sandbox.test,ADDR-001147,Retired,100631203,LOW,2022-01-17T23:59:59Z
CUST-001148,Pham Hoa Thao,1999-04-26,VN,925974370882,+84985127896,pham417@mail-demo.invalid,ADDR-001148,Student,45028886,LOW,2020-07-29T23:59:59Z
CUST-001149,Vo An Hung,1953-07-16,VN,942769448999,+84931219607,vo165@mail-demo.invalid,ADDR-001149,Retired,83374737,LOW,2023-06-17T23:59:59Z
CUST-001150,Mai Viet Quynh,1995-12-13,JP,915593696387,+84982354182,mai8180@example-sandbox.test,ADDR-001150,Consultant,349032482,LOW,2021-09-17T23:59:59Z
CUST-001151,Dang Oanh Hung,1977-07-12,VN,922392538601,+84968635431,dang8714@fictitious-mail.dev,ADDR-001151,Marketing Specialist,198165166,LOW,2024-02-14T23:59:59Z
CUST-001152,Mai Minh Cuong,1996-11-06,JP,998258488322,+84967241086,mai8454@mail-demo.invalid,ADDR-001152,Retired,460035151,HIGH,2024-08-06T23:59:59Z
CUST-001153,Vu Em Giang,2001-10-06,VN,938564971382,+84952781697,vu4087@example-sandbox.test,ADDR-001153,Civil Servant,430632256,LOW,2023-04-13T23:59:59Z
CUST-001154,Mai Nhi Nhi,2005-04-26,SG,963498407350,+84977722074,mai6819@fictitious-mail.dev,ADDR-001154,Freelancer,334479263,LOW,2020-07-21T23:59:59Z
CUST-001155,Vo Lan Lan,1978-06-04,VN,939310865788,+84914639771,vo5365@fictitious-mail.dev,ADDR-001155,Teacher,298676490,LOW,2022-05-28T23:59:59Z
CUST-001156,Dang Van Hai,1998-07-08,US,960492966196,+84991256248,dang161@example-sandbox.test,ADDR-001156,Civil Servant,562010873,LOW,2024-05-19T23:59:59Z
CUST-001157,Huynh Nam Viet,1962-02-15,VN,982469856459,+84993495185,huynh9343@mail-demo.invalid,ADDR-001157,Student,397000957,MEDIUM,2024-11-20T23:59:59Z
CUST-001158,Mai Khoa Phong,1960-04-03,VN,992917836372,+84937627980,mai3910@mail-demo.invalid,ADDR-001158,Retired,169621348,MEDIUM,2020-09-03T23:59:59Z
CUST-001159,Doan Hai Trang,1956-05-18,SG,921661967303,+84915024377,doan730@mail-demo.invalid,ADDR-001159,Teacher,344133795,LOW,2024-04-22T23:59:59Z
CUST-001160,Doan Phuong Viet,1983-04-06,VN,988518654458,+84991414105,doan9404@example-sandbox.test,ADDR-001160,Consultant,459482731,MEDIUM,2022-01-28T23:59:59Z
CUST-001161,Dang Hung Hai,1957-02-28,VN,913456544965,+84949490719,dang6474@mail-demo.invalid,ADDR-001161,Teacher,313930250,LOW,2023-05-14T23:59:59Z
CUST-001162,Hoang Hung Nga,1993-07-25,JP,974789952820,+84960703814,hoang1258@fictitious-mail.dev,ADDR-001162,Retail Manager,291845833,HIGH,2020-04-15T23:59:59Z
CUST-001163,Cao Viet Giang,1989-10-15,VN,944538923299,+84978005286,cao7808@mail-demo.invalid,ADDR-001163,Software Engineer,239833028,LOW,2022-06-15T23:59:59Z
CUST-001164,Doan Xuan Binh,1986-11-13,VN,940236784954,+84994071105,doan1753@example-sandbox.test,ADDR-001164,Retired,410708108,HIGH,2020-04-12T23:59:59Z
CUST-001165,Phan Phong Hieu,1966-11-19,SG,911080882313,+84965106866,phan3734@fictitious-mail.dev,ADDR-001165,Student,143567175,HIGH,2023-02-28T23:59:59Z
CUST-001166,Tran Yen Yen,1998-12-11,VN,955843491786,+84945833458,tran4628@mail-demo.invalid,ADDR-001166,Retired,306961222,MEDIUM,2022-01-13T23:59:59Z
CUST-001167,Duong Hung An,1972-10-10,JP,949401118571,+84964026991,duong1731@fictitious-mail.dev,ADDR-001167,Retired,512869029,LOW,2025-07-20T23:59:59Z
CUST-001168,Trinh Hoa Quang,1949-03-25,VN,916431993193,+84944730338,trinh9224@fictitious-mail.dev,ADDR-001168,Retired,118170457,LOW,2020-04-16T23:59:59Z
CUST-001169,Tran Tam Tam,1969-01-15,VN,949232824574,+84960493774,tran6933@fictitious-mail.dev,ADDR-001169,Driver,505185888,HIGH,2021-04-07T23:59:59Z
CUST-001170,Duong Nhi Kiet,2006-10-05,VN,933938474283,+84948068147,duong7654@mail-demo.invalid,ADDR-001170,Student,63586809,LOW,2020-06-09T23:59:59Z
CUST-001171,Vo Yen Cuong,1978-02-06,JP,993181506684,+84920827848,vo7777@mail-demo.invalid,ADDR-001171,Software Engineer,373860297,LOW,2025-02-16T23:59:59Z
CUST-001172,Ho Hung Tuan,1960-11-05,VN,919120243532,+84955171932,ho4225@mail-demo.invalid,ADDR-001172,Marketing Specialist,448645909,LOW,2020-10-06T23:59:59Z
CUST-001173,Hoang Linh Em,1998-03-21,US,997779420076,+84942795298,hoang5989@mail-demo.invalid,ADDR-001173,Retail Manager,262151807,LOW,2023-12-09T23:59:59Z
CUST-001174,Le Viet Son,1976-08-25,SG,962201993642,+84981131069,le2085@fictitious-mail.dev,ADDR-001174,Marketing Specialist,232557234,LOW,2023-11-28T23:59:59Z
CUST-001175,Do Hieu Nga,1977-12-07,SG,999661286918,+84933004224,do8323@fictitious-mail.dev,ADDR-001175,Software Engineer,150045156,LOW,2022-10-22T23:59:59Z
CUST-001176,Hoang Yen Linh,1960-08-09,VN,988483967724,+84962414485,hoang4335@fictitious-mail.dev,ADDR-001176,Retired,125586428,LOW,2022-11-29T23:59:59Z
CUST-001177,Ngo Hung Oanh,1978-04-16,JP,942614662050,+84985493715,ngo5762@fictitious-mail.dev,ADDR-001177,Consultant,315961304,LOW,2021-02-24T23:59:59Z
CUST-001178,Phan Kiet Khoa,1957-01-19,AU,943561988297,+84928969722,phan4144@example-sandbox.test,ADDR-001178,Software Engineer,353077249,LOW,2025-02-25T23:59:59Z
CUST-001179,Tran Nga Hieu,1974-10-17,KR,970793350016,+84984733879,tran9392@example-sandbox.test,ADDR-001069,Accountant,460709778,LOW,2024-04-16T23:59:59Z
CUST-001180,Do Oanh Trang,1962-12-07,VN,952408858660,+84998415591,do2355@example-sandbox.test,ADDR-001180,Civil Servant,340853904,LOW,2024-09-13T23:59:59Z
CUST-001181,Ho Hai Oanh,1981-12-01,VN,918497567177,+84947334666,ho6381@example-sandbox.test,ADDR-001181,Marketing Specialist,265290011,LOW,2020-07-10T23:59:59Z
CUST-001182,Cao Lan Chi,1965-11-11,AU,933006023084,+84980583596,cao2210@example-sandbox.test,ADDR-001182,Retired,151156780,MEDIUM,2024-01-14T23:59:59Z
CUST-001183,Hoang My Uy,1968-12-19,VN,961361438796,+84926065016,hoang673@mail-demo.invalid,ADDR-001183,Accountant,344535850,LOW,2022-04-06T23:59:59Z
CUST-001184,Phan Quynh Em,2003-02-01,SG,910779601691,+84985204210,phan9303@fictitious-mail.dev,ADDR-001184,Student,40685033,LOW,2023-01-01T23:59:59Z
CUST-001185,Hoang Nhi Phuong,1967-02-24,VN,955171005427,+84916935203,hoang2620@fictitious-mail.dev,ADDR-001185,Civil Servant,267723840,LOW,2020-09-08T23:59:59Z
CUST-001186,Huynh Hanh Uy,1992-06-06,VN,988698184710,+84965502621,huynh620@mail-demo.invalid,ADDR-001186,Nurse,269935489,LOW,2020-12-06T23:59:59Z
CUST-001187,Trinh Viet Dung,2004-10-10,VN,954946218420,+84911582056,trinh2774@fictitious-mail.dev,ADDR-001187,Student,24203019,LOW,2020-10-30T23:59:59Z
CUST-001188,Doan Van An,2003-05-11,VN,992878592324,+84968752214,doan2884@mail-demo.invalid,ADDR-001188,Student,30507278,LOW,2022-06-13T23:59:59Z
CUST-001189,Vu Xuan Son,2003-01-22,VN,965433703831,+84929627540,vu1738@example-sandbox.test,ADDR-001189,Freelancer,293920782,LOW,2021-12-16T23:59:59Z
CUST-001190,Doan Xuan Hoa,1991-12-27,SG,955238454308,+84969930717,doan4436@fictitious-mail.dev,ADDR-001190,Teacher,495016647,HIGH,2022-10-22T23:59:59Z
CUST-001191,Vu Hieu My,1964-04-15,JP,918814926021,+84931489284,vu4567@fictitious-mail.dev,ADDR-001191,Retired,102551193,LOW,2020-08-31T23:59:59Z
CUST-001192,Duong An Tam,1960-04-13,SG,959164732979,+84962870006,duong9502@mail-demo.invalid,ADDR-001192,Retired,139078472,HIGH,2022-02-24T23:59:59Z
CUST-001193,Hoang Bao Cuong,1985-03-28,VN,910020872126,+84984164235,hoang5594@example-sandbox.test,ADDR-001193,Marketing Specialist,138850871,MEDIUM,2024-08-20T23:59:59Z
CUST-001194,Ly Viet Nam,1981-01-23,VN,935902201105,+84946059977,ly1199@mail-demo.invalid,ADDR-001194,Consultant,425208985,MEDIUM,2022-01-03T23:59:59Z
CUST-001195,Tran Khoa Chi,1956-07-04,VN,943445681141,+84943221646,tran7294@mail-demo.invalid,ADDR-001195,Software Engineer,266219882,MEDIUM,2022-11-16T23:59:59Z
CUST-001196,Huynh Giang Yen,1985-05-27,VN,956123882905,+84944221050,huynh6139@fictitious-mail.dev,ADDR-001196,Freelancer,382955480,LOW,2021-09-14T23:59:59Z
CUST-001197,Cao Trang Trang,1985-04-23,VN,990255970991,+84933088830,cao1347@fictitious-mail.dev,ADDR-001197,Accountant,344554246,LOW,2024-09-13T23:59:59Z
CUST-001198,Trinh Quang Yen,1981-08-03,SG,947223424160,+84924826090,trinh7613@fictitious-mail.dev,ADDR-001198,Civil Servant,595886810,LOW,2023-02-17T23:59:59Z
CUST-001199,Duong Diep Bao,1985-07-13,VN,915987394442,+84985448989,duong5781@mail-demo.invalid,ADDR-001199,Software Engineer,352477776,LOW,2021-08-21T23:59:59Z
CUST-001200,Hoang Hieu Xuan,1987-08-12,VN,947539734844,+84929024449,hoang2730@mail-demo.invalid,ADDR-001200,Freelancer,197089981,LOW,2022-12-09T23:59:59Z
CUST-001201,Ho Phuong Hung,1974-07-07,AU,940225501681,+84931773752,ho1438@example-sandbox.test,ADDR-001201,Nurse,562160144,LOW,2023-05-07T23:59:59Z
CUST-001202,Nguyen Diep Yen,1961-06-17,JP,958618095930,+84927908635,nguyen4744@example-sandbox.test,ADDR-001202,Retired,103403768,LOW,2022-09-09T23:59:59Z
CUST-001203,Le My Dao,1951-08-23,VN,942885408450,+84954047373,le5720@example-sandbox.test,ADDR-001203,Retired,127333153,HIGH,2022-01-10T23:59:59Z
CUST-001204,Doan Khanh Tuan,1957-12-04,AU,968991239437,+84927301884,doan4322@example-sandbox.test,ADDR-001204,Retired,66161969,MEDIUM,2020-08-08T23:59:59Z
CUST-001205,Do Hanh Quynh,1992-07-16,AU,918532396188,+84922140779,do65@mail-demo.invalid,ADDR-001205,Marketing Specialist,202670822,HIGH,2023-02-08T23:59:59Z
CUST-001206,Pham Hung Hanh,2004-06-21,VN,916752252060,+84995082171,pham4490@example-sandbox.test,ADDR-001206,Civil Servant,530383322,MEDIUM,2020-11-05T23:59:59Z
CUST-001207,Phan Phong Kiet,1968-01-17,VN,937006534690,+84927646484,phan6280@mail-demo.invalid,ADDR-001207,Student,309411875,LOW,2021-11-14T23:59:59Z
CUST-001208,Tran Khanh Tam,1954-06-02,JP,958447316321,+84911943829,tran9835@mail-demo.invalid,ADDR-001208,Retired,161069107,MEDIUM,2024-08-10T23:59:59Z
CUST-001209,Nguyen Thao Minh,1998-01-15,JP,933868259457,+84941622989,nguyen5383@fictitious-mail.dev,ADDR-001209,Student,65589759,LOW,2020-08-01T23:59:59Z
CUST-001210,Duong Yen Phuong,1969-05-18,VN,971366924579,+84923062622,duong2945@example-sandbox.test,ADDR-001210,Freelancer,292062107,LOW,2023-10-12T23:59:59Z
CUST-001211,Pham Nam Quang,1969-10-02,US,975101385552,+84993044549,pham8841@fictitious-mail.dev,ADDR-001211,Marketing Specialist,253981998,MEDIUM,2022-02-07T23:59:59Z
CUST-001212,Duong Hanh Kiet,1962-06-20,VN,960626980028,+84952286400,duong7569@fictitious-mail.dev,ADDR-001212,Teacher,337084536,HIGH,2024-11-03T23:59:59Z
CUST-001213,Nguyen Son Quang,1967-04-13,VN,945605714380,+84938221330,nguyen2628@fictitious-mail.dev,ADDR-001213,Factory Worker,254854229,LOW,2023-06-19T23:59:59Z
CUST-001214,Vu Tuan Lan,1984-11-17,JP,986973290248,+84952897013,vu7904@mail-demo.invalid,ADDR-001214,Software Engineer,145210016,LOW,2022-10-27T23:59:59Z
CUST-001215,Trinh Khoa Phuong,1983-05-13,SG,968203373195,+84926186057,trinh7856@mail-demo.invalid,ADDR-001215,Retail Manager,297546220,LOW,2020-09-17T23:59:59Z
CUST-001216,Dang Em Van,1973-12-07,SG,970649608766,+84951957623,dang8112@mail-demo.invalid,ADDR-001216,Student,340556529,HIGH,2021-06-22T23:59:59Z
CUST-001217,Ngo An Chi,2005-04-23,VN,928531824933,+84934473033,ngo9329@example-sandbox.test,ADDR-001217,Civil Servant,463901055,LOW,2020-06-19T23:59:59Z
CUST-001218,Mai Bao Minh,1984-04-16,US,916069702392,+84946643560,mai1149@example-sandbox.test,ADDR-001218,Accountant,190041121,MEDIUM,2022-01-28T23:59:59Z
CUST-001219,Nguyen Nhi Minh,1978-05-22,VN,929783095342,+84932306394,nguyen9951@fictitious-mail.dev,ADDR-001219,Student,199781641,LOW,2022-02-03T23:59:59Z
CUST-001220,Duong Viet Nam,1997-08-13,JP,994555184611,+84913227565,duong825@example-sandbox.test,ADDR-001220,Retail Manager,277871177,LOW,2021-12-28T23:59:59Z
CUST-001221,Huynh Yen Binh,1988-10-06,SG,999280042121,+84967334276,huynh2707@fictitious-mail.dev,ADDR-001221,Retired,300061277,MEDIUM,2023-11-03T23:59:59Z
CUST-001222,Dang Hoa Viet,2000-03-16,VN,971291253155,+84933734490,dang3153@fictitious-mail.dev,ADDR-001222,Marketing Specialist,482039736,LOW,2022-04-11T23:59:59Z
CUST-001223,Trinh Diep Lan,2006-12-17,JP,945087351080,+84943632299,trinh9898@example-sandbox.test,ADDR-001223,Student,58893484,MEDIUM,2023-07-05T23:59:59Z
CUST-001224,Doan Viet Nga,1999-02-18,VN,912338418643,+84926281297,doan6473@fictitious-mail.dev,ADDR-000051,Civil Servant,246344691,LOW,2021-12-29T23:59:59Z
CUST-001225,Nguyen Em Cuong,1968-06-06,VN,995924702833,+84930574187,nguyen3940@fictitious-mail.dev,ADDR-001225,Teacher,389065856,LOW,2025-02-18T23:59:59Z
CUST-001226,Tran Linh Phong,1962-07-16,VN,931957577518,+84993540488,tran5697@fictitious-mail.dev,ADDR-001226,Software Engineer,439333135,MEDIUM,2022-08-05T23:59:59Z
CUST-001227,Mai Giang Oanh,2003-03-10,VN,942339382244,+84944517935,mai3584@fictitious-mail.dev,ADDR-001227,Student,38265019,MEDIUM,2020-12-11T23:59:59Z
CUST-001228,Tran Xuan My,1955-03-18,VN,918186695593,+84944160502,tran873@mail-demo.invalid,ADDR-001228,Driver,379111457,LOW,2024-12-03T23:59:59Z
CUST-001229,Cao Nam Linh,1971-09-08,VN,960483607015,+84935085594,cao7388@example-sandbox.test,ADDR-001229,Accountant,160845055,LOW,2021-10-04T23:59:59Z
CUST-001230,Ho Quynh Binh,1961-07-15,KR,923360856021,+84968117133,ho7673@fictitious-mail.dev,ADDR-001230,Retail Manager,164797165,LOW,2021-06-21T23:59:59Z
CUST-001231,Huynh Lan Chi,1963-08-22,SG,996795773104,+84913107939,huynh4636@fictitious-mail.dev,ADDR-001231,Retired,71229911,LOW,2023-12-30T23:59:59Z
CUST-001232,Bui Lan Xuan,1973-08-02,VN,977781752740,+84977673602,bui4105@example-sandbox.test,ADDR-001232,Retired,382738340,LOW,2023-05-11T23:59:59Z
CUST-001233,Bui An Giang,1986-08-06,JP,994358487232,+84969416965,bui3972@fictitious-mail.dev,ADDR-001233,Accountant,207735754,LOW,2020-08-11T23:59:59Z
CUST-001234,Nguyen Khoa Minh,1979-02-20,AU,957414464382,+84913955424,nguyen2929@example-sandbox.test,ADDR-001234,Software Engineer,136661303,LOW,2022-09-05T23:59:59Z
CUST-001235,Do My Dao,1982-09-13,VN,931859514649,+84944174038,do918@example-sandbox.test,ADDR-001235,Civil Servant,373919656,MEDIUM,2020-07-22T23:59:59Z
CUST-001236,Pham Son Van,1999-12-13,JP,967719971517,+84919559882,pham9576@example-sandbox.test,ADDR-001236,Accountant,388353615,LOW,2023-05-23T23:59:59Z
CUST-001237,Tran Hung Khanh,1997-01-09,SG,944176137538,+84950981193,tran7408@fictitious-mail.dev,ADDR-001237,Consultant,418027150,LOW,2024-07-08T23:59:59Z
CUST-001238,Mai Xuan Phuong,2005-12-17,JP,992340524177,+84991561957,mai3116@mail-demo.invalid,ADDR-001238,Marketing Specialist,313682036,MEDIUM,2024-05-08T23:59:59Z
CUST-001239,Trinh Thao Cuong,2006-03-22,JP,988376547284,+84984791051,trinh3810@example-sandbox.test,ADDR-001239,Student,41889017,MEDIUM,2024-01-26T23:59:59Z
CUST-001240,Vu Van Nga,2002-07-21,VN,966282799773,+84966925332,vu3186@mail-demo.invalid,ADDR-001240,Student,24199512,LOW,2020-08-27T23:59:59Z
CUST-001241,Ho Lan Uy,1990-04-07,SG,916267946786,+84948025542,ho4521@example-sandbox.test,ADDR-001241,Student,197682258,LOW,2023-04-27T23:59:59Z
CUST-001242,Dang Lan Giang,1995-12-10,VN,999577098335,+84950299522,dang6203@mail-demo.invalid,ADDR-001242,Retail Manager,405335402,LOW,2022-07-25T23:59:59Z
CUST-001243,Huynh Hieu Kiet,1987-05-15,VN,937157974349,+84997485015,huynh8656@example-sandbox.test,ADDR-001243,Student,213162911,MEDIUM,2023-03-12T23:59:59Z
CUST-001244,Ly Dao Linh,1998-01-11,JP,933870161742,+84944906728,ly5314@fictitious-mail.dev,ADDR-001244,Nurse,245954379,HIGH,2020-08-21T23:59:59Z
CUST-001245,Le Son Hoa,1955-12-24,AU,924556745727,+84913554750,le6187@fictitious-mail.dev,ADDR-001245,Marketing Specialist,345871450,LOW,2023-04-15T23:59:59Z
CUST-001246,Bui An Khoa,1959-05-15,VN,988812633857,+84911206445,bui1678@mail-demo.invalid,ADDR-000219,Accountant,514863380,LOW,2020-11-28T23:59:59Z
CUST-001247,Vu Hung Hanh,1966-07-03,VN,985664865199,+84949642117,vu2311@example-sandbox.test,ADDR-001247,Software Engineer,417525370,MEDIUM,2025-05-02T23:59:59Z
CUST-001248,Vo Son Hung,1971-11-16,VN,978041681522,+84932760629,vo4042@fictitious-mail.dev,ADDR-001248,Consultant,127430551,LOW,2023-06-22T23:59:59Z
CUST-001249,Ly Khoa Nam,2003-12-25,AU,933638825790,+84989595595,ly3763@mail-demo.invalid,ADDR-001249,Student,362947384,LOW,2020-08-21T23:59:59Z
CUST-001250,Pham Chi Bao,1992-05-24,KR,953393673278,+84910596181,pham4600@mail-demo.invalid,ADDR-001250,Driver,444938002,LOW,2024-06-12T23:59:59Z
CUST-001251,Ngo Nam Yen,1974-07-01,JP,919326148361,+84917642419,ngo1452@fictitious-mail.dev,ADDR-001251,Sales Associate,351257179,LOW,2021-11-17T23:59:59Z
CUST-001252,Trinh Yen Kiet,1995-07-12,VN,932919518076,+84947100439,trinh4001@example-sandbox.test,ADDR-001252,Factory Worker,292684703,LOW,2024-05-11T23:59:59Z
CUST-001253,Bui Em Lan,1965-12-18,VN,971930459290,+84989534224,bui842@mail-demo.invalid,ADDR-001253,Marketing Specialist,297681603,LOW,2020-05-20T23:59:59Z
CUST-001254,Ho Quynh Quang,1998-04-22,KR,945817532242,+84915106640,ho7171@mail-demo.invalid,ADDR-001461,Student,28041332,LOW,2024-11-15T23:59:59Z
CUST-001255,Bui Em Minh,1998-08-13,VN,932908107505,+84992547528,bui4659@example-sandbox.test,ADDR-001255,Teacher,446563437,LOW,2020-05-23T23:59:59Z
CUST-001256,Le Uy Kiet,1986-04-15,VN,933713714547,+84997336414,le6266@example-sandbox.test,ADDR-001256,Driver,386302078,MEDIUM,2022-09-22T23:59:59Z
CUST-001257,Phan Nga Dung,2003-02-17,VN,966907462043,+84997602773,phan7044@mail-demo.invalid,ADDR-001257,Student,42882514,LOW,2024-01-14T23:59:59Z
CUST-001258,Ly Hoa Quynh,1984-08-08,US,974227510705,+84960663857,ly5098@example-sandbox.test,ADDR-001258,Student,348988527,LOW,2021-04-13T23:59:59Z
CUST-001259,Tran Hung Cuong,1994-06-12,VN,983226255818,+84992982639,tran2217@mail-demo.invalid,ADDR-001259,Civil Servant,408270369,LOW,2024-07-11T23:59:59Z
CUST-001260,Ho Quang Binh,1982-01-13,JP,953405470453,+84994858086,ho2021@fictitious-mail.dev,ADDR-001260,Consultant,346874239,LOW,2024-11-23T23:59:59Z
CUST-001261,Tran Linh Hieu,1973-10-11,JP,935418590109,+84956288555,tran2749@fictitious-mail.dev,ADDR-001261,Software Engineer,354495694,LOW,2025-05-16T23:59:59Z
CUST-001262,Do Giang Cuong,1998-10-19,VN,990317567503,+84947084158,do5138@example-sandbox.test,ADDR-001262,Marketing Specialist,299214754,HIGH,2021-08-09T23:59:59Z
CUST-001263,Hoang Uy Cuong,1986-06-09,JP,913825009418,+84919278000,hoang8227@fictitious-mail.dev,ADDR-001263,Retired,316214627,MEDIUM,2022-08-27T23:59:59Z
CUST-001264,Bui Chi Hung,1987-01-26,VN,921450517488,+84971931577,bui7923@fictitious-mail.dev,ADDR-001264,Software Engineer,134956616,MEDIUM,2021-10-05T23:59:59Z
CUST-001265,Mai Nhi Hung,1998-07-09,SG,955017405349,+84933821893,mai7993@example-sandbox.test,ADDR-001265,Sales Associate,167138780,LOW,2021-06-28T23:59:59Z
CUST-001266,Trinh Trang Em,1977-02-23,SG,920378359405,+84966555055,trinh6793@fictitious-mail.dev,ADDR-001266,Driver,371307141,MEDIUM,2023-08-30T23:59:59Z
CUST-001267,Pham Em Nga,2003-03-05,VN,961137165788,+84920017969,pham8369@mail-demo.invalid,ADDR-001267,Student,36608392,LOW,2023-05-06T23:59:59Z
CUST-001268,Ly Xuan Thao,1960-09-21,AU,970088319433,+84936601541,ly1398@fictitious-mail.dev,ADDR-001268,Retired,161155106,LOW,2022-06-21T23:59:59Z
CUST-001269,Vo Hung Phong,1955-03-16,VN,989050447239,+84911339690,vo1813@example-sandbox.test,ADDR-001269,Freelancer,184693689,LOW,2020-05-24T23:59:59Z
CUST-001270,Nguyen Hoa Khanh,1951-04-12,US,937790370808,+84996056814,nguyen5781@example-sandbox.test,ADDR-001270,Retired,115462526,LOW,2025-08-09T23:59:59Z
CUST-001271,Nguyen Nam Hung,1961-08-10,US,956359031325,+84927089237,nguyen3757@example-sandbox.test,ADDR-001271,Retired,155220542,MEDIUM,2024-09-11T23:59:59Z
CUST-001272,Ngo Hung Em,1990-11-22,VN,925935063010,+84922601335,ngo2681@fictitious-mail.dev,ADDR-001272,Factory Worker,207304776,LOW,2023-10-18T23:59:59Z
CUST-001273,Le Phong Lan,1981-10-17,VN,911444342997,+84935836198,le3295@fictitious-mail.dev,ADDR-001273,Retired,295218150,LOW,2020-05-03T23:59:59Z
CUST-001274,Bui Hung My,1999-08-27,VN,998399220728,+84955943211,bui778@fictitious-mail.dev,ADDR-001274,Nurse,342560325,LOW,2023-10-28T23:59:59Z
CUST-001275,Cao Em Trang,1977-12-20,KR,979741502241,+84977482652,cao2773@mail-demo.invalid,ADDR-001275,Civil Servant,529132932,LOW,2024-10-10T23:59:59Z
CUST-001276,Ngo Yen Hung,1987-03-23,US,998336726258,+84953995164,ngo4406@fictitious-mail.dev,ADDR-001276,Driver,209401610,LOW,2020-08-12T23:59:59Z
CUST-001277,Ho Em Phong,1989-06-21,SG,991152517397,+84922133813,ho6022@fictitious-mail.dev,ADDR-001277,Student,354574674,MEDIUM,2022-09-01T23:59:59Z
CUST-001278,Dang Giang Khanh,1995-07-13,VN,966821303338,+84914608723,dang8701@example-sandbox.test,ADDR-001278,Retail Manager,116477081,LOW,2023-02-04T23:59:59Z
CUST-001279,Mai Nhi Khoa,1980-07-08,JP,935844759837,+84996821161,mai7272@mail-demo.invalid,ADDR-001279,Sales Associate,375945567,MEDIUM,2020-11-22T23:59:59Z
CUST-001280,Dang Minh Hieu,2005-06-09,US,973645834851,+84937008204,dang9848@mail-demo.invalid,ADDR-001280,Student,26279505,LOW,2022-12-28T23:59:59Z
CUST-001281,Trinh Trang Khoa,1948-03-11,VN,927098352576,+84928333930,trinh9664@mail-demo.invalid,ADDR-001281,Retired,174062908,LOW,2025-05-06T23:59:59Z
CUST-001282,Nguyen Giang Tam,1979-06-20,JP,914350785144,+84913432671,nguyen1153@fictitious-mail.dev,ADDR-001282,Marketing Specialist,546667373,LOW,2024-12-26T23:59:59Z
CUST-001283,Ho Dao Nga,1965-10-09,VN,923789713428,+84987091587,ho8703@example-sandbox.test,ADDR-001283,Retired,134420003,MEDIUM,2025-06-28T23:59:59Z
CUST-001284,Huynh Yen Em,1961-11-02,VN,960490330355,+84990686827,huynh4919@fictitious-mail.dev,ADDR-001284,Software Engineer,432955263,LOW,2025-03-09T23:59:59Z
CUST-001285,Doan Viet My,1998-07-28,US,964257275843,+84932188694,doan8579@fictitious-mail.dev,ADDR-001285,Student,351395271,HIGH,2023-04-29T23:59:59Z
CUST-001286,Dang Minh Binh,1999-07-08,VN,996777789362,+84993682683,dang7336@fictitious-mail.dev,ADDR-001286,Student,37190441,LOW,2022-10-23T23:59:59Z
CUST-001287,Vu Nga Hai,1960-01-11,JP,973690964855,+84964491282,vu7411@example-sandbox.test,ADDR-001287,Retired,115695171,LOW,2022-10-25T23:59:59Z
CUST-001288,Do Trang Nhi,2003-04-22,VN,966733142984,+84911739404,do6195@example-sandbox.test,ADDR-001288,Retired,219696728,LOW,2020-07-31T23:59:59Z
CUST-001289,Mai Hoa Phuong,1971-02-23,VN,941423505526,+84970747956,mai5840@mail-demo.invalid,ADDR-001289,Student,315146323,LOW,2021-10-04T23:59:59Z
CUST-001290,Trinh Bao Hai,2003-02-11,US,984011836184,+84956213697,trinh1222@example-sandbox.test,ADDR-001290,Retired,155311501,MEDIUM,2020-06-25T23:59:59Z
CUST-001291,Phan Em Hieu,1969-06-23,VN,955032164626,+84978336344,phan7018@mail-demo.invalid,ADDR-001291,Nurse,332957905,HIGH,2024-03-21T23:59:59Z
CUST-001292,Vo Tuan My,1958-06-28,SG,977527483162,+84981197944,vo2187@example-sandbox.test,ADDR-001292,Nurse,161409029,LOW,2023-10-09T23:59:59Z
CUST-001293,Duong Quang Phuong,1981-04-21,JP,935875397505,+84984693405,duong5645@fictitious-mail.dev,ADDR-001293,Sales Associate,216563343,LOW,2021-08-13T23:59:59Z
CUST-001294,Huynh Nga Hung,1987-01-28,US,958041055195,+84942299895,huynh9499@example-sandbox.test,ADDR-001294,Consultant,474309939,MEDIUM,2021-06-12T23:59:59Z
CUST-001295,Tran Nga Yen,1980-04-06,KR,966481665706,+84973732408,tran3126@example-sandbox.test,ADDR-001295,Marketing Specialist,135027057,LOW,2024-05-30T23:59:59Z
CUST-001296,Hoang Bao Dung,1988-09-14,KR,962887062446,+84949214683,hoang3446@example-sandbox.test,ADDR-001296,Retired,212674162,LOW,2023-05-01T23:59:59Z
CUST-001297,Phan Diep Nam,1959-04-01,KR,962800237952,+84915621087,phan1690@example-sandbox.test,ADDR-001297,Accountant,228639797,MEDIUM,2023-06-13T23:59:59Z
CUST-001298,Le Khoa Phong,1971-12-08,VN,914703063439,+84923142777,le6361@example-sandbox.test,ADDR-001298,Nurse,470038702,MEDIUM,2020-11-20T23:59:59Z
CUST-001299,Bui Oanh Nhi,1979-10-12,VN,996346417467,+84910245998,bui8380@example-sandbox.test,ADDR-001299,Retail Manager,187424766,MEDIUM,2024-10-26T23:59:59Z
CUST-001300,Mai Binh Hai,1983-11-11,VN,994328257979,+84924220676,mai6222@mail-demo.invalid,ADDR-001300,Sales Associate,428824397,LOW,2024-03-15T23:59:59Z
CUST-001301,Tran Linh Son,1951-10-07,SG,913588267224,+84971862967,tran1250@mail-demo.invalid,ADDR-001301,Retired,130441736,LOW,2021-05-01T23:59:59Z
CUST-001302,Duong Hai Quang,2003-11-07,VN,944705822242,+84971080020,duong9420@example-sandbox.test,ADDR-001302,Student,38923355,LOW,2024-05-11T23:59:59Z
CUST-001303,Trinh Xuan Em,1977-03-02,KR,928701211646,+84924852890,trinh7217@example-sandbox.test,ADDR-001303,Retail Manager,450885655,LOW,2021-04-06T23:59:59Z
CUST-001304,Le Nga Kiet,1973-04-27,VN,915864239886,+84932600455,le7969@example-sandbox.test,ADDR-001304,Driver,129086030,LOW,2024-05-02T23:59:59Z
CUST-001305,Cao Hieu Hieu,1972-12-18,SG,981886488230,+84912571303,cao3131@mail-demo.invalid,ADDR-001305,Software Engineer,552569689,MEDIUM,2024-10-21T23:59:59Z
CUST-001306,Vo Trang Quynh,1999-01-27,SG,983520899891,+84926811753,vo3464@example-sandbox.test,ADDR-001306,Student,63228577,LOW,2023-10-18T23:59:59Z
CUST-001307,Ly Quang An,2001-06-13,KR,982791417106,+84963167400,ly5400@fictitious-mail.dev,ADDR-001307,Student,41193297,MEDIUM,2021-09-09T23:59:59Z
CUST-001308,Tran Tam Phuong,1948-09-04,KR,935776555948,+84968566767,tran8467@fictitious-mail.dev,ADDR-001308,Retired,60896579,LOW,2024-11-03T23:59:59Z
CUST-001309,Vu Bao Hanh,1998-10-25,SG,959139394733,+84927770244,vu7055@example-sandbox.test,ADDR-001309,Student,50569992,LOW,2024-11-26T23:59:59Z
CUST-001310,Doan Em Phong,1976-07-09,VN,942277292675,+84992312572,doan3608@mail-demo.invalid,ADDR-001310,Nurse,381716366,HIGH,2024-04-21T23:59:59Z
CUST-001311,Dang Binh Giang,1960-10-16,VN,945772967882,+84975692080,dang3305@fictitious-mail.dev,ADDR-001311,Consultant,452538531,LOW,2024-03-31T23:59:59Z
CUST-001312,Ly My Nga,1994-01-22,VN,911077255360,+84956053199,ly7703@mail-demo.invalid,ADDR-001312,Freelancer,170515412,LOW,2023-07-07T23:59:59Z
CUST-001313,Tran Phuong Lan,1961-09-22,KR,968922265101,+84987332687,tran9637@mail-demo.invalid,ADDR-001313,Freelancer,467597422,LOW,2020-08-21T23:59:59Z
CUST-001314,Pham Khanh Cuong,1975-12-06,KR,922162983255,+84984252887,pham2353@fictitious-mail.dev,ADDR-001314,Consultant,376120179,LOW,2021-02-18T23:59:59Z
CUST-001315,Doan Van Bao,1967-01-23,VN,971050832103,+84965878493,doan3330@mail-demo.invalid,ADDR-001315,Retail Manager,241821234,LOW,2023-01-24T23:59:59Z
CUST-001316,Nguyen Dung Son,1957-06-14,VN,940704709116,+84926513789,nguyen835@fictitious-mail.dev,ADDR-001316,Freelancer,338672785,LOW,2021-04-10T23:59:59Z
CUST-001317,Hoang Oanh Nam,2002-10-23,JP,994786311702,+84930025540,hoang6142@mail-demo.invalid,ADDR-001317,Factory Worker,258847231,MEDIUM,2024-03-04T23:59:59Z
CUST-001318,Ly Em Dung,1999-10-24,VN,997422368088,+84989200654,ly904@example-sandbox.test,ADDR-001318,Civil Servant,220670934,MEDIUM,2023-11-12T23:59:59Z
CUST-001319,Huynh Yen Cuong,2005-05-04,VN,926752004090,+84964896226,huynh6502@example-sandbox.test,ADDR-001319,Retired,145094086,LOW,2025-05-05T23:59:59Z
CUST-001320,Bui An Hoa,2005-03-23,JP,987984941649,+84991535859,bui386@fictitious-mail.dev,ADDR-001320,Sales Associate,258714798,LOW,2021-05-28T23:59:59Z
CUST-001321,Vu Em Diep,1995-02-11,KR,946167952947,+84974759009,vu2067@example-sandbox.test,ADDR-001321,Freelancer,408461217,LOW,2024-05-15T23:59:59Z
CUST-001322,Pham Tuan Yen,1957-07-03,VN,911105380085,+84993729407,pham7722@mail-demo.invalid,ADDR-001322,Teacher,219204738,MEDIUM,2021-12-14T23:59:59Z
CUST-001323,Huynh Son Lan,1995-12-28,US,991509188306,+84947250918,huynh3626@example-sandbox.test,ADDR-001323,Nurse,181159968,MEDIUM,2022-01-06T23:59:59Z
CUST-001324,Huynh Hanh Nga,1979-09-25,KR,950307621731,+84957902053,huynh5444@example-sandbox.test,ADDR-001324,Accountant,358146124,LOW,2021-04-28T23:59:59Z
CUST-001325,Doan Diep Viet,1953-03-25,VN,990202631103,+84988187053,doan8949@fictitious-mail.dev,ADDR-001325,Retired,72429886,LOW,2024-01-19T23:59:59Z
CUST-001326,Do Em Bao,1960-08-23,SG,938282489413,+84973702683,do8536@example-sandbox.test,ADDR-001326,Driver,435346698,LOW,2022-12-19T23:59:59Z
CUST-001327,Huynh Hanh Minh,1972-07-09,US,953280149775,+84929957772,huynh7071@example-sandbox.test,ADDR-001327,Nurse,167877961,LOW,2023-05-03T23:59:59Z
CUST-001328,Mai My Em,1994-05-02,KR,941143109786,+84970054012,mai4949@fictitious-mail.dev,ADDR-001328,Marketing Specialist,407356976,MEDIUM,2022-07-17T23:59:59Z
CUST-001329,Trinh Viet Hieu,1998-09-02,KR,944878305131,+84912158074,trinh3156@mail-demo.invalid,ADDR-001329,Student,67914997,LOW,2023-10-28T23:59:59Z
CUST-001330,Trinh Khoa Hieu,1946-02-25,VN,922883398838,+84923047754,trinh6733@fictitious-mail.dev,ADDR-001330,Retired,84746769,LOW,2022-02-11T23:59:59Z
CUST-001331,Hoang Trang Hanh,1956-04-13,VN,970351053062,+84945900041,hoang8344@fictitious-mail.dev,ADDR-001331,Retired,130287868,MEDIUM,2022-07-01T23:59:59Z
CUST-001332,Do Hoa Yen,1986-07-13,SG,998099617827,+84922958866,do3459@mail-demo.invalid,ADDR-001332,Sales Associate,184415517,HIGH,2021-08-29T23:59:59Z
CUST-001333,Mai Tuan Minh,2005-03-28,VN,974523151650,+84929830506,mai4444@fictitious-mail.dev,ADDR-001333,Retail Manager,189891764,MEDIUM,2020-09-11T23:59:59Z
CUST-001334,Bui Viet Diep,2006-12-11,KR,988168738081,+84942937053,bui5117@mail-demo.invalid,ADDR-001334,Student,24893965,LOW,2021-06-28T23:59:59Z
CUST-001335,Huynh An Khoa,1994-07-20,VN,958008199201,+84999161378,huynh9797@example-sandbox.test,ADDR-001335,Factory Worker,320193716,LOW,2023-07-11T23:59:59Z
CUST-001336,Pham Viet Nam,1994-12-25,SG,957095398473,+84995198826,pham7706@fictitious-mail.dev,ADDR-001336,Consultant,446061369,MEDIUM,2021-07-11T23:59:59Z
CUST-001337,Nguyen Hung Cuong,1997-05-09,JP,945276916106,+84922815432,nguyen4619@fictitious-mail.dev,ADDR-001337,Nurse,426763669,LOW,2021-06-02T23:59:59Z
CUST-001338,Ngo Quynh Quang,1985-11-05,VN,919009092787,+84998834351,ngo1008@example-sandbox.test,ADDR-001338,Software Engineer,466764726,LOW,2022-12-20T23:59:59Z
CUST-001339,Vu Minh Tam,2000-10-08,AU,927736805264,+84945390221,vu2100@example-sandbox.test,ADDR-001339,Student,38209850,MEDIUM,2023-11-08T23:59:59Z
CUST-001340,Trinh Uy Yen,1966-05-17,VN,940214430888,+84960796280,trinh3107@fictitious-mail.dev,ADDR-001340,Nurse,173583751,LOW,2025-02-24T23:59:59Z
CUST-001341,Trinh Kiet Thao,1983-01-13,AU,934007763814,+84980628659,trinh5577@mail-demo.invalid,ADDR-001341,Accountant,374908431,LOW,2021-06-14T23:59:59Z
CUST-001342,Duong Uy Em,1988-09-26,US,922539191600,+84940175519,duong9408@example-sandbox.test,ADDR-001342,Driver,405751552,MEDIUM,2021-05-27T23:59:59Z
CUST-001343,Cao Son Oanh,1968-10-14,VN,979564305686,+84988304361,cao6211@example-sandbox.test,ADDR-001343,Sales Associate,361679318,MEDIUM,2022-11-25T23:59:59Z
CUST-001344,Nguyen Hai Quang,1966-11-14,AU,961787464638,+84934455120,nguyen5239@mail-demo.invalid,ADDR-001344,Student,338935929,LOW,2022-11-04T23:59:59Z
CUST-001345,Do Trang Phuong,2002-03-16,VN,967527124666,+84956918621,do2106@fictitious-mail.dev,ADDR-001345,Student,68221924,LOW,2024-10-17T23:59:59Z
CUST-001346,Phan Phong Tuan,1969-08-12,JP,977344423870,+84976801015,phan7280@mail-demo.invalid,ADDR-001346,Sales Associate,351938656,MEDIUM,2020-05-17T23:59:59Z
CUST-001347,Mai My Kiet,1960-08-16,VN,998844505009,+84934471647,mai8356@mail-demo.invalid,ADDR-001347,Factory Worker,120541963,LOW,2024-03-26T23:59:59Z
CUST-001348,Le Oanh Hanh,1950-04-12,US,980537087124,+84998105021,le4014@fictitious-mail.dev,ADDR-001348,Retired,163085459,LOW,2024-01-18T23:59:59Z
CUST-001349,Bui An Phuong,1947-11-16,VN,996861407277,+84989911506,bui4875@example-sandbox.test,ADDR-001349,Retired,67433938,MEDIUM,2021-06-27T23:59:59Z
CUST-001350,Mai Diep Linh,1983-12-10,VN,988267039366,+84915133808,mai9553@example-sandbox.test,ADDR-001350,Teacher,331775587,LOW,2023-10-20T23:59:59Z
CUST-001351,Le Cuong Quang,1958-08-28,VN,952396030354,+84977300729,le1772@mail-demo.invalid,ADDR-001351,Nurse,394028379,MEDIUM,2023-03-05T23:59:59Z
CUST-001352,Huynh Kiet Tuan,1962-08-16,VN,958681904303,+84950023634,huynh8468@fictitious-mail.dev,ADDR-001352,Retired,119145290,LOW,2023-06-22T23:59:59Z
CUST-001353,Huynh Phuong An,1958-10-08,VN,926429860478,+84938473591,huynh2109@example-sandbox.test,ADDR-001353,Retail Manager,188339635,LOW,2021-12-27T23:59:59Z
CUST-001354,Ly Giang Hung,2002-09-09,VN,998907475260,+84996724446,ly6135@mail-demo.invalid,ADDR-001354,Civil Servant,156184254,LOW,2022-04-07T23:59:59Z
CUST-001355,Bui Xuan Quynh,1997-04-01,VN,930477453896,+84983408772,bui2906@fictitious-mail.dev,ADDR-001355,Nurse,354708798,MEDIUM,2025-07-12T23:59:59Z
CUST-001356,Ngo Uy Thao,2002-07-09,SG,915673474993,+84971049395,ngo2473@fictitious-mail.dev,ADDR-001356,Nurse,262852026,LOW,2022-11-16T23:59:59Z
CUST-001357,Nguyen Van Viet,1965-09-01,VN,983020922572,+84996134233,nguyen9111@fictitious-mail.dev,ADDR-001357,Retired,102957791,MEDIUM,2025-08-09T23:59:59Z
CUST-001358,Dang Cuong Van,2001-08-15,VN,990503806872,+84964817721,dang3750@mail-demo.invalid,ADDR-001358,Student,44156054,HIGH,2024-05-11T23:59:59Z
CUST-001359,Ly Tam Nam,2005-06-02,SG,935613596850,+84925475831,ly9836@example-sandbox.test,ADDR-001359,Student,43347444,LOW,2024-04-19T23:59:59Z
CUST-001360,Do Hieu Quynh,1983-07-01,AU,988671275582,+84925415109,do9937@fictitious-mail.dev,ADDR-001360,Teacher,319950531,MEDIUM,2024-05-07T23:59:59Z
CUST-001361,Trinh Kiet Yen,2003-04-04,AU,946658490907,+84945224683,trinh4325@fictitious-mail.dev,ADDR-001361,Student,31816067,LOW,2023-02-18T23:59:59Z
CUST-001362,Huynh Giang Khanh,1969-09-15,JP,963125269209,+84919758685,huynh1334@fictitious-mail.dev,ADDR-001362,Factory Worker,267191198,LOW,2022-10-29T23:59:59Z
CUST-001363,Mai An Tuan,1973-08-08,US,984397786273,+84958898265,mai4660@mail-demo.invalid,ADDR-001363,Student,180832821,MEDIUM,2023-09-15T23:59:59Z
CUST-001364,Vu Phong Dung,2004-06-08,VN,939168987563,+84959449491,vu7739@example-sandbox.test,ADDR-001364,Consultant,318195009,MEDIUM,2021-05-24T23:59:59Z
CUST-001365,Bui Phuong Trang,2006-08-07,JP,941889802904,+84916362203,bui9634@example-sandbox.test,ADDR-001365,Student,71080886,LOW,2024-11-07T23:59:59Z
CUST-001366,Dang Son Bao,1998-03-20,US,910350855677,+84969249507,dang3790@fictitious-mail.dev,ADDR-001366,Student,71261848,LOW,2023-03-09T23:59:59Z
CUST-001367,Le Yen Khoa,1986-08-15,SG,988182564221,+84983973509,le7247@mail-demo.invalid,ADDR-001367,Sales Associate,156339585,MEDIUM,2024-12-29T23:59:59Z
CUST-001368,Bui Minh Xuan,1956-07-11,AU,977115976034,+84929050217,bui7167@fictitious-mail.dev,ADDR-001368,Retired,159543149,LOW,2024-07-29T23:59:59Z
CUST-001369,Huynh Em Hung,1989-07-18,VN,972503759950,+84913770658,huynh3001@example-sandbox.test,ADDR-001369,Consultant,270495204,HIGH,2025-01-27T23:59:59Z
CUST-001370,Ly Hai Phuong,1970-12-07,AU,982831445184,+84959926172,ly8695@mail-demo.invalid,ADDR-001370,Software Engineer,348762708,LOW,2025-08-28T23:59:59Z
CUST-001371,Bui Hoa Chi,1980-06-12,AU,971657375580,+84942683856,bui5360@example-sandbox.test,ADDR-001371,Teacher,378100052,MEDIUM,2023-01-04T23:59:59Z
CUST-001372,Doan Tuan Tuan,1988-04-11,JP,950818727848,+84958290049,doan7744@fictitious-mail.dev,ADDR-001372,Accountant,201201002,LOW,2023-03-01T23:59:59Z
CUST-001373,Nguyen Uy Hanh,1982-02-03,SG,959972855036,+84994515079,nguyen6266@example-sandbox.test,ADDR-001373,Teacher,465357593,LOW,2021-05-17T23:59:59Z
CUST-001374,Doan Hieu Hung,1963-01-13,AU,964334847888,+84951630181,doan9945@example-sandbox.test,ADDR-001374,Driver,376386833,LOW,2022-02-28T23:59:59Z
CUST-001375,Dang Quynh Hung,1954-09-24,VN,916375936039,+84980327084,dang3620@mail-demo.invalid,ADDR-001375,Retired,103648604,LOW,2023-08-21T23:59:59Z
CUST-001376,Tran Quang Yen,1968-12-18,VN,986281214867,+84965984755,tran8124@fictitious-mail.dev,ADDR-001376,Accountant,587039431,HIGH,2022-05-10T23:59:59Z
CUST-001377,Nguyen Hieu Trang,1962-07-18,KR,940505637804,+84912391523,nguyen3766@fictitious-mail.dev,ADDR-001377,Retail Manager,333674611,LOW,2020-09-11T23:59:59Z
CUST-001378,Vu Hanh Khanh,1977-02-05,JP,989037855333,+84977186521,vu7413@example-sandbox.test,ADDR-001378,Accountant,346400465,MEDIUM,2024-06-11T23:59:59Z
CUST-001379,Vu Giang Van,2004-07-02,VN,962280444976,+84921071085,vu4343@example-sandbox.test,ADDR-001379,Retired,170491472,LOW,2022-11-22T23:59:59Z
CUST-001380,Ngo Kiet Tam,2001-02-22,AU,985002615526,+84915977606,ngo4167@fictitious-mail.dev,ADDR-001380,Retail Manager,257949746,LOW,2023-08-09T23:59:59Z
CUST-001381,Huynh Phuong Hoa,1955-05-22,VN,967170279360,+84945101901,huynh4428@mail-demo.invalid,ADDR-001381,Factory Worker,380834784,LOW,2021-09-20T23:59:59Z
CUST-001382,Le Nam Viet,1971-12-12,SG,987347609873,+84999525002,le5761@example-sandbox.test,ADDR-001382,Accountant,185971241,MEDIUM,2020-05-29T23:59:59Z
CUST-001383,Duong Lan Phuong,1959-04-07,VN,934326518934,+84998124025,duong3472@example-sandbox.test,ADDR-001383,Retail Manager,330073078,MEDIUM,2024-10-28T23:59:59Z
CUST-001384,Dang Khoa Nhi,1961-02-19,VN,964813731112,+84982132414,dang7313@fictitious-mail.dev,ADDR-001384,Retired,128276238,MEDIUM,2021-03-22T23:59:59Z
CUST-001385,Ly Lan Diep,1981-12-27,AU,955899219860,+84940857969,ly6625@fictitious-mail.dev,ADDR-001385,Freelancer,239926990,HIGH,2022-11-04T23:59:59Z
CUST-001386,Nguyen Van Phong,1974-04-18,KR,936721603636,+84936804030,nguyen1669@fictitious-mail.dev,ADDR-001386,Student,591311514,MEDIUM,2025-06-10T23:59:59Z
CUST-001387,Cao Nga Trang,1988-11-28,SG,939871652702,+84919658671,cao1808@example-sandbox.test,ADDR-001387,Sales Associate,449961484,MEDIUM,2020-12-24T23:59:59Z
CUST-001388,Nguyen Trang Hoa,1966-07-12,VN,962783875703,+84915083288,nguyen2313@example-sandbox.test,ADDR-001388,Marketing Specialist,484251630,LOW,2024-05-08T23:59:59Z
CUST-001389,Pham Phong Van,1957-03-03,VN,950928316080,+84914451440,pham1268@example-sandbox.test,ADDR-001389,Consultant,343236888,LOW,2020-04-25T23:59:59Z
CUST-001390,Do Dung Viet,2004-07-18,VN,949143089166,+84915633410,do7251@mail-demo.invalid,ADDR-001390,Student,30237294,LOW,2022-07-29T23:59:59Z
CUST-001391,Hoang Binh Dung,1976-12-22,US,962300170587,+84915310038,hoang7904@mail-demo.invalid,ADDR-001391,Marketing Specialist,524381939,LOW,2020-12-06T23:59:59Z
CUST-001392,Duong Nga Viet,2003-03-20,VN,927922558092,+84987161350,duong7431@fictitious-mail.dev,ADDR-001392,Student,35684426,LOW,2020-05-28T23:59:59Z
CUST-001393,Le Trang Viet,1980-06-20,VN,984966600122,+84916994362,le941@example-sandbox.test,ADDR-001393,Consultant,287120445,LOW,2021-04-04T23:59:59Z
CUST-001394,Do Binh Son,1976-09-16,SG,910166182881,+84977082220,do7615@mail-demo.invalid,ADDR-001394,Driver,231001199,MEDIUM,2022-08-15T23:59:59Z
CUST-001395,Vu Hanh Bao,1998-07-09,VN,914791172645,+84921193235,vu5119@example-sandbox.test,ADDR-001395,Software Engineer,411753697,LOW,2023-04-25T23:59:59Z
CUST-001396,Ho Son Hung,2003-04-08,VN,924513296542,+84949303646,ho860@fictitious-mail.dev,ADDR-001396,Accountant,334000949,LOW,2023-07-04T23:59:59Z
CUST-001397,Pham Kiet Dao,1998-10-23,VN,956445243708,+84965441233,pham7225@mail-demo.invalid,ADDR-001397,Student,28939399,LOW,2022-07-26T23:59:59Z
CUST-001398,Nguyen Khanh Linh,1988-08-04,VN,967539043054,+84953826571,nguyen6938@mail-demo.invalid,ADDR-001398,Accountant,322063375,LOW,2021-04-12T23:59:59Z
CUST-001399,Ly Van Minh,2000-11-20,AU,960545037420,+84931906300,ly6452@mail-demo.invalid,ADDR-001399,Student,57285331,LOW,2021-09-03T23:59:59Z
CUST-001400,Vo Hanh Lan,1973-05-12,VN,969984170470,+84969002170,vo3553@mail-demo.invalid,ADDR-001400,Marketing Specialist,388838704,MEDIUM,2021-09-26T23:59:59Z
CUST-001401,Tran Viet Yen,1985-01-07,VN,996424388527,+84922181808,tran8077@example-sandbox.test,ADDR-001401,Teacher,537222569,MEDIUM,2021-07-09T23:59:59Z
CUST-001402,Huynh Binh Phong,1975-07-12,US,911114665230,+84914114138,huynh1043@fictitious-mail.dev,ADDR-001402,Teacher,435213726,LOW,2023-01-14T23:59:59Z
CUST-001403,Ngo Son Nam,1950-12-27,VN,926476421837,+84944021361,ngo7751@example-sandbox.test,ADDR-001403,Retired,148690056,MEDIUM,2023-12-22T23:59:59Z
CUST-001404,Le Khoa Trang,1957-09-26,AU,960719049268,+84923126013,le5537@fictitious-mail.dev,ADDR-001404,Retired,90107165,LOW,2025-05-13T23:59:59Z
CUST-001405,Mai Tuan An,1982-11-27,VN,923329002235,+84938614516,mai7796@fictitious-mail.dev,ADDR-001405,Teacher,293719869,MEDIUM,2025-06-25T23:59:59Z
CUST-001406,Bui My Cuong,1958-09-08,VN,924062966270,+84953313486,bui4560@fictitious-mail.dev,ADDR-001406,Sales Associate,419266950,LOW,2025-01-17T23:59:59Z
CUST-001407,Ly Chi Hai,1997-06-05,SG,943658297492,+84920268083,ly7925@example-sandbox.test,ADDR-001407,Software Engineer,369489385,LOW,2023-04-13T23:59:59Z
CUST-001408,Do Lan Dao,2003-06-02,AU,975928180228,+84986573538,do2510@fictitious-mail.dev,ADDR-001408,Student,68104083,LOW,2021-08-11T23:59:59Z
CUST-001409,Pham Giang Kiet,1977-01-26,US,980815282223,+84996715498,pham425@fictitious-mail.dev,ADDR-001409,Retail Manager,244637568,HIGH,2020-11-02T23:59:59Z
CUST-001410,Hoang Xuan Khanh,1950-02-06,SG,976100296086,+84976889980,hoang2245@example-sandbox.test,ADDR-001410,Retired,92402412,LOW,2024-06-30T23:59:59Z
CUST-001411,Huynh Quynh Quynh,1967-06-21,JP,932567391415,+84923587062,huynh5072@fictitious-mail.dev,ADDR-001411,Accountant,208206397,LOW,2024-11-12T23:59:59Z
CUST-001412,Bui Dung Van,1991-06-08,VN,959712862806,+84958169932,bui8969@example-sandbox.test,ADDR-001412,Retired,475993095,LOW,2024-11-28T23:59:59Z
CUST-001413,Le Hung Hieu,1999-02-04,VN,996927474282,+84937847119,le832@mail-demo.invalid,ADDR-001413,Student,45516413,LOW,2024-04-30T23:59:59Z
CUST-001414,Huynh Nam Hung,2001-04-28,VN,918187705828,+84984855360,huynh7932@mail-demo.invalid,ADDR-001414,Retail Manager,217366840,MEDIUM,2024-12-18T23:59:59Z
CUST-001415,Do Xuan My,1988-10-06,VN,927125914987,+84966941990,do9075@mail-demo.invalid,ADDR-001415,Accountant,357550370,LOW,2024-07-09T23:59:59Z
CUST-001416,Cao Viet Xuan,2001-04-15,VN,984007912409,+84926549207,cao1569@mail-demo.invalid,ADDR-001416,Student,24208942,MEDIUM,2022-08-23T23:59:59Z
CUST-001417,Nguyen An Tuan,1969-06-21,KR,929408031332,+84937442718,nguyen4323@fictitious-mail.dev,ADDR-001417,Civil Servant,291167332,LOW,2020-07-10T23:59:59Z
CUST-001418,Ly Hieu Xuan,2003-09-16,SG,971070920855,+84919415496,ly6081@example-sandbox.test,ADDR-001418,Factory Worker,302864232,LOW,2024-09-28T23:59:59Z
CUST-001419,Le Hai Dao,2005-12-03,VN,955484917603,+84955225924,le3609@mail-demo.invalid,ADDR-001419,Driver,351256580,LOW,2025-04-14T23:59:59Z
CUST-001420,Mai Nam Binh,1981-10-05,VN,913848961403,+84948493069,mai6080@fictitious-mail.dev,ADDR-001420,Accountant,409079330,LOW,2025-02-15T23:59:59Z
CUST-001421,Vu Khanh Bao,2005-01-25,US,957008523894,+84928039086,vu9430@fictitious-mail.dev,ADDR-001421,Driver,292479515,LOW,2020-07-04T23:59:59Z
CUST-001422,Doan Kiet Binh,1969-12-11,VN,925191769764,+84986285359,doan9904@example-sandbox.test,ADDR-001422,Retail Manager,473298900,HIGH,2023-11-30T23:59:59Z
CUST-001423,Huynh Chi Tuan,1971-11-12,VN,961201239427,+84999386494,huynh5339@example-sandbox.test,ADDR-001423,Retired,597436232,MEDIUM,2025-05-12T23:59:59Z
CUST-001424,Vu Quang Giang,1998-09-02,US,977130675343,+84912564210,vu9354@mail-demo.invalid,ADDR-001424,Student,66221310,MEDIUM,2023-09-19T23:59:59Z
CUST-001425,Vo Yen Quang,1994-09-26,VN,987170982510,+84969152414,vo5751@mail-demo.invalid,ADDR-001425,Student,326718896,LOW,2023-01-30T23:59:59Z
CUST-001426,Cao Van Giang,1960-03-22,VN,958894152525,+84933740801,cao6110@mail-demo.invalid,ADDR-001426,Retail Manager,180186104,LOW,2022-10-30T23:59:59Z
CUST-001427,Ngo Son Phuong,1985-07-07,VN,916982944498,+84940695523,ngo2561@fictitious-mail.dev,ADDR-001427,Nurse,475034871,LOW,2020-11-13T23:59:59Z
CUST-001428,Mai Hoa Tam,1978-09-20,VN,919914119450,+84999157731,mai8885@mail-demo.invalid,ADDR-001428,Accountant,465547617,LOW,2021-05-28T23:59:59Z
CUST-001429,Duong Tuan Dao,1960-05-17,AU,952917260456,+84912686388,duong82@fictitious-mail.dev,ADDR-001429,Marketing Specialist,262890720,LOW,2021-08-25T23:59:59Z
CUST-001430,Ly Phong Phuong,1980-11-26,JP,976881957059,+84937619034,ly7419@fictitious-mail.dev,ADDR-001430,Software Engineer,462845599,LOW,2021-12-08T23:59:59Z
CUST-001431,Duong Khoa Khoa,1999-01-23,AU,987659941467,+84926172078,duong9854@mail-demo.invalid,ADDR-001431,Student,334897526,LOW,2020-05-05T23:59:59Z
CUST-001432,Duong Tuan Dao,1962-06-28,US,998438591674,+84965790245,duong7946@mail-demo.invalid,ADDR-001432,Marketing Specialist,437343222,LOW,2025-07-11T23:59:59Z
CUST-001433,Le Bao Bao,1973-05-02,AU,994576373730,+84982239634,le5255@example-sandbox.test,ADDR-001433,Factory Worker,431626259,LOW,2024-03-27T23:59:59Z
CUST-001434,Ngo Nam Phong,1976-03-01,SG,933404641837,+84973138819,ngo7703@mail-demo.invalid,ADDR-001434,Retail Manager,265753507,LOW,2021-10-21T23:59:59Z
CUST-001435,Nguyen Phong Hoa,1982-09-01,VN,973470460303,+84968408717,nguyen5018@example-sandbox.test,ADDR-001435,Retail Manager,447559756,LOW,2021-02-15T23:59:59Z
CUST-001436,Ly Oanh Uy,1971-08-04,US,952922830938,+84985732526,ly1059@fictitious-mail.dev,ADDR-001436,Teacher,269353996,LOW,2024-11-21T23:59:59Z
CUST-001437,Cao Em Yen,1982-09-02,JP,981403326168,+84929048689,cao3411@mail-demo.invalid,ADDR-001437,Retired,375782456,LOW,2022-03-27T23:59:59Z
CUST-001438,Mai Linh Son,1954-01-03,US,990198810066,+84995726000,mai5775@fictitious-mail.dev,ADDR-001438,Retired,134115123,LOW,2025-02-14T23:59:59Z
CUST-001439,Pham Quang Khoa,1963-02-21,VN,988299350842,+84917994017,pham6021@fictitious-mail.dev,ADDR-001439,Retired,72869898,HIGH,2023-09-19T23:59:59Z
CUST-001440,Dang Lan Uy,1954-08-24,JP,949691172731,+84994263003,dang9010@fictitious-mail.dev,ADDR-001440,Retired,92525853,MEDIUM,2023-07-07T23:59:59Z
CUST-001441,Ho Lan Yen,1957-06-07,VN,971952835598,+84992864576,ho9935@mail-demo.invalid,ADDR-001441,Sales Associate,297170916,MEDIUM,2020-05-08T23:59:59Z
CUST-001442,Le Lan Uy,1982-09-16,JP,975528792489,+84982259385,le6285@fictitious-mail.dev,ADDR-001442,Teacher,188981865,LOW,2023-03-11T23:59:59Z
CUST-001443,Pham Tuan Quynh,1969-09-02,VN,948733086990,+84912709549,pham4324@mail-demo.invalid,ADDR-001443,Civil Servant,477405918,MEDIUM,2025-04-03T23:59:59Z
CUST-001444,Trinh Hai Tam,1994-06-11,VN,987648488951,+84938120400,trinh6063@mail-demo.invalid,ADDR-001444,Teacher,239194747,LOW,2023-06-15T23:59:59Z
CUST-001445,Le Oanh Son,1991-08-12,US,914086982564,+84977064398,le3822@mail-demo.invalid,ADDR-001445,Accountant,149540037,HIGH,2024-08-08T23:59:59Z
CUST-001446,Dang Dao Lan,2000-10-28,VN,948209979255,+84912087152,dang2@example-sandbox.test,ADDR-001446,Student,61017490,LOW,2025-03-29T23:59:59Z
CUST-001447,Tran Son Phuong,1960-12-28,VN,954250330642,+84917058731,tran1359@example-sandbox.test,ADDR-001447,Civil Servant,419097522,LOW,2025-04-24T23:59:59Z
CUST-001448,Cao Khoa Hoa,1958-05-17,SG,928794879903,+84952523431,cao7737@example-sandbox.test,ADDR-001448,Software Engineer,295736434,MEDIUM,2020-12-02T23:59:59Z
CUST-001449,Vo Hai Uy,1960-02-26,VN,984303403693,+84984903574,vo1592@example-sandbox.test,ADDR-001449,Retired,126974501,LOW,2021-04-25T23:59:59Z
CUST-001450,Ho Tuan Chi,1971-02-10,VN,930386488711,+84993769469,ho4270@mail-demo.invalid,ADDR-001450,Civil Servant,275527255,LOW,2024-02-26T23:59:59Z
CUST-001451,Vo Nhi My,1957-05-03,US,990425921692,+84999292882,vo8273@mail-demo.invalid,ADDR-001451,Sales Associate,196761560,LOW,2024-01-11T23:59:59Z
CUST-001452,Do Dao Phuong,1964-10-24,JP,967515770670,+84924062334,do777@example-sandbox.test,ADDR-001452,Sales Associate,241134865,LOW,2021-11-27T23:59:59Z
CUST-001453,Duong Phuong Xuan,1971-05-12,SG,967795457084,+84923776932,duong8675@fictitious-mail.dev,ADDR-001453,Freelancer,372141884,HIGH,2024-09-01T23:59:59Z
CUST-001454,Phan An Hieu,2005-06-06,JP,935563879952,+84958794012,phan7951@fictitious-mail.dev,ADDR-001454,Nurse,159455713,LOW,2024-10-28T23:59:59Z
CUST-001455,Duong Diep Hieu,2002-09-01,VN,934800035589,+84955934951,duong6636@mail-demo.invalid,ADDR-001455,Software Engineer,406369391,LOW,2020-12-02T23:59:59Z
CUST-001456,Ho Phong Oanh,1958-06-20,SG,925559584697,+84952686567,ho2020@example-sandbox.test,ADDR-001456,Retired,319534299,MEDIUM,2024-05-27T23:59:59Z
CUST-001457,Vu Cuong Trang,1986-01-20,VN,953713270552,+84947031715,vu5892@mail-demo.invalid,ADDR-001457,Factory Worker,197466928,LOW,2024-08-13T23:59:59Z
CUST-001458,Dang Hanh Dung,1965-07-11,KR,979977357062,+84948546831,dang3947@fictitious-mail.dev,ADDR-001458,Retired,118655511,MEDIUM,2025-08-24T23:59:59Z
CUST-001459,Ho Son Dao,1998-06-20,VN,949877173502,+84972743902,ho835@fictitious-mail.dev,ADDR-001459,Consultant,352496082,HIGH,2024-04-19T23:59:59Z
CUST-001460,Pham Minh An,1998-01-28,VN,995448473989,+84983204910,pham5371@example-sandbox.test,ADDR-001460,Student,66317325,LOW,2023-11-16T23:59:59Z
CUST-001461,Bui An My,1965-04-06,VN,959547791737,+84919793345,bui5237@example-sandbox.test,ADDR-001461,Software Engineer,288971410,LOW,2023-09-28T23:59:59Z
CUST-001462,Cao Hanh Uy,1995-09-01,SG,921805394214,+84948855133,cao1669@mail-demo.invalid,ADDR-001462,Software Engineer,167133646,HIGH,2024-03-04T23:59:59Z
CUST-001463,Hoang Phuong Hoa,1999-07-18,AU,946867637081,+84970139403,hoang3705@fictitious-mail.dev,ADDR-001463,Retired,198060621,MEDIUM,2022-03-03T23:59:59Z
CUST-001464,Phan Hoa Chi,1983-05-27,VN,975298903095,+84937539218,phan9991@example-sandbox.test,ADDR-001464,Driver,199839118,LOW,2025-03-21T23:59:59Z
CUST-001465,Phan Giang Thao,2002-10-26,VN,984821392210,+84925749208,phan6032@mail-demo.invalid,ADDR-001465,Factory Worker,472042790,MEDIUM,2023-11-27T23:59:59Z
CUST-001466,Vu Phong Chi,1951-03-26,VN,980944898609,+84994739020,vu3921@mail-demo.invalid,ADDR-001466,Retired,97740831,LOW,2025-08-17T23:59:59Z
CUST-001467,Dang Phong Viet,2004-05-15,VN,977911080550,+84997552528,dang2504@example-sandbox.test,ADDR-001467,Student,58567592,LOW,2023-04-08T23:59:59Z
CUST-001468,Phan Uy Dung,1990-03-07,VN,987494790044,+84971793048,phan485@mail-demo.invalid,ADDR-001468,Driver,402319491,MEDIUM,2021-04-30T23:59:59Z
CUST-001469,Trinh Hoa Minh,1980-11-06,KR,998686420184,+84919129640,trinh6941@fictitious-mail.dev,ADDR-001469,Driver,403146634,LOW,2023-02-03T23:59:59Z
CUST-001470,Huynh Bao Lan,1989-07-11,KR,913989591132,+84966678771,huynh8945@mail-demo.invalid,ADDR-001470,Marketing Specialist,262946849,LOW,2021-11-26T23:59:59Z
CUST-001471,Phan Quang Xuan,2001-09-28,SG,945469895140,+84981230352,phan7472@fictitious-mail.dev,ADDR-001471,Driver,451679665,LOW,2025-08-25T23:59:59Z
CUST-001472,Pham Nam Em,1961-07-23,US,950437211617,+84917531289,pham5246@fictitious-mail.dev,ADDR-001472,Retired,63966457,LOW,2021-10-25T23:59:59Z
CUST-001473,Bui Phong My,1961-12-28,KR,976690117192,+84913103714,bui4708@mail-demo.invalid,ADDR-001473,Student,344556045,MEDIUM,2024-12-17T23:59:59Z
CUST-001474,Bui Cuong Hung,1972-10-09,VN,936827447455,+84924926515,bui8140@fictitious-mail.dev,ADDR-001474,Accountant,439008925,LOW,2022-12-23T23:59:59Z
CUST-001475,Vo An Hanh,1976-05-14,US,923481535048,+84990517043,vo7960@fictitious-mail.dev,ADDR-001475,Marketing Specialist,361066196,LOW,2023-03-12T23:59:59Z
CUST-001476,Duong Linh Nhi,1966-01-15,VN,968921010617,+84973374797,duong4446@mail-demo.invalid,ADDR-001476,Freelancer,445935104,LOW,2022-06-18T23:59:59Z
CUST-001477,Cao Hung Minh,1989-09-13,VN,957910941281,+84996825322,cao4144@example-sandbox.test,ADDR-001477,Marketing Specialist,445248730,LOW,2021-12-08T23:59:59Z
CUST-001478,Dang Minh Quynh,1996-12-10,AU,966525770730,+84929549956,dang7882@mail-demo.invalid,ADDR-001478,Marketing Specialist,162521326,LOW,2020-06-24T23:59:59Z
CUST-001479,Dang Kiet Chi,1991-01-02,AU,966291472005,+84962643935,dang5827@fictitious-mail.dev,ADDR-001479,Driver,164875724,MEDIUM,2020-08-02T23:59:59Z
CUST-001480,Ly Thao Lan,1955-06-06,VN,985912613453,+84986586115,ly8298@example-sandbox.test,ADDR-001480,Marketing Specialist,467199727,MEDIUM,2020-07-24T23:59:59Z
CUST-001481,Doan Diep Em,1962-02-07,VN,995903337517,+84929706285,doan5859@mail-demo.invalid,ADDR-001481,Software Engineer,385583486,LOW,2021-02-09T23:59:59Z
CUST-001482,Do Dung Tuan,1967-08-22,VN,918931521596,+84965197052,do244@mail-demo.invalid,ADDR-001482,Retail Manager,367945521,LOW,2024-01-29T23:59:59Z
CUST-001483,Vo Em Yen,1975-12-26,VN,943340543738,+84916675165,vo1622@example-sandbox.test,ADDR-001483,Sales Associate,404228853,MEDIUM,2024-10-02T23:59:59Z
CUST-001484,Dang Yen Oanh,1988-12-21,VN,948885742926,+84973410883,dang7446@mail-demo.invalid,ADDR-001484,Sales Associate,387837511,LOW,2023-04-09T23:59:59Z
CUST-001485,Le Binh Chi,1993-09-10,VN,935702339287,+84992357168,le8321@mail-demo.invalid,ADDR-001485,Driver,337454007,MEDIUM,2022-06-18T23:59:59Z
CUST-001486,Huynh Tam Uy,1992-06-21,SG,989326209659,+84986903572,huynh9305@mail-demo.invalid,ADDR-001486,Student,120947530,MEDIUM,2025-04-09T23:59:59Z
CUST-001487,Vo Dung Oanh,1999-01-14,VN,943216196015,+84989312100,vo5387@fictitious-mail.dev,ADDR-001487,Marketing Specialist,396012020,LOW,2025-07-10T23:59:59Z
CUST-001488,Pham Em Linh,1980-03-04,KR,953287809267,+84944363432,pham4303@example-sandbox.test,ADDR-001488,Retail Manager,442194699,MEDIUM,2023-12-11T23:59:59Z
CUST-001489,Ho Nam Linh,1983-05-23,VN,966392928795,+84954924044,ho7423@mail-demo.invalid,ADDR-001489,Software Engineer,216263838,HIGH,2023-05-28T23:59:59Z
CUST-001490,Bui Lan Minh,1963-04-13,AU,926344663797,+84979682994,bui4925@example-sandbox.test,ADDR-000303,Retired,118338822,LOW,2022-03-09T23:59:59Z
CUST-001491,Nguyen Hai Hoa,1948-12-19,SG,975137246081,+84948125912,nguyen7313@fictitious-mail.dev,ADDR-001491,Retired,140970512,MEDIUM,2023-11-26T23:59:59Z
CUST-001492,Dang Quynh Van,1979-10-27,US,926103722712,+84972383239,dang6218@example-sandbox.test,ADDR-001492,Marketing Specialist,154130236,LOW,2020-09-27T23:59:59Z
CUST-001493,Nguyen Yen Hanh,1995-04-17,VN,999655669116,+84966613331,nguyen3167@mail-demo.invalid,ADDR-001493,Driver,294798337,MEDIUM,2024-12-20T23:59:59Z
CUST-001494,Ho Linh Linh,2006-08-11,VN,918971533956,+84956696130,ho2680@fictitious-mail.dev,ADDR-001494,Student,65004972,LOW,2021-11-17T23:59:59Z
CUST-001495,Cao Son Hanh,2004-06-22,AU,964338422131,+84933596918,cao4305@fictitious-mail.dev,ADDR-001495,Student,42130528,LOW,2021-12-21T23:59:59Z
CUST-001496,Ngo Uy Van,1965-06-22,VN,986861442727,+84930945326,ngo5728@mail-demo.invalid,ADDR-001496,Retired,67890941,LOW,2023-03-07T23:59:59Z
CUST-001497,Vo Bao Hoa,1982-10-14,US,973257128990,+84960524625,vo157@mail-demo.invalid,ADDR-001497,Civil Servant,161431445,LOW,2020-05-03T23:59:59Z
CUST-001498,Duong Bao Hoa,1996-06-24,JP,939559704587,+84928692200,duong9633@fictitious-mail.dev,ADDR-001498,Retired,331961804,LOW,2020-12-05T23:59:59Z
CUST-001499,Dang Khoa Linh,2002-11-01,US,926483471341,+84960359473,dang5480@mail-demo.invalid,ADDR-001499,Student,56563241,MEDIUM,2021-09-24T23:59:59Z
CUST-001500,Trinh Em Hoa,1963-10-26,US,957723238200,+84917538649,trinh7848@mail-demo.invalid,ADDR-001500,Retired,68376576,MEDIUM,2024-07-15T23:59:59Z
CUST-001501,Pham Hanh Oanh,1963-11-16,JP,968449271533,+84937210198,pham1703@fictitious-mail.dev,ADDR-001501,Retired,174738260,LOW,2022-01-31T23:59:59Z
CUST-001502,Cao Trang Nga,1956-08-18,KR,972144273611,+84985589440,cao8834@fictitious-mail.dev,ADDR-001502,Retail Manager,479451985,LOW,2022-10-18T23:59:59Z
CUST-001503,Nguyen Chi Dao,2000-06-09,JP,956447380498,+84989243428,nguyen5816@mail-demo.invalid,ADDR-001503,Teacher,154790612,MEDIUM,2023-03-16T23:59:59Z
CUST-001504,Huynh Viet Linh,1973-05-20,VN,942816610509,+84970314807,huynh1307@example-sandbox.test,ADDR-001504,Factory Worker,337816451,LOW,2021-06-15T23:59:59Z
CUST-001505,Pham Nhi Em,1999-12-08,US,990776089955,+84913145143,pham432@example-sandbox.test,ADDR-001505,Student,29003695,MEDIUM,2022-10-19T23:59:59Z
CUST-001506,Vu Nhi Quang,1964-10-03,VN,934419825507,+84968252505,vu8764@fictitious-mail.dev,ADDR-001506,Software Engineer,400499890,LOW,2022-11-25T23:59:59Z
CUST-001507,Pham Hai Phuong,2003-03-27,AU,932670151721,+84910262883,pham6705@example-sandbox.test,ADDR-001507,Software Engineer,467668534,MEDIUM,2023-01-21T23:59:59Z
CUST-001508,Mai Tuan Phuong,1954-04-02,VN,957603325210,+84918657052,mai8519@example-sandbox.test,ADDR-001508,Retired,64493851,LOW,2025-08-20T23:59:59Z
CUST-001509,Vo Hieu Yen,2001-02-20,AU,918752708430,+84911345171,vo2233@example-sandbox.test,ADDR-001509,Student,48353591,LOW,2024-08-28T23:59:59Z
CUST-001510,Huynh Khoa Trang,1966-11-24,SG,960428907243,+84945422655,huynh3253@fictitious-mail.dev,ADDR-001510,Sales Associate,431250091,LOW,2024-05-10T23:59:59Z
CUST-001511,Do Hai Nam,2006-06-26,VN,939786002086,+84973156467,do5925@mail-demo.invalid,ADDR-001511,Student,48327143,LOW,2021-05-24T23:59:59Z
CUST-001512,Hoang Hai Nam,1991-10-14,SG,969885331530,+84932250681,hoang9040@mail-demo.invalid,ADDR-001512,Retired,379068862,LOW,2023-09-18T23:59:59Z
CUST-001513,Dang Chi Phuong,1998-09-13,VN,980211114433,+84969147802,dang2945@fictitious-mail.dev,ADDR-001513,Nurse,205489174,MEDIUM,2022-08-21T23:59:59Z
CUST-001514,Do Viet Hung,1949-04-23,VN,970009110883,+84971765027,do6116@mail-demo.invalid,ADDR-001514,Retired,79274393,LOW,2023-04-30T23:59:59Z
CUST-001515,Bui Cuong Viet,1987-04-24,JP,940450242686,+84968999537,bui9669@fictitious-mail.dev,ADDR-001515,Retail Manager,346253316,LOW,2021-10-07T23:59:59Z
CUST-001516,Duong Bao Minh,2003-07-09,VN,924311583672,+84931277857,duong5369@example-sandbox.test,ADDR-001516,Accountant,381306193,MEDIUM,2022-01-20T23:59:59Z
CUST-001517,Phan Uy Dung,1983-11-13,VN,989167082517,+84989540293,phan3317@fictitious-mail.dev,ADDR-001517,Driver,400111321,LOW,2025-04-02T23:59:59Z
CUST-001518,Dang Linh Quynh,2003-02-25,VN,966888845139,+84997366137,dang3124@fictitious-mail.dev,ADDR-001518,Student,57243377,LOW,2021-09-28T23:59:59Z
CUST-001519,Hoang Nam Tuan,1965-09-20,AU,913534519334,+84983608713,hoang8429@fictitious-mail.dev,ADDR-001519,Freelancer,403842597,MEDIUM,2022-08-09T23:59:59Z
CUST-001520,Trinh Binh Trang,1996-11-17,VN,947666317083,+84938107900,trinh7995@mail-demo.invalid,ADDR-001520,Factory Worker,399762436,LOW,2023-10-20T23:59:59Z
CUST-001521,Mai Em Trang,1958-04-17,VN,943064498661,+84916262215,mai9688@example-sandbox.test,ADDR-001521,Driver,283439437,HIGH,2021-03-07T23:59:59Z
CUST-001522,Duong Lan Kiet,2001-03-13,SG,950547777567,+84962029308,duong121@mail-demo.invalid,ADDR-001522,Student,32257250,LOW,2025-01-31T23:59:59Z
CUST-001523,Bui Uy Viet,1990-02-18,SG,910716217245,+84965633923,bui3583@mail-demo.invalid,ADDR-001523,Consultant,568627574,LOW,2025-02-26T23:59:59Z
CUST-001524,Pham Chi Binh,2005-03-25,SG,940341519791,+84963278715,pham2784@mail-demo.invalid,ADDR-001524,Student,68212083,LOW,2022-04-19T23:59:59Z
CUST-001525,Le Son Cuong,2004-04-27,US,976423492076,+84929169734,le8044@mail-demo.invalid,ADDR-001525,Student,71279333,LOW,2025-03-18T23:59:59Z
CUST-001526,Nguyen Hanh Diep,1950-06-03,VN,990889427139,+84946521435,nguyen6191@mail-demo.invalid,ADDR-001526,Retired,77723022,LOW,2023-04-24T23:59:59Z
CUST-001527,Mai Khanh Tam,2005-11-27,VN,988760971673,+84994794224,mai6875@example-sandbox.test,ADDR-000447,Student,30265513,LOW,2023-12-09T23:59:59Z
CUST-001528,Cao Hai Hieu,1961-01-01,KR,924166710869,+84962592989,cao2321@fictitious-mail.dev,ADDR-001528,Retired,154297458,LOW,2025-07-25T23:59:59Z
CUST-001529,Mai Quang Bao,1978-07-28,VN,934235782646,+84917872454,mai1601@fictitious-mail.dev,ADDR-001529,Teacher,275936157,MEDIUM,2022-10-22T23:59:59Z
CUST-001530,Pham Quynh Yen,1957-02-24,AU,935447630897,+84962329198,pham7561@example-sandbox.test,ADDR-001530,Marketing Specialist,304439687,LOW,2023-02-11T23:59:59Z
CUST-001531,Ngo Viet Xuan,2003-03-01,VN,913815060082,+84944506224,ngo9105@example-sandbox.test,ADDR-001531,Teacher,367918474,HIGH,2022-02-02T23:59:59Z
CUST-001532,Pham Hieu My,1973-02-28,VN,988869893003,+84959419358,pham5819@mail-demo.invalid,ADDR-001532,Retail Manager,216974973,HIGH,2023-10-13T23:59:59Z
CUST-001533,Hoang My Hung,1992-07-21,VN,994968733801,+84913329229,hoang9266@fictitious-mail.dev,ADDR-001533,Accountant,229053779,LOW,2024-03-31T23:59:59Z
CUST-001534,Ngo An Lan,1966-06-11,VN,936114523455,+84944172610,ngo1529@example-sandbox.test,ADDR-001534,Freelancer,211160524,LOW,2023-08-21T23:59:59Z
CUST-001535,Cao Chi Yen,2004-09-06,KR,970617500012,+84935223298,cao3346@mail-demo.invalid,ADDR-001535,Factory Worker,263968397,MEDIUM,2022-08-04T23:59:59Z
CUST-001536,Ho Tam Cuong,1972-08-13,VN,985005317344,+84957728178,ho6266@mail-demo.invalid,ADDR-001536,Student,339469184,MEDIUM,2021-08-18T23:59:59Z
CUST-001537,Mai Hieu Lan,1958-03-17,SG,955649674212,+84924370481,mai4111@mail-demo.invalid,ADDR-001537,Retired,61111960,LOW,2024-12-31T23:59:59Z
CUST-001538,Pham Dao Uy,1956-04-26,AU,918082121718,+84955481326,pham3191@mail-demo.invalid,ADDR-001538,Retired,131146587,HIGH,2024-08-18T23:59:59Z
CUST-001539,Ly Oanh Diep,1992-10-28,VN,913154458674,+84954074654,ly209@example-sandbox.test,ADDR-001539,Teacher,154986289,LOW,2024-11-15T23:59:59Z
CUST-001540,Vu Trang Oanh,1982-09-21,VN,923940103109,+84995058581,vu5201@fictitious-mail.dev,ADDR-001793,Factory Worker,211271864,LOW,2023-01-12T23:59:59Z
CUST-001541,Huynh Quang Nga,1986-04-22,AU,987648054429,+84999493203,huynh661@example-sandbox.test,ADDR-001541,Freelancer,143026564,LOW,2021-06-07T23:59:59Z
CUST-001542,Mai Trang My,1979-02-21,US,998995918534,+84921643196,mai9553@mail-demo.invalid,ADDR-000348,Retired,413834637,MEDIUM,2021-02-15T23:59:59Z
CUST-001543,Phan Em Uy,1971-02-07,SG,929591655503,+84965573433,phan2038@mail-demo.invalid,ADDR-001543,Teacher,254212288,MEDIUM,2024-08-04T23:59:59Z
CUST-001544,Pham Son Tuan,1977-05-15,VN,996175130273,+84923114809,pham6496@fictitious-mail.dev,ADDR-001544,Retail Manager,344175330,LOW,2021-03-22T23:59:59Z
CUST-001545,Pham Thao Xuan,1997-09-24,VN,958982387855,+84968192673,pham161@fictitious-mail.dev,ADDR-001545,Retail Manager,374435201,HIGH,2023-08-15T23:59:59Z
CUST-001546,Phan Quang Cuong,1962-07-27,VN,944695572427,+84985695361,phan3198@fictitious-mail.dev,ADDR-001546,Retired,89196386,LOW,2023-02-09T23:59:59Z
CUST-001547,Vu An Uy,2005-05-19,VN,921401128417,+84963934190,vu4690@example-sandbox.test,ADDR-001547,Freelancer,243403470,LOW,2021-07-13T23:59:59Z
CUST-001548,Ly Xuan Hai,1990-06-07,AU,958040940687,+84977626018,ly8765@mail-demo.invalid,ADDR-001548,Software Engineer,315302203,MEDIUM,2025-04-02T23:59:59Z
CUST-001549,Nguyen Khanh Trang,1986-01-16,VN,979796978368,+84978291602,nguyen1163@mail-demo.invalid,ADDR-001549,Student,440967131,LOW,2023-12-08T23:59:59Z
CUST-001550,Mai Nga Dung,2006-03-26,JP,925104938493,+84946761551,mai6975@fictitious-mail.dev,ADDR-001550,Student,34419500,LOW,2020-08-31T23:59:59Z
CUST-001551,Dang Trang Hoa,1961-06-14,VN,964524695079,+84976880359,dang9053@mail-demo.invalid,ADDR-001551,Teacher,165900922,LOW,2020-11-07T23:59:59Z
CUST-001552,Pham Lan Chi,1990-03-10,KR,950572129478,+84977617669,pham5403@example-sandbox.test,ADDR-001552,Accountant,345393702,LOW,2024-07-17T23:59:59Z
CUST-001553,Bui Em Phong,1981-10-02,US,950692743588,+84919992912,bui6765@fictitious-mail.dev,ADDR-001553,Retail Manager,425485479,LOW,2022-07-19T23:59:59Z
CUST-001554,Vu Van Phuong,1983-08-17,SG,929597327944,+84991790169,vu4532@example-sandbox.test,ADDR-001554,Retail Manager,483581115,LOW,2022-12-21T23:59:59Z
CUST-001555,Vo Tuan An,1956-07-16,VN,923552364448,+84974342479,vo8472@mail-demo.invalid,ADDR-001555,Retired,173714064,LOW,2021-01-01T23:59:59Z
CUST-001556,Nguyen Thao Nam,1986-11-06,US,986544848754,+84911289447,nguyen8397@fictitious-mail.dev,ADDR-001556,Freelancer,168332910,LOW,2024-03-28T23:59:59Z
CUST-001557,Le Phong Hung,1994-03-22,JP,960656310361,+84988927122,le4767@mail-demo.invalid,ADDR-001557,Student,137329452,MEDIUM,2023-12-20T23:59:59Z
CUST-001558,Ly An Van,1980-06-16,VN,924104023237,+84916817369,ly9376@example-sandbox.test,ADDR-001558,Software Engineer,301131623,MEDIUM,2025-05-04T23:59:59Z
CUST-001559,Huynh Tam Tam,1999-10-15,AU,979112049274,+84921357741,huynh4807@mail-demo.invalid,ADDR-001559,Nurse,322187850,MEDIUM,2023-07-28T23:59:59Z
CUST-001560,Nguyen Bao Minh,1970-09-06,VN,989178729910,+84963721448,nguyen6180@fictitious-mail.dev,ADDR-001560,Software Engineer,381798641,MEDIUM,2020-10-15T23:59:59Z
CUST-001561,Trinh My Quang,1976-12-13,VN,991208486926,+84942364409,trinh7376@fictitious-mail.dev,ADDR-001561,Software Engineer,194149166,MEDIUM,2025-01-30T23:59:59Z
CUST-001562,Bui My Kiet,1964-08-06,SG,963262212746,+84984761345,bui7949@mail-demo.invalid,ADDR-001562,Retired,65492210,MEDIUM,2025-07-02T23:59:59Z
CUST-001563,Tran Tam Hai,1970-08-16,US,978705603182,+84991363583,tran5920@fictitious-mail.dev,ADDR-001563,Marketing Specialist,380748472,LOW,2023-06-08T23:59:59Z
CUST-001564,Duong Hieu Hanh,1963-05-11,VN,912877696745,+84931909297,duong8817@fictitious-mail.dev,ADDR-001564,Driver,444694887,MEDIUM,2025-07-03T23:59:59Z
CUST-001565,Ho Cuong Quynh,2006-09-20,AU,993283058199,+84911094670,ho8510@example-sandbox.test,ADDR-001565,Student,52617475,LOW,2022-10-02T23:59:59Z
CUST-001566,Dang Quang Oanh,1972-01-15,VN,950210777240,+84946600419,dang5630@fictitious-mail.dev,ADDR-001566,Accountant,365909173,LOW,2024-08-17T23:59:59Z
CUST-001567,Le Nhi Phong,1994-07-26,VN,971157043195,+84983301442,le2759@fictitious-mail.dev,ADDR-001567,Software Engineer,255587096,LOW,2024-12-23T23:59:59Z
CUST-001568,Phan Dao Nhi,1968-11-06,SG,974203667051,+84992135579,phan7834@fictitious-mail.dev,ADDR-001568,Factory Worker,442460965,LOW,2020-12-21T23:59:59Z
CUST-001569,Ho Nga Nga,2003-04-26,KR,940577504570,+84911389244,ho3243@mail-demo.invalid,ADDR-001569,Civil Servant,330629758,MEDIUM,2022-07-10T23:59:59Z
CUST-001570,Ly My Binh,2003-05-09,VN,947869266936,+84985584161,ly5513@example-sandbox.test,ADDR-001570,Student,50450780,LOW,2024-05-30T23:59:59Z
CUST-001571,Nguyen Binh Hieu,1965-06-08,US,911380169201,+84948766825,nguyen5815@example-sandbox.test,ADDR-001571,Retail Manager,110082077,MEDIUM,2021-01-21T23:59:59Z
CUST-001572,Pham Tuan Oanh,1975-12-26,VN,967819577990,+84979426749,pham6837@mail-demo.invalid,ADDR-001572,Marketing Specialist,263286008,MEDIUM,2022-10-16T23:59:59Z
CUST-001573,Doan Son Quang,2005-07-13,VN,915858332221,+84965622246,doan4610@mail-demo.invalid,ADDR-001573,Software Engineer,340382582,LOW,2023-11-16T23:59:59Z
CUST-001574,Ngo Bao Bao,1973-03-27,VN,986275653194,+84947640898,ngo6740@example-sandbox.test,ADDR-001574,Marketing Specialist,154116881,LOW,2023-04-07T23:59:59Z
CUST-001575,Phan Van Quang,1966-12-27,US,987246895985,+84999704595,phan6928@fictitious-mail.dev,ADDR-001575,Marketing Specialist,438008695,LOW,2023-10-01T23:59:59Z
CUST-001576,Duong Son Nhi,1960-01-12,KR,915413533149,+84956408124,duong5166@example-sandbox.test,ADDR-001576,Freelancer,290344790,MEDIUM,2022-11-07T23:59:59Z
CUST-001577,Bui Phong An,1948-05-13,VN,994884971453,+84943589412,bui4448@mail-demo.invalid,ADDR-001577,Retired,131825933,LOW,2023-11-26T23:59:59Z
CUST-001578,Ly Xuan Quynh,1970-06-22,VN,912498937011,+84915092983,ly3931@example-sandbox.test,ADDR-001578,Marketing Specialist,572723335,MEDIUM,2025-08-03T23:59:59Z
CUST-001579,Dang Kiet Quynh,1978-06-24,JP,992589801087,+84942607932,dang9870@fictitious-mail.dev,ADDR-001579,Factory Worker,527702455,LOW,2023-07-08T23:59:59Z
CUST-001580,Nguyen Dao Van,1985-04-20,JP,937996453317,+84911626331,nguyen1167@fictitious-mail.dev,ADDR-001580,Driver,393664564,LOW,2024-08-30T23:59:59Z
CUST-001581,Ho Oanh An,1968-08-04,KR,999366386371,+84978125483,ho7328@example-sandbox.test,ADDR-001581,Retail Manager,184043307,MEDIUM,2020-07-22T23:59:59Z
CUST-001582,Mai Dung Oanh,1973-01-21,US,947906877091,+84981533615,mai4119@example-sandbox.test,ADDR-001582,Retired,431929492,LOW,2024-07-03T23:59:59Z
CUST-001583,Le Linh Dung,2003-08-06,AU,921377190568,+84962987154,le4140@mail-demo.invalid,ADDR-001583,Freelancer,333440443,LOW,2024-07-28T23:59:59Z
CUST-001584,Bui Hoa Bao,1963-09-08,VN,910827962737,+84997432056,bui85@mail-demo.invalid,ADDR-001584,Civil Servant,133389240,LOW,2021-09-28T23:59:59Z
CUST-001585,Doan Cuong Binh,1973-11-08,VN,976133140517,+84928830077,doan3478@mail-demo.invalid,ADDR-001585,Consultant,418618030,HIGH,2024-11-03T23:59:59Z
CUST-001586,Duong Uy Viet,1994-05-04,KR,914801250748,+84918048100,duong7523@mail-demo.invalid,ADDR-001586,Factory Worker,138869308,MEDIUM,2024-10-01T23:59:59Z
CUST-001587,Vo Oanh Khoa,2002-11-12,JP,960493120456,+84970379296,vo9709@mail-demo.invalid,ADDR-001587,Nurse,389562598,HIGH,2023-10-26T23:59:59Z
CUST-001588,Mai Nhi Nhi,1992-04-24,JP,950927832972,+84982468717,mai6590@example-sandbox.test,ADDR-001588,Accountant,435981635,LOW,2020-12-20T23:59:59Z
CUST-001589,Nguyen Binh Khanh,1980-06-11,VN,959163077175,+84937155007,nguyen7114@example-sandbox.test,ADDR-001589,Factory Worker,371583999,MEDIUM,2020-04-30T23:59:59Z
CUST-001590,Huynh Giang Phuong,1966-11-08,VN,918189997472,+84944659708,huynh9067@fictitious-mail.dev,ADDR-001590,Marketing Specialist,220863078,LOW,2023-06-30T23:59:59Z
CUST-001591,Duong Phuong Hung,1960-08-04,US,925103391416,+84910106162,duong9252@fictitious-mail.dev,ADDR-001591,Teacher,171692895,HIGH,2025-02-10T23:59:59Z
CUST-001592,Le An My,2003-09-14,KR,968603877230,+84946788075,le6868@fictitious-mail.dev,ADDR-001592,Consultant,332029795,LOW,2025-08-20T23:59:59Z
CUST-001593,Huynh Tuan Oanh,2004-10-21,JP,977505930673,+84939675594,huynh9381@example-sandbox.test,ADDR-001593,Student,63120545,LOW,2022-08-27T23:59:59Z
CUST-001594,Tran My Em,1977-02-20,AU,965602566087,+84999580808,tran3646@mail-demo.invalid,ADDR-001594,Nurse,512120280,LOW,2022-01-22T23:59:59Z
CUST-001595,Vu Nga Trang,2004-07-05,AU,913325662175,+84968305346,vu3035@fictitious-mail.dev,ADDR-001595,Civil Servant,169191381,MEDIUM,2024-01-15T23:59:59Z
CUST-001596,Trinh Nam Quang,1967-04-14,VN,967216401604,+84980792969,trinh1004@fictitious-mail.dev,ADDR-001596,Retail Manager,424634715,LOW,2024-02-19T23:59:59Z
CUST-001597,Vu Binh Nhi,1981-05-05,AU,938519787250,+84928798403,vu6404@fictitious-mail.dev,ADDR-001597,Nurse,388315303,MEDIUM,2024-01-26T23:59:59Z
CUST-001598,Dang Yen Quang,1988-07-05,JP,940948385784,+84923700697,dang3068@example-sandbox.test,ADDR-001598,Retail Manager,202874090,LOW,2021-03-30T23:59:59Z
CUST-001599,Bui Linh Hung,1974-07-17,SG,966327739875,+84989553297,bui2917@mail-demo.invalid,ADDR-001599,Retired,447951190,LOW,2023-06-04T23:59:59Z
CUST-001600,Nguyen Yen My,1971-12-17,VN,967916328954,+84966305264,nguyen5119@fictitious-mail.dev,ADDR-001600,Retired,298523165,LOW,2021-11-04T23:59:59Z
CUST-001601,Dang Viet Linh,1995-05-12,VN,986265535505,+84982041503,dang1945@example-sandbox.test,ADDR-001601,Consultant,188476723,LOW,2020-07-12T23:59:59Z
CUST-001602,Pham Hieu Hai,1957-05-22,JP,943777205018,+84986258818,pham1303@fictitious-mail.dev,ADDR-001602,Accountant,153588847,HIGH,2022-01-02T23:59:59Z
CUST-001603,Duong Quynh Hai,1975-09-11,VN,912583741632,+84989274842,duong1575@fictitious-mail.dev,ADDR-001603,Retired,447449268,LOW,2023-07-07T23:59:59Z
CUST-001604,Vo Hai Kiet,1994-06-18,VN,927321330532,+84985839065,vo4016@example-sandbox.test,ADDR-001604,Freelancer,308875722,LOW,2021-05-22T23:59:59Z
CUST-001605,Ngo Chi An,1945-09-01,VN,982426067414,+84984049430,ngo8380@mail-demo.invalid,ADDR-001605,Retired,137794526,LOW,2023-08-17T23:59:59Z
CUST-001606,Phan An Oanh,1959-02-25,US,936484068720,+84989231068,phan7658@example-sandbox.test,ADDR-001606,Marketing Specialist,411195186,LOW,2025-04-30T23:59:59Z
CUST-001607,Hoang Nhi Lan,1964-03-22,KR,937526013852,+84954578081,hoang8814@mail-demo.invalid,ADDR-001607,Retired,173935287,LOW,2023-12-11T23:59:59Z
CUST-001608,Cao Khanh Nga,2003-09-12,JP,998113226410,+84939670911,cao4302@example-sandbox.test,ADDR-001608,Student,59196817,LOW,2023-08-21T23:59:59Z
CUST-001609,Hoang Hieu Hoa,1953-10-22,VN,995620134099,+84949950725,hoang1057@example-sandbox.test,ADDR-001609,Retired,138542409,LOW,2021-08-21T23:59:59Z
CUST-001610,Le Em Xuan,1994-08-21,VN,946564444238,+84955256485,le8456@example-sandbox.test,ADDR-001610,Retail Manager,184955860,MEDIUM,2020-04-19T23:59:59Z
CUST-001611,Huynh Binh Dung,1965-06-15,VN,987654441381,+84976805247,huynh4674@mail-demo.invalid,ADDR-001611,Retired,63020442,HIGH,2021-12-17T23:59:59Z
CUST-001612,Vo Khoa Kiet,2001-02-11,KR,927657553619,+84938328517,vo6229@mail-demo.invalid,ADDR-001612,Sales Associate,120771023,MEDIUM,2025-08-06T23:59:59Z
CUST-001613,Dang Son Khoa,1964-08-23,JP,935329739988,+84948555903,dang8728@example-sandbox.test,ADDR-001613,Retired,108256585,LOW,2020-05-29T23:59:59Z
CUST-001614,Pham Dung Chi,2000-04-09,JP,997219595410,+84920804760,pham8273@mail-demo.invalid,ADDR-001614,Consultant,344180740,LOW,2021-10-19T23:59:59Z
CUST-001615,Ngo Xuan Linh,1987-07-12,JP,958778931114,+84928627052,ngo5438@fictitious-mail.dev,ADDR-001615,Freelancer,357791809,MEDIUM,2020-11-29T23:59:59Z
CUST-001616,Ho Thao Trang,1948-01-02,VN,958719551363,+84945056819,ho6639@fictitious-mail.dev,ADDR-001616,Retired,66034712,LOW,2024-05-31T23:59:59Z
CUST-001617,Dang Hanh Thao,1978-11-24,US,975265574165,+84915418627,dang7003@fictitious-mail.dev,ADDR-001617,Student,296598704,LOW,2025-06-22T23:59:59Z
CUST-001618,Huynh Dao Uy,1961-04-21,VN,919830368216,+84992677946,huynh7541@example-sandbox.test,ADDR-001618,Civil Servant,222516871,LOW,2021-12-10T23:59:59Z
CUST-001619,Trinh Van Kiet,1964-05-08,US,975589751628,+84943942798,trinh9904@mail-demo.invalid,ADDR-001619,Marketing Specialist,153344349,LOW,2023-03-19T23:59:59Z
CUST-001620,Ho Thao Tuan,1988-09-10,VN,968490203053,+84995158390,ho5212@mail-demo.invalid,ADDR-001620,Civil Servant,149937787,LOW,2021-11-22T23:59:59Z
CUST-001621,Dang Dung Hung,1995-05-11,AU,984592209843,+84969300758,dang6938@fictitious-mail.dev,ADDR-001621,Student,405360024,LOW,2021-03-10T23:59:59Z
CUST-001622,Mai Thao Hai,1965-12-09,SG,936510376454,+84933681518,mai6059@fictitious-mail.dev,ADDR-001622,Retail Manager,246670676,LOW,2021-07-17T23:59:59Z
CUST-001623,Pham Tam Kiet,1963-07-07,VN,927414847405,+84937586340,pham1633@example-sandbox.test,ADDR-001623,Sales Associate,541102716,MEDIUM,2022-10-15T23:59:59Z
CUST-001624,Phan Son Hoa,1955-12-13,VN,963114315559,+84947276573,phan1210@fictitious-mail.dev,ADDR-001624,Freelancer,448725948,MEDIUM,2024-08-27T23:59:59Z
CUST-001625,Ly Hung Minh,1997-09-12,VN,951485552538,+84981938590,ly5959@mail-demo.invalid,ADDR-001625,Freelancer,595525703,LOW,2023-07-15T23:59:59Z
CUST-001626,Le Hanh Nga,1994-05-12,KR,995524569674,+84928146851,le7755@example-sandbox.test,ADDR-001626,Consultant,122291319,LOW,2025-07-30T23:59:59Z
CUST-001627,Ho Phong Trang,1978-02-17,VN,946750076426,+84938171713,ho9238@example-sandbox.test,ADDR-001627,Sales Associate,397863892,MEDIUM,2022-05-13T23:59:59Z
CUST-001628,Ho An Dao,1998-05-09,JP,911590300323,+84923769381,ho7455@example-sandbox.test,ADDR-001628,Software Engineer,125390677,LOW,2024-01-20T23:59:59Z
CUST-001629,Huynh Tam Linh,1957-01-02,US,987584606640,+84924098015,huynh610@example-sandbox.test,ADDR-001629,Consultant,248973084,LOW,2024-04-04T23:59:59Z
CUST-001630,Doan Diep Hai,1963-04-06,KR,944877772908,+84910265598,doan2157@fictitious-mail.dev,ADDR-001630,Sales Associate,177531693,HIGH,2021-02-05T23:59:59Z
CUST-001631,Nguyen Hai Minh,1963-10-06,KR,945051725258,+84998891434,nguyen3864@example-sandbox.test,ADDR-001631,Software Engineer,402623035,LOW,2023-03-01T23:59:59Z
CUST-001632,Mai Son Uy,2004-07-10,VN,995299871945,+84970976042,mai7510@fictitious-mail.dev,ADDR-001632,Student,56762036,MEDIUM,2021-07-20T23:59:59Z
CUST-001633,Ho Dung Hung,2001-12-11,US,934584537622,+84966558922,ho1129@example-sandbox.test,ADDR-001633,Student,32186002,MEDIUM,2020-07-27T23:59:59Z
CUST-001634,Doan Linh Thao,2006-05-14,VN,934026081022,+84932247105,doan3049@mail-demo.invalid,ADDR-001634,Student,28296838,MEDIUM,2024-10-18T23:59:59Z
CUST-001635,Nguyen Cuong Khanh,1945-12-10,VN,925837430402,+84947299166,nguyen4904@mail-demo.invalid,ADDR-001635,Retired,137967438,LOW,2021-05-07T23:59:59Z
CUST-001636,Do Chi Son,1981-12-20,VN,996743804694,+84971616763,do4561@mail-demo.invalid,ADDR-001636,Student,203895808,MEDIUM,2020-07-29T23:59:59Z
CUST-001637,Vu Chi Hieu,2002-08-12,AU,915779161280,+84978285537,vu3034@example-sandbox.test,ADDR-001637,Student,61674434,MEDIUM,2023-10-07T23:59:59Z
CUST-001638,Dang Trang Thao,1980-05-15,SG,925546800362,+84946088086,dang8974@mail-demo.invalid,ADDR-001638,Civil Servant,365017570,LOW,2021-11-07T23:59:59Z
CUST-001639,Do Quang Hai,2005-01-25,SG,933237833292,+84997690310,do4969@mail-demo.invalid,ADDR-001639,Accountant,478600322,LOW,2025-01-19T23:59:59Z
CUST-001640,Ly Chi Phong,1958-03-27,VN,930251407381,+84913149034,ly7048@example-sandbox.test,ADDR-001640,Retired,95787343,LOW,2021-01-24T23:59:59Z
CUST-001641,Hoang Son Minh,2005-10-03,SG,969854148442,+84981604686,hoang4055@fictitious-mail.dev,ADDR-001641,Software Engineer,143091161,LOW,2024-12-31T23:59:59Z
CUST-001642,Duong Xuan Oanh,1958-11-21,US,949902272376,+84931921204,duong8295@example-sandbox.test,ADDR-001642,Marketing Specialist,355319698,MEDIUM,2023-03-27T23:59:59Z
CUST-001643,Dang Tam Uy,2004-07-20,VN,931227638148,+84924064014,dang1843@fictitious-mail.dev,ADDR-001643,Retail Manager,319672763,LOW,2025-08-15T23:59:59Z
CUST-001644,Dang Dao Linh,1956-10-07,VN,950433888928,+84917596509,dang4341@mail-demo.invalid,ADDR-001644,Accountant,405178957,LOW,2024-01-31T23:59:59Z
CUST-001645,Trinh Oanh Xuan,1975-07-01,US,960722952123,+84996903608,trinh1897@example-sandbox.test,ADDR-001645,Teacher,327789162,LOW,2025-06-15T23:59:59Z
CUST-001646,Hoang Em Van,2004-07-04,VN,957092662314,+84926396664,hoang1925@mail-demo.invalid,ADDR-001646,Civil Servant,409847504,LOW,2024-05-19T23:59:59Z
CUST-001647,Vo Quynh Linh,1975-02-28,VN,937903448028,+84977009918,vo1219@mail-demo.invalid,ADDR-001647,Accountant,235669340,LOW,2023-09-21T23:59:59Z
CUST-001648,Cao Khoa Hieu,1963-04-27,VN,916045207231,+84923305600,cao245@fictitious-mail.dev,ADDR-001648,Civil Servant,511109645,MEDIUM,2023-11-22T23:59:59Z
CUST-001649,Cao My Hanh,2005-11-23,VN,980937174689,+84970057648,cao5012@fictitious-mail.dev,ADDR-001649,Teacher,192862706,LOW,2022-05-19T23:59:59Z
CUST-001650,Huynh Phuong Phong,1989-11-20,US,969441689598,+84947374400,huynh8990@mail-demo.invalid,ADDR-001650,Teacher,352729926,LOW,2020-06-02T23:59:59Z
CUST-001651,Cao Uy Nga,1997-08-17,VN,974474212550,+84910408648,cao8367@fictitious-mail.dev,ADDR-001651,Accountant,364553704,LOW,2023-07-06T23:59:59Z
CUST-001652,Doan Linh Phong,2005-02-27,US,934236208437,+84912167821,doan1350@example-sandbox.test,ADDR-001652,Consultant,306880289,HIGH,2023-04-01T23:59:59Z
CUST-001653,Le Binh Xuan,1945-10-01,AU,963590612795,+84974881814,le3545@example-sandbox.test,ADDR-001653,Retired,92127507,LOW,2021-11-23T23:59:59Z
CUST-001654,Ly Khoa An,1955-09-21,VN,917080706522,+84955601680,ly798@fictitious-mail.dev,ADDR-001654,Retired,62657546,LOW,2023-09-08T23:59:59Z
CUST-001655,Dang Thao Em,2002-03-09,VN,920384286552,+84962672150,dang790@example-sandbox.test,ADDR-001655,Student,28531824,LOW,2021-04-30T23:59:59Z
CUST-001656,Vo Nhi An,1970-08-15,VN,967888587515,+84968906312,vo5454@example-sandbox.test,ADDR-001656,Software Engineer,170290928,HIGH,2024-12-02T23:59:59Z
CUST-001657,Bui Dung Viet,1970-07-02,VN,991376007020,+84917903797,bui3489@example-sandbox.test,ADDR-001657,Retired,420082846,LOW,2021-01-20T23:59:59Z
CUST-001658,Ly Tam Minh,1993-08-01,KR,931924320453,+84917612978,ly7508@fictitious-mail.dev,ADDR-001658,Software Engineer,173352464,MEDIUM,2020-06-07T23:59:59Z
CUST-001659,Ho An Kiet,1998-06-16,KR,960666986339,+84925270051,ho6563@example-sandbox.test,ADDR-000219,Student,55141074,LOW,2022-06-09T23:59:59Z
CUST-001660,Hoang Hung Lan,1984-03-14,VN,953029791962,+84946046502,hoang617@mail-demo.invalid,ADDR-001660,Civil Servant,358322639,LOW,2021-10-21T23:59:59Z
CUST-001661,Cao Dao Nam,1963-06-07,AU,922727660558,+84981436260,cao699@mail-demo.invalid,ADDR-001661,Retired,96833176,LOW,2023-02-24T23:59:59Z
CUST-001662,Tran Nhi Dung,1987-06-08,JP,951243927631,+84969429890,tran6429@mail-demo.invalid,ADDR-001662,Teacher,335340928,MEDIUM,2023-10-29T23:59:59Z
CUST-001663,Phan Tam Diep,1947-03-04,US,963652470633,+84910607908,phan8570@fictitious-mail.dev,ADDR-001663,Retired,69313663,LOW,2023-11-23T23:59:59Z
CUST-001664,Ngo Bao Xuan,2001-05-23,VN,997164557302,+84955197604,ngo292@fictitious-mail.dev,ADDR-001664,Student,46122077,LOW,2022-07-20T23:59:59Z
CUST-001665,Dang Kiet Uy,1946-12-13,SG,944309118270,+84934603223,dang9108@fictitious-mail.dev,ADDR-001665,Retired,141204508,MEDIUM,2024-11-25T23:59:59Z
CUST-001666,Ngo Binh Em,1977-12-25,VN,948638587001,+84952779053,ngo1155@mail-demo.invalid,ADDR-001666,Driver,376818673,MEDIUM,2025-04-28T23:59:59Z
CUST-001667,Hoang Yen Binh,1984-04-17,VN,992463369439,+84957720580,hoang976@fictitious-mail.dev,ADDR-001667,Civil Servant,285631021,MEDIUM,2021-03-03T23:59:59Z
CUST-001668,Vu Diep My,1968-02-09,VN,948534865595,+84973318928,vu4602@mail-demo.invalid,ADDR-001668,Student,328870235,MEDIUM,2024-06-15T23:59:59Z
CUST-001669,Dang Viet Van,1959-03-23,JP,960170328115,+84976498913,dang7768@mail-demo.invalid,ADDR-001669,Software Engineer,403196411,MEDIUM,2023-03-09T23:59:59Z
CUST-001670,Tran Hieu Khanh,1975-04-28,SG,995586747549,+84997882469,tran6990@mail-demo.invalid,ADDR-001670,Retired,394208590,LOW,2023-05-12T23:59:59Z
CUST-001671,Phan My Son,1997-03-18,VN,999391348962,+84967920434,phan5601@mail-demo.invalid,ADDR-001671,Driver,123494682,LOW,2020-09-30T23:59:59Z
CUST-001672,Trinh Dao Phong,1993-10-12,SG,962556924440,+84998141123,trinh4889@fictitious-mail.dev,ADDR-001672,Accountant,313943951,LOW,2023-02-26T23:59:59Z
CUST-001673,Doan Oanh Cuong,2004-03-27,JP,944627902351,+84942211812,doan8380@fictitious-mail.dev,ADDR-001673,Student,445709258,MEDIUM,2021-10-18T23:59:59Z
CUST-001674,Cao Oanh Phong,2003-03-26,VN,927440521780,+84992582915,cao4253@fictitious-mail.dev,ADDR-001674,Student,42140652,MEDIUM,2023-12-06T23:59:59Z
CUST-001675,Phan Quang Linh,2000-08-04,VN,971636872744,+84983802396,phan7473@mail-demo.invalid,ADDR-001675,Student,53473963,LOW,2023-12-13T23:59:59Z
CUST-001676,Le Tam Binh,1999-02-19,VN,967543120099,+84965752880,le1971@example-sandbox.test,ADDR-001676,Accountant,235695986,LOW,2022-01-31T23:59:59Z
CUST-001677,Huynh Hung Quang,1986-09-14,JP,973079956571,+84923757322,huynh6430@example-sandbox.test,ADDR-001677,Teacher,470175912,LOW,2023-05-27T23:59:59Z
CUST-001678,Cao Minh Tam,2003-08-08,VN,945824830001,+84927257253,cao4686@example-sandbox.test,ADDR-001678,Consultant,239563761,MEDIUM,2025-04-12T23:59:59Z
CUST-001679,Duong Giang Kiet,1959-07-15,JP,968639871855,+84999586110,duong9925@mail-demo.invalid,ADDR-001679,Retired,63490983,MEDIUM,2021-01-21T23:59:59Z
CUST-001680,Bui An Nga,2001-12-24,VN,914675269489,+84923452969,bui2630@example-sandbox.test,ADDR-001680,Student,70598055,MEDIUM,2024-04-23T23:59:59Z
CUST-001681,Pham Phuong An,2004-12-05,SG,938140018762,+84935046429,pham674@mail-demo.invalid,ADDR-001681,Student,68154072,MEDIUM,2022-09-07T23:59:59Z
CUST-001682,Ngo Thao Thao,2001-09-04,VN,964381575944,+84936036551,ngo2168@example-sandbox.test,ADDR-001682,Consultant,431142564,LOW,2023-12-09T23:59:59Z
CUST-001683,Le Nhi Linh,1972-04-21,SG,966049900047,+84990805937,le7919@fictitious-mail.dev,ADDR-001683,Accountant,241006070,LOW,2023-03-02T23:59:59Z
CUST-001684,Do An Bao,1994-08-14,VN,984880935973,+84918175303,do6362@fictitious-mail.dev,ADDR-001684,Software Engineer,280023335,HIGH,2023-09-18T23:59:59Z
CUST-001685,Phan Hanh Son,1968-07-01,SG,946479736188,+84936310671,phan3044@mail-demo.invalid,ADDR-001685,Civil Servant,248982765,MEDIUM,2020-07-11T23:59:59Z
CUST-001686,Tran Kiet Em,1970-02-16,US,990313138806,+84927291597,tran297@example-sandbox.test,ADDR-001686,Driver,257191305,LOW,2023-07-19T23:59:59Z
CUST-001687,Phan Hoa Binh,1994-04-20,VN,997462364983,+84936254376,phan4371@fictitious-mail.dev,ADDR-001687,Retired,276760612,LOW,2023-07-07T23:59:59Z
CUST-001688,Ngo Linh Thao,1998-12-28,KR,987176049910,+84912340699,ngo4923@fictitious-mail.dev,ADDR-001688,Retired,413555459,LOW,2022-07-12T23:59:59Z
CUST-001689,Bui My Tam,1947-10-07,SG,988164220596,+84923172773,bui25@mail-demo.invalid,ADDR-001689,Retired,145925572,LOW,2020-07-23T23:59:59Z
CUST-001690,Trinh Cuong Uy,1998-04-20,VN,987929621277,+84911880394,trinh536@fictitious-mail.dev,ADDR-001690,Student,70643318,LOW,2024-03-17T23:59:59Z
CUST-001691,Phan My Phuong,1968-03-02,SG,987168375451,+84984486589,phan6710@fictitious-mail.dev,ADDR-001691,Marketing Specialist,164317686,LOW,2021-06-16T23:59:59Z
CUST-001692,Pham Son An,1998-09-04,VN,964586821550,+84920061655,pham8099@mail-demo.invalid,ADDR-001692,Student,28824906,LOW,2021-07-03T23:59:59Z
CUST-001693,Mai Tam Tuan,1955-04-23,AU,928834235337,+84953377992,mai5917@example-sandbox.test,ADDR-001693,Retired,178660125,LOW,2023-11-03T23:59:59Z
CUST-001694,Hoang Hieu Quang,1961-02-04,VN,980041913305,+84941431291,hoang2582@example-sandbox.test,ADDR-001694,Factory Worker,351563012,MEDIUM,2022-11-21T23:59:59Z
CUST-001695,Tran An Em,1959-04-23,VN,966360976418,+84971036395,tran9498@example-sandbox.test,ADDR-001695,Student,231149221,HIGH,2024-09-30T23:59:59Z
CUST-001696,Dang Phong Thao,1973-03-06,KR,946449953984,+84998913917,dang9876@fictitious-mail.dev,ADDR-001696,Software Engineer,578313652,LOW,2023-06-20T23:59:59Z
CUST-001697,Doan Nga Diep,1955-08-06,VN,976580259962,+84934833632,doan7650@example-sandbox.test,ADDR-001697,Retired,119809087,HIGH,2020-05-01T23:59:59Z
CUST-001698,Le Xuan Thao,1956-06-06,AU,946181559181,+84943127402,le5201@mail-demo.invalid,ADDR-001698,Retired,166039416,LOW,2021-08-24T23:59:59Z
CUST-001699,Cao Em Oanh,1966-02-21,VN,947447794113,+84929543364,cao537@example-sandbox.test,ADDR-001699,Marketing Specialist,288770051,LOW,2023-07-09T23:59:59Z
CUST-001700,Phan Dung Hung,1972-04-01,VN,923381262307,+84938311056,phan1080@example-sandbox.test,ADDR-001700,Freelancer,135080494,LOW,2020-11-27T23:59:59Z
CUST-001701,Ly Phuong Binh,1997-01-24,VN,972549168995,+84963620158,ly7751@fictitious-mail.dev,ADDR-001701,Driver,329470284,MEDIUM,2024-12-17T23:59:59Z
CUST-001702,Ngo Tam Nhi,1994-03-23,JP,964574203102,+84935501424,ngo3568@fictitious-mail.dev,ADDR-001702,Freelancer,362504645,LOW,2023-07-17T23:59:59Z
CUST-001703,Le Khanh Phuong,1955-03-05,SG,991312044304,+84939984206,le3858@fictitious-mail.dev,ADDR-001703,Civil Servant,271373175,MEDIUM,2021-07-26T23:59:59Z
CUST-001704,Dang Hoa Hieu,1946-02-20,KR,955440928458,+84919119076,dang1802@mail-demo.invalid,ADDR-001704,Retired,75364597,LOW,2022-12-09T23:59:59Z
CUST-001705,Dang Hung Nam,1980-12-27,VN,985202653794,+84948333518,dang6166@fictitious-mail.dev,ADDR-001705,Driver,215427423,MEDIUM,2020-10-17T23:59:59Z
CUST-001706,Le Em Quynh,1988-05-09,VN,927439486171,+84975410667,le4268@fictitious-mail.dev,ADDR-001706,Driver,439373435,LOW,2024-03-23T23:59:59Z
CUST-001707,Pham Hanh Viet,1988-02-17,VN,977602041317,+84969127014,pham3609@example-sandbox.test,ADDR-001707,Consultant,338569654,LOW,2025-03-31T23:59:59Z
CUST-001708,Ngo Quynh Tuan,1973-06-09,SG,993486372416,+84971306921,ngo490@fictitious-mail.dev,ADDR-001708,Retired,234687886,LOW,2024-12-29T23:59:59Z
CUST-001709,Phan Hai Quang,1961-03-12,AU,923638281106,+84995673118,phan3006@fictitious-mail.dev,ADDR-001709,Marketing Specialist,372735321,LOW,2024-10-28T23:59:59Z
CUST-001710,Dang Viet Yen,1982-11-13,VN,931099176408,+84946193334,dang3540@example-sandbox.test,ADDR-001710,Sales Associate,183758803,LOW,2023-11-16T23:59:59Z
CUST-001711,Ho Van Lan,2000-12-09,KR,967815964939,+84916321544,ho6738@example-sandbox.test,ADDR-001711,Nurse,177366714,LOW,2025-04-29T23:59:59Z
CUST-001712,Nguyen Khoa Yen,1957-07-21,VN,981043088861,+84944013249,nguyen4466@fictitious-mail.dev,ADDR-001712,Student,425118003,LOW,2023-06-13T23:59:59Z
CUST-001713,Ho Chi Thao,1958-03-08,VN,924442158848,+84972578744,ho5162@mail-demo.invalid,ADDR-001713,Driver,341149156,LOW,2020-05-11T23:59:59Z
CUST-001714,Ly Chi Tam,1947-01-15,JP,932197990136,+84929247867,ly9198@example-sandbox.test,ADDR-001714,Retired,151914483,LOW,2021-03-30T23:59:59Z
CUST-001715,Trinh My Nam,1987-01-04,VN,915182362462,+84997632829,trinh5736@mail-demo.invalid,ADDR-001715,Marketing Specialist,396988712,MEDIUM,2021-05-24T23:59:59Z
CUST-001716,Vu Linh Quang,1972-07-18,VN,916054880709,+84947411841,vu1797@fictitious-mail.dev,ADDR-001716,Accountant,447201271,LOW,2022-08-03T23:59:59Z
CUST-001717,Dang Cuong Em,2002-12-25,VN,975763980883,+84999844343,dang6227@mail-demo.invalid,ADDR-001717,Software Engineer,448917723,LOW,2023-07-06T23:59:59Z
CUST-001718,Ngo Oanh Chi,1976-06-14,VN,947593888330,+84963283208,ngo4400@example-sandbox.test,ADDR-001718,Factory Worker,230372495,LOW,2025-08-12T23:59:59Z
CUST-001719,Ho Quynh Kiet,1959-02-27,JP,955134437654,+84925308020,ho2945@example-sandbox.test,ADDR-001719,Driver,181932623,MEDIUM,2021-05-29T23:59:59Z
CUST-001720,Vu Viet Quang,1962-08-13,VN,963643966979,+84960246656,vu7940@mail-demo.invalid,ADDR-001720,Retired,104338695,LOW,2023-03-10T23:59:59Z
CUST-001721,Doan Nam Phong,1954-04-24,VN,980746290381,+84939278399,doan6429@fictitious-mail.dev,ADDR-001721,Retired,128957881,LOW,2025-05-28T23:59:59Z
CUST-001722,Bui Phong Dung,1956-03-16,SG,991662448814,+84937073495,bui6704@fictitious-mail.dev,ADDR-001722,Consultant,220081179,LOW,2025-05-24T23:59:59Z
CUST-001723,Ly Tam My,1966-04-19,VN,929889390052,+84964712498,ly8247@fictitious-mail.dev,ADDR-001723,Sales Associate,425340093,MEDIUM,2022-11-16T23:59:59Z
CUST-001724,Dang Binh Phuong,1966-09-03,AU,960805211685,+84992103427,dang8231@mail-demo.invalid,ADDR-001724,Marketing Specialist,592072013,HIGH,2021-03-13T23:59:59Z
CUST-001725,Phan Nga Diep,2001-03-09,VN,932020401059,+84974948493,phan5889@fictitious-mail.dev,ADDR-001725,Sales Associate,334930113,LOW,2024-09-05T23:59:59Z
CUST-001726,Hoang Tuan Dung,2004-10-28,AU,935227586349,+84986060951,hoang7252@example-sandbox.test,ADDR-001726,Student,330642117,LOW,2025-02-17T23:59:59Z
CUST-001727,Mai Khoa Khoa,2001-08-11,VN,990064238672,+84964506392,mai6474@fictitious-mail.dev,ADDR-001727,Sales Associate,303087063,MEDIUM,2025-08-24T23:59:59Z
CUST-001728,Pham Hieu Giang,1953-06-28,VN,969164375650,+84939167155,pham7089@fictitious-mail.dev,ADDR-001728,Retired,104240344,LOW,2023-06-07T23:59:59Z
CUST-001729,Mai My Diep,1958-03-07,US,988625165210,+84986953917,mai5693@fictitious-mail.dev,ADDR-001729,Teacher,218668265,MEDIUM,2021-07-09T23:59:59Z
CUST-001730,Hoang Khoa Minh,1962-08-25,VN,928354172652,+84934307688,hoang2378@mail-demo.invalid,ADDR-000252,Consultant,371211576,LOW,2022-11-19T23:59:59Z
CUST-001731,Phan Hai Oanh,1975-11-06,AU,961230858349,+84982537851,phan3874@fictitious-mail.dev,ADDR-001731,Retail Manager,136779893,LOW,2025-02-08T23:59:59Z
CUST-001732,Ngo Minh Tam,1969-08-03,AU,965834550909,+84940901399,ngo3205@example-sandbox.test,ADDR-001732,Sales Associate,474077218,MEDIUM,2025-04-21T23:59:59Z
CUST-001733,Ngo Viet Dao,2000-09-05,AU,999964927699,+84989439120,ngo4174@example-sandbox.test,ADDR-001733,Student,50713341,MEDIUM,2025-06-28T23:59:59Z
CUST-001734,Huynh Bao Tam,1993-02-10,SG,954745956193,+84923396687,huynh3282@mail-demo.invalid,ADDR-001734,Retail Manager,204944344,HIGH,2022-04-12T23:59:59Z
CUST-001735,Vu My Binh,1985-12-27,VN,976067563158,+84920499540,vu2082@example-sandbox.test,ADDR-001735,Civil Servant,478732364,LOW,2021-06-15T23:59:59Z
CUST-001736,Duong Hung Kiet,1982-01-09,VN,968216612225,+84932777189,duong3202@mail-demo.invalid,ADDR-001736,Driver,195596575,MEDIUM,2023-03-03T23:59:59Z
CUST-001737,Nguyen Hanh Kiet,1964-06-08,VN,954387948003,+84910162494,nguyen4268@example-sandbox.test,ADDR-001737,Consultant,295218158,LOW,2022-02-03T23:59:59Z
CUST-001738,Do My Hoa,1965-05-03,VN,957800962040,+84998594267,do1013@fictitious-mail.dev,ADDR-001738,Retired,138097521,LOW,2025-05-08T23:59:59Z
CUST-001739,Hoang Nhi Nhi,1982-04-27,VN,984556047444,+84958957836,hoang9486@mail-demo.invalid,ADDR-001739,Consultant,394739628,LOW,2022-12-12T23:59:59Z
CUST-001740,Ly Hoa Minh,2004-08-04,VN,969303342959,+84959783285,ly3477@fictitious-mail.dev,ADDR-001740,Student,57728242,LOW,2024-09-06T23:59:59Z
CUST-001741,Vo Viet Hoa,1970-10-19,JP,930203001839,+84979861588,vo5465@example-sandbox.test,ADDR-001741,Civil Servant,152823804,LOW,2021-04-15T23:59:59Z
CUST-001742,Do Quang Thao,2001-10-13,JP,965158694835,+84929734325,do5101@mail-demo.invalid,ADDR-001742,Retail Manager,137810660,HIGH,2020-10-10T23:59:59Z
CUST-001743,Vo Oanh Khoa,2001-11-15,AU,995091587234,+84975565597,vo5251@mail-demo.invalid,ADDR-001743,Student,54385359,LOW,2025-05-23T23:59:59Z
CUST-001744,Vu Son Hoa,1956-05-04,VN,916438261590,+84978903890,vu2506@fictitious-mail.dev,ADDR-001744,Retired,65604302,LOW,2021-08-07T23:59:59Z
CUST-001745,Dang My Quang,1998-03-20,AU,954539429488,+84926985016,dang3943@example-sandbox.test,ADDR-001745,Retail Manager,359319259,LOW,2021-01-09T23:59:59Z
CUST-001746,Hoang Cuong Nga,1967-04-25,KR,954729412999,+84918886555,hoang9351@mail-demo.invalid,ADDR-001746,Nurse,542028808,MEDIUM,2024-06-28T23:59:59Z
CUST-001747,Do Dao Phong,1973-08-22,JP,936604969903,+84948212512,do3830@fictitious-mail.dev,ADDR-001747,Marketing Specialist,163758188,LOW,2020-06-21T23:59:59Z
CUST-001748,Nguyen Khoa Minh,2000-02-17,US,925122696291,+84921402615,nguyen447@fictitious-mail.dev,ADDR-001748,Student,38746612,MEDIUM,2020-04-12T23:59:59Z
CUST-001749,Bui Phong Yen,1982-11-03,VN,998500911037,+84935401357,bui5713@example-sandbox.test,ADDR-001749,Factory Worker,245187011,MEDIUM,2023-12-08T23:59:59Z
CUST-001750,Hoang Dung Nga,1959-06-20,VN,954072148742,+84911344828,hoang9949@mail-demo.invalid,ADDR-001750,Driver,460201938,LOW,2023-01-04T23:59:59Z
CUST-001751,Vu Nga Nam,2000-06-27,VN,984283552577,+84999905062,vu860@mail-demo.invalid,ADDR-001751,Student,49769727,LOW,2023-03-07T23:59:59Z
CUST-001752,Le An Hanh,2003-05-25,VN,975756135000,+84989810391,le2314@mail-demo.invalid,ADDR-001752,Student,44810597,LOW,2021-11-13T23:59:59Z
CUST-001753,Duong Oanh Van,1994-03-12,VN,994297832009,+84981084036,duong3951@fictitious-mail.dev,ADDR-001753,Teacher,149340704,LOW,2022-03-29T23:59:59Z
CUST-001754,Duong Linh Kiet,1976-06-12,VN,966503565741,+84938803839,duong7591@mail-demo.invalid,ADDR-001754,Marketing Specialist,360545160,LOW,2021-02-01T23:59:59Z
CUST-001755,Huynh Quynh Tam,1981-04-07,VN,988874590140,+84956656783,huynh9204@mail-demo.invalid,ADDR-001755,Marketing Specialist,172964440,LOW,2024-10-09T23:59:59Z
CUST-001756,Le Thao Quynh,1978-08-14,VN,973373474156,+84984576894,le2874@example-sandbox.test,ADDR-001756,Freelancer,231690949,MEDIUM,2020-07-09T23:59:59Z
CUST-001757,Pham Xuan Hoa,1978-07-15,AU,968330252387,+84947587772,pham5524@mail-demo.invalid,ADDR-001757,Teacher,148055253,LOW,2020-05-24T23:59:59Z
CUST-001758,Cao Quynh Nhi,1977-01-26,VN,964497301253,+84964657758,cao111@fictitious-mail.dev,ADDR-001758,Marketing Specialist,412841009,LOW,2025-05-31T23:59:59Z
CUST-001759,Bui Linh Hanh,1966-09-01,VN,945569662422,+84961305362,bui2203@example-sandbox.test,ADDR-001759,Freelancer,240373485,LOW,2021-05-18T23:59:59Z
CUST-001760,Do Xuan Kiet,1970-06-08,VN,980143243958,+84998685344,do4806@fictitious-mail.dev,ADDR-001760,Driver,413231851,LOW,2021-07-30T23:59:59Z
CUST-001761,Mai Chi Em,1999-05-25,AU,942029771625,+84918491998,mai2008@mail-demo.invalid,ADDR-001761,Student,68786256,LOW,2022-11-21T23:59:59Z
CUST-001762,Bui Kiet Cuong,1995-10-21,JP,999764258935,+84946130187,bui1010@mail-demo.invalid,ADDR-001762,Consultant,154755901,MEDIUM,2020-11-28T23:59:59Z
CUST-001763,Huynh Binh Trang,1973-09-06,KR,969911482693,+84953021856,huynh4448@fictitious-mail.dev,ADDR-001763,Software Engineer,168213483,MEDIUM,2021-02-09T23:59:59Z
CUST-001764,Do My Oanh,1955-10-13,VN,964467757287,+84922438773,do6943@fictitious-mail.dev,ADDR-001764,Sales Associate,357732770,LOW,2020-12-25T23:59:59Z
CUST-001765,Huynh Quynh Oanh,2002-07-19,AU,930815728248,+84928315945,huynh6814@fictitious-mail.dev,ADDR-001765,Consultant,472145250,MEDIUM,2025-04-29T23:59:59Z
CUST-001766,Nguyen An Lan,2000-02-22,VN,948087738579,+84959048480,nguyen9607@fictitious-mail.dev,ADDR-001766,Factory Worker,310115781,LOW,2024-05-29T23:59:59Z
CUST-001767,Ly Yen Dao,1953-02-08,KR,977583334168,+84980966828,ly8160@mail-demo.invalid,ADDR-001767,Retired,152973895,LOW,2022-05-09T23:59:59Z
CUST-001768,Vu Lan Son,1965-01-22,JP,926157874005,+84929401369,vu8023@fictitious-mail.dev,ADDR-001768,Retired,119347339,LOW,2020-08-06T23:59:59Z
CUST-001769,Trinh Khanh Linh,1958-09-10,VN,956649895605,+84925061300,trinh9892@example-sandbox.test,ADDR-001769,Retail Manager,251357568,MEDIUM,2023-12-17T23:59:59Z
CUST-001770,Huynh Trang Tam,1965-02-16,VN,925919305479,+84982366861,huynh3657@fictitious-mail.dev,ADDR-001770,Factory Worker,247635980,LOW,2024-12-04T23:59:59Z
CUST-001771,Le Quynh Nga,1952-09-04,VN,980473995743,+84931916710,le2659@mail-demo.invalid,ADDR-001771,Retired,106630457,LOW,2020-07-03T23:59:59Z
CUST-001772,Ho My An,1998-01-17,VN,926943688399,+84927813227,ho4389@mail-demo.invalid,ADDR-001772,Student,35014489,LOW,2023-05-02T23:59:59Z
CUST-001773,Tran Hai Hai,1970-10-13,KR,955440612875,+84913631729,tran9665@mail-demo.invalid,ADDR-001773,Consultant,257592868,LOW,2024-02-26T23:59:59Z
CUST-001774,Tran Tam Quynh,1971-03-22,VN,967383855915,+84940995243,tran9323@example-sandbox.test,ADDR-001774,Driver,284623294,LOW,2021-04-05T23:59:59Z
CUST-001775,Bui Lan Tuan,1963-09-18,US,962819469074,+84952681489,bui282@fictitious-mail.dev,ADDR-001775,Driver,394672961,LOW,2021-09-23T23:59:59Z
CUST-001776,Cao Quynh Van,1971-10-07,JP,976507112116,+84927784767,cao7231@fictitious-mail.dev,ADDR-001776,Teacher,237461401,HIGH,2022-09-19T23:59:59Z
CUST-001777,Pham Linh Tam,1949-08-05,VN,950564022182,+84919239427,pham9818@example-sandbox.test,ADDR-001777,Retired,90813963,LOW,2024-08-29T23:59:59Z
CUST-001778,Do Lan Hai,1955-09-07,JP,958815336680,+84983292639,do2937@example-sandbox.test,ADDR-001778,Nurse,303325921,LOW,2022-09-11T23:59:59Z
CUST-001779,Cao Nhi Son,2006-12-18,VN,928405260068,+84996238373,cao34@example-sandbox.test,ADDR-001779,Student,57347480,LOW,2024-12-31T23:59:59Z
CUST-001780,Nguyen Son Dung,2001-03-09,VN,999455385986,+84914286212,nguyen401@fictitious-mail.dev,ADDR-001780,Student,43531404,LOW,2024-08-19T23:59:59Z
CUST-001781,Ly Trang Phong,1991-08-04,VN,935361399304,+84959097424,ly8123@fictitious-mail.dev,ADDR-001781,Factory Worker,135248759,LOW,2021-07-17T23:59:59Z
CUST-001782,Cao Bao Linh,2005-10-21,VN,928707427957,+84982535772,cao3449@mail-demo.invalid,ADDR-001782,Student,62288292,LOW,2023-07-09T23:59:59Z
CUST-001783,Do Son Tam,1956-08-15,US,923138714869,+84999304493,do2072@mail-demo.invalid,ADDR-001783,Teacher,177270191,LOW,2021-06-17T23:59:59Z
CUST-001784,Mai Phuong Phong,1990-08-21,VN,946708160605,+84959137409,mai8240@mail-demo.invalid,ADDR-001784,Consultant,560428168,LOW,2024-02-27T23:59:59Z
CUST-001785,Hoang Kiet Uy,1957-12-03,VN,962202024774,+84930519904,hoang3809@example-sandbox.test,ADDR-001785,Software Engineer,230369542,LOW,2021-07-02T23:59:59Z
CUST-001786,Bui Son Quynh,1979-07-20,VN,958519793456,+84957499723,bui9752@mail-demo.invalid,ADDR-001786,Nurse,161270274,LOW,2024-06-04T23:59:59Z
CUST-001787,Ho Hung Lan,1981-07-03,JP,997205583070,+84969084699,ho9635@mail-demo.invalid,ADDR-001787,Sales Associate,378683966,MEDIUM,2020-07-24T23:59:59Z
CUST-001788,Cao My Viet,1958-04-16,VN,916005049711,+84996813262,cao3098@example-sandbox.test,ADDR-001788,Consultant,265928986,MEDIUM,2023-07-27T23:59:59Z
CUST-001789,Bui Son Linh,1971-06-01,VN,972875420381,+84992015838,bui997@fictitious-mail.dev,ADDR-001789,Retail Manager,150137418,MEDIUM,2025-08-24T23:59:59Z
CUST-001790,Doan My Bao,1964-10-25,JP,928296308341,+84956901191,doan4792@mail-demo.invalid,ADDR-001790,Retired,137102735,LOW,2023-02-26T23:59:59Z
CUST-001791,Duong Uy Khoa,1985-06-08,VN,981980953597,+84924360271,duong5465@fictitious-mail.dev,ADDR-001791,Software Engineer,217341286,LOW,2020-06-23T23:59:59Z
CUST-001792,Ly Em Dao,1994-08-11,VN,971058808978,+84924160136,ly333@mail-demo.invalid,ADDR-001792,Civil Servant,202840623,LOW,2022-05-06T23:59:59Z
CUST-001793,Le Nga Binh,1959-07-09,VN,933546663380,+84985751060,le4735@mail-demo.invalid,ADDR-001793,Marketing Specialist,287376930,LOW,2024-01-21T23:59:59Z
CUST-001794,Duong Em Minh,1957-12-16,VN,972788594197,+84923601817,duong8668@example-sandbox.test,ADDR-001794,Freelancer,233372362,HIGH,2021-06-19T23:59:59Z
CUST-001795,Huynh Quynh Thao,1998-01-13,AU,999816799433,+84969394167,huynh7712@example-sandbox.test,ADDR-001795,Student,26894706,LOW,2025-03-14T23:59:59Z
CUST-001796,Pham An Uy,1976-08-02,VN,916440850079,+84912775857,pham1643@mail-demo.invalid,ADDR-001796,Accountant,230821672,MEDIUM,2021-04-06T23:59:59Z
CUST-001797,Pham Em Viet,1957-05-24,AU,910480614769,+84961275122,pham7590@example-sandbox.test,ADDR-001797,Retired,86297491,LOW,2022-07-01T23:59:59Z
CUST-001798,Do Hanh Dao,1979-10-11,KR,964250256876,+84926313213,do7089@example-sandbox.test,ADDR-001798,Accountant,192541237,LOW,2024-03-25T23:59:59Z
CUST-001799,Huynh Son Lan,2000-09-22,VN,956883580397,+84945349531,huynh8600@mail-demo.invalid,ADDR-001250,Student,553381355,MEDIUM,2025-03-15T23:59:59Z
CUST-001800,Huynh Nga Hanh,1997-06-10,KR,976325599655,+84926770150,huynh3184@mail-demo.invalid,ADDR-001800,Software Engineer,457883453,LOW,2023-01-28T23:59:59Z
CUST-001801,Dang Uy Lan,1966-08-18,VN,992443195177,+84918292112,dang720@example-sandbox.test,ADDR-001801,Driver,500269754,MEDIUM,2022-10-23T23:59:59Z
CUST-001802,Dang Nhi Kiet,1959-01-09,JP,950437234658,+84989907129,dang5369@example-sandbox.test,ADDR-001802,Consultant,462221171,HIGH,2020-08-02T23:59:59Z
CUST-001803,Huynh Oanh Trang,2002-11-27,VN,973775578617,+84938854033,huynh2393@mail-demo.invalid,ADDR-001803,Factory Worker,233762242,LOW,2022-05-30T23:59:59Z
CUST-001804,Vo Dung Minh,2001-01-05,VN,952304525346,+84941364094,vo6304@example-sandbox.test,ADDR-001804,Student,486590071,MEDIUM,2025-07-03T23:59:59Z
CUST-001805,Phan Yen Cuong,1961-03-25,KR,950237778405,+84991173788,phan2438@fictitious-mail.dev,ADDR-001805,Retired,81731384,LOW,2021-02-19T23:59:59Z
CUST-001806,Nguyen Hai Thao,1960-06-24,KR,996363010250,+84961062982,nguyen2520@mail-demo.invalid,ADDR-001806,Teacher,162405170,LOW,2025-01-10T23:59:59Z
CUST-001807,Phan Kiet My,1995-06-15,AU,930442821676,+84926209065,phan6073@mail-demo.invalid,ADDR-001807,Software Engineer,112176254,MEDIUM,2023-08-18T23:59:59Z
CUST-001808,Ho Van Diep,1991-08-21,US,938469229272,+84984304128,ho140@fictitious-mail.dev,ADDR-001808,Retail Manager,198402458,LOW,2024-01-19T23:59:59Z
CUST-001809,Tran Oanh Van,1969-09-28,JP,922852697656,+84947087206,tran1783@example-sandbox.test,ADDR-001809,Consultant,420365071,HIGH,2020-11-07T23:59:59Z
CUST-001810,Trinh Minh Trang,2002-08-10,VN,985980234599,+84989868582,trinh5128@example-sandbox.test,ADDR-001810,Consultant,321743726,LOW,2025-04-26T23:59:59Z
CUST-001811,Cao Oanh Dao,1963-03-26,VN,958704357510,+84949607302,cao433@fictitious-mail.dev,ADDR-001811,Retired,83958920,LOW,2022-08-17T23:59:59Z
CUST-001812,Bui Son Bao,1998-08-23,AU,963886347358,+84961584839,bui2099@fictitious-mail.dev,ADDR-001812,Student,47246130,LOW,2021-08-17T23:59:59Z
CUST-001813,Bui Linh Bao,1980-08-27,JP,923822047127,+84933583520,bui5879@mail-demo.invalid,ADDR-001813,Sales Associate,230673299,LOW,2021-10-14T23:59:59Z
CUST-001814,Hoang Tam Dao,1995-06-03,SG,989150836499,+84951476699,hoang5104@mail-demo.invalid,ADDR-001814,Retail Manager,186750021,LOW,2024-09-06T23:59:59Z
CUST-001815,Do Son Viet,1950-03-24,JP,992518882803,+84966979484,do4598@mail-demo.invalid,ADDR-001815,Retired,118145643,LOW,2023-10-26T23:59:59Z
CUST-001816,Dang Khanh Phuong,2003-04-13,JP,930573685252,+84916326968,dang9666@example-sandbox.test,ADDR-001816,Student,45105137,MEDIUM,2025-02-04T23:59:59Z
CUST-001817,Vo Tam Giang,1981-04-07,VN,918949829755,+84952928422,vo6251@fictitious-mail.dev,ADDR-001817,Civil Servant,427013867,LOW,2024-01-27T23:59:59Z
CUST-001818,Vu Bao Hanh,1990-03-20,VN,963060475338,+84922518928,vu3265@fictitious-mail.dev,ADDR-001818,Software Engineer,212191286,MEDIUM,2023-11-06T23:59:59Z
CUST-001819,Duong Tam Van,1998-12-16,JP,952607279679,+84926254563,duong4809@example-sandbox.test,ADDR-001819,Consultant,361983218,MEDIUM,2021-05-23T23:59:59Z
CUST-001820,Tran Van Oanh,2002-12-17,US,970369091972,+84917832476,tran3062@example-sandbox.test,ADDR-001820,Software Engineer,368750046,LOW,2023-09-10T23:59:59Z
CUST-001821,Cao Hoa Bao,1977-12-07,VN,948559964130,+84976632720,cao4443@mail-demo.invalid,ADDR-001821,Marketing Specialist,554936125,MEDIUM,2020-11-07T23:59:59Z
CUST-001822,Mai Cuong Dung,1955-09-22,VN,976630596352,+84924183449,mai6349@fictitious-mail.dev,ADDR-001822,Nurse,156107208,LOW,2025-08-23T23:59:59Z
CUST-001823,Doan Phuong Kiet,1999-01-04,KR,922692049982,+84972459096,doan5932@example-sandbox.test,ADDR-001823,Student,46311813,LOW,2023-05-10T23:59:59Z
CUST-001824,Dang Kiet Giang,1976-09-20,VN,979441268611,+84924408824,dang6615@example-sandbox.test,ADDR-001824,Student,468360259,MEDIUM,2024-12-13T23:59:59Z
CUST-001825,Vu Tuan Hung,2000-08-22,US,934911261155,+84956255550,vu5615@fictitious-mail.dev,ADDR-001825,Nurse,499341897,HIGH,2021-03-23T23:59:59Z
CUST-001826,Cao Hanh Oanh,1965-06-09,KR,938747200869,+84965486690,cao2821@fictitious-mail.dev,ADDR-001826,Teacher,171345857,MEDIUM,2023-01-16T23:59:59Z
CUST-001827,Trinh My Tuan,1983-12-10,US,955955491426,+84950878249,trinh4145@fictitious-mail.dev,ADDR-001827,Accountant,466669266,LOW,2023-12-25T23:59:59Z
CUST-001828,Do Dung Nam,1947-04-10,US,915898778843,+84983210641,do6813@example-sandbox.test,ADDR-001828,Retired,68897007,LOW,2023-10-06T23:59:59Z
CUST-001829,Vu Uy Phong,1971-01-14,SG,973464736610,+84928165150,vu7300@example-sandbox.test,ADDR-001829,Consultant,166854106,LOW,2020-10-29T23:59:59Z
CUST-001830,Ly Oanh Quang,1999-09-09,VN,976938824901,+84926375051,ly1835@fictitious-mail.dev,ADDR-001830,Student,69882330,LOW,2025-06-26T23:59:59Z
CUST-001831,Phan Hung Dung,1968-01-14,US,950349360037,+84968463460,phan5893@mail-demo.invalid,ADDR-001831,Consultant,476649726,MEDIUM,2025-03-23T23:59:59Z
CUST-001832,Do Oanh Hieu,1985-05-28,AU,970501503206,+84990747551,do4813@example-sandbox.test,ADDR-001832,Teacher,173125309,LOW,2025-03-12T23:59:59Z
CUST-001833,Ly Uy Diep,2006-09-22,AU,981173199428,+84950489494,ly2394@mail-demo.invalid,ADDR-001833,Student,52565460,LOW,2020-11-13T23:59:59Z
CUST-001834,Vo Lan Chi,2001-06-28,VN,936727389132,+84955272843,vo2913@fictitious-mail.dev,ADDR-001834,Sales Associate,338508700,LOW,2023-03-10T23:59:59Z
CUST-001835,Ly Dung Thao,2004-09-14,KR,963447520171,+84919376425,ly2351@fictitious-mail.dev,ADDR-001835,Factory Worker,230599634,LOW,2023-11-23T23:59:59Z
CUST-001836,Do Minh Trang,2001-09-27,AU,991036525577,+84958676893,do4015@mail-demo.invalid,ADDR-001836,Student,44412482,LOW,2021-11-02T23:59:59Z
CUST-001837,Duong Chi Nam,1953-04-26,JP,943169324601,+84939223113,duong1272@mail-demo.invalid,ADDR-001837,Retired,178709384,LOW,2024-08-23T23:59:59Z
CUST-001838,Ly Kiet Tam,2001-10-06,VN,974869539795,+84928224882,ly8123@example-sandbox.test,ADDR-001838,Retail Manager,464558856,MEDIUM,2024-11-18T23:59:59Z
CUST-001839,Hoang Son Dung,1997-05-19,US,922096644804,+84993525991,hoang6878@fictitious-mail.dev,ADDR-001839,Marketing Specialist,490072859,HIGH,2020-10-24T23:59:59Z
CUST-001840,Ngo Lan Nam,1983-12-25,JP,924871280618,+84972157262,ngo2015@mail-demo.invalid,ADDR-001840,Teacher,319734932,LOW,2022-10-21T23:59:59Z
CUST-001841,Duong Dao Khoa,2004-05-10,SG,970915686686,+84977883559,duong4755@mail-demo.invalid,ADDR-001841,Software Engineer,495437493,MEDIUM,2024-10-08T23:59:59Z
CUST-001842,Le Viet Hoa,1989-10-21,KR,992771500502,+84935959105,le2924@mail-demo.invalid,ADDR-001842,Nurse,283223775,MEDIUM,2022-01-19T23:59:59Z
CUST-001843,Doan Bao Tam,2005-07-11,VN,987327693514,+84929234979,doan4271@fictitious-mail.dev,ADDR-001843,Student,70550161,HIGH,2021-09-19T23:59:59Z
CUST-001844,Hoang Lan Hoa,1980-12-26,SG,987322396697,+84947748126,hoang5165@example-sandbox.test,ADDR-001844,Civil Servant,248060131,LOW,2023-12-16T23:59:59Z
CUST-001845,Ngo An Minh,1990-01-16,VN,914556367239,+84929392851,ngo4180@example-sandbox.test,ADDR-001845,Retail Manager,389678170,MEDIUM,2024-10-26T23:59:59Z
CUST-001846,Vu Nhi Minh,1970-12-07,KR,984859440436,+84978768929,vu3445@fictitious-mail.dev,ADDR-001846,Civil Servant,205061131,MEDIUM,2022-11-02T23:59:59Z
CUST-001847,Hoang Phong Van,1957-11-20,AU,975436516750,+84982936603,hoang8037@mail-demo.invalid,ADDR-001847,Civil Servant,533936051,MEDIUM,2022-12-02T23:59:59Z
CUST-001848,Dang Linh Kiet,2004-01-18,US,929171438118,+84930704546,dang6691@fictitious-mail.dev,ADDR-001848,Marketing Specialist,308371295,LOW,2022-03-19T23:59:59Z
CUST-001849,Doan Em Kiet,1957-10-15,VN,969731739817,+84977293740,doan9408@fictitious-mail.dev,ADDR-001849,Nurse,470072660,LOW,2023-08-30T23:59:59Z
CUST-001850,Hoang Son Xuan,1999-04-13,SG,979186238994,+84982013982,hoang4486@fictitious-mail.dev,ADDR-001850,Teacher,387414197,LOW,2023-01-09T23:59:59Z
CUST-001851,Phan Kiet Xuan,1960-07-22,KR,915681390360,+84911509312,phan7620@mail-demo.invalid,ADDR-001851,Retired,79786834,LOW,2021-05-19T23:59:59Z
CUST-001852,Mai Lan Son,1955-06-03,VN,912647171414,+84951669155,mai8245@example-sandbox.test,ADDR-001852,Retired,62203348,MEDIUM,2021-10-20T23:59:59Z
CUST-001853,Ly Dao Kiet,1995-03-05,VN,950498449402,+84960850060,ly1386@example-sandbox.test,ADDR-001853,Nurse,365094774,LOW,2023-03-07T23:59:59Z
CUST-001854,Mai Phong Viet,1999-06-04,VN,941603851560,+84984368586,mai6183@fictitious-mail.dev,ADDR-001854,Driver,581637177,MEDIUM,2025-06-15T23:59:59Z
CUST-001855,Ho Nhi Nhi,1947-06-17,SG,991294891567,+84939399549,ho9592@fictitious-mail.dev,ADDR-001855,Retired,106705194,LOW,2020-05-04T23:59:59Z
CUST-001856,Le Minh Nhi,2004-06-21,VN,974037691099,+84963959067,le9241@fictitious-mail.dev,ADDR-001856,Nurse,428482253,LOW,2022-06-19T23:59:59Z
CUST-001857,Nguyen Khoa Nam,1981-11-26,VN,930649468677,+84979645009,nguyen7942@example-sandbox.test,ADDR-001857,Software Engineer,180114972,MEDIUM,2020-08-09T23:59:59Z
CUST-001858,Hoang Viet My,2004-10-08,VN,999252913897,+84935111271,hoang9053@example-sandbox.test,ADDR-001858,Student,57911030,LOW,2024-11-30T23:59:59Z
CUST-001859,Ngo Dung Quang,2006-10-14,SG,992735864094,+84984037463,ngo1114@fictitious-mail.dev,ADDR-001859,Student,59453084,HIGH,2023-09-09T23:59:59Z
CUST-001860,Vo Trang Oanh,1974-01-11,US,928814374607,+84940204183,vo450@fictitious-mail.dev,ADDR-001860,Software Engineer,373362854,MEDIUM,2022-09-14T23:59:59Z
CUST-001861,Vu Van Dung,1957-07-14,VN,960809345676,+84913904897,vu5717@fictitious-mail.dev,ADDR-001861,Retired,110328256,LOW,2022-02-24T23:59:59Z
CUST-001862,Dang Quynh Son,2005-10-02,VN,919244514151,+84986037214,dang6351@mail-demo.invalid,ADDR-001862,Student,62047406,LOW,2024-10-26T23:59:59Z
CUST-001863,Le Hai Em,1963-07-21,US,940638829223,+84975090424,le7374@mail-demo.invalid,ADDR-001863,Retired,77551586,HIGH,2025-05-25T23:59:59Z
CUST-001864,Vu Quynh Viet,1945-07-07,VN,979495458401,+84969455080,vu4330@fictitious-mail.dev,ADDR-001864,Retired,101431495,LOW,2024-07-05T23:59:59Z
CUST-001865,Doan Dao Yen,1999-09-04,SG,918128221792,+84922419126,doan5145@example-sandbox.test,ADDR-001865,Nurse,235545499,LOW,2021-06-12T23:59:59Z
CUST-001866,Pham Tam Son,1982-10-22,AU,945824859422,+84924833972,pham7441@mail-demo.invalid,ADDR-001866,Software Engineer,169744719,LOW,2023-05-24T23:59:59Z
CUST-001867,Ho Nga Quynh,1986-06-20,AU,961064800934,+84992984638,ho9823@mail-demo.invalid,ADDR-001867,Accountant,352765523,LOW,2023-04-15T23:59:59Z
CUST-001868,Vo Trang Thao,1999-07-04,VN,983702374245,+84979353803,vo3829@example-sandbox.test,ADDR-001868,Student,67495229,LOW,2022-09-20T23:59:59Z
CUST-001869,Pham Hai My,1955-09-10,JP,949460697830,+84951166874,pham7476@fictitious-mail.dev,ADDR-001869,Factory Worker,380461125,LOW,2024-10-02T23:59:59Z
CUST-001870,Do Uy Viet,1976-05-22,VN,936285715760,+84995173192,do5147@fictitious-mail.dev,ADDR-001870,Marketing Specialist,400605279,LOW,2021-12-08T23:59:59Z
CUST-001871,Ly Yen Hoa,1976-10-19,VN,924537886558,+84978019634,ly3980@fictitious-mail.dev,ADDR-001871,Sales Associate,380438700,LOW,2023-03-18T23:59:59Z
CUST-001872,Hoang Trang Khoa,1970-05-01,VN,969969772345,+84921694126,hoang7397@mail-demo.invalid,ADDR-001872,Consultant,413749824,LOW,2023-12-05T23:59:59Z
CUST-001873,Do Cuong Nhi,1953-02-13,VN,922857976482,+84957070580,do7767@mail-demo.invalid,ADDR-001873,Retired,150353304,LOW,2023-03-26T23:59:59Z
CUST-001874,Pham Dao Bao,1999-06-04,VN,959748068317,+84923238967,pham4584@fictitious-mail.dev,ADDR-001874,Student,44071764,MEDIUM,2021-12-27T23:59:59Z
CUST-001875,Le Uy Dung,1989-09-17,VN,950977763906,+84981063308,le2293@example-sandbox.test,ADDR-001875,Civil Servant,249516752,LOW,2024-03-25T23:59:59Z
CUST-001876,Vu Binh An,1979-05-12,VN,994499502502,+84992500147,vu780@fictitious-mail.dev,ADDR-001876,Teacher,101385364,HIGH,2021-11-27T23:59:59Z
CUST-001877,Ly Nga Khoa,1994-01-09,VN,964326989377,+84916018949,ly5439@fictitious-mail.dev,ADDR-001877,Software Engineer,293933519,LOW,2020-11-12T23:59:59Z
CUST-001878,Do Nam Dao,1984-05-27,SG,936184481879,+84998394549,do5681@fictitious-mail.dev,ADDR-001878,Driver,201916314,MEDIUM,2020-09-09T23:59:59Z
CUST-001879,Nguyen Tuan Giang,2001-05-03,VN,994215764451,+84921947834,nguyen3279@example-sandbox.test,ADDR-001879,Student,49954472,LOW,2025-01-11T23:59:59Z
CUST-001880,Hoang Viet Dao,1997-04-17,VN,958119291587,+84972075584,hoang9982@fictitious-mail.dev,ADDR-001880,Nurse,209794083,LOW,2024-08-23T23:59:59Z
CUST-001881,Cao Son Nhi,1983-07-12,SG,931913499806,+84979110504,cao8407@fictitious-mail.dev,ADDR-001881,Driver,310786736,LOW,2023-02-07T23:59:59Z
CUST-001882,Huynh Hung Em,1970-12-17,JP,996802220224,+84945127568,huynh2926@mail-demo.invalid,ADDR-001882,Sales Associate,445749654,LOW,2024-05-31T23:59:59Z
CUST-001883,Phan Xuan Hung,1978-05-07,VN,956194689791,+84933203466,phan1050@example-sandbox.test,ADDR-001883,Teacher,319527106,LOW,2024-10-29T23:59:59Z
CUST-001884,Do Phuong Tuan,1981-01-18,VN,914624973450,+84938633736,do332@mail-demo.invalid,ADDR-001884,Accountant,156585527,HIGH,2020-09-03T23:59:59Z
CUST-001885,Doan Yen Quang,1961-03-14,VN,929876718283,+84965359471,doan2091@mail-demo.invalid,ADDR-001885,Sales Associate,167949142,LOW,2024-03-15T23:59:59Z
CUST-001886,Doan Trang Chi,2004-11-04,SG,994875235523,+84923477989,doan3409@mail-demo.invalid,ADDR-001886,Freelancer,142117933,MEDIUM,2021-01-07T23:59:59Z
CUST-001887,Phan Cuong Dao,2000-01-28,SG,920498754083,+84986178241,phan7455@mail-demo.invalid,ADDR-001887,Accountant,166468496,LOW,2024-08-13T23:59:59Z
CUST-001888,Huynh Nam Van,1954-10-08,VN,994278141553,+84992668595,huynh8751@example-sandbox.test,ADDR-001888,Retired,150718571,LOW,2025-07-20T23:59:59Z
CUST-001889,Pham Dao Tam,2005-02-06,VN,991962885727,+84998871025,pham144@mail-demo.invalid,ADDR-001889,Student,50090341,LOW,2024-02-22T23:59:59Z
CUST-001890,Huynh Phuong Chi,1961-10-20,US,980585568086,+84968083898,huynh8734@example-sandbox.test,ADDR-001890,Retired,169379234,MEDIUM,2021-04-29T23:59:59Z
CUST-001891,Phan Nhi Diep,2001-05-24,VN,910335745390,+84955622377,phan5795@example-sandbox.test,ADDR-001891,Retired,467440110,LOW,2023-08-20T23:59:59Z
CUST-001892,Ho Nhi My,1993-09-10,VN,936461751954,+84923398481,ho4289@fictitious-mail.dev,ADDR-001892,Sales Associate,298102202,MEDIUM,2024-08-11T23:59:59Z
CUST-001893,Vo Dung Dao,2001-10-04,SG,952795362256,+84923935597,vo4782@mail-demo.invalid,ADDR-001893,Student,452229946,MEDIUM,2021-08-02T23:59:59Z
CUST-001894,Le Linh Lan,1981-03-11,VN,943025363075,+84987160597,le2922@example-sandbox.test,ADDR-001894,Student,362791725,LOW,2023-12-22T23:59:59Z
CUST-001895,Vu Dao Diep,1988-11-06,JP,980577090165,+84933746872,vu314@fictitious-mail.dev,ADDR-001895,Teacher,301151268,LOW,2022-01-08T23:59:59Z
CUST-001896,Huynh An Kiet,2003-10-23,VN,968443316901,+84943129940,huynh5865@mail-demo.invalid,ADDR-001896,Consultant,371280723,MEDIUM,2020-12-13T23:59:59Z
CUST-001897,Cao Phuong An,1989-05-21,VN,984498723773,+84971842006,cao2951@example-sandbox.test,ADDR-001897,Nurse,147612196,LOW,2023-06-28T23:59:59Z
CUST-001898,Ngo Son My,2003-04-08,VN,926849027723,+84957886503,ngo1499@fictitious-mail.dev,ADDR-001898,Freelancer,156050734,LOW,2024-04-06T23:59:59Z
CUST-001899,Pham Phong Em,1957-04-28,US,976280377669,+84921805569,pham3395@example-sandbox.test,ADDR-001899,Retired,105985309,LOW,2022-01-30T23:59:59Z
CUST-001900,Dang Trang Tuan,2001-08-25,AU,938209886808,+84944313978,dang9767@example-sandbox.test,ADDR-001900,Student,439753156,HIGH,2024-08-16T23:59:59Z
CUST-001901,Nguyen Khoa Tam,1960-12-26,VN,945749008568,+84915490715,nguyen2549@example-sandbox.test,ADDR-001901,Sales Associate,225376406,HIGH,2024-11-12T23:59:59Z
CUST-001902,Pham Binh Yen,1963-11-13,VN,932752980880,+84972338641,pham2504@fictitious-mail.dev,ADDR-001902,Teacher,444918271,LOW,2023-07-16T23:59:59Z
CUST-001903,Ly Linh Cuong,1993-12-07,VN,936768231780,+84939608215,ly2173@example-sandbox.test,ADDR-001903,Driver,339224727,MEDIUM,2022-10-16T23:59:59Z
CUST-001904,Dang Nhi Hai,1989-05-24,JP,967357942459,+84926533360,dang6813@fictitious-mail.dev,ADDR-001904,Software Engineer,184225262,MEDIUM,2023-09-13T23:59:59Z
CUST-001905,Bui Diep Em,1974-01-19,US,920232915043,+84959473989,bui2781@fictitious-mail.dev,ADDR-001905,Nurse,165434933,LOW,2021-04-22T23:59:59Z
CUST-001906,Dang Phuong Em,1950-08-07,VN,929971490675,+84941454740,dang8654@fictitious-mail.dev,ADDR-001906,Retired,78430653,MEDIUM,2025-05-25T23:59:59Z
CUST-001907,Tran Nam Phong,2006-04-19,KR,920133434987,+84924168547,tran1966@mail-demo.invalid,ADDR-001907,Student,38937628,LOW,2024-10-30T23:59:59Z
CUST-001908,Huynh Phong Diep,1955-12-10,VN,987868773180,+84961431032,huynh6687@example-sandbox.test,ADDR-001908,Teacher,416009014,LOW,2022-02-10T23:59:59Z
CUST-001909,Doan Thao Dao,1994-10-17,JP,914901521408,+84933243359,doan9670@fictitious-mail.dev,ADDR-001909,Teacher,186229058,LOW,2022-02-28T23:59:59Z
CUST-001910,Ngo Phong Minh,1965-08-25,VN,915754254146,+84947887945,ngo4635@mail-demo.invalid,ADDR-001910,Retired,60174491,MEDIUM,2023-10-12T23:59:59Z
CUST-001911,Vo Hanh Hoa,1957-11-14,VN,978969517140,+84980629700,vo5415@mail-demo.invalid,ADDR-001911,Retired,88602241,MEDIUM,2022-05-09T23:59:59Z
CUST-001912,Vu Phuong Hoa,1950-12-11,AU,924034886778,+84953795576,vu2108@example-sandbox.test,ADDR-001912,Retired,174491266,MEDIUM,2023-05-08T23:59:59Z
CUST-001913,Ngo Trang Son,1985-03-22,AU,926757729263,+84917898324,ngo2913@fictitious-mail.dev,ADDR-001913,Marketing Specialist,222040623,LOW,2025-01-28T23:59:59Z
CUST-001914,Tran Hung Minh,2004-04-11,AU,965712886141,+84978366750,tran2671@fictitious-mail.dev,ADDR-001914,Driver,319016485,LOW,2021-06-29T23:59:59Z
CUST-001915,Tran Khanh My,1961-10-06,JP,985732727040,+84984624334,tran4500@example-sandbox.test,ADDR-001915,Retail Manager,421174053,MEDIUM,2023-06-12T23:59:59Z
CUST-001916,Le An Quang,1985-11-18,VN,933696006017,+84922665518,le3532@mail-demo.invalid,ADDR-001916,Civil Servant,120899013,LOW,2024-05-14T23:59:59Z
CUST-001917,Mai Tam Khanh,2005-07-08,VN,987702131008,+84970611696,mai6878@fictitious-mail.dev,ADDR-001917,Civil Servant,422055384,MEDIUM,2023-11-01T23:59:59Z
CUST-001918,Duong Cuong Cuong,1959-07-23,VN,964646302407,+84984673191,duong4385@example-sandbox.test,ADDR-001918,Sales Associate,122230642,MEDIUM,2022-12-31T23:59:59Z
CUST-001919,Ho Kiet Hung,1969-05-09,VN,958647239980,+84969046838,ho2330@example-sandbox.test,ADDR-001919,Retired,250745508,MEDIUM,2021-04-18T23:59:59Z
CUST-001920,Nguyen Son Hieu,2002-08-24,VN,939481726634,+84919163334,nguyen469@mail-demo.invalid,ADDR-001920,Student,31349346,LOW,2020-05-02T23:59:59Z
CUST-001921,Trinh Quang Dung,1974-06-23,JP,954738635754,+84962113373,trinh5677@example-sandbox.test,ADDR-001921,Consultant,141149799,MEDIUM,2022-12-22T23:59:59Z
CUST-001922,Tran Quynh Binh,1961-01-23,SG,981408144261,+84986063544,tran3142@example-sandbox.test,ADDR-001922,Driver,472797023,LOW,2022-09-29T23:59:59Z
CUST-001923,Cao Trang Quang,1989-07-03,KR,998868020041,+84979327627,cao3133@mail-demo.invalid,ADDR-001923,Consultant,396875974,LOW,2025-05-29T23:59:59Z
CUST-001924,Mai Viet Dao,1968-01-09,VN,940268521918,+84975765083,mai6888@example-sandbox.test,ADDR-001924,Retail Manager,423386018,LOW,2025-08-14T23:59:59Z
CUST-001925,Cao Chi Nhi,1975-03-22,JP,994763120338,+84985648872,cao114@example-sandbox.test,ADDR-001925,Freelancer,130229250,LOW,2022-04-01T23:59:59Z
CUST-001926,Mai Hoa Giang,1981-07-15,JP,922392978659,+84971124947,mai7499@example-sandbox.test,ADDR-001926,Accountant,224073013,LOW,2021-09-29T23:59:59Z
CUST-001927,Vo Hai Hung,1971-03-26,JP,916323538345,+84958535244,vo626@fictitious-mail.dev,ADDR-001927,Factory Worker,546901899,HIGH,2023-11-01T23:59:59Z
CUST-001928,Pham Nga Dao,1962-04-17,JP,970396843330,+84947363542,pham1323@example-sandbox.test,ADDR-001928,Accountant,409773976,LOW,2020-07-06T23:59:59Z
CUST-001929,Nguyen Tam Cuong,1966-09-14,VN,960660937810,+84969061995,nguyen3031@mail-demo.invalid,ADDR-001929,Freelancer,374882530,LOW,2023-12-04T23:59:59Z
CUST-001930,Huynh Em Chi,1993-10-13,KR,924682742418,+84975387725,huynh7545@fictitious-mail.dev,ADDR-001930,Marketing Specialist,278868365,LOW,2023-11-13T23:59:59Z
CUST-001931,Duong Binh Kiet,1991-02-25,VN,960852249505,+84964219661,duong2671@example-sandbox.test,ADDR-001931,Retired,163405676,MEDIUM,2023-08-02T23:59:59Z
CUST-001932,Nguyen Binh Dung,2003-05-03,SG,964840025858,+84941975856,nguyen677@example-sandbox.test,ADDR-001932,Civil Servant,279888890,LOW,2024-03-26T23:59:59Z
CUST-001933,Nguyen Tuan Minh,1984-12-08,JP,964584150431,+84913875107,nguyen7478@mail-demo.invalid,ADDR-001933,Software Engineer,183097651,LOW,2025-07-05T23:59:59Z
CUST-001934,Ly Nhi Son,1979-06-07,VN,924075836815,+84949397986,ly8280@example-sandbox.test,ADDR-001934,Accountant,412750788,LOW,2023-07-01T23:59:59Z
CUST-001935,Dang Bao Giang,2004-03-09,VN,989235453386,+84942490916,dang4348@example-sandbox.test,ADDR-001935,Retail Manager,432336101,LOW,2021-10-09T23:59:59Z
CUST-001936,Trinh Diep Phong,1965-05-18,JP,977281257351,+84969232872,trinh4925@example-sandbox.test,ADDR-001936,Retired,96740740,MEDIUM,2025-04-16T23:59:59Z
CUST-001937,Ngo Dung Hoa,1997-09-22,US,935423394638,+84911229796,ngo5416@fictitious-mail.dev,ADDR-001937,Civil Servant,391397010,LOW,2022-08-25T23:59:59Z
CUST-001938,Doan Diep Tuan,2004-04-03,VN,948928210708,+84919629598,doan3825@fictitious-mail.dev,ADDR-001938,Retail Manager,305831729,LOW,2025-01-13T23:59:59Z
CUST-001939,Ly An Yen,1991-07-15,VN,955903395870,+84959605793,ly2703@mail-demo.invalid,ADDR-001939,Freelancer,429683083,LOW,2024-05-05T23:59:59Z
CUST-001940,Bui Hanh Cuong,2001-03-06,JP,925962679615,+84921078589,bui3512@fictitious-mail.dev,ADDR-001940,Student,24381497,LOW,2024-11-21T23:59:59Z
CUST-001941,Do My Quynh,1970-04-05,KR,940839891475,+84991392939,do1119@mail-demo.invalid,ADDR-001941,Accountant,466385553,HIGH,2024-01-17T23:59:59Z
CUST-001942,Hoang Dao Oanh,2006-07-05,JP,938552126597,+84972577661,hoang874@fictitious-mail.dev,ADDR-001942,Student,46474971,LOW,2024-02-22T23:59:59Z
CUST-001943,Mai Thao Oanh,1951-07-05,US,962789506206,+84954506388,mai8226@fictitious-mail.dev,ADDR-001943,Retired,169572250,MEDIUM,2025-05-14T23:59:59Z
CUST-001944,Tran Hieu Linh,1954-11-19,VN,981248745560,+84922354499,tran1311@mail-demo.invalid,ADDR-001944,Retired,92972852,LOW,2022-05-22T23:59:59Z
CUST-001945,Bui Tam Hai,2000-06-06,VN,912098327353,+84910164097,bui8806@example-sandbox.test,ADDR-001945,Retired,479282244,LOW,2023-07-01T23:59:59Z
CUST-001946,Dang Phong Lan,1982-09-10,US,942795609788,+84920418965,dang1014@mail-demo.invalid,ADDR-001946,Accountant,257753539,LOW,2023-01-19T23:59:59Z
CUST-001947,Huynh Em Nhi,1982-06-20,AU,984816464406,+84929933895,huynh2271@example-sandbox.test,ADDR-001947,Nurse,269047515,LOW,2020-09-15T23:59:59Z
CUST-001948,Doan Hanh Son,1962-08-01,US,970380771497,+84976869793,doan3055@example-sandbox.test,ADDR-001948,Sales Associate,297085774,MEDIUM,2024-12-15T23:59:59Z
CUST-001949,Ngo Uy Quynh,1948-03-10,VN,954219583363,+84990716776,ngo7033@mail-demo.invalid,ADDR-001949,Retired,65569028,LOW,2021-11-23T23:59:59Z
CUST-001950,Do Trang Phuong,1963-11-06,JP,915798088618,+84935140924,do8043@fictitious-mail.dev,ADDR-001950,Teacher,202222542,MEDIUM,2023-07-21T23:59:59Z
CUST-001951,Ngo Thao Dao,1986-11-20,SG,912665021090,+84994652013,ngo1917@fictitious-mail.dev,ADDR-001951,Consultant,303345039,MEDIUM,2025-06-09T23:59:59Z
CUST-001952,Le Hanh Trang,1985-01-02,KR,930925148415,+84933995626,le2095@mail-demo.invalid,ADDR-001952,Student,143704380,LOW,2025-08-23T23:59:59Z
CUST-001953,Le My Hanh,1955-05-16,KR,945138636671,+84972516735,le5775@fictitious-mail.dev,ADDR-001953,Driver,149477665,MEDIUM,2020-10-28T23:59:59Z
CUST-001954,Huynh Oanh Minh,1962-04-27,SG,927408371895,+84950986450,huynh5575@mail-demo.invalid,ADDR-001954,Freelancer,130682235,MEDIUM,2023-04-17T23:59:59Z
CUST-001955,Ngo Kiet Quang,2004-12-11,US,952508705716,+84961216369,ngo8796@example-sandbox.test,ADDR-001955,Freelancer,441294078,MEDIUM,2021-05-17T23:59:59Z
CUST-001956,Phan My Quang,1967-05-16,VN,942103603061,+84978134348,phan2922@mail-demo.invalid,ADDR-001956,Accountant,394115296,LOW,2023-03-01T23:59:59Z
CUST-001957,Pham Van Son,1962-07-12,JP,969333484705,+84920537050,pham694@fictitious-mail.dev,ADDR-001957,Marketing Specialist,385113062,LOW,2023-01-12T23:59:59Z
CUST-001958,Phan Nam Thao,1987-02-10,VN,962091058258,+84989032950,phan6372@mail-demo.invalid,ADDR-001958,Teacher,430256514,HIGH,2021-12-11T23:59:59Z
CUST-001959,Pham Trang Nga,2002-03-07,JP,986201287680,+84947697940,pham4500@example-sandbox.test,ADDR-001959,Freelancer,416118904,LOW,2021-08-11T23:59:59Z
CUST-001960,Cao Nga Lan,1980-06-15,VN,974706798752,+84970236759,cao4090@mail-demo.invalid,ADDR-001960,Consultant,270229090,MEDIUM,2021-07-10T23:59:59Z
CUST-001961,Mai Nga Giang,1995-03-13,VN,998679411829,+84974491098,mai7666@example-sandbox.test,ADDR-001961,Freelancer,386690570,HIGH,2025-06-17T23:59:59Z
CUST-001962,Le Xuan Linh,1990-02-23,VN,978663658749,+84952038631,le8236@example-sandbox.test,ADDR-001962,Sales Associate,169612297,LOW,2022-06-08T23:59:59Z
CUST-001963,Pham Uy Diep,1962-06-21,US,968177354882,+84939252233,pham4102@example-sandbox.test,ADDR-001963,Marketing Specialist,374941701,LOW,2021-12-22T23:59:59Z
CUST-001964,Vu Dung An,1967-06-18,VN,986055140634,+84971742142,vu6034@example-sandbox.test,ADDR-001964,Marketing Specialist,547264997,HIGH,2021-03-10T23:59:59Z
CUST-001965,Doan Phong Giang,1993-08-24,VN,974148697260,+84969389567,doan8292@mail-demo.invalid,ADDR-001965,Sales Associate,220085475,LOW,2020-12-30T23:59:59Z
CUST-001966,Vu Tam Chi,1966-04-14,VN,950794053948,+84952861908,vu7455@example-sandbox.test,ADDR-001966,Teacher,383839237,LOW,2025-05-16T23:59:59Z
CUST-001967,Huynh Hanh Son,1963-01-03,VN,943918384659,+84996240169,huynh9351@mail-demo.invalid,ADDR-001967,Retired,94261160,LOW,2025-07-27T23:59:59Z
CUST-001968,Trinh Thao Khoa,1999-11-18,VN,993014393443,+84969475712,trinh5072@example-sandbox.test,ADDR-001968,Student,70189741,MEDIUM,2023-07-31T23:59:59Z
CUST-001969,Trinh Hung Cuong,1977-10-16,KR,990654347228,+84960814846,trinh8904@mail-demo.invalid,ADDR-001969,Accountant,165116456,LOW,2023-04-22T23:59:59Z
CUST-001970,Do Oanh Tam,1989-06-27,AU,972061929865,+84999067962,do5239@fictitious-mail.dev,ADDR-001970,Retired,347750745,LOW,2021-07-24T23:59:59Z
CUST-001971,Vu Nga Dao,1970-05-23,VN,934562474301,+84968250982,vu8172@fictitious-mail.dev,ADDR-001971,Retail Manager,371054890,LOW,2024-02-09T23:59:59Z
CUST-001972,Duong Nam Hung,1959-01-21,SG,989716561633,+84932475261,duong8322@fictitious-mail.dev,ADDR-001972,Software Engineer,236959873,HIGH,2024-04-11T23:59:59Z
CUST-001973,Cao Hieu Em,1999-12-01,US,936316970816,+84998883707,cao1362@example-sandbox.test,ADDR-001973,Civil Servant,442775089,LOW,2021-11-26T23:59:59Z
CUST-001974,Pham Hanh My,2003-05-20,KR,955660829450,+84988617150,pham6179@mail-demo.invalid,ADDR-001974,Sales Associate,205016475,LOW,2021-05-07T23:59:59Z
CUST-001975,Trinh Kiet Cuong,2006-01-03,VN,957678616041,+84963436653,trinh6945@example-sandbox.test,ADDR-001975,Student,57049946,LOW,2021-12-11T23:59:59Z
CUST-001976,Trinh Kiet Xuan,1997-03-03,VN,989694212095,+84996952622,trinh6515@mail-demo.invalid,ADDR-001976,Student,180449720,LOW,2025-07-19T23:59:59Z
CUST-001977,Do Bao Thao,1975-04-28,VN,958706068208,+84988786661,do1229@example-sandbox.test,ADDR-001977,Factory Worker,218403146,HIGH,2025-03-11T23:59:59Z
CUST-001978,Nguyen Dung My,1973-06-06,SG,999538076954,+84910193255,nguyen1054@fictitious-mail.dev,ADDR-001978,Teacher,232094543,LOW,2024-03-15T23:59:59Z
CUST-001979,Vo Em Thao,2005-05-28,VN,946220320613,+84988380426,vo1063@fictitious-mail.dev,ADDR-001979,Consultant,180371657,LOW,2023-10-03T23:59:59Z
CUST-001980,Cao Khanh Kiet,2000-12-13,SG,939653464271,+84929432294,cao7468@mail-demo.invalid,ADDR-001980,Software Engineer,441976999,LOW,2024-03-24T23:59:59Z
CUST-001981,Huynh Binh Bao,1958-02-13,VN,988336489691,+84930320489,huynh3996@example-sandbox.test,ADDR-001981,Accountant,445170887,LOW,2020-06-16T23:59:59Z
CUST-001982,Trinh Nam An,1956-04-25,KR,979203411132,+84938433754,trinh2785@example-sandbox.test,ADDR-001982,Student,212979756,LOW,2023-04-11T23:59:59Z
CUST-001983,Vu Tuan Dao,1962-04-12,VN,941668259599,+84957274797,vu7075@mail-demo.invalid,ADDR-001983,Civil Servant,492804119,MEDIUM,2024-04-11T23:59:59Z
CUST-001984,Vo My Quynh,1960-09-06,KR,994465650325,+84982244005,vo2838@mail-demo.invalid,ADDR-001984,Retail Manager,350376001,LOW,2021-06-07T23:59:59Z
CUST-001985,Dang My Nga,1964-04-05,VN,932558029956,+84968088962,dang3277@example-sandbox.test,ADDR-001985,Consultant,207176585,LOW,2021-08-27T23:59:59Z
CUST-001986,Do Nhi An,1972-05-23,VN,967736304487,+84951900890,do3520@example-sandbox.test,ADDR-001986,Sales Associate,369965258,LOW,2024-03-23T23:59:59Z
CUST-001987,Hoang Son Thao,1972-04-09,SG,987819229970,+84988816407,hoang6047@example-sandbox.test,ADDR-001987,Software Engineer,408623883,MEDIUM,2021-12-15T23:59:59Z
CUST-001988,Ngo Linh Yen,2005-02-23,US,935507217392,+84935125507,ngo431@example-sandbox.test,ADDR-001988,Nurse,120285062,LOW,2021-09-03T23:59:59Z
CUST-001989,Pham Yen Linh,1988-01-11,US,929540147826,+84916889727,pham9170@mail-demo.invalid,ADDR-001989,Retail Manager,247598717,LOW,2020-10-14T23:59:59Z
CUST-001990,Mai Son Khanh,1967-11-09,JP,921016171802,+84938397722,mai814@fictitious-mail.dev,ADDR-001990,Accountant,305491109,LOW,2022-02-10T23:59:59Z
CUST-001991,Duong Dao Dao,1961-10-23,VN,939757099840,+84932661055,duong7065@mail-demo.invalid,ADDR-001991,Retired,104688897,LOW,2024-04-13T23:59:59Z
CUST-001992,Tran Cuong Viet,1975-07-01,KR,987303979813,+84988588889,tran6049@fictitious-mail.dev,ADDR-001992,Accountant,277671613,HIGH,2024-11-03T23:59:59Z
CUST-001993,Mai Nhi Oanh,1999-05-04,VN,973476416820,+84924761278,mai6116@fictitious-mail.dev,ADDR-001993,Software Engineer,410229575,LOW,2024-01-18T23:59:59Z
CUST-001994,Mai Khoa Trang,2006-05-25,VN,930180543875,+84985748711,mai7235@fictitious-mail.dev,ADDR-001994,Student,37674177,MEDIUM,2021-10-21T23:59:59Z
CUST-001995,Le Hieu Thao,1983-11-16,VN,970320526923,+84921851771,le9834@mail-demo.invalid,ADDR-001441,Civil Servant,566829830,MEDIUM,2021-11-27T23:59:59Z
CUST-001996,Vo An Van,2003-06-11,KR,987012767869,+84996667130,vo7109@example-sandbox.test,ADDR-001996,Nurse,166523617,MEDIUM,2022-02-18T23:59:59Z
CUST-001997,Trinh Nhi Van,1994-12-04,AU,964588884043,+84953653208,trinh9514@example-sandbox.test,ADDR-001997,Teacher,440731991,LOW,2024-03-26T23:59:59Z
CUST-001998,Mai Viet Dung,1962-01-14,VN,933859532698,+84934315935,mai4485@example-sandbox.test,ADDR-001998,Nurse,177726227,LOW,2021-01-15T23:59:59Z
CUST-001999,Bui Tuan Em,1999-04-13,AU,917689863231,+84996095674,bui3499@example-sandbox.test,ADDR-001999,Student,43125937,LOW,2023-09-24T23:59:59Z
CUST-002000,Mai Tuan Diep,1994-10-18,VN,939614463618,+84921510470,mai6514@example-sandbox.test,ADDR-002000,Driver,170136471,HIGH,2022-08-22T23:59:59Z
