external_account_id,masked_account_number,bank_id,country_code,counterparty_name,counterparty_type,available_identifier_type,available_identifier_value,risk_score,first_seen_at,last_seen_at,metadata_source,data_visibility
EXT-ACC-000001,****4527,BANK-TCB-EXT,VN,BUI SON KHANH,INDIVIDUAL,NAME_ONLY,,0.055,2025-10-06T16:56:07Z,2025-12-29T06:33:12Z,PAYMENT_MESSAGE,PAYMENT_MESSAGE_ONLY
EXT-ACC-000002,****6635,BANK-MBB-EXT,VN,HO HAI YEN,INDIVIDUAL,NAME_ONLY,,0.105,2025-10-06T17:12:19Z,2025-12-29T06:52:38Z,PAYMENT_MESSAGE,PAYMENT_MESSAGE_ONLY
EXT-ACC-000003,****9785,BANK-VCB-EXT,VN,EXTERNAL DEMO COMPANY 0012,COMPANY,REGISTRATION_NUMBER,EXT-REG-000012,0.178,2025-10-06T13:35:15Z,2025-12-29T03:12:19Z,PAYMENT_MESSAGE,PAYMENT_MESSAGE_ONLY
EXT-ACC-000004,****4150,BANK-ACB-EXT,VN,DANG NHI BAO,INDIVIDUAL,NAME_ONLY,,0.095,2025-10-04T12:56:05Z,2025-12-30T23:29:03Z,PAYMENT_MESSAGE,PAYMENT_MESSAGE_ONLY
EXT-ACC-000005,****2654,BANK-VCB-EXT,VN,DANG GIANG NGA,INDIVIDUAL,NAME_ONLY,,0.178,2025-10-06T00:31:11Z,2025-12-28T12:27:49Z,PAYMENT_MESSAGE,PAYMENT_MESSAGE_ONLY
EXT-ACC-000006,****6820,BANK-ACB-EXT,VN,DO LAN BAO,INDIVIDUAL,NAME_ONLY,,0.095,2025-10-03T00:25:54Z,2025-12-29T09:11:57Z,PAYMENT_MESSAGE,PAYMENT_MESSAGE_ONLY
EXT-ACC-000007,****9751,BANK-MBB-EXT,VN,LE KIET LAN,INDIVIDUAL,NAME_ONLY,,0.105,2025-10-03T03:59:44Z,2025-12-29T14:00:18Z,PAYMENT_MESSAGE,PAYMENT_MESSAGE_ONLY
EXT-ACC-000008,****6313,BANK-TCB-EXT,VN,VO XUAN NGA,INDIVIDUAL,NAME_ONLY,,0.055,2025-10-03T16:11:57Z,2025-12-30T03:59:26Z,PAYMENT_MESSAGE,PAYMENT_MESSAGE_ONLY
EXT-ACC-000009,****5386,BANK-VCB-EXT,VN,TRAN TUAN DIEP,INDIVIDUAL,NAME_ONLY,,0.178,2025-10-05T12:28:41Z,2025-12-28T00:25:19Z,PAYMENT_MESSAGE,PAYMENT_MESSAGE_ONLY
EXT-ACC-000010,****6155,BANK-FOREIGN-KR-DEMO,KR,EXTERNAL DEMO COMPANY 0019,COMPANY,REGISTRATION_NUMBER,EXT-REG-000019,0.159,2025-10-07T03:50:35Z,2025-12-29T13:11:42Z,PAYMENT_MESSAGE,PAYMENT_MESSAGE_ONLY
EXT-ACC-000011,****3287,BANK-ACB-EXT,VN,DUONG KHANH QUANG,INDIVIDUAL,NAME_ONLY,,0.095,2025-10-03T22:14:49Z,2025-12-30T10:08:48Z,PAYMENT_MESSAGE,PAYMENT_MESSAGE_ONLY
EXT-ACC-000012,****7543,BANK-VPB-EXT,VN,MAI KHOA HIEU,INDIVIDUAL,NAME_ONLY,,0.197,2025-10-06T09:03:06Z,2025-12-28T22:30:27Z,PAYMENT_MESSAGE,PAYMENT_MESSAGE_ONLY
EXT-ACC-000013,****3504,BANK-TCB-EXT,VN,LE DUNG HANH,INDIVIDUAL,NAME_ONLY,,0.055,2025-10-03T21:03:33Z,2025-12-30T09:07:14Z,PAYMENT_MESSAGE,PAYMENT_MESSAGE_ONLY
EXT-ACC-000014,****8668,BANK-ACB-EXT,VN,HO CUONG KIET,INDIVIDUAL,NAME_ONLY,,0.095,2025-10-06T09:06:20Z,2025-12-28T22:33:41Z,PAYMENT_MESSAGE,PAYMENT_MESSAGE_ONLY
EXT-ACC-000015,****1188,BANK-VPB-EXT,VN,EXTERNAL DEMO COMPANY 0024,COMPANY,REGISTRATION_NUMBER,EXT-REG-000024,0.197,2025-10-06T03:19:40Z,2025-12-28T16:01:39Z,PAYMENT_MESSAGE,PAYMENT_MESSAGE_ONLY
EXT-ACC-000016,****2827,BANK-VCB-EXT,VN,DOAN SON VAN,INDIVIDUAL,NAME_ONLY,,0.178,2025-10-05T02:09:52Z,2025-12-31T13:11:59Z,PAYMENT_MESSAGE,PAYMENT_MESSAGE_ONLY
EXT-ACC-000017,****9317,BANK-TCB-EXT,VN,VO TRANG LINH,INDIVIDUAL,NAME_ONLY,,0.055,2025-10-03T09:20:29Z,2025-12-29T20:12:54Z,PAYMENT_MESSAGE,PAYMENT_MESSAGE_ONLY
EXT-ACC-000018,****9317,BANK-MBB-EXT,VN,EXTERNAL DEMO COMPANY 0027,COMPANY,REGISTRATION_NUMBER,EXT-REG-000027,0.105,2025-10-06T02:27:49Z,2025-12-28T15:06:35Z,PAYMENT_MESSAGE,PAYMENT_MESSAGE_ONLY
EXT-ACC-000019,****1009,BANK-TCB-EXT,VN,HUYNH VIET UY,INDIVIDUAL,NAME_ONLY,,0.055,2025-10-05T23:58:47Z,2025-12-28T12:14:52Z,PAYMENT_MESSAGE,PAYMENT_MESSAGE_ONLY
EXT-ACC-000020,****1949,BANK-ACB-EXT,VN,DO THAO PHONG,INDIVIDUAL,NAME_ONLY,,0.095,2025-10-05T22:08:38Z,2025-12-28T09:06:57Z,PAYMENT_MESSAGE,PAYMENT_MESSAGE_ONLY
EXT-ACC-000021,****2403,BANK-VPB-EXT,VN,EXTERNAL DEMO COMPANY 0030,COMPANY,REGISTRATION_NUMBER,EXT-REG-000030,0.197,2025-10-06T13:54:41Z,2025-12-29T03:41:29Z,PAYMENT_MESSAGE,PAYMENT_MESSAGE_ONLY
EXT-ACC-000022,****9727,BANK-VCB-EXT,VN,EXTERNAL DEMO COMPANY 0031,COMPANY,REGISTRATION_NUMBER,EXT-REG-000031,0.178,2025-10-04T05:51:39Z,2025-12-30T17:26:11Z,PAYMENT_MESSAGE,PAYMENT_MESSAGE_ONLY
EXT-ACC-000023,****9645,BANK-TCB-EXT,VN,DOAN LAN QUANG,INDIVIDUAL,NAME_ONLY,,0.055,2025-10-04T13:57:38Z,2025-12-31T00:30:37Z,PAYMENT_MESSAGE,PAYMENT_MESSAGE_ONLY
EXT-ACC-000024,****9835,BANK-ACB-EXT,VN,EXTERNAL DEMO COMPANY 0033,COMPANY,REGISTRATION_NUMBER,EXT-REG-000033,0.095,2025-10-05T16:41:24Z,2025-12-28T04:28:19Z,PAYMENT_MESSAGE,PAYMENT_MESSAGE_ONLY
EXT-ACC-000025,****9479,BANK-TCB-EXT,VN,HO BAO MY,INDIVIDUAL,NAME_ONLY,,0.055,2025-10-06T06:08:08Z,2025-12-28T19:19:17Z,PAYMENT_MESSAGE,PAYMENT_MESSAGE_ONLY
EXT-ACC-000026,****4770,BANK-TCB-EXT,VN,BUI BINH HIEU,INDIVIDUAL,NAME_ONLY,,0.055,2025-10-06T16:14:00Z,2025-12-29T05:38:07Z,PAYMENT_MESSAGE,PAYMENT_MESSAGE_ONLY
EXT-ACC-000027,****1514,BANK-VCB-EXT,VN,TRAN NGA EM,INDIVIDUAL,NAME_ONLY,,0.178,2025-10-06T08:20:58Z,2025-12-28T21:38:36Z,PAYMENT_MESSAGE,PAYMENT_MESSAGE_ONLY
EXT-ACC-000028,****9834,BANK-VCB-EXT,VN,VO QUYNH NAM,INDIVIDUAL,NAME_ONLY,,0.178,2025-10-03T03:20:51Z,2025-12-29T13:18:11Z,PAYMENT_MESSAGE,PAYMENT_MESSAGE_ONLY
EXT-ACC-000029,****4119,BANK-VPB-EXT,VN,VU PHUONG HOA,INDIVIDUAL,NAME_ONLY,,0.197,2025-10-03T12:12:12Z,2025-12-29T23:59:41Z,PAYMENT_MESSAGE,PAYMENT_MESSAGE_ONLY
EXT-ACC-000030,****1887,BANK-FOREIGN-DE-DEMO,DE,NGO HOA OANH,INDIVIDUAL,NAME_ONLY,,0.216,2025-10-03T19:10:09Z,2025-12-31T07:15:36Z,PAYMENT_MESSAGE,PAYMENT_MESSAGE_ONLY
EXT-ACC-000031,****4139,BANK-VCB-EXT,VN,BUI HAI PHONG,INDIVIDUAL,NAME_ONLY,,0.178,2025-10-04T22:03:38Z,2025-12-31T09:15:29Z,PAYMENT_MESSAGE,PAYMENT_MESSAGE_ONLY
EXT-ACC-000032,****5092,BANK-ACB-EXT,VN,HUYNH SON OANH,INDIVIDUAL,NAME_ONLY,,0.095,2025-10-05T06:45:15Z,2025-12-31T17:05:16Z,PAYMENT_MESSAGE,PAYMENT_MESSAGE_ONLY
EXT-ACC-000033,****9856,BANK-VCB-EXT,VN,DOAN HAI DUNG,INDIVIDUAL,NAME_ONLY,,0.178,2025-10-03T07:53:00Z,2025-12-29T18:58:22Z,PAYMENT_MESSAGE,PAYMENT_MESSAGE_ONLY
EXT-ACC-000034,****4872,BANK-VCB-EXT,VN,EXTERNAL DEMO COMPANY 0043,COMPANY,REGISTRATION_NUMBER,EXT-REG-000043,0.178,2025-10-04T11:31:51Z,2025-12-30T22:08:03Z,PAYMENT_MESSAGE,PAYMENT_MESSAGE_ONLY
EXT-ACC-000035,****7209,BANK-ACB-EXT,VN,HO DUNG LAN,INDIVIDUAL,NAME_ONLY,,0.095,2025-10-05T23:49:04Z,2025-12-28T11:48:56Z,PAYMENT_MESSAGE,PAYMENT_MESSAGE_ONLY
EXT-ACC-000036,****8973,BANK-FOREIGN-JP-DEMO,JP,DUONG TAM KHOA,INDIVIDUAL,NAME_ONLY,,0.277,2025-10-06T15:35:07Z,2025-12-28T20:20:51Z,PAYMENT_MESSAGE,PAYMENT_MESSAGE_ONLY
EXT-ACC-000037,****1998,BANK-MBB-EXT,VN,TRAN HIEU VIET,INDIVIDUAL,NAME_ONLY,,0.105,2025-10-04T06:56:27Z,2025-12-30T18:56:54Z,PAYMENT_MESSAGE,PAYMENT_MESSAGE_ONLY
EXT-ACC-000038,****3579,BANK-VCB-EXT,VN,LY TRANG UY,INDIVIDUAL,NAME_ONLY,,0.178,2025-10-06T10:17:37Z,2025-12-28T23:19:03Z,PAYMENT_MESSAGE,PAYMENT_MESSAGE_ONLY
EXT-ACC-000039,****2113,BANK-FOREIGN-KR-DEMO,KR,HUYNH EM KIET,INDIVIDUAL,NAME_ONLY,,0.159,2025-10-03T09:30:12Z,2025-12-31T01:12:44Z,PAYMENT_MESSAGE,PAYMENT_MESSAGE_ONLY
EXT-ACC-000040,****1651,BANK-TCB-EXT,VN,MAI PHONG HIEU,INDIVIDUAL,NAME_ONLY,,0.055,2025-10-03T16:18:26Z,2025-12-30T04:02:41Z,PAYMENT_MESSAGE,PAYMENT_MESSAGE_ONLY
EXT-ACC-000041,****5272,BANK-ACB-EXT,VN,MAI UY TUAN,INDIVIDUAL,NAME_ONLY,,0.095,2025-10-06T06:47:01Z,2025-12-28T19:38:44Z,PAYMENT_MESSAGE,PAYMENT_MESSAGE_ONLY
EXT-ACC-000042,****8491,BANK-MBB-EXT,VN,HO HUNG THAO,INDIVIDUAL,NAME_ONLY,,0.105,2025-10-03T00:19:25Z,2025-12-29T09:05:28Z,PAYMENT_MESSAGE,PAYMENT_MESSAGE_ONLY
EXT-ACC-000043,****2200,BANK-VCB-EXT,VN,CAO DAO HAI,INDIVIDUAL,NAME_ONLY,,0.178,2025-10-03T22:37:30Z,2025-12-30T10:37:57Z,PAYMENT_MESSAGE,PAYMENT_MESSAGE_ONLY
EXT-ACC-000044,****7054,BANK-VPB-EXT,VN,DO EM PHONG,INDIVIDUAL,NAME_ONLY,,0.197,2025-10-06T11:41:51Z,2025-12-29T00:46:31Z,PAYMENT_MESSAGE,PAYMENT_MESSAGE_ONLY
EXT-ACC-000045,****5956,BANK-ACB-EXT,VN,EXTERNAL DEMO COMPANY 0054,COMPANY,REGISTRATION_NUMBER,EXT-REG-000054,0.095,2025-10-06T10:40:17Z,2025-12-28T23:44:58Z,PAYMENT_MESSAGE,PAYMENT_MESSAGE_ONLY
EXT-ACC-000046,****3200,BANK-VPB-EXT,VN,DOAN THAO HAI,INDIVIDUAL,NAME_ONLY,,0.197,2025-10-05T07:07:56Z,2025-12-31T17:34:25Z,PAYMENT_MESSAGE,PAYMENT_MESSAGE_ONLY
EXT-ACC-000047,****3546,BANK-VCB-EXT,VN,EXTERNAL DEMO COMPANY 0056,COMPANY,REGISTRATION_NUMBER,EXT-REG-000056,0.178,2025-10-06T07:35:37Z,2025-12-28T20:27:20Z,PAYMENT_MESSAGE,PAYMENT_MESSAGE_ONLY
EXT-ACC-000048,****9280,BANK-VPB-EXT,VN,BUI NAM QUANG,INDIVIDUAL,NAME_ONLY,,0.197,2025-10-05T12:22:12Z,2025-12-28T00:18:50Z,PAYMENT_MESSAGE,PAYMENT_MESSAGE_ONLY
EXT-ACC-000049,****1058,BANK-VCB-EXT,VN,NGO SON CHI,INDIVIDUAL,NAME_ONLY,,0.178,2025-10-05T23:06:57Z,2025-12-28T10:40:54Z,PAYMENT_MESSAGE,PAYMENT_MESSAGE_ONLY
EXT-ACC-000050,****8007,BANK-TCB-EXT,VN,VO LAN MY,INDIVIDUAL,NAME_ONLY,,0.055,2025-10-05T17:42:57Z,2025-12-28T05:52:33Z,PAYMENT_MESSAGE,PAYMENT_MESSAGE_ONLY
EXT-ACC-000051,****7049,BANK-VCB-EXT,VN,HOANG VIET CHI,INDIVIDUAL,NAME_ONLY,,0.178,2025-10-03T23:26:06Z,2025-12-30T11:07:07Z,PAYMENT_MESSAGE,PAYMENT_MESSAGE_ONLY
EXT-ACC-000052,****1653,BANK-TCB-EXT,VN,TRAN THAO BAO,INDIVIDUAL,NAME_ONLY,,0.055,2025-10-03T20:44:06Z,2025-12-30T08:41:19Z,PAYMENT_MESSAGE,PAYMENT_MESSAGE_ONLY
EXT-ACC-000053,****7658,BANK-TCB-EXT,VN,PHAM YEN XUAN,INDIVIDUAL,NAME_ONLY,,0.055,2025-10-06T08:24:13Z,2025-12-28T21:41:51Z,PAYMENT_MESSAGE,PAYMENT_MESSAGE_ONLY
EXT-ACC-000054,****4878,BANK-TCB-EXT,VN,EXTERNAL DEMO COMPANY 0063,COMPANY,REGISTRATION_NUMBER,EXT-REG-000063,0.055,2025-10-03T02:58:10Z,2025-12-29T12:42:33Z,PAYMENT_MESSAGE,PAYMENT_MESSAGE_ONLY
EXT-ACC-000055,****1406,BANK-TCB-EXT,VN,EXTERNAL DEMO COMPANY 0064,COMPANY,REGISTRATION_NUMBER,EXT-REG-000064,0.055,2025-10-03T20:34:23Z,2025-12-30T08:31:36Z,PAYMENT_MESSAGE,PAYMENT_MESSAGE_ONLY
EXT-ACC-000056,****7745,BANK-MBB-EXT,VN,EXTERNAL DEMO COMPANY 0065,COMPANY,REGISTRATION_NUMBER,EXT-REG-000065,0.105,2025-10-03T14:38:00Z,2025-12-30T02:25:29Z,PAYMENT_MESSAGE,PAYMENT_MESSAGE_ONLY
EXT-ACC-000057,****8711,BANK-TCB-EXT,VN,PHAM CUONG CHI,INDIVIDUAL,NAME_ONLY,,0.055,2025-10-04T04:37:08Z,2025-12-30T15:58:42Z,PAYMENT_MESSAGE,PAYMENT_MESSAGE_ONLY
EXT-ACC-000058,****4164,BANK-ACB-EXT,VN,VU NGA BINH,INDIVIDUAL,NAME_ONLY,,0.095,2025-10-03T05:53:08Z,2025-12-29T16:29:20Z,PAYMENT_MESSAGE,PAYMENT_MESSAGE_ONLY
EXT-ACC-000059,****5573,BANK-MBB-EXT,VN,EXTERNAL DEMO COMPANY 0068,COMPANY,REGISTRATION_NUMBER,EXT-REG-000068,0.105,2025-10-04T02:37:15Z,2025-12-30T14:44:11Z,PAYMENT_MESSAGE,PAYMENT_MESSAGE_ONLY
EXT-ACC-000060,****2889,BANK-VPB-EXT,VN,DOAN VAN BINH,INDIVIDUAL,NAME_ONLY,,0.197,2025-10-04T00:27:39Z,2025-12-30T12:24:52Z,PAYMENT_MESSAGE,PAYMENT_MESSAGE_ONLY
EXT-ACC-000061,****8119,BANK-MBB-EXT,VN,VO CHI HAI,INDIVIDUAL,NAME_ONLY,,0.105,2025-10-04T19:24:52Z,2025-12-31T06:17:17Z,PAYMENT_MESSAGE,PAYMENT_MESSAGE_ONLY
EXT-ACC-000062,****4114,BANK-MBB-EXT,VN,TRINH HANH CUONG,INDIVIDUAL,NAME_ONLY,,0.105,2025-10-06T00:40:54Z,2025-12-28T12:47:16Z,PAYMENT_MESSAGE,PAYMENT_MESSAGE_ONLY
EXT-ACC-000063,****8066,BANK-ACB-EXT,VN,DOAN MINH BAO,INDIVIDUAL,NAME_ONLY,,0.095,2025-10-05T05:46:56Z,2025-12-31T16:13:26Z,PAYMENT_MESSAGE,PAYMENT_MESSAGE_ONLY
EXT-ACC-000064,****6143,BANK-FOREIGN-DE-DEMO,DE,EXTERNAL DEMO COMPANY 0073,COMPANY,REGISTRATION_NUMBER,EXT-REG-000073,0.216,2025-10-03T11:17:07Z,2025-12-31T02:27:15Z,PAYMENT_MESSAGE,PAYMENT_MESSAGE_ONLY
EXT-ACC-000065,****7691,BANK-VCB-EXT,VN,DANG TRANG THAO,INDIVIDUAL,NAME_ONLY,,0.178,2025-10-03T04:22:25Z,2025-12-29T14:35:56Z,PAYMENT_MESSAGE,PAYMENT_MESSAGE_ONLY
EXT-ACC-000066,****3851,BANK-MBB-EXT,VN,PHAN HOA CUONG,INDIVIDUAL,NAME_ONLY,,0.105,2025-10-05T03:21:08Z,2025-12-31T14:29:45Z,PAYMENT_MESSAGE,PAYMENT_MESSAGE_ONLY
EXT-ACC-000067,****4443,BANK-MBB-EXT,VN,NGUYEN THAO TAM,INDIVIDUAL,NAME_ONLY,,0.105,2025-10-04T05:58:08Z,2025-12-30T17:29:25Z,PAYMENT_MESSAGE,PAYMENT_MESSAGE_ONLY
EXT-ACC-000068,****8244,BANK-VPB-EXT,VN,BUI OANH MY,INDIVIDUAL,NAME_ONLY,,0.197,2025-10-05T17:46:12Z,2025-12-28T05:55:47Z,PAYMENT_MESSAGE,PAYMENT_MESSAGE_ONLY
EXT-ACC-000069,****9445,BANK-VPB-EXT,VN,HUYNH GIANG TAM,INDIVIDUAL,NAME_ONLY,,0.197,2025-10-05T11:33:36Z,2025-12-31T23:04:54Z,PAYMENT_MESSAGE,PAYMENT_MESSAGE_ONLY
EXT-ACC-000070,****4262,BANK-VPB-EXT,VN,VU THAO NGA,INDIVIDUAL,NAME_ONLY,,0.197,2025-10-03T11:30:05Z,2025-12-29T23:04:37Z,PAYMENT_MESSAGE,PAYMENT_MESSAGE_ONLY
EXT-ACC-000071,****8461,BANK-VCB-EXT,VN,LY NHI EM,INDIVIDUAL,NAME_ONLY,,0.178,2025-10-05T22:05:23Z,2025-12-28T09:03:42Z,PAYMENT_MESSAGE,PAYMENT_MESSAGE_ONLY
EXT-ACC-000072,****4997,BANK-VPB-EXT,VN,HO QUYNH DIEP,INDIVIDUAL,NAME_ONLY,,0.197,2025-10-04T09:31:58Z,2025-12-30T20:37:20Z,PAYMENT_MESSAGE,PAYMENT_MESSAGE_ONLY
EXT-ACC-000073,****2746,BANK-VCB-EXT,VN,EXTERNAL DEMO COMPANY 0082,COMPANY,REGISTRATION_NUMBER,EXT-REG-000082,0.178,2025-10-06T16:39:55Z,2025-12-29T06:20:14Z,PAYMENT_MESSAGE,PAYMENT_MESSAGE_ONLY
EXT-ACC-000074,****5082,BANK-TCB-EXT,VN,TRINH OANH DUNG,INDIVIDUAL,NAME_ONLY,,0.055,2025-10-05T05:21:01Z,2025-12-31T16:03:42Z,PAYMENT_MESSAGE,PAYMENT_MESSAGE_ONLY
EXT-ACC-000075,****6198,BANK-VCB-EXT,VN,DUONG UY XUAN,INDIVIDUAL,NAME_ONLY,,0.178,2025-10-03T09:56:07Z,2025-12-29T20:48:32Z,PAYMENT_MESSAGE,PAYMENT_MESSAGE_ONLY
EXT-ACC-000076,****8305,BANK-ACB-EXT,VN,TRINH KHOA XUAN,INDIVIDUAL,NAME_ONLY,,0.095,2025-10-06T01:52:11Z,2025-12-28T14:43:54Z,PAYMENT_MESSAGE,PAYMENT_MESSAGE_ONLY
EXT-ACC-000077,****8939,BANK-ACB-EXT,VN,VU SON UY,INDIVIDUAL,NAME_ONLY,,0.095,2025-10-05T13:10:48Z,2025-12-28T01:17:09Z,PAYMENT_MESSAGE,PAYMENT_MESSAGE_ONLY
EXT-ACC-000078,****6502,BANK-MBB-EXT,VN,DANG PHONG SON,INDIVIDUAL,NAME_ONLY,,0.105,2025-10-03T03:01:25Z,2025-12-29T12:45:47Z,PAYMENT_MESSAGE,PAYMENT_MESSAGE_ONLY
EXT-ACC-000079,****3503,BANK-VPB-EXT,VN,HOANG NGA CUONG,INDIVIDUAL,NAME_ONLY,,0.197,2025-10-06T04:14:44Z,2025-12-28T17:06:27Z,PAYMENT_MESSAGE,PAYMENT_MESSAGE_ONLY
EXT-ACC-000080,****7812,BANK-VCB-EXT,VN,BUI VIET OANH,INDIVIDUAL,NAME_ONLY,,0.178,2025-10-04T16:00:45Z,2025-12-31T02:33:44Z,PAYMENT_MESSAGE,PAYMENT_MESSAGE_ONLY
EXT-ACC-000081,****7232,BANK-FOREIGN-JP-DEMO,JP,MAI BINH DAO,INDIVIDUAL,NAME_ONLY,,0.277,2025-10-05T01:56:54Z,2025-12-27T15:37:13Z,PAYMENT_MESSAGE,PAYMENT_MESSAGE_ONLY
EXT-ACC-000082,****9947,BANK-MBB-EXT,VN,HO HOA VIET,INDIVIDUAL,NAME_ONLY,,0.105,2025-10-05T03:27:37Z,2025-12-31T14:36:14Z,PAYMENT_MESSAGE,PAYMENT_MESSAGE_ONLY
EXT-ACC-000083,****1475,BANK-TCB-EXT,VN,VO KHOA QUYNH,INDIVIDUAL,NAME_ONLY,,0.055,2025-10-04T21:18:16Z,2025-12-31T08:33:21Z,PAYMENT_MESSAGE,PAYMENT_MESSAGE_ONLY
EXT-ACC-000084,****8657,BANK-ACB-EXT,VN,EXTERNAL DEMO COMPANY 0093,COMPANY,REGISTRATION_NUMBER,EXT-REG-000093,0.095,2025-10-06T08:14:30Z,2025-12-28T21:32:08Z,PAYMENT_MESSAGE,PAYMENT_MESSAGE_ONLY
EXT-ACC-000085,****1444,BANK-VPB-EXT,VN,HO HIEU DAO,INDIVIDUAL,NAME_ONLY,,0.197,2025-10-03T02:22:32Z,2025-12-29T11:37:45Z,PAYMENT_MESSAGE,PAYMENT_MESSAGE_ONLY
EXT-ACC-000086,****5262,BANK-FOREIGN-JP-DEMO,JP,DUONG LINH DUNG,INDIVIDUAL,NAME_ONLY,,0.277,2025-10-03T20:50:35Z,2025-12-31T07:41:31Z,PAYMENT_MESSAGE,PAYMENT_MESSAGE_ONLY
EXT-ACC-000087,****7906,BANK-TCB-EXT,VN,BUI CUONG SON,INDIVIDUAL,NAME_ONLY,,0.055,2025-10-03T06:38:29Z,2025-12-29T17:24:25Z,PAYMENT_MESSAGE,PAYMENT_MESSAGE_ONLY
EXT-ACC-000088,****4673,BANK-VCB-EXT,VN,DOAN DUNG YEN,INDIVIDUAL,NAME_ONLY,,0.178,2025-10-05T14:02:39Z,2025-12-28T01:59:17Z,PAYMENT_MESSAGE,PAYMENT_MESSAGE_ONLY
EXT-ACC-000089,****5051,BANK-VCB-EXT,VN,EXTERNAL DEMO COMPANY 0098,COMPANY,REGISTRATION_NUMBER,EXT-REG-000098,0.178,2025-10-03T07:07:39Z,2025-12-29T18:03:18Z,PAYMENT_MESSAGE,PAYMENT_MESSAGE_ONLY
EXT-ACC-000090,****2874,BANK-VCB-EXT,VN,VU HUNG PHUONG,INDIVIDUAL,NAME_ONLY,,0.178,2025-10-06T03:09:57Z,2025-12-28T15:48:42Z,PAYMENT_MESSAGE,PAYMENT_MESSAGE_ONLY
EXT-ACC-000091,****2876,BANK-TCB-EXT,VN,VO BAO LAN,INDIVIDUAL,NAME_ONLY,,0.055,2025-10-04T01:29:13Z,2025-12-30T13:32:54Z,PAYMENT_MESSAGE,PAYMENT_MESSAGE_ONLY
EXT-ACC-000092,****2771,BANK-TCB-EXT,VN,EXTERNAL DEMO COMPANY 0101,COMPANY,REGISTRATION_NUMBER,EXT-REG-000101,0.055,2025-10-03T21:29:28Z,2025-12-30T09:39:38Z,PAYMENT_MESSAGE,PAYMENT_MESSAGE_ONLY
EXT-ACC-000093,****2245,BANK-MBB-EXT,VN,HO DIEP MINH,INDIVIDUAL,NAME_ONLY,,0.105,2025-10-06T14:27:05Z,2025-12-29T04:04:09Z,PAYMENT_MESSAGE,PAYMENT_MESSAGE_ONLY
EXT-ACC-000094,****1672,BANK-TCB-EXT,VN,DANG KIET HANH,INDIVIDUAL,NAME_ONLY,,0.055,2025-10-05T00:00:16Z,2025-12-31T11:12:07Z,PAYMENT_MESSAGE,PAYMENT_MESSAGE_ONLY
EXT-ACC-000095,****1207,BANK-ACB-EXT,VN,LE TRANG VAN,INDIVIDUAL,NAME_ONLY,,0.095,2025-10-04T00:11:28Z,2025-12-30T12:11:55Z,PAYMENT_MESSAGE,PAYMENT_MESSAGE_ONLY
EXT-ACC-000096,****8135,BANK-ACB-EXT,VN,DO OANH KHANH,INDIVIDUAL,NAME_ONLY,,0.095,2025-10-05T16:54:21Z,2025-12-28T05:10:26Z,PAYMENT_MESSAGE,PAYMENT_MESSAGE_ONLY
EXT-ACC-000097,****5425,BANK-VPB-EXT,VN,EXTERNAL DEMO COMPANY 0106,COMPANY,REGISTRATION_NUMBER,EXT-REG-000106,0.197,2025-10-03T09:33:26Z,2025-12-29T20:25:51Z,PAYMENT_MESSAGE,PAYMENT_MESSAGE_ONLY
EXT-ACC-000098,****8616,BANK-VPB-EXT,VN,EXTERNAL DEMO COMPANY 0107,COMPANY,REGISTRATION_NUMBER,EXT-REG-000107,0.197,2025-10-05T02:42:16Z,2025-12-31T13:28:11Z,PAYMENT_MESSAGE,PAYMENT_MESSAGE_ONLY
EXT-ACC-000099,****8385,BANK-VPB-EXT,VN,VU GIANG SON,INDIVIDUAL,NAME_ONLY,,0.197,2025-10-04T01:58:23Z,2025-12-30T14:05:18Z,PAYMENT_MESSAGE,PAYMENT_MESSAGE_ONLY
EXT-ACC-000100,****9098,BANK-ACB-EXT,VN,HO VAN BINH,INDIVIDUAL,NAME_ONLY,,0.095,2025-10-06T11:06:13Z,2025-12-29T00:23:51Z,PAYMENT_MESSAGE,PAYMENT_MESSAGE_ONLY
EXT-ACC-000101,****5581,BANK-TCB-EXT,VN,DO QUANG VAN,INDIVIDUAL,NAME_ONLY,,0.055,2025-10-04T02:11:20Z,2025-12-30T14:15:02Z,PAYMENT_MESSAGE,PAYMENT_MESSAGE_ONLY
EXT-ACC-000102,****4954,BANK-MBB-EXT,VN,TRINH MINH GIANG,INDIVIDUAL,NAME_ONLY,,0.105,2025-10-04T15:31:36Z,2025-12-31T02:11:03Z,PAYMENT_MESSAGE,PAYMENT_MESSAGE_ONLY
EXT-ACC-000103,****8342,BANK-ACB-EXT,VN,VU PHUONG QUYNH,INDIVIDUAL,NAME_ONLY,,0.095,2025-10-06T16:20:29Z,2025-12-29T05:44:36Z,PAYMENT_MESSAGE,PAYMENT_MESSAGE_ONLY
EXT-ACC-000104,****7046,BANK-VCB-EXT,VN,HO PHONG THAO,INDIVIDUAL,NAME_ONLY,,0.178,2025-10-06T02:44:01Z,2025-12-28T15:26:01Z,PAYMENT_MESSAGE,PAYMENT_MESSAGE_ONLY
EXT-ACC-000105,****8434,BANK-VPB-EXT,VN,DOAN VAN YEN,INDIVIDUAL,NAME_ONLY,,0.197,2025-10-03T19:00:26Z,2025-12-30T07:20:19Z,PAYMENT_MESSAGE,PAYMENT_MESSAGE_ONLY
EXT-ACC-000106,****9779,BANK-MBB-EXT,VN,PHAN TUAN HANH,INDIVIDUAL,NAME_ONLY,,0.105,2025-10-05T18:28:19Z,2025-12-28T06:21:43Z,PAYMENT_MESSAGE,PAYMENT_MESSAGE_ONLY
EXT-ACC-000107,****9595,BANK-TCB-EXT,VN,LY SON HIEU,INDIVIDUAL,NAME_ONLY,,0.055,2025-10-03T03:24:05Z,2025-12-29T13:31:09Z,PAYMENT_MESSAGE,PAYMENT_MESSAGE_ONLY
EXT-ACC-000108,****5853,BANK-VCB-EXT,VN,EXTERNAL DEMO COMPANY 0117,COMPANY,REGISTRATION_NUMBER,EXT-REG-000117,0.178,2025-10-06T12:53:08Z,2025-12-29T02:01:02Z,PAYMENT_MESSAGE,PAYMENT_MESSAGE_ONLY
EXT-ACC-000109,****1745,BANK-TCB-EXT,VN,DOAN HUNG SON,INDIVIDUAL,NAME_ONLY,,0.055,2025-10-05T03:56:47Z,2025-12-31T14:52:26Z,PAYMENT_MESSAGE,PAYMENT_MESSAGE_ONLY
EXT-ACC-000110,****1200,BANK-VPB-EXT,VN,HOANG QUYNH HAI,INDIVIDUAL,NAME_ONLY,,0.197,2025-10-06T08:56:37Z,2025-12-28T22:20:44Z,PAYMENT_MESSAGE,PAYMENT_MESSAGE_ONLY
EXT-ACC-000111,****5136,BANK-ACB-EXT,VN,BUI LINH DUNG,INDIVIDUAL,NAME_ONLY,,0.095,2025-10-03T14:41:14Z,2025-12-30T02:31:58Z,PAYMENT_MESSAGE,PAYMENT_MESSAGE_ONLY
EXT-ACC-000112,****2213,BANK-ACB-EXT,VN,LE DIEP QUYNH,INDIVIDUAL,NAME_ONLY,,0.095,2025-10-03T14:02:21Z,2025-12-30T02:15:46Z,PAYMENT_MESSAGE,PAYMENT_MESSAGE_ONLY
EXT-ACC-000113,****5066,BANK-VCB-EXT,VN,MAI THAO GIANG,INDIVIDUAL,NAME_ONLY,,0.178,2025-10-05T22:31:19Z,2025-12-28T09:42:35Z,PAYMENT_MESSAGE,PAYMENT_MESSAGE_ONLY
EXT-ACC-000114,****7232,BANK-FOREIGN-JP-DEMO,JP,CAO NGA UY,INDIVIDUAL,NAME_ONLY,,0.277,2025-10-08T08:01:49Z,2025-12-30T13:19:57Z,PAYMENT_MESSAGE,PAYMENT_MESSAGE_ONLY
EXT-ACC-000115,****1986,BANK-ACB-EXT,VN,MAI KHOA THAO,INDIVIDUAL,NAME_ONLY,,0.095,2025-10-06T03:55:18Z,2025-12-28T16:30:49Z,PAYMENT_MESSAGE,PAYMENT_MESSAGE_ONLY
EXT-ACC-000116,****4404,BANK-VCB-EXT,VN,EXTERNAL DEMO COMPANY 0125,COMPANY,REGISTRATION_NUMBER,EXT-REG-000125,0.178,2025-10-06T00:34:26Z,2025-12-28T12:37:32Z,PAYMENT_MESSAGE,PAYMENT_MESSAGE_ONLY
EXT-ACC-000117,****2229,BANK-MBB-EXT,VN,HUYNH PHONG LINH,INDIVIDUAL,NAME_ONLY,,0.105,2025-10-03T06:32:00Z,2025-12-29T17:21:11Z,PAYMENT_MESSAGE,PAYMENT_MESSAGE_ONLY
EXT-ACC-000118,****1534,BANK-ACB-EXT,VN,CAO PHUONG TAM,INDIVIDUAL,NAME_ONLY,,0.095,2025-10-03T10:15:34Z,2025-12-29T21:56:34Z,PAYMENT_MESSAGE,PAYMENT_MESSAGE_ONLY
EXT-ACC-000119,****5334,BANK-MBB-EXT,VN,DUONG EM NGA,INDIVIDUAL,NAME_ONLY,,0.105,2025-10-03T04:48:20Z,2025-12-29T15:05:06Z,PAYMENT_MESSAGE,PAYMENT_MESSAGE_ONLY
EXT-ACC-000120,****9922,BANK-VPB-EXT,VN,PHAN KHOA HANH,INDIVIDUAL,NAME_ONLY,,0.197,2025-10-04T18:23:19Z,2025-12-31T04:43:19Z,PAYMENT_MESSAGE,PAYMENT_MESSAGE_ONLY
EXT-ACC-000121,****3330,BANK-TCB-EXT,VN,EXTERNAL DEMO COMPANY 0130,COMPANY,REGISTRATION_NUMBER,EXT-REG-000130,0.055,2025-10-05T20:57:21Z,2025-12-28T08:11:52Z,PAYMENT_MESSAGE,PAYMENT_MESSAGE_ONLY
EXT-ACC-000122,****5728,BANK-FOREIGN-CN-DEMO,CN,EXTERNAL DEMO COMPANY 0131,COMPANY,REGISTRATION_NUMBER,EXT-REG-000131,0.418,2025-10-07T09:21:03Z,2025-12-29T15:21:18Z,PAYMENT_MESSAGE,PAYMENT_MESSAGE_ONLY
EXT-ACC-000123,****9847,BANK-ACB-EXT,VN,HO SON TRANG,INDIVIDUAL,NAME_ONLY,,0.095,2025-10-03T07:01:10Z,2025-12-29T17:47:06Z,PAYMENT_MESSAGE,PAYMENT_MESSAGE_ONLY
EXT-ACC-000124,****5102,BANK-VCB-EXT,VN,NGO TUAN KIET,INDIVIDUAL,NAME_ONLY,,0.178,2025-10-04T20:42:38Z,2025-12-31T08:04:12Z,PAYMENT_MESSAGE,PAYMENT_MESSAGE_ONLY
EXT-ACC-000125,****1339,BANK-FOREIGN-CN-DEMO,CN,EXTERNAL DEMO COMPANY 0134,COMPANY,REGISTRATION_NUMBER,EXT-REG-000134,0.418,2025-10-07T14:45:03Z,2025-12-29T18:42:10Z,PAYMENT_MESSAGE,PAYMENT_MESSAGE_ONLY
EXT-ACC-000126,****8245,BANK-MBB-EXT,VN,HUYNH PHUONG UY,INDIVIDUAL,NAME_ONLY,,0.105,2025-10-04T18:03:52Z,2025-12-31T04:20:39Z,PAYMENT_MESSAGE,PAYMENT_MESSAGE_ONLY
EXT-ACC-000127,****8141,BANK-TCB-EXT,VN,EXTERNAL DEMO COMPANY 0136,COMPANY,REGISTRATION_NUMBER,EXT-REG-000136,0.055,2025-10-03T17:58:52Z,2025-12-30T05:43:07Z,PAYMENT_MESSAGE,PAYMENT_MESSAGE_ONLY
EXT-ACC-000128,****8700,BANK-ACB-EXT,VN,EXTERNAL DEMO COMPANY 0137,COMPANY,REGISTRATION_NUMBER,EXT-REG-000137,0.095,2025-10-05T00:48:52Z,2025-12-31T12:23:24Z,PAYMENT_MESSAGE,PAYMENT_MESSAGE_ONLY
EXT-ACC-000129,****7744,BANK-MBB-EXT,VN,PHAM LAN VAN,INDIVIDUAL,NAME_ONLY,,0.105,2025-10-04T23:37:35Z,2025-12-31T10:42:57Z,PAYMENT_MESSAGE,PAYMENT_MESSAGE_ONLY
EXT-ACC-000130,****8451,BANK-MBB-EXT,VN,HO XUAN CHI,INDIVIDUAL,NAME_ONLY,,0.105,2025-10-03T04:35:22Z,2025-12-29T14:48:54Z,PAYMENT_MESSAGE,PAYMENT_MESSAGE_ONLY
EXT-ACC-000131,****9889,BANK-FOREIGN-US-DEMO,US,HO TRANG AN,INDIVIDUAL,NAME_ONLY,,0.176,2025-10-08T00:44:26Z,2025-12-30T04:09:10Z,PAYMENT_MESSAGE,PAYMENT_MESSAGE_ONLY
EXT-ACC-000132,****8242,BANK-VCB-EXT,VN,DO NHI QUYNH,INDIVIDUAL,NAME_ONLY,,0.178,2025-10-05T17:39:43Z,2025-12-28T05:49:19Z,PAYMENT_MESSAGE,PAYMENT_MESSAGE_ONLY
EXT-ACC-000133,****8941,BANK-TCB-EXT,VN,HOANG TAM MY,INDIVIDUAL,NAME_ONLY,,0.055,2025-10-06T11:38:37Z,2025-12-29T00:40:03Z,PAYMENT_MESSAGE,PAYMENT_MESSAGE_ONLY
EXT-ACC-000134,****3594,BANK-VPB-EXT,VN,EXTERNAL DEMO COMPANY 0143,COMPANY,REGISTRATION_NUMBER,EXT-REG-000143,0.197,2025-10-03T13:17:00Z,2025-12-30T01:53:05Z,PAYMENT_MESSAGE,PAYMENT_MESSAGE_ONLY
EXT-ACC-000135,****8560,BANK-VCB-EXT,VN,LE NGA HANH,INDIVIDUAL,NAME_ONLY,,0.178,2025-10-03T05:11:00Z,2025-12-29T15:24:32Z,PAYMENT_MESSAGE,PAYMENT_MESSAGE_ONLY
EXT-ACC-000136,****7807,BANK-TCB-EXT,VN,DANG TRANG SON,INDIVIDUAL,NAME_ONLY,,0.055,2025-10-03T23:32:35Z,2025-12-30T11:13:35Z,PAYMENT_MESSAGE,PAYMENT_MESSAGE_ONLY
EXT-ACC-000137,****4122,BANK-ACB-EXT,VN,DOAN KHANH CUONG,INDIVIDUAL,NAME_ONLY,,0.095,2025-10-05T17:52:41Z,2025-12-28T05:59:02Z,PAYMENT_MESSAGE,PAYMENT_MESSAGE_ONLY
EXT-ACC-000138,****3236,BANK-VPB-EXT,VN,EXTERNAL DEMO COMPANY 0147,COMPANY,REGISTRATION_NUMBER,EXT-REG-000147,0.197,2025-10-03T07:40:03Z,2025-12-29T18:35:42Z,PAYMENT_MESSAGE,PAYMENT_MESSAGE_ONLY
EXT-ACC-000139,****7798,BANK-MBB-EXT,VN,EXTERNAL DEMO COMPANY 0148,COMPANY,REGISTRATION_NUMBER,EXT-REG-000148,0.105,2025-10-04T21:31:14Z,2025-12-31T08:52:48Z,PAYMENT_MESSAGE,PAYMENT_MESSAGE_ONLY
EXT-ACC-000140,****9022,BANK-VPB-EXT,VN,NGUYEN TAM THAO,INDIVIDUAL,NAME_ONLY,,0.197,2025-10-05T20:15:14Z,2025-12-28T07:42:42Z,PAYMENT_MESSAGE,PAYMENT_MESSAGE_ONLY
EXT-ACC-000141,****9903,BANK-ACB-EXT,VN,DO VAN XUAN,INDIVIDUAL,NAME_ONLY,,0.095,2025-10-04T18:33:02Z,2025-12-31T04:49:48Z,PAYMENT_MESSAGE,PAYMENT_MESSAGE_ONLY
EXT-ACC-000142,****4912,BANK-MBB-EXT,VN,EXTERNAL DEMO COMPANY 0151,COMPANY,REGISTRATION_NUMBER,EXT-REG-000151,0.105,2025-10-06T01:39:13Z,2025-12-28T13:58:32Z,PAYMENT_MESSAGE,PAYMENT_MESSAGE_ONLY
EXT-ACC-000143,****7730,BANK-TCB-EXT,VN,EXTERNAL DEMO COMPANY 0152,COMPANY,REGISTRATION_NUMBER,EXT-REG-000152,0.055,2025-10-06T06:50:15Z,2025-12-28T19:45:13Z,PAYMENT_MESSAGE,PAYMENT_MESSAGE_ONLY
EXT-ACC-000144,****9115,BANK-FOREIGN-DE-DEMO,DE,HO CUONG KHANH,INDIVIDUAL,NAME_ONLY,,0.216,2025-10-06T19:28:24Z,2025-12-28T23:15:48Z,PAYMENT_MESSAGE,PAYMENT_MESSAGE_ONLY
EXT-ACC-000145,****8213,BANK-TCB-EXT,VN,MAI VAN HAI,INDIVIDUAL,NAME_ONLY,,0.055,2025-10-04T22:26:18Z,2025-12-31T09:38:09Z,PAYMENT_MESSAGE,PAYMENT_MESSAGE_ONLY
EXT-ACC-000146,****2225,BANK-FOREIGN-JP-DEMO,JP,HOANG HOA KHANH,INDIVIDUAL,NAME_ONLY,,0.277,2025-10-05T21:20:02Z,2025-12-27T21:30:22Z,PAYMENT_MESSAGE,PAYMENT_MESSAGE_ONLY
EXT-ACC-000147,****9742,BANK-MBB-EXT,VN,HO GIANG VAN,INDIVIDUAL,NAME_ONLY,,0.105,2025-10-05T14:35:02Z,2025-12-28T02:25:12Z,PAYMENT_MESSAGE,PAYMENT_MESSAGE_ONLY
EXT-ACC-000148,****2121,BANK-MBB-EXT,VN,LY VIET CHI,INDIVIDUAL,NAME_ONLY,,0.105,2025-10-05T00:13:13Z,2025-12-31T11:38:02Z,PAYMENT_MESSAGE,PAYMENT_MESSAGE_ONLY
EXT-ACC-000149,****2480,BANK-MBB-EXT,VN,EXTERNAL DEMO COMPANY 0158,COMPANY,REGISTRATION_NUMBER,EXT-REG-000158,0.105,2025-10-06T08:53:22Z,2025-12-28T22:17:29Z,PAYMENT_MESSAGE,PAYMENT_MESSAGE_ONLY
EXT-ACC-000150,****2646,BANK-VCB-EXT,VN,EXTERNAL DEMO COMPANY 0159,COMPANY,REGISTRATION_NUMBER,EXT-REG-000159,0.178,2025-10-04T21:08:33Z,2025-12-31T08:20:24Z,PAYMENT_MESSAGE,PAYMENT_MESSAGE_ONLY
EXT-ACC-000151,****1753,BANK-MBB-EXT,VN,EXTERNAL DEMO COMPANY 0160,COMPANY,REGISTRATION_NUMBER,EXT-REG-000160,0.105,2025-10-03T22:11:35Z,2025-12-30T10:02:19Z,PAYMENT_MESSAGE,PAYMENT_MESSAGE_ONLY
EXT-ACC-000152,****5000,BANK-VCB-EXT,VN,DO KHOA KHANH,INDIVIDUAL,NAME_ONLY,,0.178,2025-10-05T21:07:04Z,2025-12-28T08:24:50Z,PAYMENT_MESSAGE,PAYMENT_MESSAGE_ONLY
EXT-ACC-000153,****2293,BANK-VPB-EXT,VN,HUYNH LAN LINH,INDIVIDUAL,NAME_ONLY,,0.197,2025-10-05T05:24:15Z,2025-12-31T16:06:57Z,PAYMENT_MESSAGE,PAYMENT_MESSAGE_ONLY
EXT-ACC-000154,****3344,BANK-ACB-EXT,VN,VU QUYNH HIEU,INDIVIDUAL,NAME_ONLY,,0.095,2025-10-03T07:04:24Z,2025-12-29T18:00:03Z,PAYMENT_MESSAGE,PAYMENT_MESSAGE_ONLY
EXT-ACC-000155,****9955,BANK-MBB-EXT,VN,NGUYEN OANH TAM,INDIVIDUAL,NAME_ONLY,,0.105,2025-10-04T19:08:40Z,2025-12-31T05:54:36Z,PAYMENT_MESSAGE,PAYMENT_MESSAGE_ONLY
EXT-ACC-000156,****5901,BANK-ACB-EXT,VN,EXTERNAL DEMO COMPANY 0165,COMPANY,REGISTRATION_NUMBER,EXT-REG-000165,0.095,2025-10-04T05:12:46Z,2025-12-30T16:50:33Z,PAYMENT_MESSAGE,PAYMENT_MESSAGE_ONLY
EXT-ACC-000157,****7302,BANK-ACB-EXT,VN,DUONG THAO MINH,INDIVIDUAL,NAME_ONLY,,0.095,2025-10-06T16:17:15Z,2025-12-29T05:41:21Z,PAYMENT_MESSAGE,PAYMENT_MESSAGE_ONLY
EXT-ACC-000158,****5847,BANK-VCB-EXT,VN,MAI YEN DAO,INDIVIDUAL,NAME_ONLY,,0.178,2025-10-03T21:16:30Z,2025-12-30T09:20:12Z,PAYMENT_MESSAGE,PAYMENT_MESSAGE_ONLY
EXT-ACC-000159,****1803,BANK-MBB-EXT,VN,HO SON AN,INDIVIDUAL,NAME_ONLY,,0.105,2025-10-06T07:25:54Z,2025-12-28T20:14:22Z,PAYMENT_MESSAGE,PAYMENT_MESSAGE_ONLY
EXT-ACC-000160,****5689,BANK-ACB-EXT,VN,EXTERNAL DEMO COMPANY 0169,COMPANY,REGISTRATION_NUMBER,EXT-REG-000169,0.095,2025-10-06T14:33:34Z,2025-12-29T04:07:24Z,PAYMENT_MESSAGE,PAYMENT_MESSAGE_ONLY
EXT-ACC-000161,****5106,BANK-TCB-EXT,VN,DO NGA MINH,INDIVIDUAL,NAME_ONLY,,0.055,2025-10-03T19:19:52Z,2025-12-30T07:26:48Z,PAYMENT_MESSAGE,PAYMENT_MESSAGE_ONLY
EXT-ACC-000162,****1546,BANK-TCB-EXT,VN,TRAN THAO MY,INDIVIDUAL,NAME_ONLY,,0.055,2025-10-03T07:27:05Z,2025-12-29T18:13:01Z,PAYMENT_MESSAGE,PAYMENT_MESSAGE_ONLY
EXT-ACC-000163,****3877,BANK-TCB-EXT,VN,DANG TUAN HOA,INDIVIDUAL,NAME_ONLY,,0.055,2025-10-06T00:50:38Z,2025-12-28T12:53:44Z,PAYMENT_MESSAGE,PAYMENT_MESSAGE_ONLY
EXT-ACC-000164,****6994,BANK-VPB-EXT,VN,EXTERNAL DEMO COMPANY 0173,COMPANY,REGISTRATION_NUMBER,EXT-REG-000173,0.197,2025-10-03T15:39:33Z,2025-12-30T03:40:00Z,PAYMENT_MESSAGE,PAYMENT_MESSAGE_ONLY
EXT-ACC-000165,****5210,BANK-MBB-EXT,VN,EXTERNAL DEMO COMPANY 0174,COMPANY,REGISTRATION_NUMBER,EXT-REG-000174,0.105,2025-10-06T03:58:32Z,2025-12-28T16:40:32Z,PAYMENT_MESSAGE,PAYMENT_MESSAGE_ONLY
EXT-ACC-000166,****5835,BANK-ACB-EXT,VN,EXTERNAL DEMO COMPANY 0175,COMPANY,REGISTRATION_NUMBER,EXT-REG-000175,0.095,2025-10-05T19:42:50Z,2025-12-28T07:20:02Z,PAYMENT_MESSAGE,PAYMENT_MESSAGE_ONLY
EXT-ACC-000167,****8673,BANK-MBB-EXT,VN,EXTERNAL DEMO COMPANY 0176,COMPANY,REGISTRATION_NUMBER,EXT-REG-000176,0.105,2025-10-05T21:29:45Z,2025-12-28T08:28:04Z,PAYMENT_MESSAGE,PAYMENT_MESSAGE_ONLY
EXT-ACC-000168,****4696,BANK-TCB-EXT,VN,EXTERNAL DEMO COMPANY 0177,COMPANY,REGISTRATION_NUMBER,EXT-REG-000177,0.055,2025-10-03T04:12:41Z,2025-12-29T14:22:59Z,PAYMENT_MESSAGE,PAYMENT_MESSAGE_ONLY
EXT-ACC-000169,****6992,BANK-ACB-EXT,VN,EXTERNAL DEMO COMPANY 0178,COMPANY,REGISTRATION_NUMBER,EXT-REG-000178,0.095,2025-10-04T18:13:35Z,2025-12-31T04:30:22Z,PAYMENT_MESSAGE,PAYMENT_MESSAGE_ONLY
EXT-ACC-000170,****7038,BANK-FOREIGN-JP-DEMO,JP,DOAN HANH OANH,INDIVIDUAL,NAME_ONLY,,0.277,2025-10-06T18:56:00Z,2025-12-28T23:06:05Z,PAYMENT_MESSAGE,PAYMENT_MESSAGE_ONLY
EXT-ACC-000171,****8724,BANK-MBB-EXT,VN,DO HAI NGA,INDIVIDUAL,NAME_ONLY,,0.105,2025-10-06T18:17:07Z,2025-12-29T07:54:11Z,PAYMENT_MESSAGE,PAYMENT_MESSAGE_ONLY
EXT-ACC-000172,****8606,BANK-FOREIGN-KR-DEMO,KR,CAO NGA EM,INDIVIDUAL,NAME_ONLY,,0.159,2025-10-08T07:13:13Z,2025-12-30T12:54:02Z,PAYMENT_MESSAGE,PAYMENT_MESSAGE_ONLY
EXT-ACC-000173,****1609,BANK-MBB-EXT,VN,PHAM HUNG CHI,INDIVIDUAL,NAME_ONLY,,0.105,2025-10-05T13:43:12Z,2025-12-28T01:43:05Z,PAYMENT_MESSAGE,PAYMENT_MESSAGE_ONLY
EXT-ACC-000174,****7367,BANK-ACB-EXT,VN,VU VIET HUNG,INDIVIDUAL,NAME_ONLY,,0.095,2025-10-06T08:50:08Z,2025-12-28T22:14:15Z,PAYMENT_MESSAGE,PAYMENT_MESSAGE_ONLY
EXT-ACC-000175,****9017,BANK-VPB-EXT,VN,HOANG HOA HAI,INDIVIDUAL,NAME_ONLY,,0.197,2025-10-03T10:41:29Z,2025-12-29T22:25:44Z,PAYMENT_MESSAGE,PAYMENT_MESSAGE_ONLY
EXT-ACC-000176,****8285,BANK-MBB-EXT,VN,DO NAM MY,INDIVIDUAL,NAME_ONLY,,0.105,2025-10-05T04:55:06Z,2025-12-31T15:31:18Z,PAYMENT_MESSAGE,PAYMENT_MESSAGE_ONLY
EXT-ACC-000177,****1992,BANK-MBB-EXT,VN,DO VIET YEN,INDIVIDUAL,NAME_ONLY,,0.105,2025-10-05T11:43:20Z,2025-12-31T23:21:06Z,PAYMENT_MESSAGE,PAYMENT_MESSAGE_ONLY
EXT-ACC-000178,****8450,BANK-TCB-EXT,VN,EXTERNAL DEMO COMPANY 0187,COMPANY,REGISTRATION_NUMBER,EXT-REG-000187,0.055,2025-10-06T12:36:56Z,2025-12-29T01:38:22Z,PAYMENT_MESSAGE,PAYMENT_MESSAGE_ONLY
EXT-ACC-000179,****6464,BANK-FOREIGN-CN-DEMO,CN,CAO BINH DUNG,INDIVIDUAL,NAME_ONLY,,0.418,2025-10-03T04:54:48Z,2025-12-30T21:42:08Z,PAYMENT_MESSAGE,PAYMENT_MESSAGE_ONLY
EXT-ACC-000180,****4362,BANK-TCB-EXT,VN,EXTERNAL DEMO COMPANY 0189,COMPANY,REGISTRATION_NUMBER,EXT-REG-000189,0.055,2025-10-04T13:22:00Z,2025-12-31T00:01:27Z,PAYMENT_MESSAGE,PAYMENT_MESSAGE_ONLY
EXT-ACC-000181,****3417,BANK-FOREIGN-KR-DEMO,KR,PHAN NGA VAN,INDIVIDUAL,NAME_ONLY,,0.159,2025-10-04T14:36:31Z,2025-12-27T06:26:26Z,PAYMENT_MESSAGE,PAYMENT_MESSAGE_ONLY
EXT-ACC-000182,****5106,BANK-VPB-EXT,VN,HOANG HUNG VIET,INDIVIDUAL,NAME_ONLY,,0.197,2025-10-05T09:49:56Z,2025-12-31T21:17:59Z,PAYMENT_MESSAGE,PAYMENT_MESSAGE_ONLY
EXT-ACC-000183,****6869,BANK-VCB-EXT,VN,NGUYEN HUNG AN,INDIVIDUAL,NAME_ONLY,,0.178,2025-10-05T05:04:49Z,2025-12-31T15:37:47Z,PAYMENT_MESSAGE,PAYMENT_MESSAGE_ONLY
EXT-ACC-000184,****1858,BANK-TCB-EXT,VN,NGUYEN LINH QUANG,INDIVIDUAL,NAME_ONLY,,0.055,2025-10-03T15:26:36Z,2025-12-30T03:33:31Z,PAYMENT_MESSAGE,PAYMENT_MESSAGE_ONLY
EXT-ACC-000185,****6931,BANK-ACB-EXT,VN,LE PHUONG MY,INDIVIDUAL,NAME_ONLY,,0.095,2025-10-06T08:04:46Z,2025-12-28T21:06:12Z,PAYMENT_MESSAGE,PAYMENT_MESSAGE_ONLY
EXT-ACC-000186,****9543,BANK-VCB-EXT,VN,VU NHI CHI,INDIVIDUAL,NAME_ONLY,,0.178,2025-10-03T01:56:37Z,2025-12-29T10:42:40Z,PAYMENT_MESSAGE,PAYMENT_MESSAGE_ONLY
EXT-ACC-000187,****2768,BANK-VCB-EXT,VN,LY DIEP KHOA,INDIVIDUAL,NAME_ONLY,,0.178,2025-10-06T04:08:16Z,2025-12-28T16:43:46Z,PAYMENT_MESSAGE,PAYMENT_MESSAGE_ONLY
EXT-ACC-000188,****3430,BANK-ACB-EXT,VN,LE TUAN KIET,INDIVIDUAL,NAME_ONLY,,0.095,2025-10-04T21:27:59Z,2025-12-31T08:46:19Z,PAYMENT_MESSAGE,PAYMENT_MESSAGE_ONLY
EXT-ACC-000189,****7240,BANK-FOREIGN-US-DEMO,US,MAI XUAN TUAN,INDIVIDUAL,NAME_ONLY,,0.176,2025-10-06T10:46:46Z,2025-12-28T11:58:40Z,PAYMENT_MESSAGE,PAYMENT_MESSAGE_ONLY
EXT-ACC-000190,****2624,BANK-VPB-EXT,VN,TRINH KIET KHOA,INDIVIDUAL,NAME_ONLY,,0.197,2025-10-03T15:07:09Z,2025-12-30T03:07:36Z,PAYMENT_MESSAGE,PAYMENT_MESSAGE_ONLY
EXT-ACC-000191,****4522,BANK-VCB-EXT,VN,EXTERNAL DEMO COMPANY 0200,COMPANY,REGISTRATION_NUMBER,EXT-REG-000200,0.178,2025-10-04T01:06:32Z,2025-12-30T13:03:45Z,PAYMENT_MESSAGE,PAYMENT_MESSAGE_ONLY
EXT-ACC-000192,****2557,BANK-TCB-EXT,VN,DUONG DIEP HOA,INDIVIDUAL,NAME_ONLY,,0.055,2025-10-04T07:54:46Z,2025-12-30T19:48:44Z,PAYMENT_MESSAGE,PAYMENT_MESSAGE_ONLY
EXT-ACC-000193,****2099,BANK-MBB-EXT,VN,DO KHANH PHUONG,INDIVIDUAL,NAME_ONLY,,0.105,2025-10-05T22:50:45Z,2025-12-28T10:05:16Z,PAYMENT_MESSAGE,PAYMENT_MESSAGE_ONLY
EXT-ACC-000194,****1982,BANK-FOREIGN-SG-DEMO,SG,PHAM BAO HUNG,INDIVIDUAL,NAME_ONLY,,0.353,2025-10-07T22:25:07Z,2025-12-29T23:37:00Z,PAYMENT_MESSAGE,PAYMENT_MESSAGE_ONLY
EXT-ACC-000195,****7929,BANK-VPB-EXT,VN,PHAM HOA YEN,INDIVIDUAL,NAME_ONLY,,0.197,2025-10-04T06:01:22Z,2025-12-30T17:32:40Z,PAYMENT_MESSAGE,PAYMENT_MESSAGE_ONLY
EXT-ACC-000196,****6119,BANK-VCB-EXT,VN,EXTERNAL DEMO COMPANY 0205,COMPANY,REGISTRATION_NUMBER,EXT-REG-000205,0.178,2025-10-03T01:17:44Z,2025-12-29T09:47:35Z,PAYMENT_MESSAGE,PAYMENT_MESSAGE_ONLY
EXT-ACC-000197,****2773,BANK-VPB-EXT,VN,HOANG PHUONG NGA,INDIVIDUAL,NAME_ONLY,,0.197,2025-10-05T21:36:14Z,2025-12-28T08:41:02Z,PAYMENT_MESSAGE,PAYMENT_MESSAGE_ONLY
EXT-ACC-000198,****8030,BANK-VPB-EXT,VN,VO DAO NGA,INDIVIDUAL,NAME_ONLY,,0.197,2025-10-04T18:07:07Z,2025-12-31T04:27:07Z,PAYMENT_MESSAGE,PAYMENT_MESSAGE_ONLY
EXT-ACC-000199,****5381,BANK-VPB-EXT,VN,DOAN BINH KIET,INDIVIDUAL,NAME_ONLY,,0.197,2025-10-06T00:24:42Z,2025-12-28T12:24:35Z,PAYMENT_MESSAGE,PAYMENT_MESSAGE_ONLY
EXT-ACC-000200,****1100,BANK-FOREIGN-US-DEMO,US,DANG VAN YEN,INDIVIDUAL,NAME_ONLY,,0.176,2025-10-07T13:14:20Z,2025-12-29T16:26:06Z,PAYMENT_MESSAGE,PAYMENT_MESSAGE_ONLY
EXT-ACC-000201,****1502,BANK-TCB-EXT,VN,HO EM KHANH,INDIVIDUAL,NAME_ONLY,,0.055,2025-10-04T15:28:21Z,2025-12-31T02:07:48Z,PAYMENT_MESSAGE,PAYMENT_MESSAGE_ONLY
EXT-ACC-000202,****3578,BANK-FOREIGN-KR-DEMO,KR,NGO OANH VAN,INDIVIDUAL,NAME_ONLY,,0.159,2025-10-08T09:16:20Z,2025-12-30T14:18:16Z,PAYMENT_MESSAGE,PAYMENT_MESSAGE_ONLY
EXT-ACC-000203,****2391,BANK-MBB-EXT,VN,EXTERNAL DEMO COMPANY 0212,COMPANY,REGISTRATION_NUMBER,EXT-REG-000212,0.105,2025-10-06T02:56:59Z,2025-12-28T15:29:15Z,PAYMENT_MESSAGE,PAYMENT_MESSAGE_ONLY
EXT-ACC-000204,****5458,BANK-TCB-EXT,VN,CAO DUNG GIANG,INDIVIDUAL,NAME_ONLY,,0.055,2025-10-04T15:08:55Z,2025-12-31T01:48:22Z,PAYMENT_MESSAGE,PAYMENT_MESSAGE_ONLY
EXT-ACC-000205,****4531,BANK-ACB-EXT,VN,DUONG HOA SON,INDIVIDUAL,NAME_ONLY,,0.095,2025-10-04T18:55:43Z,2025-12-31T05:35:10Z,PAYMENT_MESSAGE,PAYMENT_MESSAGE_ONLY
EXT-ACC-000206,****8972,BANK-VCB-EXT,VN,PHAM TAM HIEU,INDIVIDUAL,NAME_ONLY,,0.178,2025-10-06T15:31:53Z,2025-12-29T04:43:02Z,PAYMENT_MESSAGE,PAYMENT_MESSAGE_ONLY
EXT-ACC-000207,****1125,BANK-MBB-EXT,VN,HO KIET DUNG,INDIVIDUAL,NAME_ONLY,,0.105,2025-10-04T01:25:59Z,2025-12-30T13:29:40Z,PAYMENT_MESSAGE,PAYMENT_MESSAGE_ONLY
EXT-ACC-000208,****5186,BANK-TCB-EXT,VN,EXTERNAL DEMO COMPANY 0217,COMPANY,REGISTRATION_NUMBER,EXT-REG-000217,0.055,2025-10-05T16:47:53Z,2025-12-28T04:51:00Z,PAYMENT_MESSAGE,PAYMENT_MESSAGE_ONLY
EXT-ACC-000209,****7229,BANK-VCB-EXT,VN,NGO LINH HUNG,INDIVIDUAL,NAME_ONLY,,0.178,2025-10-05T00:42:23Z,2025-12-31T12:16:55Z,PAYMENT_MESSAGE,PAYMENT_MESSAGE_ONLY
EXT-ACC-000210,****1693,BANK-TCB-EXT,VN,DO EM DIEP,INDIVIDUAL,NAME_ONLY,,0.055,2025-10-03T01:08:01Z,2025-12-29T09:44:21Z,PAYMENT_MESSAGE,PAYMENT_MESSAGE_ONLY
EXT-ACC-000211,****6129,BANK-ACB-EXT,VN,EXTERNAL DEMO COMPANY 0220,COMPANY,REGISTRATION_NUMBER,EXT-REG-000220,0.095,2025-10-06T11:19:10Z,2025-12-29T00:30:19Z,PAYMENT_MESSAGE,PAYMENT_MESSAGE_ONLY
EXT-ACC-000212,****7636,BANK-VPB-EXT,VN,NGO TAM HANH,INDIVIDUAL,NAME_ONLY,,0.197,2025-10-05T11:27:08Z,2025-12-31T22:58:25Z,PAYMENT_MESSAGE,PAYMENT_MESSAGE_ONLY
EXT-ACC-000213,****2443,BANK-FOREIGN-US-DEMO,US,CAO OANH BAO,INDIVIDUAL,NAME_ONLY,,0.176,2025-10-04T11:51:17Z,2025-12-27T04:58:57Z,PAYMENT_MESSAGE,PAYMENT_MESSAGE_ONLY
EXT-ACC-000214,****2288,BANK-VCB-EXT,VN,MAI DIEP UY,INDIVIDUAL,NAME_ONLY,,0.178,2025-10-04T02:27:32Z,2025-12-30T14:24:45Z,PAYMENT_MESSAGE,PAYMENT_MESSAGE_ONLY
EXT-ACC-000215,****4630,BANK-MBB-EXT,VN,EXTERNAL DEMO COMPANY 0224,COMPANY,REGISTRATION_NUMBER,EXT-REG-000224,0.105,2025-10-04T00:53:35Z,2025-12-30T12:57:16Z,PAYMENT_MESSAGE,PAYMENT_MESSAGE_ONLY
EXT-ACC-000216,****4176,BANK-TCB-EXT,VN,PHAM UY TRANG,INDIVIDUAL,NAME_ONLY,,0.055,2025-10-03T19:26:21Z,2025-12-30T07:36:31Z,PAYMENT_MESSAGE,PAYMENT_MESSAGE_ONLY
EXT-ACC-000217,****3399,BANK-MBB-EXT,VN,HOANG PHONG HAI,INDIVIDUAL,NAME_ONLY,,0.105,2025-10-06T14:40:03Z,2025-12-29T04:13:53Z,PAYMENT_MESSAGE,PAYMENT_MESSAGE_ONLY
EXT-ACC-000218,****8601,BANK-TCB-EXT,VN,LE LINH QUYNH,INDIVIDUAL,NAME_ONLY,,0.055,2025-10-05T08:12:44Z,2025-12-31T19:01:54Z,PAYMENT_MESSAGE,PAYMENT_MESSAGE_ONLY
EXT-ACC-000219,****6179,BANK-VPB-EXT,VN,MAI NHI TUAN,INDIVIDUAL,NAME_ONLY,,0.197,2025-10-04T04:53:20Z,2025-12-30T16:11:40Z,PAYMENT_MESSAGE,PAYMENT_MESSAGE_ONLY
EXT-ACC-000220,****1920,BANK-VCB-EXT,VN,DANG SON HIEU,INDIVIDUAL,NAME_ONLY,,0.178,2025-10-05T06:25:49Z,2025-12-31T16:58:47Z,PAYMENT_MESSAGE,PAYMENT_MESSAGE_ONLY
EXT-ACC-000221,****7041,BANK-VCB-EXT,VN,DUONG CHI DUNG,INDIVIDUAL,NAME_ONLY,,0.178,2025-10-05T11:40:05Z,2025-12-31T23:17:51Z,PAYMENT_MESSAGE,PAYMENT_MESSAGE_ONLY
EXT-ACC-000222,****9307,BANK-VCB-EXT,VN,LE NHI KIET,INDIVIDUAL,NAME_ONLY,,0.178,2025-10-06T12:40:10Z,2025-12-29T01:44:50Z,PAYMENT_MESSAGE,PAYMENT_MESSAGE_ONLY
EXT-ACC-000223,****4084,BANK-VPB-EXT,VN,TRAN MY DAO,INDIVIDUAL,NAME_ONLY,,0.197,2025-10-04T14:07:21Z,2025-12-31T00:43:34Z,PAYMENT_MESSAGE,PAYMENT_MESSAGE_ONLY
EXT-ACC-000224,****6626,BANK-ACB-EXT,VN,TRAN MY HAI,INDIVIDUAL,NAME_ONLY,,0.095,2025-10-04T11:38:19Z,2025-12-30T22:11:18Z,PAYMENT_MESSAGE,PAYMENT_MESSAGE_ONLY
EXT-ACC-000225,****8172,BANK-VCB-EXT,VN,HUYNH CHI PHONG,INDIVIDUAL,NAME_ONLY,,0.178,2025-10-04T22:13:21Z,2025-12-31T09:25:12Z,PAYMENT_MESSAGE,PAYMENT_MESSAGE_ONLY
EXT-ACC-000226,****5634,BANK-VPB-EXT,VN,HUYNH BAO BAO,INDIVIDUAL,NAME_ONLY,,0.197,2025-10-04T22:06:52Z,2025-12-31T09:18:43Z,PAYMENT_MESSAGE,PAYMENT_MESSAGE_ONLY
EXT-ACC-000227,****6401,BANK-MBB-EXT,VN,TRAN VAN EM,INDIVIDUAL,NAME_ONLY,,0.105,2025-10-05T03:11:25Z,2025-12-31T14:00:35Z,PAYMENT_MESSAGE,PAYMENT_MESSAGE_ONLY
EXT-ACC-000228,****6461,BANK-FOREIGN-DE-DEMO,DE,VO KIET KHANH,INDIVIDUAL,NAME_ONLY,,0.216,2025-10-05T00:35:54Z,2025-12-27T15:17:46Z,PAYMENT_MESSAGE,PAYMENT_MESSAGE_ONLY
EXT-ACC-000229,****3112,BANK-FOREIGN-DE-DEMO,DE,DO THAO DIEP,INDIVIDUAL,NAME_ONLY,,0.216,2025-10-06T17:47:58Z,2025-12-28T22:07:46Z,PAYMENT_MESSAGE,PAYMENT_MESSAGE_ONLY
EXT-ACC-000230,****9624,BANK-VCB-EXT,VN,HO VAN HUNG,INDIVIDUAL,NAME_ONLY,,0.178,2025-10-05T15:07:26Z,2025-12-28T03:04:04Z,PAYMENT_MESSAGE,PAYMENT_MESSAGE_ONLY
EXT-ACC-000231,****6060,BANK-FOREIGN-DE-DEMO,DE,DO BINH BAO,INDIVIDUAL,NAME_ONLY,,0.216,2025-10-07T09:34:01Z,2025-12-29T16:09:54Z,PAYMENT_MESSAGE,PAYMENT_MESSAGE_ONLY
EXT-ACC-000232,****3253,BANK-TCB-EXT,VN,LY MINH NGA,INDIVIDUAL,NAME_ONLY,,0.055,2025-10-05T13:07:34Z,2025-12-28T01:04:12Z,PAYMENT_MESSAGE,PAYMENT_MESSAGE_ONLY
EXT-ACC-000233,****2657,BANK-MBB-EXT,VN,EXTERNAL DEMO COMPANY 0242,COMPANY,REGISTRATION_NUMBER,EXT-REG-000242,0.105,2025-10-05T21:45:57Z,2025-12-28T08:47:30Z,PAYMENT_MESSAGE,PAYMENT_MESSAGE_ONLY
EXT-ACC-000234,****9626,BANK-VPB-EXT,VN,EXTERNAL DEMO COMPANY 0243,COMPANY,REGISTRATION_NUMBER,EXT-REG-000243,0.197,2025-10-06T17:25:17Z,2025-12-29T07:15:19Z,PAYMENT_MESSAGE,PAYMENT_MESSAGE_ONLY
EXT-ACC-000235,****3147,BANK-FOREIGN-US-DEMO,US,EXTERNAL DEMO COMPANY 0244,COMPANY,REGISTRATION_NUMBER,EXT-REG-000244,0.176,2025-10-06T10:07:54Z,2025-12-28T11:06:49Z,PAYMENT_MESSAGE,PAYMENT_MESSAGE_ONLY
EXT-ACC-000236,****1715,BANK-TCB-EXT,VN,CAO LAN MY,INDIVIDUAL,NAME_ONLY,,0.055,2025-10-05T22:41:02Z,2025-12-28T09:55:33Z,PAYMENT_MESSAGE,PAYMENT_MESSAGE_ONLY
EXT-ACC-000237,****5668,BANK-TCB-EXT,VN,EXTERNAL DEMO COMPANY 0246,COMPANY,REGISTRATION_NUMBER,EXT-REG-000246,0.055,2025-10-04T15:25:07Z,2025-12-31T02:04:34Z,PAYMENT_MESSAGE,PAYMENT_MESSAGE_ONLY
EXT-ACC-000238,****4178,BANK-ACB-EXT,VN,VU THAO PHUONG,INDIVIDUAL,NAME_ONLY,,0.095,2025-10-05T09:40:13Z,2025-12-31T21:14:44Z,PAYMENT_MESSAGE,PAYMENT_MESSAGE_ONLY
EXT-ACC-000239,****8564,BANK-VPB-EXT,VN,EXTERNAL DEMO COMPANY 0248,COMPANY,REGISTRATION_NUMBER,EXT-REG-000248,0.197,2025-10-06T13:51:27Z,2025-12-29T03:22:02Z,PAYMENT_MESSAGE,PAYMENT_MESSAGE_ONLY
EXT-ACC-000240,****3267,BANK-ACB-EXT,VN,NGO LAN MINH,INDIVIDUAL,NAME_ONLY,,0.095,2025-10-03T06:51:27Z,2025-12-29T17:37:23Z,PAYMENT_MESSAGE,PAYMENT_MESSAGE_ONLY
EXT-ACC-000241,****9452,BANK-VCB-EXT,VN,DO XUAN HAI,INDIVIDUAL,NAME_ONLY,,0.178,2025-10-06T12:43:24Z,2025-12-29T01:51:19Z,PAYMENT_MESSAGE,PAYMENT_MESSAGE_ONLY
EXT-ACC-000242,****9410,BANK-MBB-EXT,VN,HUYNH SON MY,INDIVIDUAL,NAME_ONLY,,0.105,2025-10-03T10:02:36Z,2025-12-29T21:07:58Z,PAYMENT_MESSAGE,PAYMENT_MESSAGE_ONLY
EXT-ACC-000243,****1436,BANK-ACB-EXT,VN,VU MY YEN,INDIVIDUAL,NAME_ONLY,,0.095,2025-10-05T10:51:29Z,2025-12-31T22:26:01Z,PAYMENT_MESSAGE,PAYMENT_MESSAGE_ONLY
EXT-ACC-000244,****7142,BANK-ACB-EXT,VN,VU CUONG GIANG,INDIVIDUAL,NAME_ONLY,,0.095,2025-10-04T22:42:30Z,2025-12-31T09:41:24Z,PAYMENT_MESSAGE,PAYMENT_MESSAGE_ONLY
EXT-ACC-000245,****6493,BANK-MBB-EXT,VN,EXTERNAL DEMO COMPANY 0254,COMPANY,REGISTRATION_NUMBER,EXT-REG-000254,0.105,2025-10-03T17:03:47Z,2025-12-30T04:31:50Z,PAYMENT_MESSAGE,PAYMENT_MESSAGE_ONLY
EXT-ACC-000246,****8349,BANK-TCB-EXT,VN,LY HUNG PHUONG,INDIVIDUAL,NAME_ONLY,,0.055,2025-10-06T04:11:30Z,2025-12-28T16:53:30Z,PAYMENT_MESSAGE,PAYMENT_MESSAGE_ONLY
EXT-ACC-000247,****9647,BANK-VCB-EXT,VN,PHAN KHANH XUAN,INDIVIDUAL,NAME_ONLY,,0.178,2025-10-03T05:23:58Z,2025-12-29T15:47:13Z,PAYMENT_MESSAGE,PAYMENT_MESSAGE_ONLY
EXT-ACC-000248,****7878,BANK-MBB-EXT,VN,PHAM DUNG PHONG,INDIVIDUAL,NAME_ONLY,,0.105,2025-10-06T13:19:03Z,2025-12-29T02:30:12Z,PAYMENT_MESSAGE,PAYMENT_MESSAGE_ONLY
EXT-ACC-000249,****9782,BANK-VPB-EXT,VN,PHAM QUYNH KIET,INDIVIDUAL,NAME_ONLY,,0.197,2025-10-05T08:58:05Z,2025-12-31T20:13:11Z,PAYMENT_MESSAGE,PAYMENT_MESSAGE_ONLY
EXT-ACC-000250,****1025,BANK-FOREIGN-KR-DEMO,KR,HOANG TAM KHOA,INDIVIDUAL,NAME_ONLY,,0.159,2025-10-04T00:17:56Z,2025-12-31T16:29:38Z,PAYMENT_MESSAGE,PAYMENT_MESSAGE_ONLY
EXT-ACC-000251,****6908,BANK-TCB-EXT,VN,HUYNH GIANG UY,INDIVIDUAL,NAME_ONLY,,0.055,2025-10-06T16:43:10Z,2025-12-29T06:26:43Z,PAYMENT_MESSAGE,PAYMENT_MESSAGE_ONLY
EXT-ACC-000252,****7397,BANK-FOREIGN-KR-DEMO,KR,TRINH XUAN BINH,INDIVIDUAL,NAME_ONLY,,0.159,2025-10-05T03:08:11Z,2025-12-27T17:04:41Z,PAYMENT_MESSAGE,PAYMENT_MESSAGE_ONLY
EXT-ACC-000253,****6850,BANK-VCB-EXT,VN,DO QUANG BINH,INDIVIDUAL,NAME_ONLY,,0.178,2025-10-06T01:13:18Z,2025-12-28T13:22:54Z,PAYMENT_MESSAGE,PAYMENT_MESSAGE_ONLY
EXT-ACC-000254,****3185,BANK-MBB-EXT,VN,PHAM HIEU VAN,INDIVIDUAL,NAME_ONLY,,0.105,2025-10-04T13:18:46Z,2025-12-30T23:51:44Z,PAYMENT_MESSAGE,PAYMENT_MESSAGE_ONLY
EXT-ACC-000255,****3986,BANK-FOREIGN-KR-DEMO,KR,HUYNH OANH PHUONG,INDIVIDUAL,NAME_ONLY,,0.159,2025-10-03T14:47:43Z,2025-12-31T04:59:31Z,PAYMENT_MESSAGE,PAYMENT_MESSAGE_ONLY
EXT-ACC-000256,****4302,BANK-VCB-EXT,VN,DUONG CHI TAM,INDIVIDUAL,NAME_ONLY,,0.178,2025-10-03T00:48:34Z,2025-12-29T09:24:55Z,PAYMENT_MESSAGE,PAYMENT_MESSAGE_ONLY
EXT-ACC-000257,****6170,BANK-FOREIGN-CN-DEMO,CN,EXTERNAL DEMO COMPANY 0266,COMPANY,REGISTRATION_NUMBER,EXT-REG-000266,0.418,2025-10-04T08:53:05Z,2025-12-31T21:47:08Z,PAYMENT_MESSAGE,PAYMENT_MESSAGE_ONLY
EXT-ACC-000258,****1599,BANK-VPB-EXT,VN,DOAN PHUONG QUANG,INDIVIDUAL,NAME_ONLY,,0.197,2025-10-05T23:55:33Z,2025-12-28T12:08:23Z,PAYMENT_MESSAGE,PAYMENT_MESSAGE_ONLY
EXT-ACC-000259,****3039,BANK-TCB-EXT,VN,TRAN VAN SON,INDIVIDUAL,NAME_ONLY,,0.055,2025-10-03T19:58:45Z,2025-12-30T08:02:26Z,PAYMENT_MESSAGE,PAYMENT_MESSAGE_ONLY
EXT-ACC-000260,****8204,BANK-ACB-EXT,VN,EXTERNAL DEMO COMPANY 0269,COMPANY,REGISTRATION_NUMBER,EXT-REG-000269,0.095,2025-10-03T07:23:51Z,2025-12-29T18:09:47Z,PAYMENT_MESSAGE,PAYMENT_MESSAGE_ONLY
EXT-ACC-000261,****7018,BANK-ACB-EXT,VN,HUYNH QUYNH QUYNH,INDIVIDUAL,NAME_ONLY,,0.095,2025-10-06T08:43:39Z,2025-12-28T21:58:03Z,PAYMENT_MESSAGE,PAYMENT_MESSAGE_ONLY
EXT-ACC-000262,****8055,BANK-VPB-EXT,VN,LE KHOA GIANG,INDIVIDUAL,NAME_ONLY,,0.197,2025-10-05T11:07:41Z,2025-12-31T22:48:42Z,PAYMENT_MESSAGE,PAYMENT_MESSAGE_ONLY
EXT-ACC-000263,****6372,BANK-TCB-EXT,VN,BUI HAI GIANG,INDIVIDUAL,NAME_ONLY,,0.055,2025-10-05T06:06:22Z,2025-12-31T16:23:09Z,PAYMENT_MESSAGE,PAYMENT_MESSAGE_ONLY
EXT-ACC-000264,****6759,BANK-MBB-EXT,VN,NGO LAN MY,INDIVIDUAL,NAME_ONLY,,0.105,2025-10-03T11:59:14Z,2025-12-29T23:46:44Z,PAYMENT_MESSAGE,PAYMENT_MESSAGE_ONLY
EXT-ACC-000265,****2229,BANK-MBB-EXT,VN,NGO SON DUNG,INDIVIDUAL,NAME_ONLY,,0.105,2025-10-03T01:46:54Z,2025-12-29T10:29:42Z,PAYMENT_MESSAGE,PAYMENT_MESSAGE_ONLY
EXT-ACC-000266,****8179,BANK-ACB-EXT,VN,HUYNH BINH KHANH,INDIVIDUAL,NAME_ONLY,,0.095,2025-10-03T13:36:26Z,2025-12-30T02:02:48Z,PAYMENT_MESSAGE,PAYMENT_MESSAGE_ONLY
EXT-ACC-000267,****1530,BANK-FOREIGN-SG-DEMO,SG,DO BAO CUONG,INDIVIDUAL,NAME_ONLY,,0.353,2025-10-06T15:51:19Z,2025-12-28T20:24:05Z,PAYMENT_MESSAGE,PAYMENT_MESSAGE_ONLY
EXT-ACC-000268,****7095,BANK-ACB-EXT,VN,EXTERNAL DEMO COMPANY 0277,COMPANY,REGISTRATION_NUMBER,EXT-REG-000277,0.095,2025-10-05T17:17:02Z,2025-12-28T05:29:52Z,PAYMENT_MESSAGE,PAYMENT_MESSAGE_ONLY
EXT-ACC-000269,****6150,BANK-VCB-EXT,VN,TRINH BAO DIEP,INDIVIDUAL,NAME_ONLY,,0.178,2025-10-06T08:37:10Z,2025-12-28T21:48:20Z,PAYMENT_MESSAGE,PAYMENT_MESSAGE_ONLY
EXT-ACC-000270,****1424,BANK-TCB-EXT,VN,EXTERNAL DEMO COMPANY 0279,COMPANY,REGISTRATION_NUMBER,EXT-REG-000279,0.055,2025-10-04T08:17:27Z,2025-12-30T20:01:42Z,PAYMENT_MESSAGE,PAYMENT_MESSAGE_ONLY
EXT-ACC-000271,****5264,BANK-ACB-EXT,VN,DOAN HANH QUANG,INDIVIDUAL,NAME_ONLY,,0.095,2025-10-05T16:21:58Z,2025-12-28T03:55:55Z,PAYMENT_MESSAGE,PAYMENT_MESSAGE_ONLY
EXT-ACC-000272,****5678,BANK-TCB-EXT,VN,EXTERNAL DEMO COMPANY 0281,COMPANY,REGISTRATION_NUMBER,EXT-REG-000281,0.055,2025-10-06T01:48:57Z,2025-12-28T14:34:11Z,PAYMENT_MESSAGE,PAYMENT_MESSAGE_ONLY
EXT-ACC-000273,****3828,BANK-ACB-EXT,VN,HOANG EM MY,INDIVIDUAL,NAME_ONLY,,0.095,2025-10-04T01:09:47Z,2025-12-30T13:06:59Z,PAYMENT_MESSAGE,PAYMENT_MESSAGE_ONLY
EXT-ACC-000274,****6236,BANK-ACB-EXT,VN,EXTERNAL DEMO COMPANY 0283,COMPANY,REGISTRATION_NUMBER,EXT-REG-000283,0.095,2025-10-04T04:50:06Z,2025-12-30T16:01:57Z,PAYMENT_MESSAGE,PAYMENT_MESSAGE_ONLY
EXT-ACC-000275,****3852,BANK-VCB-EXT,VN,DANG THAO LAN,INDIVIDUAL,NAME_ONLY,,0.178,2025-10-03T10:31:46Z,2025-12-29T22:12:46Z,PAYMENT_MESSAGE,PAYMENT_MESSAGE_ONLY
EXT-ACC-000276,****9094,BANK-VPB-EXT,VN,PHAN HUNG PHONG,INDIVIDUAL,NAME_ONLY,,0.197,2025-10-06T02:31:04Z,2025-12-28T15:09:49Z,PAYMENT_MESSAGE,PAYMENT_MESSAGE_ONLY
EXT-ACC-000277,****2412,BANK-FOREIGN-KR-DEMO,KR,DUONG XUAN HUNG,INDIVIDUAL,NAME_ONLY,,0.159,2025-10-03T15:10:24Z,2025-12-31T05:02:46Z,PAYMENT_MESSAGE,PAYMENT_MESSAGE_ONLY
EXT-ACC-000278,****8842,BANK-FOREIGN-JP-DEMO,JP,EXTERNAL DEMO COMPANY 0287,COMPANY,REGISTRATION_NUMBER,EXT-REG-000287,0.277,2025-10-04T08:27:10Z,2025-12-31T21:37:25Z,PAYMENT_MESSAGE,PAYMENT_MESSAGE_ONLY
EXT-ACC-000279,****2208,BANK-ACB-EXT,VN,EXTERNAL DEMO COMPANY 0288,COMPANY,REGISTRATION_NUMBER,EXT-REG-000288,0.095,2025-10-04T00:24:25Z,2025-12-30T12:18:23Z,PAYMENT_MESSAGE,PAYMENT_MESSAGE_ONLY
EXT-ACC-000280,****6644,BANK-MBB-EXT,VN,DUONG OANH UY,INDIVIDUAL,NAME_ONLY,,0.105,2025-10-06T17:51:12Z,2025-12-29T07:37:59Z,PAYMENT_MESSAGE,PAYMENT_MESSAGE_ONLY
EXT-ACC-000281,****9238,BANK-VPB-EXT,VN,HUYNH HUNG KHOA,INDIVIDUAL,NAME_ONLY,,0.197,2025-10-06T18:10:38Z,2025-12-29T07:50:57Z,PAYMENT_MESSAGE,PAYMENT_MESSAGE_ONLY
EXT-ACC-000282,****9488,BANK-VCB-EXT,VN,EXTERNAL DEMO COMPANY 0291,COMPANY,REGISTRATION_NUMBER,EXT-REG-000291,0.178,2025-10-06T09:54:56Z,2025-12-28T22:59:36Z,PAYMENT_MESSAGE,PAYMENT_MESSAGE_ONLY
EXT-ACC-000283,****5653,BANK-TCB-EXT,VN,VU YEN UY,INDIVIDUAL,NAME_ONLY,,0.055,2025-10-06T01:32:45Z,2025-12-28T13:45:35Z,PAYMENT_MESSAGE,PAYMENT_MESSAGE_ONLY
EXT-ACC-000284,****5961,BANK-MBB-EXT,VN,DOAN SON HUNG,INDIVIDUAL,NAME_ONLY,,0.105,2025-10-03T18:34:30Z,2025-12-30T06:57:38Z,PAYMENT_MESSAGE,PAYMENT_MESSAGE_ONLY
EXT-ACC-000285,****3526,BANK-VCB-EXT,VN,HUYNH HIEU HIEU,INDIVIDUAL,NAME_ONLY,,0.178,2025-10-05T06:54:58Z,2025-12-31T17:14:59Z,PAYMENT_MESSAGE,PAYMENT_MESSAGE_ONLY
EXT-ACC-000286,****6531,BANK-VPB-EXT,VN,EXTERNAL DEMO COMPANY 0295,COMPANY,REGISTRATION_NUMBER,EXT-REG-000295,0.197,2025-10-05T23:52:18Z,2025-12-28T12:01:54Z,PAYMENT_MESSAGE,PAYMENT_MESSAGE_ONLY
EXT-ACC-000287,****5336,BANK-VPB-EXT,VN,NGUYEN GIANG CHI,INDIVIDUAL,NAME_ONLY,,0.197,2025-10-06T09:38:44Z,2025-12-28T22:53:07Z,PAYMENT_MESSAGE,PAYMENT_MESSAGE_ONLY
EXT-ACC-000288,****5745,BANK-VPB-EXT,VN,NGUYEN QUYNH VIET,INDIVIDUAL,NAME_ONLY,,0.197,2025-10-06T15:54:34Z,2025-12-29T05:05:43Z,PAYMENT_MESSAGE,PAYMENT_MESSAGE_ONLY
EXT-ACC-000289,****2195,BANK-MBB-EXT,VN,HO THAO OANH,INDIVIDUAL,NAME_ONLY,,0.105,2025-10-03T21:06:47Z,2025-12-30T09:10:28Z,PAYMENT_MESSAGE,PAYMENT_MESSAGE_ONLY
EXT-ACC-000290,****6573,BANK-TCB-EXT,VN,LY OANH NAM,INDIVIDUAL,NAME_ONLY,,0.055,2025-10-04T13:02:34Z,2025-12-30T23:35:32Z,PAYMENT_MESSAGE,PAYMENT_MESSAGE_ONLY
EXT-ACC-000291,****6231,BANK-MBB-EXT,VN,EXTERNAL DEMO COMPANY 0300,COMPANY,REGISTRATION_NUMBER,EXT-REG-000300,0.105,2025-10-03T15:00:40Z,2025-12-30T02:57:53Z,PAYMENT_MESSAGE,PAYMENT_MESSAGE_ONLY
EXT-ACC-000292,****3142,BANK-MBB-EXT,VN,EXTERNAL DEMO COMPANY 0301,COMPANY,REGISTRATION_NUMBER,EXT-REG-000301,0.105,2025-10-03T08:31:53Z,2025-12-29T19:37:15Z,PAYMENT_MESSAGE,PAYMENT_MESSAGE_ONLY
EXT-ACC-000293,****3007,BANK-VPB-EXT,VN,BUI PHONG OANH,INDIVIDUAL,NAME_ONLY,,0.197,2025-10-06T00:37:40Z,2025-12-28T12:44:01Z,PAYMENT_MESSAGE,PAYMENT_MESSAGE_ONLY
EXT-ACC-000294,****7850,BANK-TCB-EXT,VN,TRAN TAM CUONG,INDIVIDUAL,NAME_ONLY,,0.055,2025-10-04T20:06:59Z,2025-12-31T07:22:05Z,PAYMENT_MESSAGE,PAYMENT_MESSAGE_ONLY
EXT-ACC-000295,****6123,BANK-TCB-EXT,VN,EXTERNAL DEMO COMPANY 0304,COMPANY,REGISTRATION_NUMBER,EXT-REG-000304,0.055,2025-10-06T15:18:55Z,2025-12-29T04:39:48Z,PAYMENT_MESSAGE,PAYMENT_MESSAGE_ONLY
EXT-ACC-000296,****6055,BANK-TCB-EXT,VN,TRINH OANH QUYNH,INDIVIDUAL,NAME_ONLY,,0.055,2025-10-03T20:11:42Z,2025-12-30T08:21:52Z,PAYMENT_MESSAGE,PAYMENT_MESSAGE_ONLY
EXT-ACC-000297,****9281,BANK-VCB-EXT,VN,EXTERNAL DEMO COMPANY 0306,COMPANY,REGISTRATION_NUMBER,EXT-REG-000306,0.178,2025-10-05T09:07:49Z,2025-12-31T20:22:54Z,PAYMENT_MESSAGE,PAYMENT_MESSAGE_ONLY
EXT-ACC-000298,****5609,BANK-TCB-EXT,VN,DO DUNG DUNG,INDIVIDUAL,NAME_ONLY,,0.055,2025-10-03T03:04:39Z,2025-12-29T12:49:01Z,PAYMENT_MESSAGE,PAYMENT_MESSAGE_ONLY
EXT-ACC-000299,****3194,BANK-ACB-EXT,VN,NGUYEN HAI KHOA,INDIVIDUAL,NAME_ONLY,,0.095,2025-10-03T19:36:04Z,2025-12-30T07:43:00Z,PAYMENT_MESSAGE,PAYMENT_MESSAGE_ONLY
EXT-ACC-000300,****6995,BANK-MBB-EXT,VN,EXTERNAL DEMO COMPANY 0309,COMPANY,REGISTRATION_NUMBER,EXT-REG-000309,0.105,2025-10-05T21:55:40Z,2025-12-28T08:53:59Z,PAYMENT_MESSAGE,PAYMENT_MESSAGE_ONLY
EXT-ACC-000301,****5728,BANK-FOREIGN-SG-DEMO,SG,PHAN BAO XUAN,INDIVIDUAL,NAME_ONLY,,0.353,2025-10-05T18:34:48Z,2025-12-27T19:04:34Z,PAYMENT_MESSAGE,PAYMENT_MESSAGE_ONLY
EXT-ACC-000302,****2946,BANK-FOREIGN-KR-DEMO,KR,DOAN SON NHI,INDIVIDUAL,NAME_ONLY,,0.159,2025-10-04T17:25:00Z,2025-12-27T12:09:51Z,PAYMENT_MESSAGE,PAYMENT_MESSAGE_ONLY
EXT-ACC-000303,****3363,BANK-VCB-EXT,VN,BUI XUAN BAO,INDIVIDUAL,NAME_ONLY,,0.178,2025-10-03T02:19:17Z,2025-12-29T11:34:30Z,PAYMENT_MESSAGE,PAYMENT_MESSAGE_ONLY
EXT-ACC-000304,****3245,BANK-VPB-EXT,VN,TRAN CHI CHI,INDIVIDUAL,NAME_ONLY,,0.197,2025-10-03T18:53:57Z,2025-12-30T07:13:50Z,PAYMENT_MESSAGE,PAYMENT_MESSAGE_ONLY
EXT-ACC-000305,****3290,BANK-ACB-EXT,VN,HOANG KIET TRANG,INDIVIDUAL,NAME_ONLY,,0.095,2025-10-05T13:36:43Z,2025-12-28T01:39:50Z,PAYMENT_MESSAGE,PAYMENT_MESSAGE_ONLY
EXT-ACC-000306,****6511,BANK-VPB-EXT,VN,HO NHI THAO,INDIVIDUAL,NAME_ONLY,,0.197,2025-10-06T12:17:29Z,2025-12-29T01:18:55Z,PAYMENT_MESSAGE,PAYMENT_MESSAGE_ONLY
EXT-ACC-000307,****1272,BANK-VPB-EXT,VN,MAI THAO PHUONG,INDIVIDUAL,NAME_ONLY,,0.197,2025-10-06T12:20:44Z,2025-12-29T01:22:10Z,PAYMENT_MESSAGE,PAYMENT_MESSAGE_ONLY
EXT-ACC-000308,****6040,BANK-VCB-EXT,VN,EXTERNAL DEMO COMPANY 0317,COMPANY,REGISTRATION_NUMBER,EXT-REG-000317,0.178,2025-10-03T06:57:55Z,2025-12-29T17:43:51Z,PAYMENT_MESSAGE,PAYMENT_MESSAGE_ONLY
EXT-ACC-000309,****4728,BANK-VCB-EXT,VN,VO HIEU DAO,INDIVIDUAL,NAME_ONLY,,0.178,2025-10-05T14:18:50Z,2025-12-28T02:02:31Z,PAYMENT_MESSAGE,PAYMENT_MESSAGE_ONLY
EXT-ACC-000310,****3421,BANK-VPB-EXT,VN,TRINH NHI CUONG,INDIVIDUAL,NAME_ONLY,,0.197,2025-10-06T09:09:34Z,2025-12-28T22:36:56Z,PAYMENT_MESSAGE,PAYMENT_MESSAGE_ONLY
EXT-ACC-000311,****8225,BANK-TCB-EXT,VN,PHAM MINH BINH,INDIVIDUAL,NAME_ONLY,,0.055,2025-10-06T09:58:10Z,2025-12-28T23:02:51Z,PAYMENT_MESSAGE,PAYMENT_MESSAGE_ONLY
EXT-ACC-000312,****8726,BANK-TCB-EXT,VN,PHAN HOA TRANG,INDIVIDUAL,NAME_ONLY,,0.055,2025-10-03T18:08:35Z,2025-12-30T06:31:43Z,PAYMENT_MESSAGE,PAYMENT_MESSAGE_ONLY
EXT-ACC-000313,****6325,BANK-VCB-EXT,VN,TRINH NAM XUAN,INDIVIDUAL,NAME_ONLY,,0.178,2025-10-06T16:30:12Z,2025-12-29T06:07:16Z,PAYMENT_MESSAGE,PAYMENT_MESSAGE_ONLY
EXT-ACC-000314,****9734,BANK-ACB-EXT,VN,BUI LINH OANH,INDIVIDUAL,NAME_ONLY,,0.095,2025-10-04T21:11:47Z,2025-12-31T08:23:38Z,PAYMENT_MESSAGE,PAYMENT_MESSAGE_ONLY
EXT-ACC-000315,****4150,BANK-MBB-EXT,VN,VO NHI PHUONG,INDIVIDUAL,NAME_ONLY,,0.105,2025-10-04T06:04:37Z,2025-12-30T17:45:37Z,PAYMENT_MESSAGE,PAYMENT_MESSAGE_ONLY
EXT-ACC-000316,****4396,BANK-MBB-EXT,VN,VU THAO TAM,INDIVIDUAL,NAME_ONLY,,0.105,2025-10-03T04:51:34Z,2025-12-29T15:08:20Z,PAYMENT_MESSAGE,PAYMENT_MESSAGE_ONLY
EXT-ACC-000317,****5715,BANK-ACB-EXT,VN,DO XUAN SON,INDIVIDUAL,NAME_ONLY,,0.095,2025-10-06T01:26:16Z,2025-12-28T13:29:23Z,PAYMENT_MESSAGE,PAYMENT_MESSAGE_ONLY
EXT-ACC-000318,****5758,BANK-VPB-EXT,VN,HO YEN KHANH,INDIVIDUAL,NAME_ONLY,,0.197,2025-10-05T19:23:24Z,2025-12-28T07:13:33Z,PAYMENT_MESSAGE,PAYMENT_MESSAGE_ONLY
EXT-ACC-000319,****4505,BANK-FOREIGN-DE-DEMO,DE,DUONG QUANG PHUONG,INDIVIDUAL,NAME_ONLY,,0.216,2025-10-05T02:29:18Z,2025-12-27T15:50:10Z,PAYMENT_MESSAGE,PAYMENT_MESSAGE_ONLY
EXT-ACC-000320,****2789,BANK-VPB-EXT,VN,DOAN SON HUNG,INDIVIDUAL,NAME_ONLY,,0.197,2025-10-05T04:12:59Z,2025-12-31T15:05:23Z,PAYMENT_MESSAGE,PAYMENT_MESSAGE_ONLY
EXT-ACC-000321,****4814,BANK-VPB-EXT,VN,TRAN UY NGA,INDIVIDUAL,NAME_ONLY,,0.197,2025-10-05T16:44:38Z,2025-12-28T04:34:48Z,PAYMENT_MESSAGE,PAYMENT_MESSAGE_ONLY
EXT-ACC-000322,****1084,BANK-FOREIGN-JP-DEMO,JP,LY HAI HUNG,INDIVIDUAL,NAME_ONLY,,0.277,2025-10-03T03:07:53Z,2025-12-30T16:27:52Z,PAYMENT_MESSAGE,PAYMENT_MESSAGE_ONLY
EXT-ACC-000323,****5706,BANK-TCB-EXT,VN,LY PHUONG MINH,INDIVIDUAL,NAME_ONLY,,0.055,2025-10-05T05:17:47Z,2025-12-31T16:00:28Z,PAYMENT_MESSAGE,PAYMENT_MESSAGE_ONLY
EXT-ACC-000324,****2465,BANK-VCB-EXT,VN,EXTERNAL DEMO COMPANY 0333,COMPANY,REGISTRATION_NUMBER,EXT-REG-000333,0.178,2025-10-05T19:36:21Z,2025-12-28T07:16:47Z,PAYMENT_MESSAGE,PAYMENT_MESSAGE_ONLY
EXT-ACC-000325,****3880,BANK-TCB-EXT,VN,TRAN LINH HOA,INDIVIDUAL,NAME_ONLY,,0.055,2025-10-03T22:34:16Z,2025-12-30T10:28:14Z,PAYMENT_MESSAGE,PAYMENT_MESSAGE_ONLY
EXT-ACC-000326,****7504,BANK-VCB-EXT,VN,EXTERNAL DEMO COMPANY 0335,COMPANY,REGISTRATION_NUMBER,EXT-REG-000335,0.178,2025-10-06T18:30:05Z,2025-12-29T08:03:55Z,PAYMENT_MESSAGE,PAYMENT_MESSAGE_ONLY
EXT-ACC-000327,****5742,BANK-TCB-EXT,VN,EXTERNAL DEMO COMPANY 0336,COMPANY,REGISTRATION_NUMBER,EXT-REG-000336,0.055,2025-10-05T09:36:58Z,2025-12-31T21:11:30Z,PAYMENT_MESSAGE,PAYMENT_MESSAGE_ONLY
EXT-ACC-000328,****5662,BANK-VCB-EXT,VN,CAO HAI VAN,INDIVIDUAL,NAME_ONLY,,0.178,2025-10-05T20:21:43Z,2025-12-28T07:45:57Z,PAYMENT_MESSAGE,PAYMENT_MESSAGE_ONLY
EXT-ACC-000329,****5470,BANK-VPB-EXT,VN,HOANG TRANG OANH,INDIVIDUAL,NAME_ONLY,,0.197,2025-10-04T14:39:45Z,2025-12-31T01:22:27Z,PAYMENT_MESSAGE,PAYMENT_MESSAGE_ONLY
EXT-ACC-000330,****1230,BANK-VCB-EXT,VN,DUONG QUANG LINH,INDIVIDUAL,NAME_ONLY,,0.178,2025-10-06T01:45:42Z,2025-12-28T14:21:13Z,PAYMENT_MESSAGE,PAYMENT_MESSAGE_ONLY
EXT-ACC-000331,****7643,BANK-MBB-EXT,VN,PHAN LINH NHI,INDIVIDUAL,NAME_ONLY,,0.105,2025-10-06T01:16:33Z,2025-12-28T13:26:08Z,PAYMENT_MESSAGE,PAYMENT_MESSAGE_ONLY
EXT-ACC-000332,****3303,BANK-VPB-EXT,VN,HO HAI LINH,INDIVIDUAL,NAME_ONLY,,0.197,2025-10-03T22:50:28Z,2025-12-30T10:47:40Z,PAYMENT_MESSAGE,PAYMENT_MESSAGE_ONLY
EXT-ACC-000333,****5374,BANK-TCB-EXT,VN,HO PHONG MY,INDIVIDUAL,NAME_ONLY,,0.055,2025-10-03T13:07:17Z,2025-12-30T01:14:12Z,PAYMENT_MESSAGE,PAYMENT_MESSAGE_ONLY
EXT-ACC-000334,****6890,BANK-MBB-EXT,VN,MAI AN QUANG,INDIVIDUAL,NAME_ONLY,,0.105,2025-10-03T12:51:05Z,2025-12-30T01:01:15Z,PAYMENT_MESSAGE,PAYMENT_MESSAGE_ONLY
EXT-ACC-000335,****7642,BANK-VCB-EXT,VN,DUONG THAO LAN,INDIVIDUAL,NAME_ONLY,,0.178,2025-10-06T16:10:46Z,2025-12-29T05:34:52Z,PAYMENT_MESSAGE,PAYMENT_MESSAGE_ONLY
EXT-ACC-000336,****4618,BANK-MBB-EXT,VN,DANG BAO NHI,INDIVIDUAL,NAME_ONLY,,0.105,2025-10-04T12:20:26Z,2025-12-30T22:50:10Z,PAYMENT_MESSAGE,PAYMENT_MESSAGE_ONLY
EXT-ACC-000337,****7813,BANK-TCB-EXT,VN,DUONG KIET BAO,INDIVIDUAL,NAME_ONLY,,0.055,2025-10-04T05:48:25Z,2025-12-30T17:22:56Z,PAYMENT_MESSAGE,PAYMENT_MESSAGE_ONLY
EXT-ACC-000338,****4578,BANK-ACB-EXT,VN,EXTERNAL DEMO COMPANY 0347,COMPANY,REGISTRATION_NUMBER,EXT-REG-000347,0.095,2025-10-04T12:36:38Z,2025-12-30T23:16:06Z,PAYMENT_MESSAGE,PAYMENT_MESSAGE_ONLY
EXT-ACC-000339,****2341,BANK-VPB-EXT,VN,EXTERNAL DEMO COMPANY 0348,COMPANY,REGISTRATION_NUMBER,EXT-REG-000348,0.197,2025-10-03T22:05:06Z,2025-12-30T09:55:50Z,PAYMENT_MESSAGE,PAYMENT_MESSAGE_ONLY
EXT-ACC-000340,****2011,BANK-VPB-EXT,VN,LE DAO HANH,INDIVIDUAL,NAME_ONLY,,0.197,2025-10-04T08:59:34Z,2025-12-30T20:17:54Z,PAYMENT_MESSAGE,PAYMENT_MESSAGE_ONLY
EXT-ACC-000341,****6375,BANK-VPB-EXT,VN,DOAN KHANH LAN,INDIVIDUAL,NAME_ONLY,,0.197,2025-10-03T11:39:48Z,2025-12-29T23:30:32Z,PAYMENT_MESSAGE,PAYMENT_MESSAGE_ONLY
EXT-ACC-000342,****2489,BANK-ACB-EXT,VN,PHAN HIEU QUYNH,INDIVIDUAL,NAME_ONLY,,0.095,2025-10-06T16:04:17Z,2025-12-29T05:28:24Z,PAYMENT_MESSAGE,PAYMENT_MESSAGE_ONLY
EXT-ACC-000343,****8429,BANK-ACB-EXT,VN,EXTERNAL DEMO COMPANY 0352,COMPANY,REGISTRATION_NUMBER,EXT-REG-000352,0.095,2025-10-04T11:54:31Z,2025-12-30T22:24:15Z,PAYMENT_MESSAGE,PAYMENT_MESSAGE_ONLY
EXT-ACC-000344,****6049,BANK-ACB-EXT,VN,TRAN XUAN OANH,INDIVIDUAL,NAME_ONLY,,0.095,2025-10-03T21:32:42Z,2025-12-30T09:42:52Z,PAYMENT_MESSAGE,PAYMENT_MESSAGE_ONLY
EXT-ACC-000345,****2196,BANK-ACB-EXT,VN,NGUYEN NAM HIEU,INDIVIDUAL,NAME_ONLY,,0.095,2025-10-04T06:20:49Z,2025-12-30T18:08:18Z,PAYMENT_MESSAGE,PAYMENT_MESSAGE_ONLY
EXT-ACC-000346,****8734,BANK-FOREIGN-US-DEMO,US,DOAN DUNG EM,INDIVIDUAL,NAME_ONLY,,0.176,2025-10-05T15:13:55Z,2025-12-27T17:33:51Z,PAYMENT_MESSAGE,PAYMENT_MESSAGE_ONLY
EXT-ACC-000347,****7266,BANK-FOREIGN-JP-DEMO,JP,HOANG HOA BAO,INDIVIDUAL,NAME_ONLY,,0.277,2025-10-06T21:02:21Z,2025-12-28T23:51:27Z,PAYMENT_MESSAGE,PAYMENT_MESSAGE_ONLY
EXT-ACC-000348,****2943,BANK-ACB-EXT,VN,DOAN HUNG YEN,INDIVIDUAL,NAME_ONLY,,0.095,2025-10-03T02:54:56Z,2025-12-29T12:32:49Z,PAYMENT_MESSAGE,PAYMENT_MESSAGE_ONLY
EXT-ACC-000349,****1372,BANK-VPB-EXT,VN,HOANG NGA AN,INDIVIDUAL,NAME_ONLY,,0.197,2025-10-04T10:17:19Z,2025-12-30T21:19:27Z,PAYMENT_MESSAGE,PAYMENT_MESSAGE_ONLY
EXT-ACC-000350,****7214,BANK-ACB-EXT,VN,DOAN KHOA VIET,INDIVIDUAL,NAME_ONLY,,0.095,2025-10-04T18:52:28Z,2025-12-31T05:31:55Z,PAYMENT_MESSAGE,PAYMENT_MESSAGE_ONLY
EXT-ACC-000351,****2848,BANK-TCB-EXT,VN,HOANG SON MINH,INDIVIDUAL,NAME_ONLY,,0.055,2025-10-06T11:28:53Z,2025-12-29T00:36:48Z,PAYMENT_MESSAGE,PAYMENT_MESSAGE_ONLY
EXT-ACC-000352,****2102,BANK-FOREIGN-DE-DEMO,DE,NGUYEN PHONG NAM,INDIVIDUAL,NAME_ONLY,,0.216,2025-10-05T21:13:33Z,2025-12-27T20:54:43Z,PAYMENT_MESSAGE,PAYMENT_MESSAGE_ONLY
EXT-ACC-000353,****7590,BANK-FOREIGN-SG-DEMO,SG,TRAN PHONG CHI,INDIVIDUAL,NAME_ONLY,,0.353,2025-10-06T14:20:36Z,2025-12-28T15:42:13Z,PAYMENT_MESSAGE,PAYMENT_MESSAGE_ONLY
EXT-ACC-000354,****5739,BANK-VPB-EXT,VN,TRAN HUNG TRANG,INDIVIDUAL,NAME_ONLY,,0.197,2025-10-04T00:04:59Z,2025-12-30T12:05:26Z,PAYMENT_MESSAGE,PAYMENT_MESSAGE_ONLY
EXT-ACC-000355,****5944,BANK-VPB-EXT,VN,CAO TUAN PHONG,INDIVIDUAL,NAME_ONLY,,0.197,2025-10-04T23:50:33Z,2025-12-31T10:52:40Z,PAYMENT_MESSAGE,PAYMENT_MESSAGE_ONLY
EXT-ACC-000356,****3869,BANK-VPB-EXT,VN,DANG SON DUNG,INDIVIDUAL,NAME_ONLY,,0.197,2025-10-05T04:22:42Z,2025-12-31T15:08:38Z,PAYMENT_MESSAGE,PAYMENT_MESSAGE_ONLY
EXT-ACC-000357,****9592,BANK-ACB-EXT,VN,TRAN YEN CUONG,INDIVIDUAL,NAME_ONLY,,0.095,2025-10-05T05:59:54Z,2025-12-31T16:19:54Z,PAYMENT_MESSAGE,PAYMENT_MESSAGE_ONLY
EXT-ACC-000358,****9813,BANK-ACB-EXT,VN,DANG CUONG LINH,INDIVIDUAL,NAME_ONLY,,0.095,2025-10-06T16:36:41Z,2025-12-29T06:10:31Z,PAYMENT_MESSAGE,PAYMENT_MESSAGE_ONLY
EXT-ACC-000359,****7761,BANK-TCB-EXT,VN,HOANG OANH DUNG,INDIVIDUAL,NAME_ONLY,,0.055,2025-10-03T15:20:07Z,2025-12-30T03:30:17Z,PAYMENT_MESSAGE,PAYMENT_MESSAGE_ONLY
EXT-ACC-000360,****4331,BANK-VPB-EXT,VN,HO PHONG QUANG,INDIVIDUAL,NAME_ONLY,,0.197,2025-10-03T17:13:31Z,2025-12-30T04:41:34Z,PAYMENT_MESSAGE,PAYMENT_MESSAGE_ONLY
EXT-ACC-000361,****7079,BANK-VCB-EXT,VN,EXTERNAL DEMO COMPANY 0370,COMPANY,REGISTRATION_NUMBER,EXT-REG-000370,0.178,2025-10-05T17:10:33Z,2025-12-28T05:26:38Z,PAYMENT_MESSAGE,PAYMENT_MESSAGE_ONLY
EXT-ACC-000362,****1844,BANK-FOREIGN-DE-DEMO,DE,EXTERNAL DEMO COMPANY 0371,COMPANY,REGISTRATION_NUMBER,EXT-REG-000371,0.216,2025-10-03T16:47:35Z,2025-12-31T05:15:43Z,PAYMENT_MESSAGE,PAYMENT_MESSAGE_ONLY
EXT-ACC-000363,****4555,BANK-VPB-EXT,VN,LE MINH HIEU,INDIVIDUAL,NAME_ONLY,,0.197,2025-10-03T23:42:18Z,2025-12-30T11:16:50Z,PAYMENT_MESSAGE,PAYMENT_MESSAGE_ONLY
EXT-ACC-000364,****2922,BANK-MBB-EXT,VN,NGUYEN NAM MINH,INDIVIDUAL,NAME_ONLY,,0.105,2025-10-05T18:21:50Z,2025-12-28T06:18:28Z,PAYMENT_MESSAGE,PAYMENT_MESSAGE_ONLY
EXT-ACC-000365,****4350,BANK-ACB-EXT,VN,EXTERNAL DEMO COMPANY 0374,COMPANY,REGISTRATION_NUMBER,EXT-REG-000374,0.095,2025-10-03T19:23:06Z,2025-12-30T07:33:17Z,PAYMENT_MESSAGE,PAYMENT_MESSAGE_ONLY
EXT-ACC-000366,****9743,BANK-TCB-EXT,VN,DANG CUONG OANH,INDIVIDUAL,NAME_ONLY,,0.055,2025-10-05T15:43:05Z,2025-12-28T03:30:00Z,PAYMENT_MESSAGE,PAYMENT_MESSAGE_ONLY
EXT-ACC-000367,****2615,BANK-MBB-EXT,VN,TRINH QUYNH OANH,INDIVIDUAL,NAME_ONLY,,0.105,2025-10-03T04:45:05Z,2025-12-29T15:01:52Z,PAYMENT_MESSAGE,PAYMENT_MESSAGE_ONLY
EXT-ACC-000368,****6246,BANK-ACB-EXT,VN,EXTERNAL DEMO COMPANY 0377,COMPANY,REGISTRATION_NUMBER,EXT-REG-000377,0.095,2025-10-05T11:56:17Z,2025-12-31T23:37:18Z,PAYMENT_MESSAGE,PAYMENT_MESSAGE_ONLY
EXT-ACC-000369,****3390,BANK-MBB-EXT,VN,TRAN DAO NGA,INDIVIDUAL,NAME_ONLY,,0.105,2025-10-03T23:45:32Z,2025-12-30T11:23:19Z,PAYMENT_MESSAGE,PAYMENT_MESSAGE_ONLY
EXT-ACC-000370,****7841,BANK-FOREIGN-KR-DEMO,KR,EXTERNAL DEMO COMPANY 0379,COMPANY,REGISTRATION_NUMBER,EXT-REG-000379,0.159,2025-10-05T02:48:44Z,2025-12-27T15:59:53Z,PAYMENT_MESSAGE,PAYMENT_MESSAGE_ONLY
EXT-ACC-000371,****9180,BANK-TCB-EXT,VN,HO DAO PHONG,INDIVIDUAL,NAME_ONLY,,0.055,2025-10-04T06:53:13Z,2025-12-30T18:53:40Z,PAYMENT_MESSAGE,PAYMENT_MESSAGE_ONLY
EXT-ACC-000372,****3756,BANK-MBB-EXT,VN,LY QUYNH OANH,INDIVIDUAL,NAME_ONLY,,0.105,2025-10-06T12:56:22Z,2025-12-29T02:04:17Z,PAYMENT_MESSAGE,PAYMENT_MESSAGE_ONLY
EXT-ACC-000373,****9882,BANK-MBB-EXT,VN,DOAN QUYNH LINH,INDIVIDUAL,NAME_ONLY,,0.105,2025-10-03T21:00:18Z,2025-12-30T08:51:02Z,PAYMENT_MESSAGE,PAYMENT_MESSAGE_ONLY
EXT-ACC-000374,****7756,BANK-VCB-EXT,VN,LE DUNG AN,INDIVIDUAL,NAME_ONLY,,0.178,2025-10-05T06:22:34Z,2025-12-31T16:52:18Z,PAYMENT_MESSAGE,PAYMENT_MESSAGE_ONLY
EXT-ACC-000375,****9285,BANK-TCB-EXT,VN,HOANG AN NAM,INDIVIDUAL,NAME_ONLY,,0.055,2025-10-04T18:39:31Z,2025-12-31T05:06:00Z,PAYMENT_MESSAGE,PAYMENT_MESSAGE_ONLY
EXT-ACC-000376,****1257,BANK-VCB-EXT,VN,CAO PHUONG QUYNH,INDIVIDUAL,NAME_ONLY,,0.178,2025-10-03T12:44:36Z,2025-12-30T00:45:03Z,PAYMENT_MESSAGE,PAYMENT_MESSAGE_ONLY
EXT-ACC-000377,****9777,BANK-FOREIGN-KR-DEMO,KR,NGUYEN UY SON,INDIVIDUAL,NAME_ONLY,,0.159,2025-10-08T04:05:19Z,2025-12-30T10:50:55Z,PAYMENT_MESSAGE,PAYMENT_MESSAGE_ONLY
EXT-ACC-000378,****2578,BANK-VCB-EXT,VN,NGO LINH HAI,INDIVIDUAL,NAME_ONLY,,0.178,2025-10-05T07:30:37Z,2025-12-31T18:00:21Z,PAYMENT_MESSAGE,PAYMENT_MESSAGE_ONLY
EXT-ACC-000379,****5379,BANK-TCB-EXT,VN,TRINH QUANG YEN,INDIVIDUAL,NAME_ONLY,,0.055,2025-10-03T19:42:33Z,2025-12-30T07:46:14Z,PAYMENT_MESSAGE,PAYMENT_MESSAGE_ONLY
EXT-ACC-000380,****4984,BANK-VCB-EXT,VN,HO OANH DAO,INDIVIDUAL,NAME_ONLY,,0.178,2025-10-06T06:21:06Z,2025-12-28T19:22:32Z,PAYMENT_MESSAGE,PAYMENT_MESSAGE_ONLY
EXT-ACC-000381,****7640,BANK-TCB-EXT,VN,LE CHI GIANG,INDIVIDUAL,NAME_ONLY,,0.055,2025-10-06T15:38:22Z,2025-12-29T04:46:17Z,PAYMENT_MESSAGE,PAYMENT_MESSAGE_ONLY
EXT-ACC-000382,****9189,BANK-VPB-EXT,VN,NGUYEN LAN GIANG,INDIVIDUAL,NAME_ONLY,,0.197,2025-10-04T14:13:50Z,2025-12-31T01:06:15Z,PAYMENT_MESSAGE,PAYMENT_MESSAGE_ONLY
EXT-ACC-000383,****4764,BANK-MBB-EXT,VN,PHAM UY CHI,INDIVIDUAL,NAME_ONLY,,0.105,2025-10-06T00:53:52Z,2025-12-28T12:56:59Z,PAYMENT_MESSAGE,PAYMENT_MESSAGE_ONLY
EXT-ACC-000384,****9897,BANK-VPB-EXT,VN,TRAN EM SON,INDIVIDUAL,NAME_ONLY,,0.197,2025-10-05T08:03:01Z,2025-12-31T18:55:25Z,PAYMENT_MESSAGE,PAYMENT_MESSAGE_ONLY
EXT-ACC-000385,****3362,BANK-VCB-EXT,VN,BUI BINH NAM,INDIVIDUAL,NAME_ONLY,,0.178,2025-10-05T01:18:01Z,2025-12-31T12:52:33Z,PAYMENT_MESSAGE,PAYMENT_MESSAGE_ONLY
EXT-ACC-000386,****5903,BANK-ACB-EXT,VN,EXTERNAL DEMO COMPANY 0395,COMPANY,REGISTRATION_NUMBER,EXT-REG-000395,0.095,2025-10-06T01:35:59Z,2025-12-28T13:55:18Z,PAYMENT_MESSAGE,PAYMENT_MESSAGE_ONLY
EXT-ACC-000387,****7288,BANK-TCB-EXT,VN,HO VIET VAN,INDIVIDUAL,NAME_ONLY,,0.055,2025-10-04T02:59:56Z,2025-12-30T14:57:09Z,PAYMENT_MESSAGE,PAYMENT_MESSAGE_ONLY
EXT-ACC-000388,****2284,BANK-TCB-EXT,VN,EXTERNAL DEMO COMPANY 0397,COMPANY,REGISTRATION_NUMBER,EXT-REG-000397,0.055,2025-10-03T18:47:28Z,2025-12-30T07:10:36Z,PAYMENT_MESSAGE,PAYMENT_MESSAGE_ONLY
EXT-ACC-000389,****6580,BANK-MBB-EXT,VN,NGO NGA EM,INDIVIDUAL,NAME_ONLY,,0.105,2025-10-05T09:01:20Z,2025-12-31T20:16:25Z,PAYMENT_MESSAGE,PAYMENT_MESSAGE_ONLY
EXT-ACC-000390,****7499,BANK-VPB-EXT,VN,EXTERNAL DEMO COMPANY 0399,COMPANY,REGISTRATION_NUMBER,EXT-REG-000399,0.197,2025-10-04T07:32:05Z,2025-12-30T19:29:18Z,PAYMENT_MESSAGE,PAYMENT_MESSAGE_ONLY
EXT-ACC-000391,****4737,BANK-MBB-EXT,VN,VO MY QUYNH,INDIVIDUAL,NAME_ONLY,,0.105,2025-10-03T02:38:44Z,2025-12-29T12:10:09Z,PAYMENT_MESSAGE,PAYMENT_MESSAGE_ONLY
EXT-ACC-000392,****5839,BANK-ACB-EXT,VN,MAI CUONG GIANG,INDIVIDUAL,NAME_ONLY,,0.095,2025-10-03T08:15:41Z,2025-12-29T19:17:49Z,PAYMENT_MESSAGE,PAYMENT_MESSAGE_ONLY
EXT-ACC-000393,****7383,BANK-VCB-EXT,VN,HOANG CUONG KHANH,INDIVIDUAL,NAME_ONLY,,0.178,2025-10-04T15:41:19Z,2025-12-31T02:14:17Z,PAYMENT_MESSAGE,PAYMENT_MESSAGE_ONLY
EXT-ACC-000394,****5419,BANK-VCB-EXT,VN,DANG MY BAO,INDIVIDUAL,NAME_ONLY,,0.178,2025-10-06T17:05:50Z,2025-12-29T06:49:24Z,PAYMENT_MESSAGE,PAYMENT_MESSAGE_ONLY
EXT-ACC-000395,****9395,BANK-FOREIGN-SG-DEMO,SG,DUONG XUAN XUAN,INDIVIDUAL,NAME_ONLY,,0.353,2025-10-03T21:10:01Z,2025-12-31T08:30:07Z,PAYMENT_MESSAGE,PAYMENT_MESSAGE_ONLY
EXT-ACC-000396,****6315,BANK-VCB-EXT,VN,DOAN GIANG KIET,INDIVIDUAL,NAME_ONLY,,0.178,2025-10-03T19:52:16Z,2025-12-30T07:59:12Z,PAYMENT_MESSAGE,PAYMENT_MESSAGE_ONLY
EXT-ACC-000397,****4977,BANK-VCB-EXT,VN,HO GIANG XUAN,INDIVIDUAL,NAME_ONLY,,0.178,2025-10-03T09:01:02Z,2025-12-29T19:56:42Z,PAYMENT_MESSAGE,PAYMENT_MESSAGE_ONLY
EXT-ACC-000398,****5933,BANK-TCB-EXT,VN,HUYNH HUNG SON,INDIVIDUAL,NAME_ONLY,,0.055,2025-10-03T10:44:43Z,2025-12-29T22:35:27Z,PAYMENT_MESSAGE,PAYMENT_MESSAGE_ONLY
EXT-ACC-000399,****5911,BANK-TCB-EXT,VN,NGO SON HOA,INDIVIDUAL,NAME_ONLY,,0.055,2025-10-05T08:45:08Z,2025-12-31T19:53:44Z,PAYMENT_MESSAGE,PAYMENT_MESSAGE_ONLY
EXT-ACC-000400,****4203,BANK-VCB-EXT,VN,VU QUYNH KIET,INDIVIDUAL,NAME_ONLY,,0.178,2025-10-04T10:10:51Z,2025-12-30T21:09:44Z,PAYMENT_MESSAGE,PAYMENT_MESSAGE_ONLY
EXT-ACC-000401,****7224,BANK-TCB-EXT,VN,HO VAN NHI,INDIVIDUAL,NAME_ONLY,,0.055,2025-10-04T16:36:24Z,2025-12-31T03:12:36Z,PAYMENT_MESSAGE,PAYMENT_MESSAGE_ONLY
EXT-ACC-000402,****5922,BANK-MBB-EXT,VN,NGO KIET HUNG,INDIVIDUAL,NAME_ONLY,,0.105,2025-10-04T08:36:53Z,2025-12-30T20:08:11Z,PAYMENT_MESSAGE,PAYMENT_MESSAGE_ONLY
EXT-ACC-000403,****5775,BANK-TCB-EXT,VN,HUYNH DIEP TUAN,INDIVIDUAL,NAME_ONLY,,0.055,2025-10-05T20:12:00Z,2025-12-28T07:36:14Z,PAYMENT_MESSAGE,PAYMENT_MESSAGE_ONLY
EXT-ACC-000404,****4971,BANK-ACB-EXT,VN,EXTERNAL DEMO COMPANY 0413,COMPANY,REGISTRATION_NUMBER,EXT-REG-000413,0.095,2025-10-05T10:57:58Z,2025-12-31T22:29:15Z,PAYMENT_MESSAGE,PAYMENT_MESSAGE_ONLY
EXT-ACC-000405,****7437,BANK-MBB-EXT,VN,EXTERNAL DEMO COMPANY 0414,COMPANY,REGISTRATION_NUMBER,EXT-REG-000414,0.105,2025-10-03T08:02:43Z,2025-12-29T19:01:37Z,PAYMENT_MESSAGE,PAYMENT_MESSAGE_ONLY
EXT-ACC-000406,****1440,BANK-VPB-EXT,VN,DOAN LINH XUAN,INDIVIDUAL,NAME_ONLY,,0.197,2025-10-06T05:58:25Z,2025-12-28T19:06:20Z,PAYMENT_MESSAGE,PAYMENT_MESSAGE_ONLY
EXT-ACC-000407,****4434,BANK-ACB-EXT,VN,EXTERNAL DEMO COMPANY 0416,COMPANY,REGISTRATION_NUMBER,EXT-REG-000416,0.095,2025-10-05T23:16:40Z,2025-12-28T10:44:09Z,PAYMENT_MESSAGE,PAYMENT_MESSAGE_ONLY
EXT-ACC-000408,****2133,BANK-MBB-EXT,VN,EXTERNAL DEMO COMPANY 0417,COMPANY,REGISTRATION_NUMBER,EXT-REG-000417,0.105,2025-10-05T01:08:18Z,2025-12-31T12:36:21Z,PAYMENT_MESSAGE,PAYMENT_MESSAGE_ONLY
EXT-ACC-000409,****5139,BANK-ACB-EXT,VN,HOANG THAO PHONG,INDIVIDUAL,NAME_ONLY,,0.095,2025-10-05T13:04:19Z,2025-12-28T01:00:57Z,PAYMENT_MESSAGE,PAYMENT_MESSAGE_ONLY
EXT-ACC-000410,****2211,BANK-ACB-EXT,VN,EXTERNAL DEMO COMPANY 0419,COMPANY,REGISTRATION_NUMBER,EXT-REG-000419,0.095,2025-10-05T15:56:02Z,2025-12-28T03:49:26Z,PAYMENT_MESSAGE,PAYMENT_MESSAGE_ONLY
EXT-ACC-000411,****7853,BANK-VPB-EXT,VN,HO VIET TRANG,INDIVIDUAL,NAME_ONLY,,0.197,2025-10-06T06:30:49Z,2025-12-28T19:29:01Z,PAYMENT_MESSAGE,PAYMENT_MESSAGE_ONLY
EXT-ACC-000412,****2791,BANK-MBB-EXT,VN,DOAN KIET GIANG,INDIVIDUAL,NAME_ONLY,,0.105,2025-10-05T03:53:32Z,2025-12-31T14:49:11Z,PAYMENT_MESSAGE,PAYMENT_MESSAGE_ONLY
EXT-ACC-000413,****7547,BANK-MBB-EXT,VN,CAO CHI DAO,INDIVIDUAL,NAME_ONLY,,0.105,2025-10-05T07:14:25Z,2025-12-31T17:50:37Z,PAYMENT_MESSAGE,PAYMENT_MESSAGE_ONLY
EXT-ACC-000414,****8052,BANK-MBB-EXT,VN,EXTERNAL DEMO COMPANY 0423,COMPANY,REGISTRATION_NUMBER,EXT-REG-000423,0.105,2025-10-04T20:58:50Z,2025-12-31T08:17:10Z,PAYMENT_MESSAGE,PAYMENT_MESSAGE_ONLY
EXT-ACC-000415,****4621,BANK-FOREIGN-SG-DEMO,SG,TRINH UY XUAN,INDIVIDUAL,NAME_ONLY,,0.353,2025-10-07T17:49:43Z,2025-12-29T21:30:39Z,PAYMENT_MESSAGE,PAYMENT_MESSAGE_ONLY
EXT-ACC-000416,****6651,BANK-ACB-EXT,VN,MAI TRANG KHANH,INDIVIDUAL,NAME_ONLY,,0.095,2025-10-03T10:05:50Z,2025-12-29T21:11:13Z,PAYMENT_MESSAGE,PAYMENT_MESSAGE_ONLY
EXT-ACC-000417,****3321,BANK-ACB-EXT,VN,NGO GIANG HANH,INDIVIDUAL,NAME_ONLY,,0.095,2025-10-06T09:25:46Z,2025-12-28T22:46:39Z,PAYMENT_MESSAGE,PAYMENT_MESSAGE_ONLY
EXT-ACC-000418,****6706,BANK-MBB-EXT,VN,PHAN UY PHUONG,INDIVIDUAL,NAME_ONLY,,0.105,2025-10-04T20:49:06Z,2025-12-31T08:13:55Z,PAYMENT_MESSAGE,PAYMENT_MESSAGE_ONLY
EXT-ACC-000419,****8412,BANK-ACB-EXT,VN,EXTERNAL DEMO COMPANY 0428,COMPANY,REGISTRATION_NUMBER,EXT-REG-000428,0.095,2025-10-03T13:23:28Z,2025-12-30T01:59:34Z,PAYMENT_MESSAGE,PAYMENT_MESSAGE_ONLY
EXT-ACC-000420,****2791,BANK-MBB-EXT,VN,PHAM BINH VAN,INDIVIDUAL,NAME_ONLY,,0.105,2025-10-03T11:33:19Z,2025-12-29T23:07:51Z,PAYMENT_MESSAGE,PAYMENT_MESSAGE_ONLY
EXT-ACC-000421,****4996,BANK-TCB-EXT,VN,EXTERNAL DEMO COMPANY 0430,COMPANY,REGISTRATION_NUMBER,EXT-REG-000430,0.055,2025-10-04T23:27:52Z,2025-12-31T10:36:29Z,PAYMENT_MESSAGE,PAYMENT_MESSAGE_ONLY
EXT-ACC-000422,****4798,BANK-VPB-EXT,VN,DOAN KHOA OANH,INDIVIDUAL,NAME_ONLY,,0.197,2025-10-06T04:56:52Z,2025-12-28T18:01:32Z,PAYMENT_MESSAGE,PAYMENT_MESSAGE_ONLY
EXT-ACC-000423,****4232,BANK-TCB-EXT,VN,NGO DIEP BINH,INDIVIDUAL,NAME_ONLY,,0.055,2025-10-03T12:28:24Z,2025-12-30T00:15:53Z,PAYMENT_MESSAGE,PAYMENT_MESSAGE_ONLY
EXT-ACC-000424,****2025,BANK-ACB-EXT,VN,PHAN NAM SON,INDIVIDUAL,NAME_ONLY,,0.095,2025-10-03T04:41:51Z,2025-12-29T14:52:08Z,PAYMENT_MESSAGE,PAYMENT_MESSAGE_ONLY
EXT-ACC-000425,****2867,BANK-VPB-EXT,VN,BUI MINH OANH,INDIVIDUAL,NAME_ONLY,,0.197,2025-10-04T11:48:02Z,2025-12-30T22:17:46Z,PAYMENT_MESSAGE,PAYMENT_MESSAGE_ONLY
EXT-ACC-000426,****7431,BANK-ACB-EXT,VN,BUI KIET CUONG,INDIVIDUAL,NAME_ONLY,,0.095,2025-10-06T12:01:17Z,2025-12-29T01:02:43Z,PAYMENT_MESSAGE,PAYMENT_MESSAGE_ONLY
EXT-ACC-000427,****5873,BANK-MBB-EXT,VN,DUONG NHI LINH,INDIVIDUAL,NAME_ONLY,,0.105,2025-10-05T22:34:33Z,2025-12-28T09:45:49Z,PAYMENT_MESSAGE,PAYMENT_MESSAGE_ONLY
EXT-ACC-000428,****4908,BANK-VPB-EXT,VN,HOANG TUAN HANH,INDIVIDUAL,NAME_ONLY,,0.197,2025-10-03T09:07:31Z,2025-12-29T19:59:56Z,PAYMENT_MESSAGE,PAYMENT_MESSAGE_ONLY
EXT-ACC-000429,****7852,BANK-TCB-EXT,VN,HOANG TRANG CUONG,INDIVIDUAL,NAME_ONLY,,0.055,2025-10-03T16:24:55Z,2025-12-30T04:25:22Z,PAYMENT_MESSAGE,PAYMENT_MESSAGE_ONLY
EXT-ACC-000430,****3838,BANK-VPB-EXT,VN,HUYNH QUYNH VIET,INDIVIDUAL,NAME_ONLY,,0.197,2025-10-04T22:48:59Z,2025-12-31T10:00:50Z,PAYMENT_MESSAGE,PAYMENT_MESSAGE_ONLY
EXT-ACC-000431,****1878,BANK-ACB-EXT,VN,HUYNH TUAN MY,INDIVIDUAL,NAME_ONLY,,0.095,2025-10-05T18:15:21Z,2025-12-28T06:15:14Z,PAYMENT_MESSAGE,PAYMENT_MESSAGE_ONLY
EXT-ACC-000432,****9281,BANK-VCB-EXT,VN,PHAN CUONG XUAN,INDIVIDUAL,NAME_ONLY,,0.178,2025-10-05T14:51:14Z,2025-12-28T02:41:24Z,PAYMENT_MESSAGE,PAYMENT_MESSAGE_ONLY
EXT-ACC-000433,****3740,BANK-ACB-EXT,VN,NGO MY QUYNH,INDIVIDUAL,NAME_ONLY,,0.095,2025-10-06T04:24:28Z,2025-12-28T17:35:37Z,PAYMENT_MESSAGE,PAYMENT_MESSAGE_ONLY
EXT-ACC-000434,****4613,BANK-FOREIGN-SG-DEMO,SG,EXTERNAL DEMO COMPANY 0443,COMPANY,REGISTRATION_NUMBER,EXT-REG-000443,0.353,2025-10-06T13:02:51Z,2025-12-28T12:50:30Z,PAYMENT_MESSAGE,PAYMENT_MESSAGE_ONLY
EXT-ACC-000435,****9115,BANK-MBB-EXT,VN,DANG LAN OANH,INDIVIDUAL,NAME_ONLY,,0.105,2025-10-06T03:00:13Z,2025-12-28T15:45:27Z,PAYMENT_MESSAGE,PAYMENT_MESSAGE_ONLY
EXT-ACC-000436,****9880,BANK-VCB-EXT,VN,VO VIET BAO,INDIVIDUAL,NAME_ONLY,,0.178,2025-10-03T20:18:11Z,2025-12-30T08:28:21Z,PAYMENT_MESSAGE,PAYMENT_MESSAGE_ONLY
EXT-ACC-000437,****8231,BANK-VCB-EXT,VN,EXTERNAL DEMO COMPANY 0446,COMPANY,REGISTRATION_NUMBER,EXT-REG-000446,0.178,2025-10-04T19:11:55Z,2025-12-31T06:04:19Z,PAYMENT_MESSAGE,PAYMENT_MESSAGE_ONLY
EXT-ACC-000438,****8368,BANK-ACB-EXT,VN,VU THAO CHI,INDIVIDUAL,NAME_ONLY,,0.095,2025-10-05T23:26:23Z,2025-12-28T11:13:18Z,PAYMENT_MESSAGE,PAYMENT_MESSAGE_ONLY
EXT-ACC-000439,****6744,BANK-VCB-EXT,VN,PHAM PHONG NAM,INDIVIDUAL,NAME_ONLY,,0.178,2025-10-04T01:55:08Z,2025-12-30T13:55:35Z,PAYMENT_MESSAGE,PAYMENT_MESSAGE_ONLY
EXT-ACC-000440,****4385,BANK-VPB-EXT,VN,HUYNH NHI HUNG,INDIVIDUAL,NAME_ONLY,,0.197,2025-10-04T12:46:22Z,2025-12-30T23:25:49Z,PAYMENT_MESSAGE,PAYMENT_MESSAGE_ONLY
EXT-ACC-000441,****9827,BANK-VCB-EXT,VN,DOAN SON KIET,INDIVIDUAL,NAME_ONLY,,0.178,2025-10-05T09:53:10Z,2025-12-31T21:24:28Z,PAYMENT_MESSAGE,PAYMENT_MESSAGE_ONLY
EXT-ACC-000442,****3221,BANK-MBB-EXT,VN,VO TRANG HAI,INDIVIDUAL,NAME_ONLY,,0.105,2025-10-06T14:53:00Z,2025-12-29T04:17:07Z,PAYMENT_MESSAGE,PAYMENT_MESSAGE_ONLY
EXT-ACC-000443,****5543,BANK-ACB-EXT,VN,EXTERNAL DEMO COMPANY 0452,COMPANY,REGISTRATION_NUMBER,EXT-REG-000452,0.095,2025-10-03T02:35:29Z,2025-12-29T12:00:25Z,PAYMENT_MESSAGE,PAYMENT_MESSAGE_ONLY
EXT-ACC-000444,****6277,BANK-TCB-EXT,VN,HOANG PHONG KHANH,INDIVIDUAL,NAME_ONLY,,0.055,2025-10-05T00:09:59Z,2025-12-31T11:34:48Z,PAYMENT_MESSAGE,PAYMENT_MESSAGE_ONLY
EXT-ACC-000445,****7146,BANK-ACB-EXT,VN,MAI SON HOA,INDIVIDUAL,NAME_ONLY,,0.095,2025-10-03T00:06:27Z,2025-12-29T08:49:16Z,PAYMENT_MESSAGE,PAYMENT_MESSAGE_ONLY
EXT-ACC-000446,****8996,BANK-VCB-EXT,VN,VO BAO OANH,INDIVIDUAL,NAME_ONLY,,0.178,2025-10-06T14:01:10Z,2025-12-29T03:44:43Z,PAYMENT_MESSAGE,PAYMENT_MESSAGE_ONLY
EXT-ACC-000447,****2526,BANK-VCB-EXT,VN,EXTERNAL DEMO COMPANY 0456,COMPANY,REGISTRATION_NUMBER,EXT-REG-000456,0.178,2025-10-05T01:53:40Z,2025-12-31T13:08:45Z,PAYMENT_MESSAGE,PAYMENT_MESSAGE_ONLY
EXT-ACC-000448,****7516,BANK-ACB-EXT,VN,DO EM VIET,INDIVIDUAL,NAME_ONLY,,0.095,2025-10-05T19:03:57Z,2025-12-28T07:00:35Z,PAYMENT_MESSAGE,PAYMENT_MESSAGE_ONLY
EXT-ACC-000449,****9105,BANK-ACB-EXT,VN,EXTERNAL DEMO COMPANY 0458,COMPANY,REGISTRATION_NUMBER,EXT-REG-000458,0.095,2025-10-04T19:57:16Z,2025-12-31T07:02:38Z,PAYMENT_MESSAGE,PAYMENT_MESSAGE_ONLY
EXT-ACC-000450,****8951,BANK-MBB-EXT,VN,MAI HUNG DAO,INDIVIDUAL,NAME_ONLY,,0.105,2025-10-06T13:12:34Z,2025-12-29T02:17:14Z,PAYMENT_MESSAGE,PAYMENT_MESSAGE_ONLY
EXT-ACC-000451,****3588,BANK-VCB-EXT,VN,DUONG BINH HANH,INDIVIDUAL,NAME_ONLY,,0.178,2025-10-06T05:38:59Z,2025-12-28T18:56:37Z,PAYMENT_MESSAGE,PAYMENT_MESSAGE_ONLY
EXT-ACC-000452,****8009,BANK-VCB-EXT,VN,EXTERNAL DEMO COMPANY 0461,COMPANY,REGISTRATION_NUMBER,EXT-REG-000461,0.178,2025-10-05T07:04:42Z,2025-12-31T17:24:42Z,PAYMENT_MESSAGE,PAYMENT_MESSAGE_ONLY
EXT-ACC-000453,****5945,BANK-TCB-EXT,VN,EXTERNAL DEMO COMPANY 0462,COMPANY,REGISTRATION_NUMBER,EXT-REG-000462,0.055,2025-10-05T20:34:40Z,2025-12-28T07:49:11Z,PAYMENT_MESSAGE,PAYMENT_MESSAGE_ONLY
EXT-ACC-000454,****7092,BANK-MBB-EXT,VN,DO QUANG GIANG,INDIVIDUAL,NAME_ONLY,,0.105,2025-10-03T10:28:31Z,2025-12-29T22:06:17Z,PAYMENT_MESSAGE,PAYMENT_MESSAGE_ONLY
EXT-ACC-000455,****2494,BANK-TCB-EXT,VN,DANG NGA KHOA,INDIVIDUAL,NAME_ONLY,,0.055,2025-10-04T20:45:52Z,2025-12-31T08:07:26Z,PAYMENT_MESSAGE,PAYMENT_MESSAGE_ONLY
EXT-ACC-000456,****4705,BANK-VCB-EXT,VN,LE HUNG HIEU,INDIVIDUAL,NAME_ONLY,,0.178,2025-10-04T20:10:14Z,2025-12-31T07:28:34Z,PAYMENT_MESSAGE,PAYMENT_MESSAGE_ONLY
EXT-ACC-000457,****3165,BANK-ACB-EXT,VN,BUI HANH KHOA,INDIVIDUAL,NAME_ONLY,,0.095,2025-10-06T00:21:28Z,2025-12-28T12:21:20Z,PAYMENT_MESSAGE,PAYMENT_MESSAGE_ONLY
EXT-ACC-000458,****7022,BANK-TCB-EXT,VN,PHAM HAI TUAN,INDIVIDUAL,NAME_ONLY,,0.055,2025-10-05T13:52:55Z,2025-12-28T01:49:33Z,PAYMENT_MESSAGE,PAYMENT_MESSAGE_ONLY
EXT-ACC-000459,****9691,BANK-TCB-EXT,VN,HOANG KHANH EM,INDIVIDUAL,NAME_ONLY,,0.055,2025-10-06T15:57:48Z,2025-12-29T05:18:41Z,PAYMENT_MESSAGE,PAYMENT_MESSAGE_ONLY
EXT-ACC-000460,****3480,BANK-VPB-EXT,VN,DUONG YEN NAM,INDIVIDUAL,NAME_ONLY,,0.197,2025-10-06T15:15:41Z,2025-12-29T04:36:33Z,PAYMENT_MESSAGE,PAYMENT_MESSAGE_ONLY
EXT-ACC-000461,****3293,BANK-VPB-EXT,VN,PHAN GIANG HAI,INDIVIDUAL,NAME_ONLY,,0.197,2025-10-05T15:36:36Z,2025-12-28T03:26:45Z,PAYMENT_MESSAGE,PAYMENT_MESSAGE_ONLY
EXT-ACC-000462,****6759,BANK-VPB-EXT,VN,EXTERNAL DEMO COMPANY 0471,COMPANY,REGISTRATION_NUMBER,EXT-REG-000471,0.197,2025-10-03T15:46:02Z,2025-12-30T03:49:43Z,PAYMENT_MESSAGE,PAYMENT_MESSAGE_ONLY
EXT-ACC-000463,****5059,BANK-MBB-EXT,VN,EXTERNAL DEMO COMPANY 0472,COMPANY,REGISTRATION_NUMBER,EXT-REG-000472,0.105,2025-10-04T06:07:51Z,2025-12-30T17:48:52Z,PAYMENT_MESSAGE,PAYMENT_MESSAGE_ONLY
EXT-ACC-000464,****5668,BANK-VCB-EXT,VN,CAO KIET KIET,INDIVIDUAL,NAME_ONLY,,0.178,2025-10-06T17:31:46Z,2025-12-29T07:31:31Z,PAYMENT_MESSAGE,PAYMENT_MESSAGE_ONLY
EXT-ACC-000465,****5942,BANK-VCB-EXT,VN,EXTERNAL DEMO COMPANY 0474,COMPANY,REGISTRATION_NUMBER,EXT-REG-000474,0.178,2025-10-05T06:16:06Z,2025-12-31T16:36:06Z,PAYMENT_MESSAGE,PAYMENT_MESSAGE_ONLY
EXT-ACC-000466,****4921,BANK-VPB-EXT,VN,HO TAM DUNG,INDIVIDUAL,NAME_ONLY,,0.197,2025-10-06T17:22:02Z,2025-12-29T06:59:07Z,PAYMENT_MESSAGE,PAYMENT_MESSAGE_ONLY
EXT-ACC-000467,****1197,BANK-VCB-EXT,VN,CAO EM UY,INDIVIDUAL,NAME_ONLY,,0.178,2025-10-05T05:50:10Z,2025-12-31T16:16:40Z,PAYMENT_MESSAGE,PAYMENT_MESSAGE_ONLY
EXT-ACC-000468,****9951,BANK-MBB-EXT,VN,MAI HOA BAO,INDIVIDUAL,NAME_ONLY,,0.105,2025-10-03T00:51:49Z,2025-12-29T09:28:09Z,PAYMENT_MESSAGE,PAYMENT_MESSAGE_ONLY
EXT-ACC-000469,****2195,BANK-ACB-EXT,VN,EXTERNAL DEMO COMPANY 0478,COMPANY,REGISTRATION_NUMBER,EXT-REG-000478,0.095,2025-10-05T12:41:39Z,2025-12-28T00:41:31Z,PAYMENT_MESSAGE,PAYMENT_MESSAGE_ONLY
EXT-ACC-000470,****7520,BANK-FOREIGN-SG-DEMO,SG,PHAN CHI DUNG,INDIVIDUAL,NAME_ONLY,,0.353,2025-10-07T18:25:22Z,2025-12-29T21:40:22Z,PAYMENT_MESSAGE,PAYMENT_MESSAGE_ONLY
EXT-ACC-000471,****7939,BANK-VPB-EXT,VN,EXTERNAL DEMO COMPANY 0480,COMPANY,REGISTRATION_NUMBER,EXT-REG-000480,0.197,2025-10-04T19:02:11Z,2025-12-31T05:38:24Z,PAYMENT_MESSAGE,PAYMENT_MESSAGE_ONLY
EXT-ACC-000472,****5546,BANK-VCB-EXT,VN,DOAN NHI KHANH,INDIVIDUAL,NAME_ONLY,,0.178,2025-10-04T23:14:54Z,2025-12-31T10:13:48Z,PAYMENT_MESSAGE,PAYMENT_MESSAGE_ONLY
EXT-ACC-000473,****6353,BANK-FOREIGN-SG-DEMO,SG,PHAN KHANH VIET,INDIVIDUAL,NAME_ONLY,,0.353,2025-10-07T06:45:32Z,2025-12-29T14:06:47Z,PAYMENT_MESSAGE,PAYMENT_MESSAGE_ONLY
EXT-ACC-000474,****5005,BANK-VCB-EXT,VN,NGO PHONG DUNG,INDIVIDUAL,NAME_ONLY,,0.178,2025-10-04T01:35:42Z,2025-12-30T13:42:38Z,PAYMENT_MESSAGE,PAYMENT_MESSAGE_ONLY
EXT-ACC-000475,****6067,BANK-FOREIGN-JP-DEMO,JP,CAO KIET DUNG,INDIVIDUAL,NAME_ONLY,,0.277,2025-10-04T20:23:11Z,2025-12-27T15:14:32Z,PAYMENT_MESSAGE,PAYMENT_MESSAGE_ONLY
EXT-ACC-000476,****9133,BANK-TCB-EXT,VN,HOANG AN LAN,INDIVIDUAL,NAME_ONLY,,0.055,2025-10-06T04:17:59Z,2025-12-28T17:19:25Z,PAYMENT_MESSAGE,PAYMENT_MESSAGE_ONLY
EXT-ACC-000477,****3079,BANK-VPB-EXT,VN,VO LAN BAO,INDIVIDUAL,NAME_ONLY,,0.197,2025-10-04T01:03:18Z,2025-12-30T13:00:30Z,PAYMENT_MESSAGE,PAYMENT_MESSAGE_ONLY
EXT-ACC-000478,****2934,BANK-MBB-EXT,VN,EXTERNAL DEMO COMPANY 0487,COMPANY,REGISTRATION_NUMBER,EXT-REG-000487,0.105,2025-10-04T06:14:20Z,2025-12-30T17:58:35Z,PAYMENT_MESSAGE,PAYMENT_MESSAGE_ONLY
EXT-ACC-000479,****2046,BANK-VCB-EXT,VN,NGO SON UY,INDIVIDUAL,NAME_ONLY,,0.178,2025-10-04T20:03:45Z,2025-12-31T07:18:50Z,PAYMENT_MESSAGE,PAYMENT_MESSAGE_ONLY
EXT-ACC-000480,****6900,BANK-VPB-EXT,VN,LY OANH TRANG,INDIVIDUAL,NAME_ONLY,,0.197,2025-10-03T23:48:47Z,2025-12-30T11:26:33Z,PAYMENT_MESSAGE,PAYMENT_MESSAGE_ONLY
EXT-ACC-000481,****2889,BANK-FOREIGN-KR-DEMO,KR,HUYNH QUANG HAI,INDIVIDUAL,NAME_ONLY,,0.159,2025-10-04T10:46:29Z,2025-12-27T04:39:30Z,PAYMENT_MESSAGE,PAYMENT_MESSAGE_ONLY
EXT-ACC-000482,****8729,BANK-VPB-EXT,VN,NGUYEN PHONG CHI,INDIVIDUAL,NAME_ONLY,,0.197,2025-10-03T07:30:19Z,2025-12-29T18:32:27Z,PAYMENT_MESSAGE,PAYMENT_MESSAGE_ONLY
EXT-ACC-000483,****4678,BANK-TCB-EXT,VN,TRAN XUAN HOA,INDIVIDUAL,NAME_ONLY,,0.055,2025-10-05T03:14:39Z,2025-12-31T14:03:50Z,PAYMENT_MESSAGE,PAYMENT_MESSAGE_ONLY
EXT-ACC-000484,****6241,BANK-ACB-EXT,VN,EXTERNAL DEMO COMPANY 0493,COMPANY,REGISTRATION_NUMBER,EXT-REG-000493,0.095,2025-10-04T23:08:25Z,2025-12-31T10:10:33Z,PAYMENT_MESSAGE,PAYMENT_MESSAGE_ONLY
EXT-ACC-000485,****3938,BANK-VCB-EXT,VN,PHAM TRANG DUNG,INDIVIDUAL,NAME_ONLY,,0.178,2025-10-05T09:20:46Z,2025-12-31T20:42:20Z,PAYMENT_MESSAGE,PAYMENT_MESSAGE_ONLY
EXT-ACC-000486,****7568,BANK-VPB-EXT,VN,EXTERNAL DEMO COMPANY 0495,COMPANY,REGISTRATION_NUMBER,EXT-REG-000495,0.197,2025-10-05T11:23:53Z,2025-12-31T22:55:11Z,PAYMENT_MESSAGE,PAYMENT_MESSAGE_ONLY
EXT-ACC-000487,****6090,BANK-FOREIGN-JP-DEMO,JP,EXTERNAL DEMO COMPANY 0496,COMPANY,REGISTRATION_NUMBER,EXT-REG-000496,0.277,2025-10-06T10:27:20Z,2025-12-28T11:16:33Z,PAYMENT_MESSAGE,PAYMENT_MESSAGE_ONLY
EXT-ACC-000488,****5979,BANK-VPB-EXT,VN,DO MINH TAM,INDIVIDUAL,NAME_ONLY,,0.197,2025-10-04T19:15:09Z,2025-12-31T06:10:48Z,PAYMENT_MESSAGE,PAYMENT_MESSAGE_ONLY
EXT-ACC-000489,****9954,BANK-TCB-EXT,VN,MAI QUYNH MINH,INDIVIDUAL,NAME_ONLY,,0.055,2025-10-05T11:04:27Z,2025-12-31T22:32:30Z,PAYMENT_MESSAGE,PAYMENT_MESSAGE_ONLY
EXT-ACC-000490,****9872,BANK-TCB-EXT,VN,NGO BINH NGA,INDIVIDUAL,NAME_ONLY,,0.055,2025-10-05T09:24:01Z,2025-12-31T20:55:18Z,PAYMENT_MESSAGE,PAYMENT_MESSAGE_ONLY
EXT-ACC-000491,****1023,BANK-VCB-EXT,VN,EXTERNAL DEMO COMPANY 0500,COMPANY,REGISTRATION_NUMBER,EXT-REG-000500,0.178,2025-10-06T18:20:22Z,2025-12-29T07:57:26Z,PAYMENT_MESSAGE,PAYMENT_MESSAGE_ONLY
EXT-ACC-000492,****6038,BANK-ACB-EXT,VN,EXTERNAL DEMO COMPANY 0501,COMPANY,REGISTRATION_NUMBER,EXT-REG-000501,0.095,2025-10-04T15:12:09Z,2025-12-31T01:51:36Z,PAYMENT_MESSAGE,PAYMENT_MESSAGE_ONLY
EXT-ACC-000493,****7878,BANK-FOREIGN-KR-DEMO,KR,EXTERNAL DEMO COMPANY 0502,COMPANY,REGISTRATION_NUMBER,EXT-REG-000502,0.159,2025-10-06T08:30:42Z,2025-12-28T09:23:09Z,PAYMENT_MESSAGE,PAYMENT_MESSAGE_ONLY
EXT-ACC-000494,****3332,BANK-VCB-EXT,VN,EXTERNAL DEMO COMPANY 0503,COMPANY,REGISTRATION_NUMBER,EXT-REG-000503,0.178,2025-10-05T00:06:45Z,2025-12-31T11:21:50Z,PAYMENT_MESSAGE,PAYMENT_MESSAGE_ONLY
EXT-ACC-000495,****7102,BANK-VCB-EXT,VN,VU UY HOA,INDIVIDUAL,NAME_ONLY,,0.178,2025-10-06T01:00:21Z,2025-12-28T13:03:28Z,PAYMENT_MESSAGE,PAYMENT_MESSAGE_ONLY
EXT-ACC-000496,****2226,BANK-VCB-EXT,VN,TRINH HUNG DIEP,INDIVIDUAL,NAME_ONLY,,0.178,2025-10-06T01:10:04Z,2025-12-28T13:09:56Z,PAYMENT_MESSAGE,PAYMENT_MESSAGE_ONLY
EXT-ACC-000497,****5276,BANK-VCB-EXT,VN,HOANG PHONG TAM,INDIVIDUAL,NAME_ONLY,,0.178,2025-10-03T01:33:56Z,2025-12-29T09:50:50Z,PAYMENT_MESSAGE,PAYMENT_MESSAGE_ONLY
EXT-ACC-000498,****5455,BANK-ACB-EXT,VN,BUI TUAN MY,INDIVIDUAL,NAME_ONLY,,0.095,2025-10-06T03:52:04Z,2025-12-28T16:27:34Z,PAYMENT_MESSAGE,PAYMENT_MESSAGE_ONLY
EXT-ACC-000499,****2731,BANK-TCB-EXT,VN,MAI HAI KHANH,INDIVIDUAL,NAME_ONLY,,0.055,2025-10-03T09:52:53Z,2025-12-29T20:45:18Z,PAYMENT_MESSAGE,PAYMENT_MESSAGE_ONLY
EXT-ACC-000500,****4401,BANK-ACB-EXT,VN,PHAM VIET YEN,INDIVIDUAL,NAME_ONLY,,0.095,2025-10-06T01:42:28Z,2025-12-28T14:05:01Z,PAYMENT_MESSAGE,PAYMENT_MESSAGE_ONLY
EXT-ACC-000501,****5984,BANK-ACB-EXT,VN,PHAM GIANG LAN,INDIVIDUAL,NAME_ONLY,,0.095,2025-10-06T05:19:32Z,2025-12-28T18:30:41Z,PAYMENT_MESSAGE,PAYMENT_MESSAGE_ONLY
EXT-ACC-000502,****5066,BANK-VPB-EXT,VN,BUI KHANH GIANG,INDIVIDUAL,NAME_ONLY,,0.197,2025-10-06T18:52:46Z,2025-12-29T08:39:33Z,PAYMENT_MESSAGE,PAYMENT_MESSAGE_ONLY
EXT-ACC-000503,****1509,BANK-ACB-EXT,VN,DANG QUANG LINH,INDIVIDUAL,NAME_ONLY,,0.095,2025-10-03T17:26:28Z,2025-12-30T04:54:31Z,PAYMENT_MESSAGE,PAYMENT_MESSAGE_ONLY
EXT-ACC-000504,****8570,BANK-ACB-EXT,VN,DOAN PHONG HAI,INDIVIDUAL,NAME_ONLY,,0.095,2025-10-06T10:24:05Z,2025-12-28T23:28:46Z,PAYMENT_MESSAGE,PAYMENT_MESSAGE_ONLY
EXT-ACC-000505,****4246,BANK-FOREIGN-CN-DEMO,CN,TRAN NGA HUNG,INDIVIDUAL,NAME_ONLY,,0.418,2025-10-04T08:07:44Z,2025-12-31T21:27:42Z,PAYMENT_MESSAGE,PAYMENT_MESSAGE_ONLY
EXT-ACC-000506,****5240,BANK-MBB-EXT,VN,LE HIEU HIEU,INDIVIDUAL,NAME_ONLY,,0.105,2025-10-03T05:46:39Z,2025-12-29T16:16:23Z,PAYMENT_MESSAGE,PAYMENT_MESSAGE_ONLY
EXT-ACC-000507,****3110,BANK-VCB-EXT,VN,LE MINH MY,INDIVIDUAL,NAME_ONLY,,0.178,2025-10-03T12:41:21Z,2025-12-30T00:41:48Z,PAYMENT_MESSAGE,PAYMENT_MESSAGE_ONLY
EXT-ACC-000508,****8096,BANK-FOREIGN-US-DEMO,US,DUONG DUNG LAN,INDIVIDUAL,NAME_ONLY,,0.176,2025-10-07T16:44:56Z,2025-12-29T19:50:13Z,PAYMENT_MESSAGE,PAYMENT_MESSAGE_ONLY
EXT-ACC-000509,****6799,BANK-ACB-EXT,VN,HO KHOA LINH,INDIVIDUAL,NAME_ONLY,,0.095,2025-10-04T15:15:24Z,2025-12-31T01:58:05Z,PAYMENT_MESSAGE,PAYMENT_MESSAGE_ONLY
EXT-ACC-000510,****5026,BANK-TCB-EXT,VN,DUONG KHANH CHI,INDIVIDUAL,NAME_ONLY,,0.055,2025-10-04T14:23:33Z,2025-12-31T01:15:58Z,PAYMENT_MESSAGE,PAYMENT_MESSAGE_ONLY
EXT-ACC-000511,****2437,BANK-ACB-EXT,VN,DOAN PHUONG DUNG,INDIVIDUAL,NAME_ONLY,,0.095,2025-10-06T13:22:17Z,2025-12-29T02:36:41Z,PAYMENT_MESSAGE,PAYMENT_MESSAGE_ONLY
EXT-ACC-000512,****1319,BANK-TCB-EXT,VN,TRINH PHONG VIET,INDIVIDUAL,NAME_ONLY,,0.055,2025-10-03T03:53:15Z,2025-12-29T13:40:52Z,PAYMENT_MESSAGE,PAYMENT_MESSAGE_ONLY
EXT-ACC-000513,****9231,BANK-MBB-EXT,VN,LY YEN DAO,INDIVIDUAL,NAME_ONLY,,0.105,2025-10-05T03:50:18Z,2025-12-31T14:42:43Z,PAYMENT_MESSAGE,PAYMENT_MESSAGE_ONLY
EXT-ACC-000514,****1480,BANK-MBB-EXT,VN,BUI KIET NGA,INDIVIDUAL,NAME_ONLY,,0.105,2025-10-04T20:16:43Z,2025-12-31T07:31:48Z,PAYMENT_MESSAGE,PAYMENT_MESSAGE_ONLY
EXT-ACC-000515,****4813,BANK-MBB-EXT,VN,LY UY YEN,INDIVIDUAL,NAME_ONLY,,0.105,2025-10-05T09:04:34Z,2025-12-31T20:19:40Z,PAYMENT_MESSAGE,PAYMENT_MESSAGE_ONLY
EXT-ACC-000516,****1916,BANK-VCB-EXT,VN,VU SON VIET,INDIVIDUAL,NAME_ONLY,,0.178,2025-10-05T15:26:53Z,2025-12-28T03:13:48Z,PAYMENT_MESSAGE,PAYMENT_MESSAGE_ONLY
EXT-ACC-000517,****3885,BANK-TCB-EXT,VN,HO YEN LINH,INDIVIDUAL,NAME_ONLY,,0.055,2025-10-06T09:22:32Z,2025-12-28T22:40:10Z,PAYMENT_MESSAGE,PAYMENT_MESSAGE_ONLY
EXT-ACC-000518,****6878,BANK-MBB-EXT,VN,EXTERNAL DEMO COMPANY 0527,COMPANY,REGISTRATION_NUMBER,EXT-REG-000527,0.105,2025-10-04T21:50:40Z,2025-12-31T09:02:31Z,PAYMENT_MESSAGE,PAYMENT_MESSAGE_ONLY
EXT-ACC-000519,****3328,BANK-VCB-EXT,VN,DO DAO DAO,INDIVIDUAL,NAME_ONLY,,0.178,2025-10-06T01:58:40Z,2025-12-28T14:47:08Z,PAYMENT_MESSAGE,PAYMENT_MESSAGE_ONLY
EXT-ACC-000520,****9064,BANK-TCB-EXT,VN,EXTERNAL DEMO COMPANY 0529,COMPANY,REGISTRATION_NUMBER,EXT-REG-000529,0.055,2025-10-04T05:06:17Z,2025-12-30T16:31:06Z,PAYMENT_MESSAGE,PAYMENT_MESSAGE_ONLY
EXT-ACC-000521,****4584,BANK-TCB-EXT,VN,LE DUNG NGA,INDIVIDUAL,NAME_ONLY,,0.055,2025-10-05T23:36:06Z,2025-12-28T11:32:45Z,PAYMENT_MESSAGE,PAYMENT_MESSAGE_ONLY
EXT-ACC-000522,****6582,BANK-FOREIGN-JP-DEMO,JP,CAO MINH HUNG,INDIVIDUAL,NAME_ONLY,,0.277,2025-10-04T13:31:43Z,2025-12-27T06:13:28Z,PAYMENT_MESSAGE,PAYMENT_MESSAGE_ONLY
EXT-ACC-000523,****2817,BANK-MBB-EXT,VN,HOANG HIEU KHANH,INDIVIDUAL,NAME_ONLY,,0.105,2025-10-03T06:09:20Z,2025-12-29T16:48:47Z,PAYMENT_MESSAGE,PAYMENT_MESSAGE_ONLY
EXT-ACC-000524,****7120,BANK-MBB-EXT,VN,EXTERNAL DEMO COMPANY 0533,COMPANY,REGISTRATION_NUMBER,EXT-REG-000533,0.105,2025-10-03T12:47:50Z,2025-12-30T00:51:32Z,PAYMENT_MESSAGE,PAYMENT_MESSAGE_ONLY
EXT-ACC-000525,****3235,BANK-ACB-EXT,VN,BUI THAO TUAN,INDIVIDUAL,NAME_ONLY,,0.095,2025-10-03T01:59:51Z,2025-12-29T10:52:23Z,PAYMENT_MESSAGE,PAYMENT_MESSAGE_ONLY
EXT-ACC-000526,****8982,BANK-ACB-EXT,VN,EXTERNAL DEMO COMPANY 0535,COMPANY,REGISTRATION_NUMBER,EXT-REG-000535,0.095,2025-10-06T12:27:12Z,2025-12-29T01:35:07Z,PAYMENT_MESSAGE,PAYMENT_MESSAGE_ONLY
EXT-ACC-000527,****4657,BANK-TCB-EXT,VN,DOAN NHI YEN,INDIVIDUAL,NAME_ONLY,,0.055,2025-10-05T08:32:10Z,2025-12-31T19:47:16Z,PAYMENT_MESSAGE,PAYMENT_MESSAGE_ONLY
EXT-ACC-000528,****1029,BANK-TCB-EXT,VN,DANG HUNG LINH,INDIVIDUAL,NAME_ONLY,,0.055,2025-10-05T10:25:34Z,2025-12-31T22:06:35Z,PAYMENT_MESSAGE,PAYMENT_MESSAGE_ONLY
EXT-ACC-000529,****6213,BANK-VPB-EXT,VN,MAI CHI LINH,INDIVIDUAL,NAME_ONLY,,0.197,2025-10-04T02:34:01Z,2025-12-30T14:34:28Z,PAYMENT_MESSAGE,PAYMENT_MESSAGE_ONLY
EXT-ACC-000530,****3304,BANK-VPB-EXT,VN,MAI HAI QUYNH,INDIVIDUAL,NAME_ONLY,,0.197,2025-10-03T02:06:20Z,2025-12-29T10:58:52Z,PAYMENT_MESSAGE,PAYMENT_MESSAGE_ONLY
EXT-ACC-000531,****6500,BANK-VCB-EXT,VN,BUI LAN GIANG,INDIVIDUAL,NAME_ONLY,,0.178,2025-10-05T14:31:48Z,2025-12-28T02:21:57Z,PAYMENT_MESSAGE,PAYMENT_MESSAGE_ONLY
EXT-ACC-000532,****2770,BANK-MBB-EXT,VN,LE YEN QUANG,INDIVIDUAL,NAME_ONLY,,0.105,2025-10-05T22:57:14Z,2025-12-28T10:21:28Z,PAYMENT_MESSAGE,PAYMENT_MESSAGE_ONLY
EXT-ACC-000533,****9078,BANK-VCB-EXT,VN,NGO LAN HOA,INDIVIDUAL,NAME_ONLY,,0.178,2025-10-05T06:19:20Z,2025-12-31T16:45:50Z,PAYMENT_MESSAGE,PAYMENT_MESSAGE_ONLY
EXT-ACC-000534,****4695,BANK-MBB-EXT,VN,PHAM PHUONG DAO,INDIVIDUAL,NAME_ONLY,,0.105,2025-10-04T16:46:07Z,2025-12-31T03:48:15Z,PAYMENT_MESSAGE,PAYMENT_MESSAGE_ONLY
EXT-ACC-000535,****1547,BANK-VCB-EXT,VN,EXTERNAL DEMO COMPANY 0544,COMPANY,REGISTRATION_NUMBER,EXT-REG-000544,0.178,2025-10-03T13:13:45Z,2025-12-30T01:43:22Z,PAYMENT_MESSAGE,PAYMENT_MESSAGE_ONLY
EXT-ACC-000536,****3787,BANK-MBB-EXT,VN,PHAM EM VAN,INDIVIDUAL,NAME_ONLY,,0.105,2025-10-03T23:58:30Z,2025-12-30T12:02:11Z,PAYMENT_MESSAGE,PAYMENT_MESSAGE_ONLY
EXT-ACC-000537,****9962,BANK-TCB-EXT,VN,EXTERNAL DEMO COMPANY 0546,COMPANY,REGISTRATION_NUMBER,EXT-REG-000546,0.055,2025-10-06T12:11:01Z,2025-12-29T01:09:12Z,PAYMENT_MESSAGE,PAYMENT_MESSAGE_ONLY
EXT-ACC-000538,****8066,BANK-VCB-EXT,VN,CAO PHUONG BINH,INDIVIDUAL,NAME_ONLY,,0.178,2025-10-04T05:32:13Z,2025-12-30T17:06:44Z,PAYMENT_MESSAGE,PAYMENT_MESSAGE_ONLY
EXT-ACC-000539,****2659,BANK-TCB-EXT,VN,NGO LAN DUNG,INDIVIDUAL,NAME_ONLY,,0.055,2025-10-06T02:37:33Z,2025-12-28T15:13:03Z,PAYMENT_MESSAGE,PAYMENT_MESSAGE_ONLY
EXT-ACC-000540,****5612,BANK-TCB-EXT,VN,DOAN VIET QUANG,INDIVIDUAL,NAME_ONLY,,0.055,2025-10-03T12:34:53Z,2025-12-30T00:32:05Z,PAYMENT_MESSAGE,PAYMENT_MESSAGE_ONLY
EXT-ACC-000541,****3516,BANK-VCB-EXT,VN,MAI XUAN QUYNH,INDIVIDUAL,NAME_ONLY,,0.178,2025-10-05T13:01:05Z,2025-12-28T00:57:43Z,PAYMENT_MESSAGE,PAYMENT_MESSAGE_ONLY
EXT-ACC-000542,****4271,BANK-FOREIGN-SG-DEMO,SG,DANG KIET PHUONG,INDIVIDUAL,NAME_ONLY,,0.353,2025-10-08T10:53:32Z,2025-12-30T16:24:37Z,PAYMENT_MESSAGE,PAYMENT_MESSAGE_ONLY
EXT-ACC-000543,****2892,BANK-FOREIGN-CN-DEMO,CN,DANG GIANG PHUONG,INDIVIDUAL,NAME_ONLY,,0.418,2025-10-07T01:44:14Z,2025-12-29T11:53:57Z,PAYMENT_MESSAGE,PAYMENT_MESSAGE_ONLY
EXT-ACC-000544,****7349,BANK-ACB-EXT,VN,VO GIANG VIET,INDIVIDUAL,NAME_ONLY,,0.095,2025-10-05T22:28:04Z,2025-12-28T09:39:21Z,PAYMENT_MESSAGE,PAYMENT_MESSAGE_ONLY
EXT-ACC-000545,****8204,BANK-ACB-EXT,VN,DUONG CHI QUANG,INDIVIDUAL,NAME_ONLY,,0.095,2025-10-04T07:45:03Z,2025-12-30T19:32:32Z,PAYMENT_MESSAGE,PAYMENT_MESSAGE_ONLY
EXT-ACC-000546,****2009,BANK-TCB-EXT,VN,EXTERNAL DEMO COMPANY 0555,COMPANY,REGISTRATION_NUMBER,EXT-REG-000555,0.055,2025-10-03T22:47:13Z,2025-12-30T10:44:26Z,PAYMENT_MESSAGE,PAYMENT_MESSAGE_ONLY
EXT-ACC-000547,****4727,BANK-VCB-EXT,VN,DO VIET HOA,INDIVIDUAL,NAME_ONLY,,0.178,2025-10-03T17:07:02Z,2025-12-30T04:35:05Z,PAYMENT_MESSAGE,PAYMENT_MESSAGE_ONLY
EXT-ACC-000548,****7858,BANK-ACB-EXT,VN,EXTERNAL DEMO COMPANY 0557,COMPANY,REGISTRATION_NUMBER,EXT-REG-000557,0.095,2025-10-03T15:33:04Z,2025-12-30T03:36:46Z,PAYMENT_MESSAGE,PAYMENT_MESSAGE_ONLY
EXT-ACC-000549,****2293,BANK-ACB-EXT,VN,VU PHUONG THAO,INDIVIDUAL,NAME_ONLY,,0.095,2025-10-05T00:39:09Z,2025-12-31T12:07:12Z,PAYMENT_MESSAGE,PAYMENT_MESSAGE_ONLY
EXT-ACC-000550,****3415,BANK-VCB-EXT,VN,TRINH DAO NHI,INDIVIDUAL,NAME_ONLY,,0.178,2025-10-04T08:23:56Z,2025-12-30T20:04:56Z,PAYMENT_MESSAGE,PAYMENT_MESSAGE_ONLY
EXT-ACC-000551,****3067,BANK-ACB-EXT,VN,HUYNH NAM MINH,INDIVIDUAL,NAME_ONLY,,0.095,2025-10-03T18:02:06Z,2025-12-30T06:28:29Z,PAYMENT_MESSAGE,PAYMENT_MESSAGE_ONLY
EXT-ACC-000552,****8133,BANK-FOREIGN-SG-DEMO,SG,EXTERNAL DEMO COMPANY 0561,COMPANY,REGISTRATION_NUMBER,EXT-REG-000561,0.353,2025-10-07T07:50:20Z,2025-12-29T14:19:44Z,PAYMENT_MESSAGE,PAYMENT_MESSAGE_ONLY
EXT-ACC-000553,****5225,BANK-TCB-EXT,VN,EXTERNAL DEMO COMPANY 0562,COMPANY,REGISTRATION_NUMBER,EXT-REG-000562,0.055,2025-10-04T16:33:09Z,2025-12-31T03:06:08Z,PAYMENT_MESSAGE,PAYMENT_MESSAGE_ONLY
EXT-ACC-000554,****6343,BANK-VCB-EXT,VN,DOAN DIEP XUAN,INDIVIDUAL,NAME_ONLY,,0.178,2025-10-04T13:28:29Z,2025-12-31T00:07:56Z,PAYMENT_MESSAGE,PAYMENT_MESSAGE_ONLY
EXT-ACC-000555,****9561,BANK-VPB-EXT,VN,NGUYEN NHI HIEU,INDIVIDUAL,NAME_ONLY,,0.197,2025-10-05T10:32:03Z,2025-12-31T22:09:49Z,PAYMENT_MESSAGE,PAYMENT_MESSAGE_ONLY
EXT-ACC-000556,****2641,BANK-VCB-EXT,VN,HOANG DAO HIEU,INDIVIDUAL,NAME_ONLY,,0.178,2025-10-06T16:49:39Z,2025-12-29T06:29:57Z,PAYMENT_MESSAGE,PAYMENT_MESSAGE_ONLY
EXT-ACC-000557,****5687,BANK-VPB-EXT,VN,EXTERNAL DEMO COMPANY 0566,COMPANY,REGISTRATION_NUMBER,EXT-REG-000566,0.197,2025-10-05T06:48:30Z,2025-12-31T17:11:45Z,PAYMENT_MESSAGE,PAYMENT_MESSAGE_ONLY
EXT-ACC-000558,****5327,BANK-MBB-EXT,VN,EXTERNAL DEMO COMPANY 0567,COMPANY,REGISTRATION_NUMBER,EXT-REG-000567,0.105,2025-10-04T02:53:27Z,2025-12-30T14:50:40Z,PAYMENT_MESSAGE,PAYMENT_MESSAGE_ONLY
EXT-ACC-000559,****5512,BANK-ACB-EXT,VN,LY CHI LINH,INDIVIDUAL,NAME_ONLY,,0.095,2025-10-05T14:41:31Z,2025-12-28T02:38:09Z,PAYMENT_MESSAGE,PAYMENT_MESSAGE_ONLY
EXT-ACC-000560,****6431,BANK-VPB-EXT,VN,HO CHI DIEP,INDIVIDUAL,NAME_ONLY,,0.197,2025-10-03T05:56:22Z,2025-12-29T16:32:35Z,PAYMENT_MESSAGE,PAYMENT_MESSAGE_ONLY
EXT-ACC-000561,****5400,BANK-VCB-EXT,VN,EXTERNAL DEMO COMPANY 0570,COMPANY,REGISTRATION_NUMBER,EXT-REG-000570,0.178,2025-10-05T12:31:55Z,2025-12-28T00:31:48Z,PAYMENT_MESSAGE,PAYMENT_MESSAGE_ONLY
EXT-ACC-000562,****9054,BANK-VCB-EXT,VN,DANG THAO SON,INDIVIDUAL,NAME_ONLY,,0.178,2025-10-04T11:28:36Z,2025-12-30T21:58:20Z,PAYMENT_MESSAGE,PAYMENT_MESSAGE_ONLY
EXT-ACC-000563,****4734,BANK-VCB-EXT,VN,EXTERNAL DEMO COMPANY 0572,COMPANY,REGISTRATION_NUMBER,EXT-REG-000572,0.178,2025-10-03T10:35:00Z,2025-12-29T22:19:15Z,PAYMENT_MESSAGE,PAYMENT_MESSAGE_ONLY
EXT-ACC-000564,****6257,BANK-ACB-EXT,VN,EXTERNAL DEMO COMPANY 0573,COMPANY,REGISTRATION_NUMBER,EXT-REG-000573,0.095,2025-10-06T09:51:42Z,2025-12-28T22:56:22Z,PAYMENT_MESSAGE,PAYMENT_MESSAGE_ONLY
EXT-ACC-000565,****4463,BANK-ACB-EXT,VN,LE MINH MY,INDIVIDUAL,NAME_ONLY,,0.095,2025-10-04T12:30:10Z,2025-12-30T22:59:54Z,PAYMENT_MESSAGE,PAYMENT_MESSAGE_ONLY
EXT-ACC-000566,****9462,BANK-ACB-EXT,VN,EXTERNAL DEMO COMPANY 0575,COMPANY,REGISTRATION_NUMBER,EXT-REG-000575,0.095,2025-10-05T04:58:20Z,2025-12-31T15:34:33Z,PAYMENT_MESSAGE,PAYMENT_MESSAGE_ONLY
EXT-ACC-000567,****9303,BANK-VCB-EXT,VN,HUYNH EM THAO,INDIVIDUAL,NAME_ONLY,,0.178,2025-10-04T16:52:36Z,2025-12-31T03:51:29Z,PAYMENT_MESSAGE,PAYMENT_MESSAGE_ONLY
EXT-ACC-000568,****1474,BANK-VPB-EXT,VN,EXTERNAL DEMO COMPANY 0577,COMPANY,REGISTRATION_NUMBER,EXT-REG-000577,0.197,2025-10-05T15:49:34Z,2025-12-28T03:36:28Z,PAYMENT_MESSAGE,PAYMENT_MESSAGE_ONLY
EXT-ACC-000569,****5087,BANK-TCB-EXT,VN,EXTERNAL DEMO COMPANY 0578,COMPANY,REGISTRATION_NUMBER,EXT-REG-000578,0.055,2025-10-03T12:18:41Z,2025-12-30T00:09:24Z,PAYMENT_MESSAGE,PAYMENT_MESSAGE_ONLY
EXT-ACC-000570,****4262,BANK-FOREIGN-SG-DEMO,SG,EXTERNAL DEMO COMPANY 0579,COMPANY,REGISTRATION_NUMBER,EXT-REG-000579,0.353,2025-10-08T10:24:23Z,2025-12-30T15:06:52Z,PAYMENT_MESSAGE,PAYMENT_MESSAGE_ONLY
EXT-ACC-000571,****7102,BANK-ACB-EXT,VN,PHAM BINH PHONG,INDIVIDUAL,NAME_ONLY,,0.095,2025-10-04T09:41:41Z,2025-12-30T20:53:32Z,PAYMENT_MESSAGE,PAYMENT_MESSAGE_ONLY
EXT-ACC-000572,****6730,BANK-ACB-EXT,VN,LY HIEU XUAN,INDIVIDUAL,NAME_ONLY,,0.095,2025-10-06T10:50:01Z,2025-12-29T00:07:39Z,PAYMENT_MESSAGE,PAYMENT_MESSAGE_ONLY
EXT-ACC-000573,****2480,BANK-MBB-EXT,VN,EXTERNAL DEMO COMPANY 0582,COMPANY,REGISTRATION_NUMBER,EXT-REG-000582,0.105,2025-10-05T21:00:35Z,2025-12-28T08:15:06Z,PAYMENT_MESSAGE,PAYMENT_MESSAGE_ONLY
EXT-ACC-000574,****4688,BANK-ACB-EXT,VN,MAI NAM NGA,INDIVIDUAL,NAME_ONLY,,0.095,2025-10-06T13:41:44Z,2025-12-29T03:15:33Z,PAYMENT_MESSAGE,PAYMENT_MESSAGE_ONLY
EXT-ACC-000575,****8767,BANK-MBB-EXT,VN,TRINH BINH AN,INDIVIDUAL,NAME_ONLY,,0.105,2025-10-04T05:41:56Z,2025-12-30T17:09:59Z,PAYMENT_MESSAGE,PAYMENT_MESSAGE_ONLY
EXT-ACC-000576,****6004,BANK-TCB-EXT,VN,NGUYEN NGA QUANG,INDIVIDUAL,NAME_ONLY,,0.055,2025-10-04T09:44:55Z,2025-12-30T20:56:47Z,PAYMENT_MESSAGE,PAYMENT_MESSAGE_ONLY
EXT-ACC-000577,****5128,BANK-MBB-EXT,VN,HO YEN OANH,INDIVIDUAL,NAME_ONLY,,0.105,2025-10-05T07:43:34Z,2025-12-31T18:23:01Z,PAYMENT_MESSAGE,PAYMENT_MESSAGE_ONLY
EXT-ACC-000578,****2676,BANK-MBB-EXT,VN,CAO DIEP HIEU,INDIVIDUAL,NAME_ONLY,,0.105,2025-10-05T07:46:49Z,2025-12-31T18:39:13Z,PAYMENT_MESSAGE,PAYMENT_MESSAGE_ONLY
EXT-ACC-000579,****7131,BANK-FOREIGN-DE-DEMO,DE,EXTERNAL DEMO COMPANY 0588,COMPANY,REGISTRATION_NUMBER,EXT-REG-000588,0.216,2025-10-06T04:37:25Z,2025-12-28T06:54:07Z,PAYMENT_MESSAGE,PAYMENT_MESSAGE_ONLY
EXT-ACC-000580,****2045,BANK-VPB-EXT,VN,DANG HAI PHUONG,INDIVIDUAL,NAME_ONLY,,0.197,2025-10-05T12:15:43Z,2025-12-31T23:56:44Z,PAYMENT_MESSAGE,PAYMENT_MESSAGE_ONLY
EXT-ACC-000581,****4086,BANK-MBB-EXT,VN,VO QUANG THAO,INDIVIDUAL,NAME_ONLY,,0.105,2025-10-03T23:29:20Z,2025-12-30T11:10:21Z,PAYMENT_MESSAGE,PAYMENT_MESSAGE_ONLY
EXT-ACC-000582,****7620,BANK-TCB-EXT,VN,EXTERNAL DEMO COMPANY 0591,COMPANY,REGISTRATION_NUMBER,EXT-REG-000591,0.055,2025-10-04T17:28:14Z,2025-12-31T03:57:58Z,PAYMENT_MESSAGE,PAYMENT_MESSAGE_ONLY
EXT-ACC-000583,****9148,BANK-TCB-EXT,VN,EXTERNAL DEMO COMPANY 0592,COMPANY,REGISTRATION_NUMBER,EXT-REG-000592,0.055,2025-10-05T18:47:45Z,2025-12-28T06:44:23Z,PAYMENT_MESSAGE,PAYMENT_MESSAGE_ONLY
EXT-ACC-000584,****7628,BANK-MBB-EXT,VN,EXTERNAL DEMO COMPANY 0593,COMPANY,REGISTRATION_NUMBER,EXT-REG-000593,0.105,2025-10-04T19:21:38Z,2025-12-31T06:14:02Z,PAYMENT_MESSAGE,PAYMENT_MESSAGE_ONLY
EXT-ACC-000585,****4643,BANK-VCB-EXT,VN,MAI MINH VAN,INDIVIDUAL,NAME_ONLY,,0.178,2025-10-03T02:41:58Z,2025-12-29T12:19:52Z,PAYMENT_MESSAGE,PAYMENT_MESSAGE_ONLY
EXT-ACC-000586,****6873,BANK-ACB-EXT,VN,EXTERNAL DEMO COMPANY 0595,COMPANY,REGISTRATION_NUMBER,EXT-REG-000595,0.095,2025-10-06T07:06:27Z,2025-12-28T20:04:39Z,PAYMENT_MESSAGE,PAYMENT_MESSAGE_ONLY
EXT-ACC-000587,****3967,BANK-TCB-EXT,VN,EXTERNAL DEMO COMPANY 0596,COMPANY,REGISTRATION_NUMBER,EXT-REG-000596,0.055,2025-10-04T01:42:11Z,2025-12-30T13:49:06Z,PAYMENT_MESSAGE,PAYMENT_MESSAGE_ONLY
EXT-ACC-000588,****6499,BANK-ACB-EXT,VN,VO XUAN LINH,INDIVIDUAL,NAME_ONLY,,0.095,2025-10-04T21:37:42Z,2025-12-31T08:59:17Z,PAYMENT_MESSAGE,PAYMENT_MESSAGE_ONLY
EXT-ACC-000589,****7089,BANK-TCB-EXT,VN,DANG HOA VAN,INDIVIDUAL,NAME_ONLY,,0.055,2025-10-03T18:21:33Z,2025-12-30T06:51:09Z,PAYMENT_MESSAGE,PAYMENT_MESSAGE_ONLY
EXT-ACC-000590,****2166,BANK-MBB-EXT,VN,PHAM PHUONG DUNG,INDIVIDUAL,NAME_ONLY,,0.105,2025-10-03T06:06:05Z,2025-12-29T16:42:18Z,PAYMENT_MESSAGE,PAYMENT_MESSAGE_ONLY
EXT-ACC-000591,****7768,BANK-TCB-EXT,VN,HO UY THAO,INDIVIDUAL,NAME_ONLY,,0.055,2025-10-06T13:28:46Z,2025-12-29T02:56:07Z,PAYMENT_MESSAGE,PAYMENT_MESSAGE_ONLY
EXT-ACC-000592,****8496,BANK-FOREIGN-CN-DEMO,CN,PHAN VAN HOA,INDIVIDUAL,NAME_ONLY,,0.418,2025-10-05T18:38:02Z,2025-12-27T19:33:44Z,PAYMENT_MESSAGE,PAYMENT_MESSAGE_ONLY
EXT-ACC-000593,****8988,BANK-TCB-EXT,VN,EXTERNAL DEMO COMPANY 0602,COMPANY,REGISTRATION_NUMBER,EXT-REG-000602,0.055,2025-10-06T00:14:59Z,2025-12-28T12:18:06Z,PAYMENT_MESSAGE,PAYMENT_MESSAGE_ONLY
EXT-ACC-000594,****5481,BANK-TCB-EXT,VN,TRAN AN MY,INDIVIDUAL,NAME_ONLY,,0.055,2025-10-05T10:48:15Z,2025-12-31T22:19:32Z,PAYMENT_MESSAGE,PAYMENT_MESSAGE_ONLY
EXT-ACC-000595,****3120,BANK-TCB-EXT,VN,HUYNH QUYNH GIANG,INDIVIDUAL,NAME_ONLY,,0.055,2025-10-05T13:14:03Z,2025-12-28T01:26:53Z,PAYMENT_MESSAGE,PAYMENT_MESSAGE_ONLY
EXT-ACC-000596,****1618,BANK-ACB-EXT,VN,LY CUONG AN,INDIVIDUAL,NAME_ONLY,,0.095,2025-10-04T21:57:09Z,2025-12-31T09:05:45Z,PAYMENT_MESSAGE,PAYMENT_MESSAGE_ONLY
EXT-ACC-000597,****6279,BANK-MBB-EXT,VN,EXTERNAL DEMO COMPANY 0606,COMPANY,REGISTRATION_NUMBER,EXT-REG-000606,0.105,2025-10-05T17:36:29Z,2025-12-28T05:42:50Z,PAYMENT_MESSAGE,PAYMENT_MESSAGE_ONLY
EXT-ACC-000598,****6641,BANK-VPB-EXT,VN,NGUYEN PHONG NGA,INDIVIDUAL,NAME_ONLY,,0.197,2025-10-06T11:22:25Z,2025-12-29T00:33:34Z,PAYMENT_MESSAGE,PAYMENT_MESSAGE_ONLY
EXT-ACC-000599,****2069,BANK-VCB-EXT,VN,MAI THAO LAN,INDIVIDUAL,NAME_ONLY,,0.178,2025-10-04T06:24:03Z,2025-12-30T18:21:16Z,PAYMENT_MESSAGE,PAYMENT_MESSAGE_ONLY
EXT-ACC-000600,****8469,BANK-MBB-EXT,VN,EXTERNAL DEMO COMPANY 0609,COMPANY,REGISTRATION_NUMBER,EXT-REG-000609,0.105,2025-10-05T19:16:55Z,2025-12-28T07:07:04Z,PAYMENT_MESSAGE,PAYMENT_MESSAGE_ONLY
EXT-ACC-000601,****9031,BANK-VPB-EXT,VN,NGO HUNG VAN,INDIVIDUAL,NAME_ONLY,,0.197,2025-10-03T06:48:12Z,2025-12-29T17:30:54Z,PAYMENT_MESSAGE,PAYMENT_MESSAGE_ONLY
EXT-ACC-000602,****4675,BANK-TCB-EXT,VN,HO BINH NGA,INDIVIDUAL,NAME_ONLY,,0.055,2025-10-06T07:42:06Z,2025-12-28T20:33:48Z,PAYMENT_MESSAGE,PAYMENT_MESSAGE_ONLY
EXT-ACC-000603,****3768,BANK-TCB-EXT,VN,NGUYEN HIEU TRANG,INDIVIDUAL,NAME_ONLY,,0.055,2025-10-06T17:54:26Z,2025-12-29T07:41:14Z,PAYMENT_MESSAGE,PAYMENT_MESSAGE_ONLY
EXT-ACC-000604,****1796,BANK-VCB-EXT,VN,VO VIET NHI,INDIVIDUAL,NAME_ONLY,,0.178,2025-10-04T13:12:17Z,2025-12-30T23:42:01Z,PAYMENT_MESSAGE,PAYMENT_MESSAGE_ONLY
EXT-ACC-000605,****7828,BANK-VCB-EXT,VN,NGUYEN DUNG HANH,INDIVIDUAL,NAME_ONLY,,0.178,2025-10-04T07:22:22Z,2025-12-30T19:13:06Z,PAYMENT_MESSAGE,PAYMENT_MESSAGE_ONLY
EXT-ACC-000606,****1152,BANK-VCB-EXT,VN,LY KHANH NAM,INDIVIDUAL,NAME_ONLY,,0.178,2025-10-06T03:26:09Z,2025-12-28T16:04:54Z,PAYMENT_MESSAGE,PAYMENT_MESSAGE_ONLY
EXT-ACC-000607,****3247,BANK-VCB-EXT,VN,VO NHI KIET,INDIVIDUAL,NAME_ONLY,,0.178,2025-10-04T19:47:33Z,2025-12-31T06:52:55Z,PAYMENT_MESSAGE,PAYMENT_MESSAGE_ONLY
EXT-ACC-000608,****2867,BANK-VCB-EXT,VN,CAO HANH TAM,INDIVIDUAL,NAME_ONLY,,0.178,2025-10-06T10:43:32Z,2025-12-29T00:04:24Z,PAYMENT_MESSAGE,PAYMENT_MESSAGE_ONLY
EXT-ACC-000609,****4304,BANK-ACB-EXT,VN,PHAN QUANG UY,INDIVIDUAL,NAME_ONLY,,0.095,2025-10-05T16:25:12Z,2025-12-28T04:08:52Z,PAYMENT_MESSAGE,PAYMENT_MESSAGE_ONLY
EXT-ACC-000610,****4402,BANK-ACB-EXT,VN,TRAN XUAN QUYNH,INDIVIDUAL,NAME_ONLY,,0.095,2025-10-05T22:24:50Z,2025-12-28T09:29:37Z,PAYMENT_MESSAGE,PAYMENT_MESSAGE_ONLY
EXT-ACC-000611,****2809,BANK-ACB-EXT,VN,NGUYEN AN GIANG,INDIVIDUAL,NAME_ONLY,,0.095,2025-10-05T21:03:50Z,2025-12-28T08:21:35Z,PAYMENT_MESSAGE,PAYMENT_MESSAGE_ONLY
EXT-ACC-000612,****2659,BANK-ACB-EXT,VN,LE TRANG EM,INDIVIDUAL,NAME_ONLY,,0.095,2025-10-04T05:09:32Z,2025-12-30T16:34:21Z,PAYMENT_MESSAGE,PAYMENT_MESSAGE_ONLY
EXT-ACC-000613,****1820,BANK-TCB-EXT,VN,DANG QUANG OANH,INDIVIDUAL,NAME_ONLY,,0.055,2025-10-06T01:29:30Z,2025-12-28T13:39:06Z,PAYMENT_MESSAGE,PAYMENT_MESSAGE_ONLY
EXT-ACC-000614,****5760,BANK-FOREIGN-CN-DEMO,CN,EXTERNAL DEMO COMPANY 0623,COMPANY,REGISTRATION_NUMBER,EXT-REG-000623,0.418,2025-10-07T17:23:48Z,2025-12-29T20:55:01Z,PAYMENT_MESSAGE,PAYMENT_MESSAGE_ONLY
EXT-ACC-000615,****1158,BANK-MBB-EXT,VN,PHAM HAI CHI,INDIVIDUAL,NAME_ONLY,,0.105,2025-10-04T10:04:22Z,2025-12-30T21:06:30Z,PAYMENT_MESSAGE,PAYMENT_MESSAGE_ONLY
EXT-ACC-000616,****2522,BANK-TCB-EXT,VN,DUONG NHI SON,INDIVIDUAL,NAME_ONLY,,0.055,2025-10-04T12:39:53Z,2025-12-30T23:19:20Z,PAYMENT_MESSAGE,PAYMENT_MESSAGE_ONLY
EXT-ACC-000617,****5453,BANK-MBB-EXT,VN,HO DIEP OANH,INDIVIDUAL,NAME_ONLY,,0.105,2025-10-03T08:25:24Z,2025-12-29T19:21:03Z,PAYMENT_MESSAGE,PAYMENT_MESSAGE_ONLY
EXT-ACC-000618,****3732,BANK-ACB-EXT,VN,EXTERNAL DEMO COMPANY 0627,COMPANY,REGISTRATION_NUMBER,EXT-REG-000627,0.095,2025-10-03T00:09:42Z,2025-12-29T08:58:59Z,PAYMENT_MESSAGE,PAYMENT_MESSAGE_ONLY
EXT-ACC-000619,****3611,BANK-FOREIGN-DE-DEMO,DE,EXTERNAL DEMO COMPANY 0628,COMPANY,REGISTRATION_NUMBER,EXT-REG-000628,0.216,2025-10-07T03:37:38Z,2025-12-29T12:52:16Z,PAYMENT_MESSAGE,PAYMENT_MESSAGE_ONLY
EXT-ACC-000620,****7221,BANK-FOREIGN-KR-DEMO,KR,MAI MY LINH,INDIVIDUAL,NAME_ONLY,,0.159,2025-10-07T00:58:52Z,2025-12-29T10:36:11Z,PAYMENT_MESSAGE,PAYMENT_MESSAGE_ONLY
EXT-ACC-000621,****2850,BANK-VPB-EXT,VN,HOANG PHUONG QUYNH,INDIVIDUAL,NAME_ONLY,,0.197,2025-10-06T06:01:39Z,2025-12-28T19:12:49Z,PAYMENT_MESSAGE,PAYMENT_MESSAGE_ONLY
EXT-ACC-000622,****9598,BANK-ACB-EXT,VN,VO TUAN AN,INDIVIDUAL,NAME_ONLY,,0.095,2025-10-04T09:06:03Z,2025-12-30T20:24:23Z,PAYMENT_MESSAGE,PAYMENT_MESSAGE_ONLY
EXT-ACC-000623,****4669,BANK-VPB-EXT,VN,EXTERNAL DEMO COMPANY 0632,COMPANY,REGISTRATION_NUMBER,EXT-REG-000632,0.197,2025-10-03T01:40:25Z,2025-12-29T10:00:33Z,PAYMENT_MESSAGE,PAYMENT_MESSAGE_ONLY
EXT-ACC-000624,****5072,BANK-MBB-EXT,VN,CAO HAI KHOA,INDIVIDUAL,NAME_ONLY,,0.105,2025-10-03T13:59:07Z,2025-12-30T02:09:17Z,PAYMENT_MESSAGE,PAYMENT_MESSAGE_ONLY
EXT-ACC-000625,****1190,BANK-ACB-EXT,VN,DOAN NHI DUNG,INDIVIDUAL,NAME_ONLY,,0.095,2025-10-04T02:30:47Z,2025-12-30T14:31:14Z,PAYMENT_MESSAGE,PAYMENT_MESSAGE_ONLY
EXT-ACC-000626,****2226,BANK-TCB-EXT,VN,LY QUYNH LAN,INDIVIDUAL,NAME_ONLY,,0.055,2025-10-04T19:37:50Z,2025-12-31T06:33:29Z,PAYMENT_MESSAGE,PAYMENT_MESSAGE_ONLY
EXT-ACC-000627,****4648,BANK-MBB-EXT,VN,VO DUNG TRANG,INDIVIDUAL,NAME_ONLY,,0.105,2025-10-03T20:37:37Z,2025-12-30T08:34:50Z,PAYMENT_MESSAGE,PAYMENT_MESSAGE_ONLY
EXT-ACC-000628,****8277,BANK-ACB-EXT,VN,VU GIANG OANH,INDIVIDUAL,NAME_ONLY,,0.095,2025-10-04T16:13:43Z,2025-12-31T02:46:41Z,PAYMENT_MESSAGE,PAYMENT_MESSAGE_ONLY
EXT-ACC-000629,****2944,BANK-ACB-EXT,VN,LY MY TUAN,INDIVIDUAL,NAME_ONLY,,0.095,2025-10-06T07:12:56Z,2025-12-28T20:11:08Z,PAYMENT_MESSAGE,PAYMENT_MESSAGE_ONLY
EXT-ACC-000630,****9996,BANK-VCB-EXT,VN,NGO CHI XUAN,INDIVIDUAL,NAME_ONLY,,0.178,2025-10-03T06:12:34Z,2025-12-29T16:58:30Z,PAYMENT_MESSAGE,PAYMENT_MESSAGE_ONLY
EXT-ACC-000631,****5990,BANK-FOREIGN-SG-DEMO,SG,EXTERNAL DEMO COMPANY 0640,COMPANY,REGISTRATION_NUMBER,EXT-REG-000640,0.353,2025-10-06T14:46:31Z,2025-12-28T19:58:10Z,PAYMENT_MESSAGE,PAYMENT_MESSAGE_ONLY
EXT-ACC-000632,****1889,BANK-VPB-EXT,VN,DUONG VAN BAO,INDIVIDUAL,NAME_ONLY,,0.197,2025-10-03T09:17:14Z,2025-12-29T20:06:25Z,PAYMENT_MESSAGE,PAYMENT_MESSAGE_ONLY
EXT-ACC-000633,****6952,BANK-ACB-EXT,VN,CAO KIET PHUONG,INDIVIDUAL,NAME_ONLY,,0.095,2025-10-05T20:47:38Z,2025-12-28T07:55:40Z,PAYMENT_MESSAGE,PAYMENT_MESSAGE_ONLY
EXT-ACC-000634,****6818,BANK-VCB-EXT,VN,VU AN VAN,INDIVIDUAL,NAME_ONLY,,0.178,2025-10-03T17:45:55Z,2025-12-30T05:33:24Z,PAYMENT_MESSAGE,PAYMENT_MESSAGE_ONLY
EXT-ACC-000635,****3689,BANK-MBB-EXT,VN,DO HAI CHI,INDIVIDUAL,NAME_ONLY,,0.105,2025-10-03T09:26:58Z,2025-12-29T20:16:08Z,PAYMENT_MESSAGE,PAYMENT_MESSAGE_ONLY
EXT-ACC-000636,****2978,BANK-ACB-EXT,VN,CAO MINH MINH,INDIVIDUAL,NAME_ONLY,,0.095,2025-10-04T10:49:43Z,2025-12-30T21:29:10Z,PAYMENT_MESSAGE,PAYMENT_MESSAGE_ONLY
EXT-ACC-000637,****7790,BANK-ACB-EXT,VN,PHAN VAN HAI,INDIVIDUAL,NAME_ONLY,,0.095,2025-10-03T11:23:36Z,2025-12-29T23:01:22Z,PAYMENT_MESSAGE,PAYMENT_MESSAGE_ONLY
EXT-ACC-000638,****3018,BANK-FOREIGN-DE-DEMO,DE,EXTERNAL DEMO COMPANY 0647,COMPANY,REGISTRATION_NUMBER,EXT-REG-000647,0.216,2025-10-07T20:51:10Z,2025-12-29T21:43:37Z,PAYMENT_MESSAGE,PAYMENT_MESSAGE_ONLY
EXT-ACC-000639,****9172,BANK-ACB-EXT,VN,MAI TRANG HUNG,INDIVIDUAL,NAME_ONLY,,0.095,2025-10-06T07:45:20Z,2025-12-28T20:37:03Z,PAYMENT_MESSAGE,PAYMENT_MESSAGE_ONLY
EXT-ACC-000640,****9328,BANK-FOREIGN-DE-DEMO,DE,NGO HIEU PHUONG,INDIVIDUAL,NAME_ONLY,,0.216,2025-10-07T13:40:15Z,2025-12-29T17:34:08Z,PAYMENT_MESSAGE,PAYMENT_MESSAGE_ONLY
EXT-ACC-000641,****7347,BANK-TCB-EXT,VN,HUYNH HUNG HAI,INDIVIDUAL,NAME_ONLY,,0.055,2025-10-05T23:00:28Z,2025-12-28T10:24:42Z,PAYMENT_MESSAGE,PAYMENT_MESSAGE_ONLY
EXT-ACC-000642,****9259,BANK-VPB-EXT,VN,EXTERNAL DEMO COMPANY 0651,COMPANY,REGISTRATION_NUMBER,EXT-REG-000651,0.197,2025-10-05T00:16:28Z,2025-12-31T11:41:16Z,PAYMENT_MESSAGE,PAYMENT_MESSAGE_ONLY
EXT-ACC-000643,****5067,BANK-ACB-EXT,VN,EXTERNAL DEMO COMPANY 0652,COMPANY,REGISTRATION_NUMBER,EXT-REG-000652,0.095,2025-10-06T03:13:11Z,2025-12-28T15:51:56Z,PAYMENT_MESSAGE,PAYMENT_MESSAGE_ONLY
EXT-ACC-000644,****8419,BANK-MBB-EXT,VN,EXTERNAL DEMO COMPANY 0653,COMPANY,REGISTRATION_NUMBER,EXT-REG-000653,0.105,2025-10-03T23:55:16Z,2025-12-30T11:39:31Z,PAYMENT_MESSAGE,PAYMENT_MESSAGE_ONLY
EXT-ACC-000645,****6143,BANK-TCB-EXT,VN,TRINH THAO XUAN,INDIVIDUAL,NAME_ONLY,,0.055,2025-10-03T16:37:52Z,2025-12-30T04:28:36Z,PAYMENT_MESSAGE,PAYMENT_MESSAGE_ONLY
EXT-ACC-000646,****5760,BANK-VPB-EXT,VN,PHAN NAM NHI,INDIVIDUAL,NAME_ONLY,,0.197,2025-10-03T04:15:56Z,2025-12-29T14:32:42Z,PAYMENT_MESSAGE,PAYMENT_MESSAGE_ONLY
EXT-ACC-000647,****3913,BANK-TCB-EXT,VN,EXTERNAL DEMO COMPANY 0656,COMPANY,REGISTRATION_NUMBER,EXT-REG-000656,0.055,2025-10-05T22:37:47Z,2025-12-28T09:52:18Z,PAYMENT_MESSAGE,PAYMENT_MESSAGE_ONLY
EXT-ACC-000648,****7839,BANK-MBB-EXT,VN,DO XUAN PHUONG,INDIVIDUAL,NAME_ONLY,,0.105,2025-10-06T10:33:49Z,2025-12-28T23:38:29Z,PAYMENT_MESSAGE,PAYMENT_MESSAGE_ONLY
EXT-ACC-000649,****2744,BANK-VPB-EXT,VN,NGO AN UY,INDIVIDUAL,NAME_ONLY,,0.197,2025-10-05T03:01:42Z,2025-12-31T13:54:07Z,PAYMENT_MESSAGE,PAYMENT_MESSAGE_ONLY
EXT-ACC-000650,****3636,BANK-FOREIGN-CN-DEMO,CN,TRAN MINH SON,INDIVIDUAL,NAME_ONLY,,0.418,2025-10-06T17:18:48Z,2025-12-28T21:15:56Z,PAYMENT_MESSAGE,PAYMENT_MESSAGE_ONLY
EXT-ACC-000651,****9866,BANK-MBB-EXT,VN,TRAN TAM NAM,INDIVIDUAL,NAME_ONLY,,0.105,2025-10-05T08:38:39Z,2025-12-31T19:50:30Z,PAYMENT_MESSAGE,PAYMENT_MESSAGE_ONLY
EXT-ACC-000652,****7371,BANK-FOREIGN-JP-DEMO,JP,DOAN NGA XUAN,INDIVIDUAL,NAME_ONLY,,0.277,2025-10-03T23:13:08Z,2025-12-31T14:20:02Z,PAYMENT_MESSAGE,PAYMENT_MESSAGE_ONLY
EXT-ACC-000653,****7825,BANK-MBB-EXT,VN,TRAN CUONG CUONG,INDIVIDUAL,NAME_ONLY,,0.105,2025-10-05T11:10:56Z,2025-12-31T22:51:56Z,PAYMENT_MESSAGE,PAYMENT_MESSAGE_ONLY
EXT-ACC-000654,****1881,BANK-MBB-EXT,VN,EXTERNAL DEMO COMPANY 0663,COMPANY,REGISTRATION_NUMBER,EXT-REG-000663,0.105,2025-10-03T05:14:15Z,2025-12-29T15:27:47Z,PAYMENT_MESSAGE,PAYMENT_MESSAGE_ONLY
EXT-ACC-000655,****9955,BANK-FOREIGN-US-DEMO,US,DUONG NGA BAO,INDIVIDUAL,NAME_ONLY,,0.176,2025-10-08T03:26:26Z,2025-12-30T05:59:19Z,PAYMENT_MESSAGE,PAYMENT_MESSAGE_ONLY
EXT-ACC-000656,****4170,BANK-TCB-EXT,VN,EXTERNAL DEMO COMPANY 0665,COMPANY,REGISTRATION_NUMBER,EXT-REG-000665,0.055,2025-10-03T15:13:38Z,2025-12-30T03:20:34Z,PAYMENT_MESSAGE,PAYMENT_MESSAGE_ONLY
EXT-ACC-000657,****2220,BANK-TCB-EXT,VN,EXTERNAL DEMO COMPANY 0666,COMPANY,REGISTRATION_NUMBER,EXT-REG-000666,0.055,2025-10-05T15:00:58Z,2025-12-28T02:54:21Z,PAYMENT_MESSAGE,PAYMENT_MESSAGE_ONLY
EXT-ACC-000658,****2955,BANK-TCB-EXT,VN,EXTERNAL DEMO COMPANY 0667,COMPANY,REGISTRATION_NUMBER,EXT-REG-000667,0.055,2025-10-04T12:01:00Z,2025-12-30T22:27:30Z,PAYMENT_MESSAGE,PAYMENT_MESSAGE_ONLY
EXT-ACC-000659,****5178,BANK-ACB-EXT,VN,VO HUNG LAN,INDIVIDUAL,NAME_ONLY,,0.095,2025-10-04T19:44:19Z,2025-12-31T06:46:26Z,PAYMENT_MESSAGE,PAYMENT_MESSAGE_ONLY
EXT-ACC-000660,****6285,BANK-FOREIGN-JP-DEMO,JP,HOANG CHI KHANH,INDIVIDUAL,NAME_ONLY,,0.277,2025-10-06T22:20:07Z,2025-12-29T09:57:18Z,PAYMENT_MESSAGE,PAYMENT_MESSAGE_ONLY
EXT-ACC-000661,****5934,BANK-VPB-EXT,VN,EXTERNAL DEMO COMPANY 0670,COMPANY,REGISTRATION_NUMBER,EXT-REG-000670,0.197,2025-10-05T16:38:09Z,2025-12-28T04:18:36Z,PAYMENT_MESSAGE,PAYMENT_MESSAGE_ONLY
EXT-ACC-000662,****4603,BANK-VPB-EXT,VN,LE TUAN UY,INDIVIDUAL,NAME_ONLY,,0.197,2025-10-04T23:24:37Z,2025-12-31T10:23:31Z,PAYMENT_MESSAGE,PAYMENT_MESSAGE_ONLY
EXT-ACC-000663,****9897,BANK-VPB-EXT,VN,TRINH LAN HOA,INDIVIDUAL,NAME_ONLY,,0.197,2025-10-06T17:15:34Z,2025-12-29T06:55:52Z,PAYMENT_MESSAGE,PAYMENT_MESSAGE_ONLY
EXT-ACC-000664,****6911,BANK-VCB-EXT,VN,PHAN VAN VAN,INDIVIDUAL,NAME_ONLY,,0.178,2025-10-05T00:45:37Z,2025-12-31T12:20:09Z,PAYMENT_MESSAGE,PAYMENT_MESSAGE_ONLY
EXT-ACC-000665,****6668,BANK-VPB-EXT,VN,DOAN AN HANH,INDIVIDUAL,NAME_ONLY,,0.197,2025-10-03T19:45:47Z,2025-12-30T07:55:57Z,PAYMENT_MESSAGE,PAYMENT_MESSAGE_ONLY
EXT-ACC-000666,****4994,BANK-VPB-EXT,VN,EXTERNAL DEMO COMPANY 0675,COMPANY,REGISTRATION_NUMBER,EXT-REG-000675,0.197,2025-10-05T01:50:25Z,2025-12-31T12:59:02Z,PAYMENT_MESSAGE,PAYMENT_MESSAGE_ONLY
EXT-ACC-000667,****9851,BANK-MBB-EXT,VN,PHAM CUONG QUANG,INDIVIDUAL,NAME_ONLY,,0.105,2025-10-05T05:30:44Z,2025-12-31T16:10:11Z,PAYMENT_MESSAGE,PAYMENT_MESSAGE_ONLY
EXT-ACC-000668,****7143,BANK-VCB-EXT,VN,EXTERNAL DEMO COMPANY 0677,COMPANY,REGISTRATION_NUMBER,EXT-REG-000677,0.178,2025-10-05T10:12:36Z,2025-12-31T22:03:20Z,PAYMENT_MESSAGE,PAYMENT_MESSAGE_ONLY
EXT-ACC-000669,****6248,BANK-VPB-EXT,VN,TRAN TAM MINH,INDIVIDUAL,NAME_ONLY,,0.197,2025-10-03T13:42:55Z,2025-12-30T02:06:03Z,PAYMENT_MESSAGE,PAYMENT_MESSAGE_ONLY
EXT-ACC-000670,****2072,BANK-VCB-EXT,VN,DOAN VIET AN,INDIVIDUAL,NAME_ONLY,,0.178,2025-10-05T08:25:41Z,2025-12-31T19:34:18Z,PAYMENT_MESSAGE,PAYMENT_MESSAGE_ONLY
EXT-ACC-000671,****7950,BANK-TCB-EXT,VN,EXTERNAL DEMO COMPANY 0680,COMPANY,REGISTRATION_NUMBER,EXT-REG-000680,0.055,2025-10-04T12:10:43Z,2025-12-30T22:33:58Z,PAYMENT_MESSAGE,PAYMENT_MESSAGE_ONLY
EXT-ACC-000672,****1389,BANK-TCB-EXT,VN,NGO EM KHANH,INDIVIDUAL,NAME_ONLY,,0.055,2025-10-06T18:36:34Z,2025-12-29T08:26:35Z,PAYMENT_MESSAGE,PAYMENT_MESSAGE_ONLY
EXT-ACC-000673,****5127,BANK-MBB-EXT,VN,LE DUNG LINH,INDIVIDUAL,NAME_ONLY,,0.105,2025-10-03T22:43:59Z,2025-12-30T10:41:11Z,PAYMENT_MESSAGE,PAYMENT_MESSAGE_ONLY
EXT-ACC-000674,****5237,BANK-VPB-EXT,VN,EXTERNAL DEMO COMPANY 0683,COMPANY,REGISTRATION_NUMBER,EXT-REG-000683,0.197,2025-10-05T08:15:58Z,2025-12-31T19:14:52Z,PAYMENT_MESSAGE,PAYMENT_MESSAGE_ONLY
EXT-ACC-000675,****7381,BANK-ACB-EXT,VN,NGO TUAN BINH,INDIVIDUAL,NAME_ONLY,,0.095,2025-10-04T05:03:03Z,2025-12-30T16:21:23Z,PAYMENT_MESSAGE,PAYMENT_MESSAGE_ONLY
EXT-ACC-000676,****1745,BANK-VPB-EXT,VN,CAO EM HIEU,INDIVIDUAL,NAME_ONLY,,0.197,2025-10-06T08:01:32Z,2025-12-28T20:59:44Z,PAYMENT_MESSAGE,PAYMENT_MESSAGE_ONLY
EXT-ACC-000677,****5937,BANK-VCB-EXT,VN,TRINH HAI TAM,INDIVIDUAL,NAME_ONLY,,0.178,2025-10-05T13:20:31Z,2025-12-28T01:30:07Z,PAYMENT_MESSAGE,PAYMENT_MESSAGE_ONLY
EXT-ACC-000678,****8170,BANK-MBB-EXT,VN,EXTERNAL DEMO COMPANY 0687,COMPANY,REGISTRATION_NUMBER,EXT-REG-000687,0.105,2025-10-05T15:10:41Z,2025-12-28T03:10:33Z,PAYMENT_MESSAGE,PAYMENT_MESSAGE_ONLY
EXT-ACC-000679,****7406,BANK-VCB-EXT,VN,DOAN NGA HUNG,INDIVIDUAL,NAME_ONLY,,0.178,2025-10-05T04:32:25Z,2025-12-31T15:28:04Z,PAYMENT_MESSAGE,PAYMENT_MESSAGE_ONLY
EXT-ACC-000680,****1182,BANK-VPB-EXT,VN,HOANG THAO BAO,INDIVIDUAL,NAME_ONLY,,0.197,2025-10-03T17:36:11Z,2025-12-30T05:04:14Z,PAYMENT_MESSAGE,PAYMENT_MESSAGE_ONLY
EXT-ACC-000681,****7456,BANK-VPB-EXT,VN,TRAN AN DAO,INDIVIDUAL,NAME_ONLY,,0.197,2025-10-06T15:48:05Z,2025-12-29T04:59:14Z,PAYMENT_MESSAGE,PAYMENT_MESSAGE_ONLY
EXT-ACC-000682,****9397,BANK-VCB-EXT,VN,DO NAM HOA,INDIVIDUAL,NAME_ONLY,,0.178,2025-10-04T11:02:41Z,2025-12-30T21:38:54Z,PAYMENT_MESSAGE,PAYMENT_MESSAGE_ONLY
EXT-ACC-000683,****3971,BANK-TCB-EXT,VN,VO MINH HANH,INDIVIDUAL,NAME_ONLY,,0.055,2025-10-05T03:17:54Z,2025-12-31T14:13:33Z,PAYMENT_MESSAGE,PAYMENT_MESSAGE_ONLY
EXT-ACC-000684,****9992,BANK-VPB-EXT,VN,EXTERNAL DEMO COMPANY 0693,COMPANY,REGISTRATION_NUMBER,EXT-REG-000693,0.197,2025-10-05T10:09:22Z,2025-12-31T21:53:37Z,PAYMENT_MESSAGE,PAYMENT_MESSAGE_ONLY
EXT-ACC-000685,****4234,BANK-VPB-EXT,VN,LE QUANG HAI,INDIVIDUAL,NAME_ONLY,,0.197,2025-10-04T08:01:15Z,2025-12-30T19:55:13Z,PAYMENT_MESSAGE,PAYMENT_MESSAGE_ONLY
EXT-ACC-000686,****6851,BANK-ACB-EXT,VN,EXTERNAL DEMO COMPANY 0695,COMPANY,REGISTRATION_NUMBER,EXT-REG-000695,0.095,2025-10-05T18:54:14Z,2025-12-28T06:47:38Z,PAYMENT_MESSAGE,PAYMENT_MESSAGE_ONLY
EXT-ACC-000687,****6206,BANK-TCB-EXT,VN,CAO EM MINH,INDIVIDUAL,NAME_ONLY,,0.055,2025-10-03T17:10:16Z,2025-12-30T04:38:19Z,PAYMENT_MESSAGE,PAYMENT_MESSAGE_ONLY
EXT-ACC-000688,****6971,BANK-MBB-EXT,VN,DANG HIEU KHANH,INDIVIDUAL,NAME_ONLY,,0.105,2025-10-06T08:11:15Z,2025-12-28T21:19:10Z,PAYMENT_MESSAGE,PAYMENT_MESSAGE_ONLY
EXT-ACC-000689,****8145,BANK-ACB-EXT,VN,BUI PHONG NGA,INDIVIDUAL,NAME_ONLY,,0.095,2025-10-05T00:22:57Z,2025-12-31T11:54:14Z,PAYMENT_MESSAGE,PAYMENT_MESSAGE_ONLY
EXT-ACC-000690,****8296,BANK-MBB-EXT,VN,BUI PHUONG OANH,INDIVIDUAL,NAME_ONLY,,0.105,2025-10-05T13:59:24Z,2025-12-28T01:56:02Z,PAYMENT_MESSAGE,PAYMENT_MESSAGE_ONLY
EXT-ACC-000691,****2343,BANK-MBB-EXT,VN,PHAM LINH KIET,INDIVIDUAL,NAME_ONLY,,0.105,2025-10-06T12:14:15Z,2025-12-29T01:15:41Z,PAYMENT_MESSAGE,PAYMENT_MESSAGE_ONLY
EXT-ACC-000692,****4218,BANK-TCB-EXT,VN,EXTERNAL DEMO COMPANY 0701,COMPANY,REGISTRATION_NUMBER,EXT-REG-000701,0.055,2025-10-04T04:33:54Z,2025-12-30T15:55:28Z,PAYMENT_MESSAGE,PAYMENT_MESSAGE_ONLY
EXT-ACC-000693,****1305,BANK-VCB-EXT,VN,EXTERNAL DEMO COMPANY 0702,COMPANY,REGISTRATION_NUMBER,EXT-REG-000702,0.178,2025-10-04T17:44:26Z,2025-12-31T04:01:12Z,PAYMENT_MESSAGE,PAYMENT_MESSAGE_ONLY
EXT-ACC-000694,****7637,BANK-VCB-EXT,VN,EXTERNAL DEMO COMPANY 0703,COMPANY,REGISTRATION_NUMBER,EXT-REG-000703,0.178,2025-10-04T09:22:15Z,2025-12-30T20:34:06Z,PAYMENT_MESSAGE,PAYMENT_MESSAGE_ONLY
EXT-ACC-000695,****5269,BANK-TCB-EXT,VN,EXTERNAL DEMO COMPANY 0704,COMPANY,REGISTRATION_NUMBER,EXT-REG-000704,0.055,2025-10-04T07:19:08Z,2025-12-30T19:09:51Z,PAYMENT_MESSAGE,PAYMENT_MESSAGE_ONLY
EXT-ACC-000696,****4658,BANK-VPB-EXT,VN,HOANG BAO DIEP,INDIVIDUAL,NAME_ONLY,,0.197,2025-10-03T00:58:18Z,2025-12-29T09:34:38Z,PAYMENT_MESSAGE,PAYMENT_MESSAGE_ONLY
EXT-ACC-000697,****5767,BANK-VPB-EXT,VN,EXTERNAL DEMO COMPANY 0706,COMPANY,REGISTRATION_NUMBER,EXT-REG-000706,0.197,2025-10-05T23:19:54Z,2025-12-28T11:10:04Z,PAYMENT_MESSAGE,PAYMENT_MESSAGE_ONLY
EXT-ACC-000698,****1173,BANK-VPB-EXT,VN,HO BAO TRANG,INDIVIDUAL,NAME_ONLY,,0.197,2025-10-06T10:20:51Z,2025-12-28T23:25:31Z,PAYMENT_MESSAGE,PAYMENT_MESSAGE_ONLY
EXT-ACC-000699,****3608,BANK-VPB-EXT,VN,TRINH HUNG MY,INDIVIDUAL,NAME_ONLY,,0.197,2025-10-03T11:20:21Z,2025-12-29T22:51:39Z,PAYMENT_MESSAGE,PAYMENT_MESSAGE_ONLY
EXT-ACC-000700,****1662,BANK-VPB-EXT,VN,HOANG PHUONG YEN,INDIVIDUAL,NAME_ONLY,,0.197,2025-10-06T05:29:16Z,2025-12-28T18:50:08Z,PAYMENT_MESSAGE,PAYMENT_MESSAGE_ONLY
EXT-ACC-000701,****1701,BANK-ACB-EXT,VN,VO BAO NGA,INDIVIDUAL,NAME_ONLY,,0.095,2025-10-04T13:38:12Z,2025-12-31T00:24:08Z,PAYMENT_MESSAGE,PAYMENT_MESSAGE_ONLY
EXT-ACC-000702,****6918,BANK-VPB-EXT,VN,EXTERNAL DEMO COMPANY 0711,COMPANY,REGISTRATION_NUMBER,EXT-REG-000711,0.197,2025-10-04T23:57:01Z,2025-12-31T11:08:52Z,PAYMENT_MESSAGE,PAYMENT_MESSAGE_ONLY
EXT-ACC-000703,****1653,BANK-ACB-EXT,VN,EXTERNAL DEMO COMPANY 0712,COMPANY,REGISTRATION_NUMBER,EXT-REG-000712,0.095,2025-10-04T21:24:45Z,2025-12-31T08:43:05Z,PAYMENT_MESSAGE,PAYMENT_MESSAGE_ONLY
EXT-ACC-000704,****9918,BANK-MBB-EXT,VN,TRINH SON QUANG,INDIVIDUAL,NAME_ONLY,,0.105,2025-10-04T14:00:53Z,2025-12-31T00:40:20Z,PAYMENT_MESSAGE,PAYMENT_MESSAGE_ONLY
EXT-ACC-000705,****9465,BANK-ACB-EXT,VN,DO HIEU EM,INDIVIDUAL,NAME_ONLY,,0.095,2025-10-05T08:06:15Z,2025-12-31T18:58:40Z,PAYMENT_MESSAGE,PAYMENT_MESSAGE_ONLY
EXT-ACC-000706,****8898,BANK-TCB-EXT,VN,DO YEN QUYNH,INDIVIDUAL,NAME_ONLY,,0.055,2025-10-03T05:43:24Z,2025-12-29T15:50:28Z,PAYMENT_MESSAGE,PAYMENT_MESSAGE_ONLY
EXT-ACC-000707,****4768,BANK-VCB-EXT,VN,HOANG MY LAN,INDIVIDUAL,NAME_ONLY,,0.178,2025-10-03T21:58:37Z,2025-12-30T09:52:36Z,PAYMENT_MESSAGE,PAYMENT_MESSAGE_ONLY
EXT-ACC-000708,****6934,BANK-FOREIGN-DE-DEMO,DE,HOANG LINH LAN,INDIVIDUAL,NAME_ONLY,,0.216,2025-10-04T16:59:04Z,2025-12-27T10:35:54Z,PAYMENT_MESSAGE,PAYMENT_MESSAGE_ONLY
EXT-ACC-000709,****8889,BANK-VCB-EXT,VN,NGO VAN HANH,INDIVIDUAL,NAME_ONLY,,0.178,2025-10-05T17:00:50Z,2025-12-28T05:20:09Z,PAYMENT_MESSAGE,PAYMENT_MESSAGE_ONLY
EXT-ACC-000710,****4992,BANK-ACB-EXT,VN,HUYNH HOA BINH,INDIVIDUAL,NAME_ONLY,,0.095,2025-10-03T21:19:45Z,2025-12-30T09:29:55Z,PAYMENT_MESSAGE,PAYMENT_MESSAGE_ONLY
EXT-ACC-000711,****3406,BANK-FOREIGN-KR-DEMO,KR,HOANG TRANG CHI,INDIVIDUAL,NAME_ONLY,,0.159,2025-10-04T18:10:21Z,2025-12-27T13:11:25Z,PAYMENT_MESSAGE,PAYMENT_MESSAGE_ONLY
EXT-ACC-000712,****9464,BANK-FOREIGN-US-DEMO,US,EXTERNAL DEMO COMPANY 0721,COMPANY,REGISTRATION_NUMBER,EXT-REG-000721,0.176,2025-10-06T02:14:52Z,2025-12-28T02:05:45Z,PAYMENT_MESSAGE,PAYMENT_MESSAGE_ONLY
EXT-ACC-000713,****1305,BANK-VPB-EXT,VN,EXTERNAL DEMO COMPANY 0722,COMPANY,REGISTRATION_NUMBER,EXT-REG-000722,0.197,2025-10-06T07:32:23Z,2025-12-28T20:17:37Z,PAYMENT_MESSAGE,PAYMENT_MESSAGE_ONLY
EXT-ACC-000714,****4548,BANK-MBB-EXT,VN,EXTERNAL DEMO COMPANY 0723,COMPANY,REGISTRATION_NUMBER,EXT-REG-000723,0.105,2025-10-04T00:34:08Z,2025-12-30T12:28:06Z,PAYMENT_MESSAGE,PAYMENT_MESSAGE_ONLY
EXT-ACC-000715,****3794,BANK-ACB-EXT,VN,EXTERNAL DEMO COMPANY 0724,COMPANY,REGISTRATION_NUMBER,EXT-REG-000724,0.095,2025-10-03T03:37:03Z,2025-12-29T13:37:37Z,PAYMENT_MESSAGE,PAYMENT_MESSAGE_ONLY
EXT-ACC-000716,****9369,BANK-ACB-EXT,VN,MAI LINH NHI,INDIVIDUAL,NAME_ONLY,,0.095,2025-10-05T11:30:22Z,2025-12-31T23:01:39Z,PAYMENT_MESSAGE,PAYMENT_MESSAGE_ONLY
EXT-ACC-000717,****2127,BANK-MBB-EXT,VN,EXTERNAL DEMO COMPANY 0726,COMPANY,REGISTRATION_NUMBER,EXT-REG-000726,0.105,2025-10-05T01:11:32Z,2025-12-31T12:42:50Z,PAYMENT_MESSAGE,PAYMENT_MESSAGE_ONLY
EXT-ACC-000718,****9263,BANK-ACB-EXT,VN,NGUYEN MINH UY,INDIVIDUAL,NAME_ONLY,,0.095,2025-10-05T00:29:25Z,2025-12-31T12:03:57Z,PAYMENT_MESSAGE,PAYMENT_MESSAGE_ONLY
EXT-ACC-000719,****1639,BANK-TCB-EXT,VN,HUYNH PHUONG NHI,INDIVIDUAL,NAME_ONLY,,0.055,2025-10-05T02:51:59Z,2025-12-31T13:37:55Z,PAYMENT_MESSAGE,PAYMENT_MESSAGE_ONLY
EXT-ACC-000720,****3135,BANK-VPB-EXT,VN,PHAM GIANG PHUONG,INDIVIDUAL,NAME_ONLY,,0.197,2025-10-05T09:27:15Z,2025-12-31T20:58:32Z,PAYMENT_MESSAGE,PAYMENT_MESSAGE_ONLY
EXT-ACC-000721,****8069,BANK-VPB-EXT,VN,EXTERNAL DEMO COMPANY 0730,COMPANY,REGISTRATION_NUMBER,EXT-REG-000730,0.197,2025-10-06T15:05:58Z,2025-12-29T04:30:05Z,PAYMENT_MESSAGE,PAYMENT_MESSAGE_ONLY
EXT-ACC-000722,****9680,BANK-MBB-EXT,VN,EXTERNAL DEMO COMPANY 0731,COMPANY,REGISTRATION_NUMBER,EXT-REG-000731,0.105,2025-10-06T17:28:31Z,2025-12-29T07:21:48Z,PAYMENT_MESSAGE,PAYMENT_MESSAGE_ONLY
EXT-ACC-000723,****7246,BANK-ACB-EXT,VN,EXTERNAL DEMO COMPANY 0732,COMPANY,REGISTRATION_NUMBER,EXT-REG-000732,0.095,2025-10-04T16:29:55Z,2025-12-31T02:59:39Z,PAYMENT_MESSAGE,PAYMENT_MESSAGE_ONLY
EXT-ACC-000724,****4809,BANK-VPB-EXT,VN,HOANG QUANG PHUONG,INDIVIDUAL,NAME_ONLY,,0.197,2025-10-05T09:30:29Z,2025-12-31T21:05:01Z,PAYMENT_MESSAGE,PAYMENT_MESSAGE_ONLY
EXT-ACC-000725,****4096,BANK-VCB-EXT,VN,DOAN HOA QUANG,INDIVIDUAL,NAME_ONLY,,0.178,2025-10-06T10:14:22Z,2025-12-28T23:12:34Z,PAYMENT_MESSAGE,PAYMENT_MESSAGE_ONLY
EXT-ACC-000726,****9561,BANK-FOREIGN-DE-DEMO,DE,EXTERNAL DEMO COMPANY 0735,COMPANY,REGISTRATION_NUMBER,EXT-REG-000735,0.216,2025-10-04T17:02:19Z,2025-12-27T11:37:27Z,PAYMENT_MESSAGE,PAYMENT_MESSAGE_ONLY
EXT-ACC-000727,****6935,BANK-FOREIGN-SG-DEMO,SG,PHAN TUAN HOA,INDIVIDUAL,NAME_ONLY,,0.353,2025-10-04T04:43:37Z,2025-12-31T20:52:04Z,PAYMENT_MESSAGE,PAYMENT_MESSAGE_ONLY
EXT-ACC-000728,****7939,BANK-FOREIGN-JP-DEMO,JP,VO QUANG VIET,INDIVIDUAL,NAME_ONLY,,0.277,2025-10-07T02:36:04Z,2025-12-29T11:57:11Z,PAYMENT_MESSAGE,PAYMENT_MESSAGE_ONLY
EXT-ACC-000729,****8904,BANK-VPB-EXT,VN,HO NAM HOA,INDIVIDUAL,NAME_ONLY,,0.197,2025-10-06T08:59:51Z,2025-12-28T22:27:12Z,PAYMENT_MESSAGE,PAYMENT_MESSAGE_ONLY
EXT-ACC-000730,****6641,BANK-VPB-EXT,VN,VO THAO DAO,INDIVIDUAL,NAME_ONLY,,0.197,2025-10-04T07:58:00Z,2025-12-30T19:51:59Z,PAYMENT_MESSAGE,PAYMENT_MESSAGE_ONLY
EXT-ACC-000731,****2951,BANK-ACB-EXT,VN,EXTERNAL DEMO COMPANY 0740,COMPANY,REGISTRATION_NUMBER,EXT-REG-000740,0.095,2025-10-03T21:22:59Z,2025-12-30T09:33:09Z,PAYMENT_MESSAGE,PAYMENT_MESSAGE_ONLY
EXT-ACC-000732,****3650,BANK-ACB-EXT,VN,EXTERNAL DEMO COMPANY 0741,COMPANY,REGISTRATION_NUMBER,EXT-REG-000741,0.095,2025-10-03T20:01:59Z,2025-12-30T08:05:40Z,PAYMENT_MESSAGE,PAYMENT_MESSAGE_ONLY
EXT-ACC-000733,****1852,BANK-FOREIGN-KR-DEMO,KR,BUI XUAN NHI,INDIVIDUAL,NAME_ONLY,,0.159,2025-10-07T14:48:17Z,2025-12-29T18:48:39Z,PAYMENT_MESSAGE,PAYMENT_MESSAGE_ONLY
EXT-ACC-000734,****3381,BANK-VCB-EXT,VN,EXTERNAL DEMO COMPANY 0743,COMPANY,REGISTRATION_NUMBER,EXT-REG-000743,0.178,2025-10-06T12:04:32Z,2025-12-29T01:05:58Z,PAYMENT_MESSAGE,PAYMENT_MESSAGE_ONLY
EXT-ACC-000735,****7075,BANK-VPB-EXT,VN,LE QUANG NGA,INDIVIDUAL,NAME_ONLY,,0.197,2025-10-06T13:06:05Z,2025-12-29T02:14:00Z,PAYMENT_MESSAGE,PAYMENT_MESSAGE_ONLY
EXT-ACC-000736,****7564,BANK-FOREIGN-SG-DEMO,SG,EXTERNAL DEMO COMPANY 0745,COMPANY,REGISTRATION_NUMBER,EXT-REG-000745,0.353,2025-10-04T18:00:38Z,2025-12-27T12:55:13Z,PAYMENT_MESSAGE,PAYMENT_MESSAGE_ONLY
EXT-ACC-000737,****9099,BANK-VPB-EXT,VN,CAO DUNG LINH,INDIVIDUAL,NAME_ONLY,,0.197,2025-10-04T09:54:39Z,2025-12-30T21:03:15Z,PAYMENT_MESSAGE,PAYMENT_MESSAGE_ONLY
EXT-ACC-000738,****9489,BANK-TCB-EXT,VN,EXTERNAL DEMO COMPANY 0747,COMPANY,REGISTRATION_NUMBER,EXT-REG-000747,0.055,2025-10-05T07:11:10Z,2025-12-31T17:40:54Z,PAYMENT_MESSAGE,PAYMENT_MESSAGE_ONLY
EXT-ACC-000739,****9364,BANK-VCB-EXT,VN,EXTERNAL DEMO COMPANY 0748,COMPANY,REGISTRATION_NUMBER,EXT-REG-000748,0.178,2025-10-03T00:35:37Z,2025-12-29T09:15:11Z,PAYMENT_MESSAGE,PAYMENT_MESSAGE_ONLY
EXT-ACC-000740,****1004,BANK-TCB-EXT,VN,TRAN BAO PHONG,INDIVIDUAL,NAME_ONLY,,0.055,2025-10-05T11:59:32Z,2025-12-31T23:50:15Z,PAYMENT_MESSAGE,PAYMENT_MESSAGE_ONLY
EXT-ACC-000741,****7544,BANK-VCB-EXT,VN,EXTERNAL DEMO COMPANY 0750,COMPANY,REGISTRATION_NUMBER,EXT-REG-000750,0.178,2025-10-03T04:25:39Z,2025-12-29T14:39:11Z,PAYMENT_MESSAGE,PAYMENT_MESSAGE_ONLY
EXT-ACC-000742,****2124,BANK-ACB-EXT,VN,PHAN UY AN,INDIVIDUAL,NAME_ONLY,,0.095,2025-10-03T18:11:50Z,2025-12-30T06:34:57Z,PAYMENT_MESSAGE,PAYMENT_MESSAGE_ONLY
EXT-ACC-000743,****6693,BANK-VPB-EXT,VN,DOAN HIEU YEN,INDIVIDUAL,NAME_ONLY,,0.197,2025-10-05T22:21:35Z,2025-12-28T09:19:54Z,PAYMENT_MESSAGE,PAYMENT_MESSAGE_ONLY
EXT-ACC-000744,****1076,BANK-MBB-EXT,VN,PHAN OANH DIEP,INDIVIDUAL,NAME_ONLY,,0.105,2025-10-04T03:25:51Z,2025-12-30T15:10:06Z,PAYMENT_MESSAGE,PAYMENT_MESSAGE_ONLY
EXT-ACC-000745,****5821,BANK-ACB-EXT,VN,DOAN EM TRANG,INDIVIDUAL,NAME_ONLY,,0.095,2025-10-06T15:02:43Z,2025-12-29T04:26:50Z,PAYMENT_MESSAGE,PAYMENT_MESSAGE_ONLY
EXT-ACC-000746,****5222,BANK-VCB-EXT,VN,EXTERNAL DEMO COMPANY 0755,COMPANY,REGISTRATION_NUMBER,EXT-REG-000755,0.178,2025-10-04T17:54:09Z,2025-12-31T04:10:55Z,PAYMENT_MESSAGE,PAYMENT_MESSAGE_ONLY
EXT-ACC-000747,****8923,BANK-VPB-EXT,VN,DUONG CUONG DAO,INDIVIDUAL,NAME_ONLY,,0.197,2025-10-03T16:21:40Z,2025-12-30T04:12:24Z,PAYMENT_MESSAGE,PAYMENT_MESSAGE_ONLY
EXT-ACC-000748,****8517,BANK-MBB-EXT,VN,EXTERNAL DEMO COMPANY 0757,COMPANY,REGISTRATION_NUMBER,EXT-REG-000757,0.105,2025-10-05T07:01:27Z,2025-12-31T17:21:28Z,PAYMENT_MESSAGE,PAYMENT_MESSAGE_ONLY
EXT-ACC-000749,****8896,BANK-VPB-EXT,VN,EXTERNAL DEMO COMPANY 0758,COMPANY,REGISTRATION_NUMBER,EXT-REG-000758,0.197,2025-10-03T08:38:22Z,2025-12-29T19:40:30Z,PAYMENT_MESSAGE,PAYMENT_MESSAGE_ONLY
EXT-ACC-000750,****7757,BANK-FOREIGN-SG-DEMO,SG,VU NGA TUAN,INDIVIDUAL,NAME_ONLY,,0.353,2025-10-06T03:35:52Z,2025-12-28T03:59:09Z,PAYMENT_MESSAGE,PAYMENT_MESSAGE_ONLY
EXT-ACC-000751,****2523,BANK-VPB-EXT,VN,VO PHONG TAM,INDIVIDUAL,NAME_ONLY,,0.197,2025-10-04T01:22:44Z,2025-12-30T13:16:42Z,PAYMENT_MESSAGE,PAYMENT_MESSAGE_ONLY
EXT-ACC-000752,****6792,BANK-MBB-EXT,VN,HUYNH PHUONG TUAN,INDIVIDUAL,NAME_ONLY,,0.105,2025-10-03T04:06:13Z,2025-12-29T14:13:16Z,PAYMENT_MESSAGE,PAYMENT_MESSAGE_ONLY
EXT-ACC-000753,****4847,BANK-VPB-EXT,VN,PHAN QUYNH MINH,INDIVIDUAL,NAME_ONLY,,0.197,2025-10-04T19:28:07Z,2025-12-31T06:20:31Z,PAYMENT_MESSAGE,PAYMENT_MESSAGE_ONLY
EXT-ACC-000754,****6833,BANK-MBB-EXT,VN,PHAN PHONG NHI,INDIVIDUAL,NAME_ONLY,,0.105,2025-10-04T16:16:57Z,2025-12-31T02:53:10Z,PAYMENT_MESSAGE,PAYMENT_MESSAGE_ONLY
EXT-ACC-000755,****1108,BANK-VCB-EXT,VN,LE QUYNH NHI,INDIVIDUAL,NAME_ONLY,,0.178,2025-10-04T11:22:07Z,2025-12-30T21:51:51Z,PAYMENT_MESSAGE,PAYMENT_MESSAGE_ONLY
EXT-ACC-000756,****8901,BANK-VPB-EXT,VN,EXTERNAL DEMO COMPANY 0765,COMPANY,REGISTRATION_NUMBER,EXT-REG-000765,0.197,2025-10-05T04:06:30Z,2025-12-31T14:58:55Z,PAYMENT_MESSAGE,PAYMENT_MESSAGE_ONLY
EXT-ACC-000757,****3996,BANK-MBB-EXT,VN,MAI SON QUYNH,INDIVIDUAL,NAME_ONLY,,0.105,2025-10-03T22:56:56Z,2025-12-30T10:57:23Z,PAYMENT_MESSAGE,PAYMENT_MESSAGE_ONLY
EXT-ACC-000758,****1887,BANK-VPB-EXT,VN,VU DAO HUNG,INDIVIDUAL,NAME_ONLY,,0.197,2025-10-03T17:39:26Z,2025-12-30T05:13:58Z,PAYMENT_MESSAGE,PAYMENT_MESSAGE_ONLY
EXT-ACC-000759,****6689,BANK-ACB-EXT,VN,DOAN CHI TRANG,INDIVIDUAL,NAME_ONLY,,0.095,2025-10-05T22:15:07Z,2025-12-28T09:16:40Z,PAYMENT_MESSAGE,PAYMENT_MESSAGE_ONLY
EXT-ACC-000760,****6171,BANK-TCB-EXT,VN,PHAM UY OANH,INDIVIDUAL,NAME_ONLY,,0.055,2025-10-06T12:59:36Z,2025-12-29T02:07:31Z,PAYMENT_MESSAGE,PAYMENT_MESSAGE_ONLY
EXT-ACC-000761,****6331,BANK-VCB-EXT,VN,HO HIEU HAI,INDIVIDUAL,NAME_ONLY,,0.178,2025-10-03T23:52:01Z,2025-12-30T11:33:02Z,PAYMENT_MESSAGE,PAYMENT_MESSAGE_ONLY
EXT-ACC-000762,****8722,BANK-MBB-EXT,VN,VO PHONG SON,INDIVIDUAL,NAME_ONLY,,0.105,2025-10-05T12:44:53Z,2025-12-28T00:44:45Z,PAYMENT_MESSAGE,PAYMENT_MESSAGE_ONLY
EXT-ACC-000763,****7866,BANK-MBB-EXT,VN,LY KHOA NAM,INDIVIDUAL,NAME_ONLY,,0.105,2025-10-04T07:12:39Z,2025-12-30T19:06:37Z,PAYMENT_MESSAGE,PAYMENT_MESSAGE_ONLY
EXT-ACC-000764,****3947,BANK-MBB-EXT,VN,HO SON MY,INDIVIDUAL,NAME_ONLY,,0.105,2025-10-05T02:55:13Z,2025-12-31T13:41:09Z,PAYMENT_MESSAGE,PAYMENT_MESSAGE_ONLY
EXT-ACC-000765,****8081,BANK-VPB-EXT,VN,PHAM SON PHONG,INDIVIDUAL,NAME_ONLY,,0.197,2025-10-06T08:27:27Z,2025-12-28T21:45:05Z,PAYMENT_MESSAGE,PAYMENT_MESSAGE_ONLY
EXT-ACC-000766,****3893,BANK-TCB-EXT,VN,HOANG PHUONG AN,INDIVIDUAL,NAME_ONLY,,0.055,2025-10-04T03:06:25Z,2025-12-30T15:00:23Z,PAYMENT_MESSAGE,PAYMENT_MESSAGE_ONLY
EXT-ACC-000767,****9470,BANK-TCB-EXT,VN,EXTERNAL DEMO COMPANY 0776,COMPANY,REGISTRATION_NUMBER,EXT-REG-000776,0.055,2025-10-03T04:09:27Z,2025-12-29T14:16:30Z,PAYMENT_MESSAGE,PAYMENT_MESSAGE_ONLY
EXT-ACC-000768,****5915,BANK-MBB-EXT,VN,EXTERNAL DEMO COMPANY 0777,COMPANY,REGISTRATION_NUMBER,EXT-REG-000777,0.105,2025-10-03T02:25:46Z,2025-12-29T11:44:14Z,PAYMENT_MESSAGE,PAYMENT_MESSAGE_ONLY
EXT-ACC-000769,****4530,BANK-VPB-EXT,VN,PHAM LAN DUNG,INDIVIDUAL,NAME_ONLY,,0.197,2025-10-05T00:19:42Z,2025-12-31T11:44:31Z,PAYMENT_MESSAGE,PAYMENT_MESSAGE_ONLY
EXT-ACC-000770,****2577,BANK-ACB-EXT,VN,EXTERNAL DEMO COMPANY 0779,COMPANY,REGISTRATION_NUMBER,EXT-REG-000779,0.095,2025-10-05T23:03:43Z,2025-12-28T10:37:40Z,PAYMENT_MESSAGE,PAYMENT_MESSAGE_ONLY
EXT-ACC-000771,****5222,BANK-MBB-EXT,VN,DO XUAN XUAN,INDIVIDUAL,NAME_ONLY,,0.105,2025-10-03T17:42:40Z,2025-12-30T05:23:41Z,PAYMENT_MESSAGE,PAYMENT_MESSAGE_ONLY
EXT-ACC-000772,****9821,BANK-ACB-EXT,VN,CAO MINH DAO,INDIVIDUAL,NAME_ONLY,,0.095,2025-10-06T03:16:25Z,2025-12-28T15:58:25Z,PAYMENT_MESSAGE,PAYMENT_MESSAGE_ONLY
EXT-ACC-000773,****2284,BANK-MBB-EXT,VN,TRINH QUYNH MY,INDIVIDUAL,NAME_ONLY,,0.105,2025-10-04T18:36:16Z,2025-12-31T04:53:03Z,PAYMENT_MESSAGE,PAYMENT_MESSAGE_ONLY
EXT-ACC-000774,****7911,BANK-MBB-EXT,VN,HOANG LAN VAN,INDIVIDUAL,NAME_ONLY,,0.105,2025-10-06T05:00:06Z,2025-12-28T18:20:58Z,PAYMENT_MESSAGE,PAYMENT_MESSAGE_ONLY
EXT-ACC-000775,****6629,BANK-VPB-EXT,VN,LE GIANG LAN,INDIVIDUAL,NAME_ONLY,,0.197,2025-10-05T02:35:47Z,2025-12-31T13:18:28Z,PAYMENT_MESSAGE,PAYMENT_MESSAGE_ONLY
EXT-ACC-000776,****5444,BANK-MBB-EXT,VN,VO KIET DIEP,INDIVIDUAL,NAME_ONLY,,0.105,2025-10-04T13:44:41Z,2025-12-31T00:27:22Z,PAYMENT_MESSAGE,PAYMENT_MESSAGE_ONLY
EXT-ACC-000777,****9535,BANK-MBB-EXT,VN,EXTERNAL DEMO COMPANY 0786,COMPANY,REGISTRATION_NUMBER,EXT-REG-000786,0.105,2025-10-03T11:04:10Z,2025-12-29T22:48:25Z,PAYMENT_MESSAGE,PAYMENT_MESSAGE_ONLY
EXT-ACC-000778,****5122,BANK-ACB-EXT,VN,NGUYEN HUNG PHONG,INDIVIDUAL,NAME_ONLY,,0.095,2025-10-04T06:43:29Z,2025-12-30T18:34:13Z,PAYMENT_MESSAGE,PAYMENT_MESSAGE_ONLY
EXT-ACC-000779,****2045,BANK-VCB-EXT,VN,HO HAI HAI,INDIVIDUAL,NAME_ONLY,,0.178,2025-10-05T16:51:07Z,2025-12-28T05:03:57Z,PAYMENT_MESSAGE,PAYMENT_MESSAGE_ONLY
EXT-ACC-000780,****2363,BANK-ACB-EXT,VN,NGUYEN DIEP UY,INDIVIDUAL,NAME_ONLY,,0.095,2025-10-03T02:12:49Z,2025-12-29T11:18:18Z,PAYMENT_MESSAGE,PAYMENT_MESSAGE_ONLY
EXT-ACC-000781,****5053,BANK-FOREIGN-KR-DEMO,KR,HO THAO NGA,INDIVIDUAL,NAME_ONLY,,0.159,2025-10-06T22:16:52Z,2025-12-29T08:52:31Z,PAYMENT_MESSAGE,PAYMENT_MESSAGE_ONLY
EXT-ACC-000782,****1468,BANK-ACB-EXT,VN,HOANG UY LAN,INDIVIDUAL,NAME_ONLY,,0.095,2025-10-06T17:44:43Z,2025-12-29T07:34:45Z,PAYMENT_MESSAGE,PAYMENT_MESSAGE_ONLY
EXT-ACC-000783,****6328,BANK-FOREIGN-US-DEMO,US,EXTERNAL DEMO COMPANY 0792,COMPANY,REGISTRATION_NUMBER,EXT-REG-000792,0.176,2025-10-03T04:19:10Z,2025-12-30T19:16:20Z,PAYMENT_MESSAGE,PAYMENT_MESSAGE_ONLY
EXT-ACC-000784,****9856,BANK-ACB-EXT,VN,EXTERNAL DEMO COMPANY 0793,COMPANY,REGISTRATION_NUMBER,EXT-REG-000793,0.095,2025-10-03T06:28:46Z,2025-12-29T17:17:56Z,PAYMENT_MESSAGE,PAYMENT_MESSAGE_ONLY
EXT-ACC-000785,****8480,BANK-VPB-EXT,VN,DOAN LINH HIEU,INDIVIDUAL,NAME_ONLY,,0.197,2025-10-05T08:22:27Z,2025-12-31T19:31:04Z,PAYMENT_MESSAGE,PAYMENT_MESSAGE_ONLY
EXT-ACC-000786,****8891,BANK-VPB-EXT,VN,DOAN THAO YEN,INDIVIDUAL,NAME_ONLY,,0.197,2025-10-05T10:38:32Z,2025-12-31T22:13:03Z,PAYMENT_MESSAGE,PAYMENT_MESSAGE_ONLY
EXT-ACC-000787,****3551,BANK-VCB-EXT,VN,DO HOA QUANG,INDIVIDUAL,NAME_ONLY,,0.178,2025-10-03T08:12:27Z,2025-12-29T19:11:20Z,PAYMENT_MESSAGE,PAYMENT_MESSAGE_ONLY
EXT-ACC-000788,****8687,BANK-VCB-EXT,VN,HOANG YEN TAM,INDIVIDUAL,NAME_ONLY,,0.178,2025-10-03T11:49:31Z,2025-12-29T23:43:29Z,PAYMENT_MESSAGE,PAYMENT_MESSAGE_ONLY
EXT-ACC-000789,****8816,BANK-ACB-EXT,VN,EXTERNAL DEMO COMPANY 0798,COMPANY,REGISTRATION_NUMBER,EXT-REG-000798,0.095,2025-10-03T12:08:57Z,2025-12-29T23:56:27Z,PAYMENT_MESSAGE,PAYMENT_MESSAGE_ONLY
EXT-ACC-000790,****4788,BANK-ACB-EXT,VN,EXTERNAL DEMO COMPANY 0799,COMPANY,REGISTRATION_NUMBER,EXT-REG-000799,0.095,2025-10-06T06:53:30Z,2025-12-28T19:51:41Z,PAYMENT_MESSAGE,PAYMENT_MESSAGE_ONLY
EXT-ACC-000791,****7467,BANK-VPB-EXT,VN,NGO XUAN KHOA,INDIVIDUAL,NAME_ONLY,,0.197,2025-10-03T06:25:32Z,2025-12-29T17:11:27Z,PAYMENT_MESSAGE,PAYMENT_MESSAGE_ONLY
EXT-ACC-000792,****4614,BANK-ACB-EXT,VN,EXTERNAL DEMO COMPANY 0801,COMPANY,REGISTRATION_NUMBER,EXT-REG-000801,0.095,2025-10-03T00:16:10Z,2025-12-29T09:02:14Z,PAYMENT_MESSAGE,PAYMENT_MESSAGE_ONLY
EXT-ACC-000793,****5664,BANK-ACB-EXT,VN,TRINH NHI SON,INDIVIDUAL,NAME_ONLY,,0.095,2025-10-03T12:38:07Z,2025-12-30T00:35:20Z,PAYMENT_MESSAGE,PAYMENT_MESSAGE_ONLY
EXT-ACC-000794,****7765,BANK-VPB-EXT,VN,EXTERNAL DEMO COMPANY 0803,COMPANY,REGISTRATION_NUMBER,EXT-REG-000803,0.197,2025-10-03T17:19:59Z,2025-12-30T04:51:17Z,PAYMENT_MESSAGE,PAYMENT_MESSAGE_ONLY
EXT-ACC-000795,****8418,BANK-VCB-EXT,VN,DANG HANH OANH,INDIVIDUAL,NAME_ONLY,,0.178,2025-10-06T10:37:03Z,2025-12-28T23:41:43Z,PAYMENT_MESSAGE,PAYMENT_MESSAGE_ONLY
EXT-ACC-000796,****1813,BANK-VPB-EXT,VN,BUI BINH KHANH,INDIVIDUAL,NAME_ONLY,,0.197,2025-10-03T12:57:33Z,2025-12-30T01:04:29Z,PAYMENT_MESSAGE,PAYMENT_MESSAGE_ONLY
EXT-ACC-000797,****3048,BANK-VCB-EXT,VN,PHAM TAM SON,INDIVIDUAL,NAME_ONLY,,0.178,2025-10-05T17:26:45Z,2025-12-28T05:36:21Z,PAYMENT_MESSAGE,PAYMENT_MESSAGE_ONLY
EXT-ACC-000798,****4558,BANK-VCB-EXT,VN,HOANG AN QUYNH,INDIVIDUAL,NAME_ONLY,,0.178,2025-10-05T01:14:47Z,2025-12-31T12:49:19Z,PAYMENT_MESSAGE,PAYMENT_MESSAGE_ONLY
EXT-ACC-000799,****9165,BANK-MBB-EXT,VN,EXTERNAL DEMO COMPANY 0808,COMPANY,REGISTRATION_NUMBER,EXT-REG-000808,0.105,2025-10-05T22:44:16Z,2025-12-28T09:58:47Z,PAYMENT_MESSAGE,PAYMENT_MESSAGE_ONLY
EXT-ACC-000800,****3393,BANK-ACB-EXT,VN,TRAN VAN GIANG,INDIVIDUAL,NAME_ONLY,,0.095,2025-10-03T00:55:03Z,2025-12-29T09:31:23Z,PAYMENT_MESSAGE,PAYMENT_MESSAGE_ONLY
EXT-ACC-000801,****5097,BANK-FOREIGN-JP-DEMO,JP,LY LINH MINH,INDIVIDUAL,NAME_ONLY,,0.277,2025-10-04T01:51:54Z,2025-12-31T17:08:30Z,PAYMENT_MESSAGE,PAYMENT_MESSAGE_ONLY
EXT-ACC-000802,****5049,BANK-VCB-EXT,VN,VU CUONG MY,INDIVIDUAL,NAME_ONLY,,0.178,2025-10-03T14:54:12Z,2025-12-30T02:48:10Z,PAYMENT_MESSAGE,PAYMENT_MESSAGE_ONLY
EXT-ACC-000803,****8746,BANK-VCB-EXT,VN,PHAM UY NAM,INDIVIDUAL,NAME_ONLY,,0.178,2025-10-06T05:13:04Z,2025-12-28T18:24:13Z,PAYMENT_MESSAGE,PAYMENT_MESSAGE_ONLY
EXT-ACC-000804,****3598,BANK-MBB-EXT,VN,EXTERNAL DEMO COMPANY 0813,COMPANY,REGISTRATION_NUMBER,EXT-REG-000813,0.105,2025-10-03T05:07:46Z,2025-12-29T15:18:04Z,PAYMENT_MESSAGE,PAYMENT_MESSAGE_ONLY
EXT-ACC-000805,****9534,BANK-VCB-EXT,VN,EXTERNAL DEMO COMPANY 0814,COMPANY,REGISTRATION_NUMBER,EXT-REG-000814,0.178,2025-10-05T15:30:07Z,2025-12-28T03:23:31Z,PAYMENT_MESSAGE,PAYMENT_MESSAGE_ONLY
EXT-ACC-000806,****4568,BANK-ACB-EXT,VN,PHAN BAO DUNG,INDIVIDUAL,NAME_ONLY,,0.095,2025-10-04T03:45:18Z,2025-12-30T15:13:21Z,PAYMENT_MESSAGE,PAYMENT_MESSAGE_ONLY
EXT-ACC-000807,****5523,BANK-TCB-EXT,VN,BUI AN LAN,INDIVIDUAL,NAME_ONLY,,0.055,2025-10-03T12:02:29Z,2025-12-29T23:53:12Z,PAYMENT_MESSAGE,PAYMENT_MESSAGE_ONLY
EXT-ACC-000808,****1146,BANK-ACB-EXT,VN,EXTERNAL DEMO COMPANY 0817,COMPANY,REGISTRATION_NUMBER,EXT-REG-000817,0.095,2025-10-05T14:22:05Z,2025-12-28T02:12:14Z,PAYMENT_MESSAGE,PAYMENT_MESSAGE_ONLY
EXT-ACC-000809,****8786,BANK-VPB-EXT,VN,EXTERNAL DEMO COMPANY 0818,COMPANY,REGISTRATION_NUMBER,EXT-REG-000818,0.197,2025-10-05T11:36:51Z,2025-12-31T23:11:23Z,PAYMENT_MESSAGE,PAYMENT_MESSAGE_ONLY
EXT-ACC-000810,****9190,BANK-TCB-EXT,VN,LE PHONG LAN,INDIVIDUAL,NAME_ONLY,,0.055,2025-10-03T12:31:38Z,2025-12-30T00:28:51Z,PAYMENT_MESSAGE,PAYMENT_MESSAGE_ONLY
EXT-ACC-000811,****3521,BANK-FOREIGN-KR-DEMO,KR,TRAN DUNG YEN,INDIVIDUAL,NAME_ONLY,,0.159,2025-10-06T17:38:14Z,2025-12-28T21:51:34Z,PAYMENT_MESSAGE,PAYMENT_MESSAGE_ONLY
EXT-ACC-000812,****6690,BANK-VCB-EXT,VN,VU TUAN XUAN,INDIVIDUAL,NAME_ONLY,,0.178,2025-10-04T20:00:31Z,2025-12-31T07:09:07Z,PAYMENT_MESSAGE,PAYMENT_MESSAGE_ONLY
EXT-ACC-000813,****1349,BANK-ACB-EXT,VN,EXTERNAL DEMO COMPANY 0822,COMPANY,REGISTRATION_NUMBER,EXT-REG-000822,0.095,2025-10-04T21:21:30Z,2025-12-31T08:39:50Z,PAYMENT_MESSAGE,PAYMENT_MESSAGE_ONLY
EXT-ACC-000814,****5107,BANK-MBB-EXT,VN,EXTERNAL DEMO COMPANY 0823,COMPANY,REGISTRATION_NUMBER,EXT-REG-000823,0.105,2025-10-03T08:51:19Z,2025-12-29T19:43:44Z,PAYMENT_MESSAGE,PAYMENT_MESSAGE_ONLY
EXT-ACC-000815,****9029,BANK-ACB-EXT,VN,DOAN TAM VIET,INDIVIDUAL,NAME_ONLY,,0.095,2025-10-05T20:02:16Z,2025-12-28T07:26:30Z,PAYMENT_MESSAGE,PAYMENT_MESSAGE_ONLY
EXT-ACC-000816,****3627,BANK-TCB-EXT,VN,BUI OANH SON,INDIVIDUAL,NAME_ONLY,,0.055,2025-10-04T14:43:00Z,2025-12-31T01:28:56Z,PAYMENT_MESSAGE,PAYMENT_MESSAGE_ONLY
EXT-ACC-000817,****8439,BANK-FOREIGN-CN-DEMO,CN,VO VIET BAO,INDIVIDUAL,NAME_ONLY,,0.418,2025-10-07T23:39:38Z,2025-12-30T01:49:51Z,PAYMENT_MESSAGE,PAYMENT_MESSAGE_ONLY
EXT-ACC-000818,****6965,BANK-FOREIGN-DE-DEMO,DE,HUYNH BINH NHI,INDIVIDUAL,NAME_ONLY,,0.216,2025-10-04T15:34:50Z,2025-12-27T06:52:21Z,PAYMENT_MESSAGE,PAYMENT_MESSAGE_ONLY
EXT-ACC-000819,****4110,BANK-TCB-EXT,VN,LE VIET CUONG,INDIVIDUAL,NAME_ONLY,,0.055,2025-10-03T14:34:45Z,2025-12-30T02:19:00Z,PAYMENT_MESSAGE,PAYMENT_MESSAGE_ONLY
EXT-ACC-000820,****3525,BANK-ACB-EXT,VN,EXTERNAL DEMO COMPANY 0829,COMPANY,REGISTRATION_NUMBER,EXT-REG-000829,0.095,2025-10-06T07:48:35Z,2025-12-28T20:43:32Z,PAYMENT_MESSAGE,PAYMENT_MESSAGE_ONLY
EXT-ACC-000821,****9572,BANK-MBB-EXT,VN,BUI HANH HAI,INDIVIDUAL,NAME_ONLY,,0.105,2025-10-04T08:10:58Z,2025-12-30T19:58:27Z,PAYMENT_MESSAGE,PAYMENT_MESSAGE_ONLY
EXT-ACC-000822,****3126,BANK-VCB-EXT,VN,EXTERNAL DEMO COMPANY 0831,COMPANY,REGISTRATION_NUMBER,EXT-REG-000831,0.178,2025-10-05T07:59:46Z,2025-12-31T18:48:57Z,PAYMENT_MESSAGE,PAYMENT_MESSAGE_ONLY
EXT-ACC-000823,****1521,BANK-VCB-EXT,VN,LY MINH HAI,INDIVIDUAL,NAME_ONLY,,0.178,2025-10-03T11:36:33Z,2025-12-29T23:17:34Z,PAYMENT_MESSAGE,PAYMENT_MESSAGE_ONLY
EXT-ACC-000824,****5193,BANK-ACB-EXT,VN,TRINH NHI HIEU,INDIVIDUAL,NAME_ONLY,,0.095,2025-10-04T04:27:25Z,2025-12-30T15:52:13Z,PAYMENT_MESSAGE,PAYMENT_MESSAGE_ONLY
EXT-ACC-000825,****9051,BANK-FOREIGN-CN-DEMO,CN,LE AN NAM,INDIVIDUAL,NAME_ONLY,,0.418,2025-10-05T17:33:14Z,2025-12-27T17:53:17Z,PAYMENT_MESSAGE,PAYMENT_MESSAGE_ONLY
EXT-ACC-000826,****7814,BANK-VCB-EXT,VN,TRAN BAO XUAN,INDIVIDUAL,NAME_ONLY,,0.178,2025-10-03T05:59:36Z,2025-12-29T16:39:03Z,PAYMENT_MESSAGE,PAYMENT_MESSAGE_ONLY
EXT-ACC-000827,****5355,BANK-VCB-EXT,VN,EXTERNAL DEMO COMPANY 0836,COMPANY,REGISTRATION_NUMBER,EXT-REG-000836,0.178,2025-10-03T06:41:43Z,2025-12-29T17:27:39Z,PAYMENT_MESSAGE,PAYMENT_MESSAGE_ONLY
EXT-ACC-000828,****2276,BANK-VCB-EXT,VN,EXTERNAL DEMO COMPANY 0837,COMPANY,REGISTRATION_NUMBER,EXT-REG-000837,0.178,2025-10-04T14:20:19Z,2025-12-31T01:09:29Z,PAYMENT_MESSAGE,PAYMENT_MESSAGE_ONLY
EXT-ACC-000829,****4104,BANK-VPB-EXT,VN,VU VIET CUONG,INDIVIDUAL,NAME_ONLY,,0.197,2025-10-06T14:36:48Z,2025-12-29T04:10:38Z,PAYMENT_MESSAGE,PAYMENT_MESSAGE_ONLY
EXT-ACC-000830,****7802,BANK-TCB-EXT,VN,HUYNH XUAN XUAN,INDIVIDUAL,NAME_ONLY,,0.055,2025-10-06T08:08:01Z,2025-12-28T21:09:27Z,PAYMENT_MESSAGE,PAYMENT_MESSAGE_ONLY
EXT-ACC-000831,****3733,BANK-VPB-EXT,VN,DUONG KHOA HAI,INDIVIDUAL,NAME_ONLY,,0.197,2025-10-03T07:43:17Z,2025-12-29T18:55:08Z,PAYMENT_MESSAGE,PAYMENT_MESSAGE_ONLY
EXT-ACC-000832,****8258,BANK-VPB-EXT,VN,BUI LAN VIET,INDIVIDUAL,NAME_ONLY,,0.197,2025-10-03T23:06:40Z,2025-12-30T11:00:38Z,PAYMENT_MESSAGE,PAYMENT_MESSAGE_ONLY
EXT-ACC-000833,****8054,BANK-MBB-EXT,VN,BUI BAO HOA,INDIVIDUAL,NAME_ONLY,,0.105,2025-10-04T00:40:37Z,2025-12-30T12:34:35Z,PAYMENT_MESSAGE,PAYMENT_MESSAGE_ONLY
EXT-ACC-000834,****7145,BANK-MBB-EXT,VN,MAI VIET NAM,INDIVIDUAL,NAME_ONLY,,0.105,2025-10-05T11:46:34Z,2025-12-31T23:34:03Z,PAYMENT_MESSAGE,PAYMENT_MESSAGE_ONLY
EXT-ACC-000835,****1003,BANK-MBB-EXT,VN,DUONG MY DIEP,INDIVIDUAL,NAME_ONLY,,0.105,2025-10-05T05:08:03Z,2025-12-31T15:57:14Z,PAYMENT_MESSAGE,PAYMENT_MESSAGE_ONLY
EXT-ACC-000836,****1107,BANK-MBB-EXT,VN,TRINH HUNG THAO,INDIVIDUAL,NAME_ONLY,,0.105,2025-10-03T15:03:55Z,2025-12-30T03:01:07Z,PAYMENT_MESSAGE,PAYMENT_MESSAGE_ONLY
EXT-ACC-000837,****9376,BANK-TCB-EXT,VN,BUI BINH SON,INDIVIDUAL,NAME_ONLY,,0.055,2025-10-03T06:19:03Z,2025-12-29T17:01:44Z,PAYMENT_MESSAGE,PAYMENT_MESSAGE_ONLY
EXT-ACC-000838,****3557,BANK-VPB-EXT,VN,TRAN OANH YEN,INDIVIDUAL,NAME_ONLY,,0.197,2025-10-06T09:32:15Z,2025-12-28T22:49:53Z,PAYMENT_MESSAGE,PAYMENT_MESSAGE_ONLY
EXT-ACC-000839,****5093,BANK-MBB-EXT,VN,EXTERNAL DEMO COMPANY 0848,COMPANY,REGISTRATION_NUMBER,EXT-REG-000848,0.105,2025-10-03T04:28:53Z,2025-12-29T14:45:40Z,PAYMENT_MESSAGE,PAYMENT_MESSAGE_ONLY
EXT-ACC-000840,****2264,BANK-MBB-EXT,VN,HO DAO NAM,INDIVIDUAL,NAME_ONLY,,0.105,2025-10-03T09:43:10Z,2025-12-29T20:32:20Z,PAYMENT_MESSAGE,PAYMENT_MESSAGE_ONLY
EXT-ACC-000841,****5921,BANK-ACB-EXT,VN,MAI HAI KIET,INDIVIDUAL,NAME_ONLY,,0.095,2025-10-04T04:17:42Z,2025-12-30T15:48:59Z,PAYMENT_MESSAGE,PAYMENT_MESSAGE_ONLY
EXT-ACC-000842,****8115,BANK-FOREIGN-KR-DEMO,KR,TRAN VAN YEN,INDIVIDUAL,NAME_ONLY,,0.159,2025-10-03T19:16:38Z,2025-12-31T07:35:02Z,PAYMENT_MESSAGE,PAYMENT_MESSAGE_ONLY
EXT-ACC-000843,****4714,BANK-VCB-EXT,VN,EXTERNAL DEMO COMPANY 0852,COMPANY,REGISTRATION_NUMBER,EXT-REG-000852,0.178,2025-10-04T03:48:32Z,2025-12-30T15:16:35Z,PAYMENT_MESSAGE,PAYMENT_MESSAGE_ONLY
EXT-ACC-000844,****7266,BANK-VPB-EXT,VN,EXTERNAL DEMO COMPANY 0853,COMPANY,REGISTRATION_NUMBER,EXT-REG-000853,0.197,2025-10-05T20:41:09Z,2025-12-28T07:52:26Z,PAYMENT_MESSAGE,PAYMENT_MESSAGE_ONLY
EXT-ACC-000845,****6354,BANK-FOREIGN-KR-DEMO,KR,DOAN DAO KHANH,INDIVIDUAL,NAME_ONLY,,0.159,2025-10-05T22:47:31Z,2025-12-28T01:36:36Z,PAYMENT_MESSAGE,PAYMENT_MESSAGE_ONLY
EXT-ACC-000846,****9269,BANK-TCB-EXT,VN,HO MY KIET,INDIVIDUAL,NAME_ONLY,,0.055,2025-10-06T16:23:43Z,2025-12-29T05:54:19Z,PAYMENT_MESSAGE,PAYMENT_MESSAGE_ONLY
EXT-ACC-000847,****6507,BANK-FOREIGN-JP-DEMO,JP,HO KHANH HUNG,INDIVIDUAL,NAME_ONLY,,0.277,2025-10-04T10:36:46Z,2025-12-27T04:16:50Z,PAYMENT_MESSAGE,PAYMENT_MESSAGE_ONLY
EXT-ACC-000848,****9980,BANK-FOREIGN-KR-DEMO,KR,EXTERNAL DEMO COMPANY 0857,COMPANY,REGISTRATION_NUMBER,EXT-REG-000857,0.159,2025-10-06T23:47:35Z,2025-12-29T10:10:16Z,PAYMENT_MESSAGE,PAYMENT_MESSAGE_ONLY
EXT-ACC-000849,****8879,BANK-VCB-EXT,VN,NGO HUNG HUNG,INDIVIDUAL,NAME_ONLY,,0.178,2025-10-04T05:25:44Z,2025-12-30T16:57:01Z,PAYMENT_MESSAGE,PAYMENT_MESSAGE_ONLY
EXT-ACC-000850,****9589,BANK-ACB-EXT,VN,MAI MINH XUAN,INDIVIDUAL,NAME_ONLY,,0.095,2025-10-06T18:33:19Z,2025-12-29T08:07:09Z,PAYMENT_MESSAGE,PAYMENT_MESSAGE_ONLY
EXT-ACC-000851,****2467,BANK-VCB-EXT,VN,NGO TUAN DAO,INDIVIDUAL,NAME_ONLY,,0.178,2025-10-04T09:19:00Z,2025-12-30T20:30:51Z,PAYMENT_MESSAGE,PAYMENT_MESSAGE_ONLY
EXT-ACC-000852,****6644,BANK-FOREIGN-JP-DEMO,JP,DO MINH TUAN,INDIVIDUAL,NAME_ONLY,,0.277,2025-10-05T21:42:43Z,2025-12-27T22:06:00Z,PAYMENT_MESSAGE,PAYMENT_MESSAGE_ONLY
EXT-ACC-000853,****3773,BANK-VCB-EXT,VN,EXTERNAL DEMO COMPANY 0862,COMPANY,REGISTRATION_NUMBER,EXT-REG-000862,0.178,2025-10-05T13:23:46Z,2025-12-28T01:33:21Z,PAYMENT_MESSAGE,PAYMENT_MESSAGE_ONLY
EXT-ACC-000854,****8245,BANK-VPB-EXT,VN,EXTERNAL DEMO COMPANY 0863,COMPANY,REGISTRATION_NUMBER,EXT-REG-000863,0.197,2025-10-04T18:29:47Z,2025-12-31T04:46:34Z,PAYMENT_MESSAGE,PAYMENT_MESSAGE_ONLY
EXT-ACC-000855,****3555,BANK-ACB-EXT,VN,VU MINH BAO,INDIVIDUAL,NAME_ONLY,,0.095,2025-10-06T03:48:49Z,2025-12-28T16:21:06Z,PAYMENT_MESSAGE,PAYMENT_MESSAGE_ONLY
EXT-ACC-000856,****3419,BANK-VCB-EXT,VN,TRAN PHONG NHI,INDIVIDUAL,NAME_ONLY,,0.178,2025-10-04T02:40:30Z,2025-12-30T14:47:25Z,PAYMENT_MESSAGE,PAYMENT_MESSAGE_ONLY
EXT-ACC-000857,****8719,BANK-MBB-EXT,VN,PHAM THAO MY,INDIVIDUAL,NAME_ONLY,,0.105,2025-10-06T18:23:36Z,2025-12-29T08:00:40Z,PAYMENT_MESSAGE,PAYMENT_MESSAGE_ONLY
EXT-ACC-000858,****4471,BANK-FOREIGN-CN-DEMO,CN,EXTERNAL DEMO COMPANY 0867,COMPANY,REGISTRATION_NUMBER,EXT-REG-000867,0.418,2025-10-07T08:13:01Z,2025-12-29T15:14:49Z,PAYMENT_MESSAGE,PAYMENT_MESSAGE_ONLY
EXT-ACC-000859,****9991,BANK-VPB-EXT,VN,EXTERNAL DEMO COMPANY 0868,COMPANY,REGISTRATION_NUMBER,EXT-REG-000868,0.197,2025-10-04T02:17:49Z,2025-12-30T14:21:30Z,PAYMENT_MESSAGE,PAYMENT_MESSAGE_ONLY
EXT-ACC-000860,****9631,BANK-TCB-EXT,VN,NGUYEN CUONG HIEU,INDIVIDUAL,NAME_ONLY,,0.055,2025-10-06T10:53:15Z,2025-12-29T00:17:22Z,PAYMENT_MESSAGE,PAYMENT_MESSAGE_ONLY
EXT-ACC-000861,****1869,BANK-FOREIGN-CN-DEMO,CN,PHAN NHI SON,INDIVIDUAL,NAME_ONLY,,0.418,2025-10-07T04:19:45Z,2025-12-29T13:44:06Z,PAYMENT_MESSAGE,PAYMENT_MESSAGE_ONLY
EXT-ACC-000862,****1312,BANK-VCB-EXT,VN,VO BAO HAI,INDIVIDUAL,NAME_ONLY,,0.178,2025-10-05T12:48:07Z,2025-12-28T00:51:14Z,PAYMENT_MESSAGE,PAYMENT_MESSAGE_ONLY
EXT-ACC-000863,****6168,BANK-ACB-EXT,VN,HO TRANG HAI,INDIVIDUAL,NAME_ONLY,,0.095,2025-10-05T09:33:44Z,2025-12-31T21:08:16Z,PAYMENT_MESSAGE,PAYMENT_MESSAGE_ONLY
EXT-ACC-000864,****8503,BANK-VPB-EXT,VN,HUYNH MINH TRANG,INDIVIDUAL,NAME_ONLY,,0.197,2025-10-05T20:50:52Z,2025-12-28T08:02:09Z,PAYMENT_MESSAGE,PAYMENT_MESSAGE_ONLY
EXT-ACC-000865,****9027,BANK-VCB-EXT,VN,TRINH THAO VAN,INDIVIDUAL,NAME_ONLY,,0.178,2025-10-05T21:39:28Z,2025-12-28T08:44:16Z,PAYMENT_MESSAGE,PAYMENT_MESSAGE_ONLY
EXT-ACC-000866,****4869,BANK-TCB-EXT,VN,DO YEN THAO,INDIVIDUAL,NAME_ONLY,,0.055,2025-10-06T11:15:56Z,2025-12-29T00:27:05Z,PAYMENT_MESSAGE,PAYMENT_MESSAGE_ONLY
EXT-ACC-000867,****1482,BANK-VPB-EXT,VN,TRAN QUANG CUONG,INDIVIDUAL,NAME_ONLY,,0.197,2025-10-03T04:58:03Z,2025-12-29T15:11:35Z,PAYMENT_MESSAGE,PAYMENT_MESSAGE_ONLY
EXT-ACC-000868,****2438,BANK-MBB-EXT,VN,BUI DIEP HUNG,INDIVIDUAL,NAME_ONLY,,0.105,2025-10-03T20:05:13Z,2025-12-30T08:12:09Z,PAYMENT_MESSAGE,PAYMENT_MESSAGE_ONLY
EXT-ACC-000869,****4726,BANK-VPB-EXT,VN,EXTERNAL DEMO COMPANY 0878,COMPANY,REGISTRATION_NUMBER,EXT-REG-000878,0.197,2025-10-03T09:59:22Z,2025-12-29T21:04:44Z,PAYMENT_MESSAGE,PAYMENT_MESSAGE_ONLY
EXT-ACC-000870,****8359,BANK-VPB-EXT,VN,DANG KIET VAN,INDIVIDUAL,NAME_ONLY,,0.197,2025-10-05T16:34:55Z,2025-12-28T04:12:07Z,PAYMENT_MESSAGE,PAYMENT_MESSAGE_ONLY
EXT-ACC-000871,****3262,BANK-TCB-EXT,VN,MAI VIET MINH,INDIVIDUAL,NAME_ONLY,,0.055,2025-10-05T19:52:33Z,2025-12-28T07:23:16Z,PAYMENT_MESSAGE,PAYMENT_MESSAGE_ONLY
EXT-ACC-000872,****8046,BANK-VPB-EXT,VN,EXTERNAL DEMO COMPANY 0881,COMPANY,REGISTRATION_NUMBER,EXT-REG-000881,0.197,2025-10-05T08:51:37Z,2025-12-31T20:00:13Z,PAYMENT_MESSAGE,PAYMENT_MESSAGE_ONLY
EXT-ACC-000873,****2111,BANK-TCB-EXT,VN,MAI LAN TUAN,INDIVIDUAL,NAME_ONLY,,0.055,2025-10-05T15:52:48Z,2025-12-28T03:42:57Z,PAYMENT_MESSAGE,PAYMENT_MESSAGE_ONLY
EXT-ACC-000874,****7783,BANK-VCB-EXT,VN,HOANG BINH TUAN,INDIVIDUAL,NAME_ONLY,,0.178,2025-10-03T10:22:02Z,2025-12-29T22:03:03Z,PAYMENT_MESSAGE,PAYMENT_MESSAGE_ONLY
EXT-ACC-000875,****2749,BANK-MBB-EXT,VN,VO KHANH MINH,INDIVIDUAL,NAME_ONLY,,0.105,2025-10-06T04:47:08Z,2025-12-28T17:51:49Z,PAYMENT_MESSAGE,PAYMENT_MESSAGE_ONLY
EXT-ACC-000876,****5372,BANK-VCB-EXT,VN,EXTERNAL DEMO COMPANY 0885,COMPANY,REGISTRATION_NUMBER,EXT-REG-000885,0.178,2025-10-03T14:44:28Z,2025-12-30T02:38:27Z,PAYMENT_MESSAGE,PAYMENT_MESSAGE_ONLY
EXT-ACC-000877,****6886,BANK-VPB-EXT,VN,VU NGA BINH,INDIVIDUAL,NAME_ONLY,,0.197,2025-10-03T17:55:38Z,2025-12-30T05:36:38Z,PAYMENT_MESSAGE,PAYMENT_MESSAGE_ONLY
EXT-ACC-000878,****4014,BANK-FOREIGN-JP-DEMO,JP,CAO PHUONG BAO,INDIVIDUAL,NAME_ONLY,,0.277,2025-10-07T13:04:37Z,2025-12-29T16:13:08Z,PAYMENT_MESSAGE,PAYMENT_MESSAGE_ONLY
EXT-ACC-000879,****1528,BANK-ACB-EXT,VN,HUYNH MINH NGA,INDIVIDUAL,NAME_ONLY,,0.095,2025-10-04T15:02:26Z,2025-12-31T01:35:25Z,PAYMENT_MESSAGE,PAYMENT_MESSAGE_ONLY
EXT-ACC-000880,****7767,BANK-VCB-EXT,VN,EXTERNAL DEMO COMPANY 0889,COMPANY,REGISTRATION_NUMBER,EXT-REG-000889,0.178,2025-10-06T14:04:24Z,2025-12-29T03:51:12Z,PAYMENT_MESSAGE,PAYMENT_MESSAGE_ONLY
EXT-ACC-000881,****2083,BANK-TCB-EXT,VN,EXTERNAL DEMO COMPANY 0890,COMPANY,REGISTRATION_NUMBER,EXT-REG-000890,0.055,2025-10-05T07:37:05Z,2025-12-31T18:06:49Z,PAYMENT_MESSAGE,PAYMENT_MESSAGE_ONLY
EXT-ACC-000882,****9027,BANK-ACB-EXT,VN,EXTERNAL DEMO COMPANY 0891,COMPANY,REGISTRATION_NUMBER,EXT-REG-000891,0.095,2025-10-04T04:14:27Z,2025-12-30T15:32:47Z,PAYMENT_MESSAGE,PAYMENT_MESSAGE_ONLY
EXT-ACC-000883,****8005,BANK-ACB-EXT,VN,EXTERNAL DEMO COMPANY 0892,COMPANY,REGISTRATION_NUMBER,EXT-REG-000892,0.095,2025-10-04T18:45:59Z,2025-12-31T05:22:12Z,PAYMENT_MESSAGE,PAYMENT_MESSAGE_ONLY
EXT-ACC-000884,****9784,BANK-VCB-EXT,VN,HO TUAN DIEP,INDIVIDUAL,NAME_ONLY,,0.178,2025-10-04T16:07:14Z,2025-12-31T02:40:12Z,PAYMENT_MESSAGE,PAYMENT_MESSAGE_ONLY
EXT-ACC-000885,****5025,BANK-VCB-EXT,VN,DUONG OANH CHI,INDIVIDUAL,NAME_ONLY,,0.178,2025-10-05T12:38:24Z,2025-12-28T00:38:17Z,PAYMENT_MESSAGE,PAYMENT_MESSAGE_ONLY
EXT-ACC-000886,****1643,BANK-ACB-EXT,VN,EXTERNAL DEMO COMPANY 0895,COMPANY,REGISTRATION_NUMBER,EXT-REG-000895,0.095,2025-10-03T03:17:37Z,2025-12-29T13:05:13Z,PAYMENT_MESSAGE,PAYMENT_MESSAGE_ONLY
EXT-ACC-000887,****1807,BANK-VPB-EXT,VN,EXTERNAL DEMO COMPANY 0896,COMPANY,REGISTRATION_NUMBER,EXT-REG-000896,0.197,2025-10-03T09:36:41Z,2025-12-29T20:29:06Z,PAYMENT_MESSAGE,PAYMENT_MESSAGE_ONLY
EXT-ACC-000888,****3727,BANK-ACB-EXT,VN,DANG TAM OANH,INDIVIDUAL,NAME_ONLY,,0.095,2025-10-05T23:39:21Z,2025-12-28T11:39:13Z,PAYMENT_MESSAGE,PAYMENT_MESSAGE_ONLY
EXT-ACC-000889,****9470,BANK-VPB-EXT,VN,EXTERNAL DEMO COMPANY 0898,COMPANY,REGISTRATION_NUMBER,EXT-REG-000898,0.197,2025-10-03T06:22:17Z,2025-12-29T17:04:59Z,PAYMENT_MESSAGE,PAYMENT_MESSAGE_ONLY
EXT-ACC-000890,****8400,BANK-ACB-EXT,VN,EXTERNAL DEMO COMPANY 0899,COMPANY,REGISTRATION_NUMBER,EXT-REG-000899,0.095,2025-10-06T04:53:37Z,2025-12-28T17:58:18Z,PAYMENT_MESSAGE,PAYMENT_MESSAGE_ONLY
EXT-ACC-000891,****7440,BANK-FOREIGN-KR-DEMO,KR,MAI VIET HUNG,INDIVIDUAL,NAME_ONLY,,0.159,2025-10-03T10:18:48Z,2025-12-31T01:45:08Z,PAYMENT_MESSAGE,PAYMENT_MESSAGE_ONLY
EXT-ACC-000892,****8449,BANK-ACB-EXT,VN,DUONG HIEU MINH,INDIVIDUAL,NAME_ONLY,,0.095,2025-10-05T01:05:04Z,2025-12-31T12:33:07Z,PAYMENT_MESSAGE,PAYMENT_MESSAGE_ONLY
EXT-ACC-000893,****2870,BANK-FOREIGN-US-DEMO,US,HUYNH HANH GIANG,INDIVIDUAL,NAME_ONLY,,0.176,2025-10-04T08:04:29Z,2025-12-31T21:01:47Z,PAYMENT_MESSAGE,PAYMENT_MESSAGE_ONLY
EXT-ACC-000894,****3619,BANK-MBB-EXT,VN,HO TRANG NHI,INDIVIDUAL,NAME_ONLY,,0.105,2025-10-04T14:10:36Z,2025-12-31T00:53:17Z,PAYMENT_MESSAGE,PAYMENT_MESSAGE_ONLY
EXT-ACC-000895,****3459,BANK-ACB-EXT,VN,HUYNH VAN DAO,INDIVIDUAL,NAME_ONLY,,0.095,2025-10-04T20:32:54Z,2025-12-31T07:54:29Z,PAYMENT_MESSAGE,PAYMENT_MESSAGE_ONLY
EXT-ACC-000896,****6071,BANK-TCB-EXT,VN,TRAN HOA THAO,INDIVIDUAL,NAME_ONLY,,0.055,2025-10-05T07:27:22Z,2025-12-31T17:53:52Z,PAYMENT_MESSAGE,PAYMENT_MESSAGE_ONLY
EXT-ACC-000897,****4323,BANK-ACB-EXT,VN,HUYNH HANH HUNG,INDIVIDUAL,NAME_ONLY,,0.095,2025-10-04T17:12:02Z,2025-12-31T03:54:44Z,PAYMENT_MESSAGE,PAYMENT_MESSAGE_ONLY
EXT-ACC-000898,****1094,BANK-FOREIGN-US-DEMO,US,LY QUYNH VIET,INDIVIDUAL,NAME_ONLY,,0.176,2025-10-06T04:40:40Z,2025-12-28T09:00:28Z,PAYMENT_MESSAGE,PAYMENT_MESSAGE_ONLY
EXT-ACC-000899,****7719,BANK-ACB-EXT,VN,MAI PHUONG OANH,INDIVIDUAL,NAME_ONLY,,0.095,2025-10-06T05:22:47Z,2025-12-28T18:33:56Z,PAYMENT_MESSAGE,PAYMENT_MESSAGE_ONLY
EXT-ACC-000900,****4401,BANK-VPB-EXT,VN,VU XUAN SON,INDIVIDUAL,NAME_ONLY,,0.197,2025-10-03T23:22:52Z,2025-12-30T11:03:52Z,PAYMENT_MESSAGE,PAYMENT_MESSAGE_ONLY
EXT-ACC-000901,****1531,BANK-FOREIGN-CN-DEMO,CN,DO CHI KHANH,INDIVIDUAL,NAME_ONLY,,0.418,2025-10-06T10:04:39Z,2025-12-28T10:53:52Z,PAYMENT_MESSAGE,PAYMENT_MESSAGE_ONLY
EXT-ACC-000902,****7831,BANK-VPB-EXT,VN,LE DUNG HAI,INDIVIDUAL,NAME_ONLY,,0.197,2025-10-06T05:26:01Z,2025-12-28T18:40:25Z,PAYMENT_MESSAGE,PAYMENT_MESSAGE_ONLY
EXT-ACC-000903,****3906,BANK-TCB-EXT,VN,CAO KIET DAO,INDIVIDUAL,NAME_ONLY,,0.055,2025-10-03T02:09:34Z,2025-12-29T11:11:50Z,PAYMENT_MESSAGE,PAYMENT_MESSAGE_ONLY
EXT-ACC-000904,****6289,BANK-VPB-EXT,VN,TRAN GIANG THAO,INDIVIDUAL,NAME_ONLY,,0.197,2025-10-06T04:21:13Z,2025-12-28T17:32:22Z,PAYMENT_MESSAGE,PAYMENT_MESSAGE_ONLY
EXT-ACC-000905,****8001,BANK-ACB-EXT,VN,EXTERNAL DEMO COMPANY 0914,COMPANY,REGISTRATION_NUMBER,EXT-REG-000914,0.095,2025-10-05T20:05:31Z,2025-12-28T07:32:59Z,PAYMENT_MESSAGE,PAYMENT_MESSAGE_ONLY
EXT-ACC-000906,****6393,BANK-VCB-EXT,VN,HOANG HANH SON,INDIVIDUAL,NAME_ONLY,,0.178,2025-10-04T00:47:06Z,2025-12-30T12:37:50Z,PAYMENT_MESSAGE,PAYMENT_MESSAGE_ONLY
EXT-ACC-000907,****2790,BANK-VPB-EXT,VN,PHAN NHI DUNG,INDIVIDUAL,NAME_ONLY,,0.197,2025-10-04T16:42:52Z,2025-12-31T03:41:46Z,PAYMENT_MESSAGE,PAYMENT_MESSAGE_ONLY
EXT-ACC-000908,****8924,BANK-VPB-EXT,VN,EXTERNAL DEMO COMPANY 0917,COMPANY,REGISTRATION_NUMBER,EXT-REG-000917,0.197,2025-10-06T06:40:32Z,2025-12-28T19:32:15Z,PAYMENT_MESSAGE,PAYMENT_MESSAGE_ONLY
EXT-ACC-000909,****5705,BANK-VPB-EXT,VN,EXTERNAL DEMO COMPANY 0918,COMPANY,REGISTRATION_NUMBER,EXT-REG-000918,0.197,2025-10-03T00:22:39Z,2025-12-29T09:08:43Z,PAYMENT_MESSAGE,PAYMENT_MESSAGE_ONLY
EXT-ACC-000910,****3125,BANK-MBB-EXT,VN,MAI NHI YEN,INDIVIDUAL,NAME_ONLY,,0.105,2025-10-03T20:47:21Z,2025-12-30T08:47:48Z,PAYMENT_MESSAGE,PAYMENT_MESSAGE_ONLY
EXT-ACC-000911,****4812,BANK-ACB-EXT,VN,LY QUYNH LINH,INDIVIDUAL,NAME_ONLY,,0.095,2025-10-05T18:31:33Z,2025-12-28T06:31:26Z,PAYMENT_MESSAGE,PAYMENT_MESSAGE_ONLY
EXT-ACC-000912,****4396,BANK-TCB-EXT,VN,NGUYEN OANH HANH,INDIVIDUAL,NAME_ONLY,,0.055,2025-10-03T21:13:16Z,2025-12-30T09:16:57Z,PAYMENT_MESSAGE,PAYMENT_MESSAGE_ONLY
EXT-ACC-000913,****4478,BANK-ACB-EXT,VN,BUI YEN XUAN,INDIVIDUAL,NAME_ONLY,,0.095,2025-10-06T04:30:56Z,2025-12-28T17:48:34Z,PAYMENT_MESSAGE,PAYMENT_MESSAGE_ONLY
EXT-ACC-000914,****5919,BANK-FOREIGN-CN-DEMO,CN,VO EM THAO,INDIVIDUAL,NAME_ONLY,,0.418,2025-10-03T05:27:12Z,2025-12-30T23:54:58Z,PAYMENT_MESSAGE,PAYMENT_MESSAGE_ONLY
EXT-ACC-000915,****2865,BANK-MBB-EXT,VN,EXTERNAL DEMO COMPANY 0924,COMPANY,REGISTRATION_NUMBER,EXT-REG-000924,0.105,2025-10-05T01:40:42Z,2025-12-31T12:55:47Z,PAYMENT_MESSAGE,PAYMENT_MESSAGE_ONLY
EXT-ACC-000916,****3877,BANK-MBB-EXT,VN,MAI NHI BINH,INDIVIDUAL,NAME_ONLY,,0.105,2025-10-05T14:57:43Z,2025-12-28T02:51:07Z,PAYMENT_MESSAGE,PAYMENT_MESSAGE_ONLY
EXT-ACC-000917,****8849,BANK-MBB-EXT,VN,EXTERNAL DEMO COMPANY 0926,COMPANY,REGISTRATION_NUMBER,EXT-REG-000926,0.105,2025-10-06T02:05:09Z,2025-12-28T14:53:37Z,PAYMENT_MESSAGE,PAYMENT_MESSAGE_ONLY
EXT-ACC-000918,****9797,BANK-VCB-EXT,VN,LY KHANH OANH,INDIVIDUAL,NAME_ONLY,,0.178,2025-10-03T21:52:09Z,2025-12-30T09:49:21Z,PAYMENT_MESSAGE,PAYMENT_MESSAGE_ONLY
EXT-ACC-000919,****7782,BANK-ACB-EXT,VN,EXTERNAL DEMO COMPANY 0928,COMPANY,REGISTRATION_NUMBER,EXT-REG-000928,0.095,2025-10-04T16:20:12Z,2025-12-31T02:56:24Z,PAYMENT_MESSAGE,PAYMENT_MESSAGE_ONLY
EXT-ACC-000920,****5904,BANK-VCB-EXT,VN,EXTERNAL DEMO COMPANY 0929,COMPANY,REGISTRATION_NUMBER,EXT-REG-000929,0.178,2025-10-04T23:44:04Z,2025-12-31T10:46:12Z,PAYMENT_MESSAGE,PAYMENT_MESSAGE_ONLY
EXT-ACC-000921,****6434,BANK-MBB-EXT,VN,NGUYEN NAM DAO,INDIVIDUAL,NAME_ONLY,,0.105,2025-10-06T13:15:48Z,2025-12-29T02:26:58Z,PAYMENT_MESSAGE,PAYMENT_MESSAGE_ONLY
EXT-ACC-000922,****6556,BANK-MBB-EXT,VN,HOANG SON BINH,INDIVIDUAL,NAME_ONLY,,0.105,2025-10-05T13:56:10Z,2025-12-28T01:52:48Z,PAYMENT_MESSAGE,PAYMENT_MESSAGE_ONLY
EXT-ACC-000923,****7382,BANK-VPB-EXT,VN,EXTERNAL DEMO COMPANY 0932,COMPANY,REGISTRATION_NUMBER,EXT-REG-000932,0.197,2025-10-03T11:00:55Z,2025-12-29T22:41:56Z,PAYMENT_MESSAGE,PAYMENT_MESSAGE_ONLY
EXT-ACC-000924,****6050,BANK-VCB-EXT,VN,EXTERNAL DEMO COMPANY 0933,COMPANY,REGISTRATION_NUMBER,EXT-REG-000933,0.178,2025-10-03T04:02:58Z,2025-12-29T14:03:33Z,PAYMENT_MESSAGE,PAYMENT_MESSAGE_ONLY
EXT-ACC-000925,****9143,BANK-MBB-EXT,VN,VO HOA GIANG,INDIVIDUAL,NAME_ONLY,,0.105,2025-10-06T15:09:12Z,2025-12-29T04:33:19Z,PAYMENT_MESSAGE,PAYMENT_MESSAGE_ONLY
EXT-ACC-000926,****5953,BANK-MBB-EXT,VN,DANG NAM UY,INDIVIDUAL,NAME_ONLY,,0.105,2025-10-04T12:17:12Z,2025-12-30T22:43:42Z,PAYMENT_MESSAGE,PAYMENT_MESSAGE_ONLY
EXT-ACC-000927,****4311,BANK-MBB-EXT,VN,EXTERNAL DEMO COMPANY 0936,COMPANY,REGISTRATION_NUMBER,EXT-REG-000936,0.105,2025-10-04T06:40:15Z,2025-12-30T18:30:59Z,PAYMENT_MESSAGE,PAYMENT_MESSAGE_ONLY
EXT-ACC-000928,****4116,BANK-ACB-EXT,VN,LY TRANG KHANH,INDIVIDUAL,NAME_ONLY,,0.095,2025-10-05T14:25:19Z,2025-12-28T02:15:29Z,PAYMENT_MESSAGE,PAYMENT_MESSAGE_ONLY
EXT-ACC-000929,****9579,BANK-ACB-EXT,VN,EXTERNAL DEMO COMPANY 0938,COMPANY,REGISTRATION_NUMBER,EXT-REG-000938,0.095,2025-10-05T09:17:32Z,2025-12-31T20:39:06Z,PAYMENT_MESSAGE,PAYMENT_MESSAGE_ONLY
EXT-ACC-000930,****4361,BANK-MBB-EXT,VN,PHAM UY HUNG,INDIVIDUAL,NAME_ONLY,,0.105,2025-10-04T19:41:04Z,2025-12-31T06:39:58Z,PAYMENT_MESSAGE,PAYMENT_MESSAGE_ONLY
EXT-ACC-000931,****6095,BANK-ACB-EXT,VN,TRINH HANH AN,INDIVIDUAL,NAME_ONLY,,0.095,2025-10-06T02:11:37Z,2025-12-28T14:56:51Z,PAYMENT_MESSAGE,PAYMENT_MESSAGE_ONLY
EXT-ACC-000932,****6460,BANK-VPB-EXT,VN,EXTERNAL DEMO COMPANY 0941,COMPANY,REGISTRATION_NUMBER,EXT-REG-000941,0.197,2025-10-06T18:07:24Z,2025-12-29T07:44:28Z,PAYMENT_MESSAGE,PAYMENT_MESSAGE_ONLY
EXT-ACC-000933,****6114,BANK-VCB-EXT,VN,DANG BINH DAO,INDIVIDUAL,NAME_ONLY,,0.178,2025-10-03T10:12:19Z,2025-12-29T21:24:10Z,PAYMENT_MESSAGE,PAYMENT_MESSAGE_ONLY
EXT-ACC-000934,****9720,BANK-TCB-EXT,VN,PHAN TAM SON,INDIVIDUAL,NAME_ONLY,,0.055,2025-10-05T08:19:13Z,2025-12-31T19:21:21Z,PAYMENT_MESSAGE,PAYMENT_MESSAGE_ONLY
EXT-ACC-000935,****5483,BANK-ACB-EXT,VN,VO KHANH LAN,INDIVIDUAL,NAME_ONLY,,0.095,2025-10-04T00:50:20Z,2025-12-30T12:50:47Z,PAYMENT_MESSAGE,PAYMENT_MESSAGE_ONLY
EXT-ACC-000936,****6739,BANK-FOREIGN-KR-DEMO,KR,PHAM NAM VIET,INDIVIDUAL,NAME_ONLY,,0.159,2025-10-03T13:00:48Z,2025-12-31T03:09:22Z,PAYMENT_MESSAGE,PAYMENT_MESSAGE_ONLY
EXT-ACC-000937,****3806,BANK-MBB-EXT,VN,DANG DAO PHONG,INDIVIDUAL,NAME_ONLY,,0.105,2025-10-03T22:27:47Z,2025-12-30T10:18:31Z,PAYMENT_MESSAGE,PAYMENT_MESSAGE_ONLY
EXT-ACC-000938,****9856,BANK-FOREIGN-KR-DEMO,KR,EXTERNAL DEMO COMPANY 0947,COMPANY,REGISTRATION_NUMBER,EXT-REG-000947,0.159,2025-10-04T17:21:45Z,2025-12-27T11:50:25Z,PAYMENT_MESSAGE,PAYMENT_MESSAGE_ONLY
EXT-ACC-000939,****1881,BANK-TCB-EXT,VN,TRAN HAI CUONG,INDIVIDUAL,NAME_ONLY,,0.055,2025-10-06T12:46:39Z,2025-12-29T01:54:34Z,PAYMENT_MESSAGE,PAYMENT_MESSAGE_ONLY
EXT-ACC-000940,****6826,BANK-FOREIGN-JP-DEMO,JP,CAO HIEU MY,INDIVIDUAL,NAME_ONLY,,0.277,2025-10-04T03:35:34Z,2025-12-31T19:37:32Z,PAYMENT_MESSAGE,PAYMENT_MESSAGE_ONLY
EXT-ACC-000941,****3159,BANK-TCB-EXT,VN,DOAN GIANG OANH,INDIVIDUAL,NAME_ONLY,,0.055,2025-10-04T11:09:10Z,2025-12-30T21:48:37Z,PAYMENT_MESSAGE,PAYMENT_MESSAGE_ONLY
EXT-ACC-000942,****8709,BANK-FOREIGN-DE-DEMO,DE,DUONG THAO OANH,INDIVIDUAL,NAME_ONLY,,0.216,2025-10-08T03:13:28Z,2025-12-30T05:39:53Z,PAYMENT_MESSAGE,PAYMENT_MESSAGE_ONLY
EXT-ACC-000943,****7423,BANK-TCB-EXT,VN,CAO QUANG BAO,INDIVIDUAL,NAME_ONLY,,0.055,2025-10-03T02:51:41Z,2025-12-29T12:29:35Z,PAYMENT_MESSAGE,PAYMENT_MESSAGE_ONLY
EXT-ACC-000944,****6320,BANK-MBB-EXT,VN,EXTERNAL DEMO COMPANY 0953,COMPANY,REGISTRATION_NUMBER,EXT-REG-000953,0.105,2025-10-05T18:57:28Z,2025-12-28T06:50:52Z,PAYMENT_MESSAGE,PAYMENT_MESSAGE_ONLY
EXT-ACC-000945,****8556,BANK-VCB-EXT,VN,PHAM YEN PHUONG,INDIVIDUAL,NAME_ONLY,,0.178,2025-10-04T19:34:35Z,2025-12-31T06:30:14Z,PAYMENT_MESSAGE,PAYMENT_MESSAGE_ONLY
EXT-ACC-000946,****3087,BANK-MBB-EXT,VN,EXTERNAL DEMO COMPANY 0955,COMPANY,REGISTRATION_NUMBER,EXT-REG-000955,0.105,2025-10-04T10:33:31Z,2025-12-30T21:22:42Z,PAYMENT_MESSAGE,PAYMENT_MESSAGE_ONLY
EXT-ACC-000947,****2752,BANK-ACB-EXT,VN,EXTERNAL DEMO COMPANY 0956,COMPANY,REGISTRATION_NUMBER,EXT-REG-000956,0.095,2025-10-05T17:07:19Z,2025-12-28T05:23:23Z,PAYMENT_MESSAGE,PAYMENT_MESSAGE_ONLY
EXT-ACC-000948,****9728,BANK-VCB-EXT,VN,EXTERNAL DEMO COMPANY 0957,COMPANY,REGISTRATION_NUMBER,EXT-REG-000957,0.178,2025-10-03T01:50:08Z,2025-12-29T10:39:26Z,PAYMENT_MESSAGE,PAYMENT_MESSAGE_ONLY
EXT-ACC-000949,****3605,BANK-VPB-EXT,VN,CAO PHONG XUAN,INDIVIDUAL,NAME_ONLY,,0.197,2025-10-04T23:05:11Z,2025-12-31T10:04:05Z,PAYMENT_MESSAGE,PAYMENT_MESSAGE_ONLY
EXT-ACC-000950,****8132,BANK-ACB-EXT,VN,PHAN HIEU KHOA,INDIVIDUAL,NAME_ONLY,,0.095,2025-10-04T06:59:41Z,2025-12-30T19:03:23Z,PAYMENT_MESSAGE,PAYMENT_MESSAGE_ONLY
EXT-ACC-000951,****8972,BANK-MBB-EXT,VN,VU LINH EM,INDIVIDUAL,NAME_ONLY,,0.105,2025-10-06T03:32:37Z,2025-12-28T16:11:22Z,PAYMENT_MESSAGE,PAYMENT_MESSAGE_ONLY
EXT-ACC-000952,****3886,BANK-FOREIGN-KR-DEMO,KR,DOAN HAI MY,INDIVIDUAL,NAME_ONLY,,0.159,2025-10-03T03:33:49Z,2025-12-30T17:00:16Z,PAYMENT_MESSAGE,PAYMENT_MESSAGE_ONLY
EXT-ACC-000953,****6364,BANK-ACB-EXT,VN,PHAM KIET CUONG,INDIVIDUAL,NAME_ONLY,,0.095,2025-10-05T18:12:07Z,2025-12-28T06:08:45Z,PAYMENT_MESSAGE,PAYMENT_MESSAGE_ONLY
EXT-ACC-000954,****3403,BANK-VCB-EXT,VN,HOANG HIEU AN,INDIVIDUAL,NAME_ONLY,,0.178,2025-10-04T22:19:50Z,2025-12-31T09:28:26Z,PAYMENT_MESSAGE,PAYMENT_MESSAGE_ONLY
EXT-ACC-000955,****8326,BANK-ACB-EXT,VN,HO NHI DAO,INDIVIDUAL,NAME_ONLY,,0.095,2025-10-03T14:50:57Z,2025-12-30T02:41:41Z,PAYMENT_MESSAGE,PAYMENT_MESSAGE_ONLY
EXT-ACC-000956,****2462,BANK-MBB-EXT,VN,DANG KHOA YEN,INDIVIDUAL,NAME_ONLY,,0.105,2025-10-05T09:11:03Z,2025-12-31T20:29:23Z,PAYMENT_MESSAGE,PAYMENT_MESSAGE_ONLY
EXT-ACC-000957,****7622,BANK-VPB-EXT,VN,EXTERNAL DEMO COMPANY 0966,COMPANY,REGISTRATION_NUMBER,EXT-REG-000966,0.197,2025-10-04T21:34:28Z,2025-12-31T08:56:02Z,PAYMENT_MESSAGE,PAYMENT_MESSAGE_ONLY
EXT-ACC-000958,****6885,BANK-MBB-EXT,VN,DOAN DUNG AN,INDIVIDUAL,NAME_ONLY,,0.105,2025-10-05T18:44:31Z,2025-12-28T06:34:40Z,PAYMENT_MESSAGE,PAYMENT_MESSAGE_ONLY
EXT-ACC-000959,****4854,BANK-FOREIGN-US-DEMO,US,EXTERNAL DEMO COMPANY 0968,COMPANY,REGISTRATION_NUMBER,EXT-REG-000968,0.176,2025-10-06T23:15:12Z,2025-12-29T10:03:47Z,PAYMENT_MESSAGE,PAYMENT_MESSAGE_ONLY
EXT-ACC-000960,****7251,BANK-VPB-EXT,VN,BUI CUONG DIEP,INDIVIDUAL,NAME_ONLY,,0.197,2025-10-04T06:30:32Z,2025-12-30T18:24:30Z,PAYMENT_MESSAGE,PAYMENT_MESSAGE_ONLY
EXT-ACC-000961,****7301,BANK-TCB-EXT,VN,LY HUNG MINH,INDIVIDUAL,NAME_ONLY,,0.055,2025-10-04T12:59:19Z,2025-12-30T23:32:18Z,PAYMENT_MESSAGE,PAYMENT_MESSAGE_ONLY
EXT-ACC-000962,****3527,BANK-MBB-EXT,VN,EXTERNAL DEMO COMPANY 0971,COMPANY,REGISTRATION_NUMBER,EXT-REG-000971,0.105,2025-10-04T22:00:23Z,2025-12-31T09:09:00Z,PAYMENT_MESSAGE,PAYMENT_MESSAGE_ONLY
EXT-ACC-000963,****8974,BANK-TCB-EXT,VN,LE BINH KHANH,INDIVIDUAL,NAME_ONLY,,0.055,2025-10-03T05:17:29Z,2025-12-29T15:31:01Z,PAYMENT_MESSAGE,PAYMENT_MESSAGE_ONLY
EXT-ACC-000964,****7974,BANK-TCB-EXT,VN,NGO OANH KIET,INDIVIDUAL,NAME_ONLY,,0.055,2025-10-04T07:51:32Z,2025-12-30T19:39:01Z,PAYMENT_MESSAGE,PAYMENT_MESSAGE_ONLY
EXT-ACC-000965,****6821,BANK-ACB-EXT,VN,DOAN MY CUONG,INDIVIDUAL,NAME_ONLY,,0.095,2025-10-03T03:27:20Z,2025-12-29T13:34:23Z,PAYMENT_MESSAGE,PAYMENT_MESSAGE_ONLY
EXT-ACC-000966,****9220,BANK-ACB-EXT,VN,MAI QUYNH PHONG,INDIVIDUAL,NAME_ONLY,,0.095,2025-10-03T19:29:35Z,2025-12-30T07:39:45Z,PAYMENT_MESSAGE,PAYMENT_MESSAGE_ONLY
EXT-ACC-000967,****8917,BANK-VPB-EXT,VN,TRAN CHI DAO,INDIVIDUAL,NAME_ONLY,,0.197,2025-10-06T10:11:08Z,2025-12-28T23:09:19Z,PAYMENT_MESSAGE,PAYMENT_MESSAGE_ONLY
EXT-ACC-000968,****5578,BANK-VCB-EXT,VN,LE KHANH UY,INDIVIDUAL,NAME_ONLY,,0.178,2025-10-04T03:55:01Z,2025-12-30T15:19:49Z,PAYMENT_MESSAGE,PAYMENT_MESSAGE_ONLY
EXT-ACC-000969,****8740,BANK-VCB-EXT,VN,CAO GIANG PHONG,INDIVIDUAL,NAME_ONLY,,0.178,2025-10-05T03:24:23Z,2025-12-31T14:32:59Z,PAYMENT_MESSAGE,PAYMENT_MESSAGE_ONLY
EXT-ACC-000970,****1864,BANK-VCB-EXT,VN,DOAN HIEU THAO,INDIVIDUAL,NAME_ONLY,,0.178,2025-10-04T00:14:42Z,2025-12-30T12:15:09Z,PAYMENT_MESSAGE,PAYMENT_MESSAGE_ONLY
EXT-ACC-000971,****8681,BANK-VPB-EXT,VN,EXTERNAL DEMO COMPANY 0980,COMPANY,REGISTRATION_NUMBER,EXT-REG-000980,0.197,2025-10-04T12:33:24Z,2025-12-30T23:06:22Z,PAYMENT_MESSAGE,PAYMENT_MESSAGE_ONLY
EXT-ACC-000972,****5827,BANK-ACB-EXT,VN,BUI HOA YEN,INDIVIDUAL,NAME_ONLY,,0.095,2025-10-04T13:34:58Z,2025-12-31T00:14:25Z,PAYMENT_MESSAGE,PAYMENT_MESSAGE_ONLY
EXT-ACC-000973,****5267,BANK-VCB-EXT,VN,CAO THAO DAO,INDIVIDUAL,NAME_ONLY,,0.178,2025-10-03T07:20:36Z,2025-12-29T18:06:32Z,PAYMENT_MESSAGE,PAYMENT_MESSAGE_ONLY
EXT-ACC-000974,****1447,BANK-FOREIGN-JP-DEMO,JP,MAI DUNG TAM,INDIVIDUAL,NAME_ONLY,,0.277,2025-10-07T01:05:21Z,2025-12-29T11:24:47Z,PAYMENT_MESSAGE,PAYMENT_MESSAGE_ONLY
EXT-ACC-000975,****3171,BANK-VCB-EXT,VN,LE SON QUANG,INDIVIDUAL,NAME_ONLY,,0.178,2025-10-03T02:16:03Z,2025-12-29T11:21:33Z,PAYMENT_MESSAGE,PAYMENT_MESSAGE_ONLY
EXT-ACC-000976,****1232,BANK-MBB-EXT,VN,EXTERNAL DEMO COMPANY 0985,COMPANY,REGISTRATION_NUMBER,EXT-REG-000985,0.105,2025-10-05T08:28:56Z,2025-12-31T19:44:01Z,PAYMENT_MESSAGE,PAYMENT_MESSAGE_ONLY
EXT-ACC-000977,****7058,BANK-VPB-EXT,VN,MAI KHANH MY,INDIVIDUAL,NAME_ONLY,,0.197,2025-10-05T16:57:36Z,2025-12-28T05:16:55Z,PAYMENT_MESSAGE,PAYMENT_MESSAGE_ONLY
EXT-ACC-000978,****4869,BANK-MBB-EXT,VN,EXTERNAL DEMO COMPANY 0987,COMPANY,REGISTRATION_NUMBER,EXT-REG-000987,0.105,2025-10-03T09:46:24Z,2025-12-29T20:35:34Z,PAYMENT_MESSAGE,PAYMENT_MESSAGE_ONLY
EXT-ACC-000979,****6617,BANK-VPB-EXT,VN,EXTERNAL DEMO COMPANY 0988,COMPANY,REGISTRATION_NUMBER,EXT-REG-000988,0.197,2025-10-04T15:51:02Z,2025-12-31T02:30:29Z,PAYMENT_MESSAGE,PAYMENT_MESSAGE_ONLY
EXT-ACC-000980,****7277,BANK-TCB-EXT,VN,HOANG QUYNH HOA,INDIVIDUAL,NAME_ONLY,,0.055,2025-10-05T10:02:53Z,2025-12-31T21:30:56Z,PAYMENT_MESSAGE,PAYMENT_MESSAGE_ONLY
EXT-ACC-000981,****3740,BANK-ACB-EXT,VN,EXTERNAL DEMO COMPANY 0990,COMPANY,REGISTRATION_NUMBER,EXT-REG-000990,0.095,2025-10-04T18:42:45Z,2025-12-31T05:09:15Z,PAYMENT_MESSAGE,PAYMENT_MESSAGE_ONLY
EXT-ACC-000982,****3745,BANK-MBB-EXT,VN,VO HANH DUNG,INDIVIDUAL,NAME_ONLY,,0.105,2025-10-03T15:55:45Z,2025-12-30T03:52:58Z,PAYMENT_MESSAGE,PAYMENT_MESSAGE_ONLY
EXT-ACC-000983,****7390,BANK-ACB-EXT,VN,DOAN NGA CUONG,INDIVIDUAL,NAME_ONLY,,0.095,2025-10-05T04:29:11Z,2025-12-31T15:24:50Z,PAYMENT_MESSAGE,PAYMENT_MESSAGE_ONLY
EXT-ACC-000984,****8353,BANK-TCB-EXT,VN,NGO AN TAM,INDIVIDUAL,NAME_ONLY,,0.055,2025-10-03T11:43:02Z,2025-12-29T23:40:15Z,PAYMENT_MESSAGE,PAYMENT_MESSAGE_ONLY
EXT-ACC-000985,****1672,BANK-MBB-EXT,VN,EXTERNAL DEMO COMPANY 0994,COMPANY,REGISTRATION_NUMBER,EXT-REG-000994,0.105,2025-10-06T08:46:54Z,2025-12-28T22:11:00Z,PAYMENT_MESSAGE,PAYMENT_MESSAGE_ONLY
EXT-ACC-000986,****6488,BANK-FOREIGN-KR-DEMO,KR,NGO NHI SON,INDIVIDUAL,NAME_ONLY,,0.159,2025-10-03T21:48:54Z,2025-12-31T09:44:38Z,PAYMENT_MESSAGE,PAYMENT_MESSAGE_ONLY
EXT-ACC-000987,****4961,BANK-VCB-EXT,VN,MAI DIEP OANH,INDIVIDUAL,NAME_ONLY,,0.178,2025-10-03T10:54:26Z,2025-12-29T22:38:41Z,PAYMENT_MESSAGE,PAYMENT_MESSAGE_ONLY
EXT-ACC-000988,****9518,BANK-VPB-EXT,VN,EXTERNAL DEMO COMPANY 0997,COMPANY,REGISTRATION_NUMBER,EXT-REG-000997,0.197,2025-10-03T13:04:02Z,2025-12-30T01:07:44Z,PAYMENT_MESSAGE,PAYMENT_MESSAGE_ONLY
EXT-ACC-000989,****1195,BANK-TCB-EXT,VN,NGUYEN AN EM,INDIVIDUAL,NAME_ONLY,,0.055,2025-10-06T07:55:03Z,2025-12-28T20:56:29Z,PAYMENT_MESSAGE,PAYMENT_MESSAGE_ONLY
EXT-ACC-000990,****5641,BANK-VPB-EXT,VN,DUONG YEN NGA,INDIVIDUAL,NAME_ONLY,,0.197,2025-10-04T06:37:01Z,2025-12-30T18:27:44Z,PAYMENT_MESSAGE,PAYMENT_MESSAGE_ONLY
EXT-ACC-000991,****4552,BANK-VCB-EXT,VN,LE DUNG KIET,INDIVIDUAL,NAME_ONLY,,0.178,2025-10-06T16:07:31Z,2025-12-29T05:31:38Z,PAYMENT_MESSAGE,PAYMENT_MESSAGE_ONLY
EXT-ACC-CRYPTO-001,****9279,BANK-CRYPTO-DEMO-99,XX,CRYPTO PLATFORM DEMO EXCHANGE,VASP,VASP_REGISTRATION,VASP-DEMO-001,0.885,2025-10-04T11:35:05Z,2025-12-27T04:55:42Z,PAYMENT_MESSAGE,PAYMENT_MESSAGE_ONLY
EXT-ACC-FOREIGN-CN-001,****7873,BANK-FOREIGN-CN-DEMO,CN,DEMO CN COUNTERPARTY,COMPANY,NAME_ONLY,,0.418,2025-10-05T19:26:38Z,2025-12-27T19:59:39Z,PAYMENT_MESSAGE,PAYMENT_MESSAGE_ONLY
EXT-ACC-FOREIGN-DE-001,****1106,BANK-FOREIGN-DE-DEMO,DE,DEMO DE COUNTERPARTY,COMPANY,NAME_ONLY,,0.216,2025-10-06T21:47:43Z,2025-12-29T08:16:52Z,PAYMENT_MESSAGE,PAYMENT_MESSAGE_ONLY
EXT-ACC-FOREIGN-JP-001,****8359,BANK-FOREIGN-JP-DEMO,JP,DEMO JP COUNTERPARTY,COMPANY,NAME_ONLY,,0.277,2025-10-05T22:02:09Z,2025-12-28T00:48:00Z,PAYMENT_MESSAGE,PAYMENT_MESSAGE_ONLY
EXT-ACC-FOREIGN-KR-001,****5557,BANK-FOREIGN-KR-DEMO,KR,DEMO KR COUNTERPARTY,COMPANY,NAME_ONLY,,0.159,2025-10-04T02:08:06Z,2025-12-31T18:52:11Z,PAYMENT_MESSAGE,PAYMENT_MESSAGE_ONLY
EXT-ACC-FOREIGN-SG-001,****9928,BANK-FOREIGN-SG-DEMO,SG,DEMO SG COUNTERPARTY,COMPANY,NAME_ONLY,,0.353,2025-10-03T09:23:43Z,2025-12-30T23:58:13Z,PAYMENT_MESSAGE,PAYMENT_MESSAGE_ONLY
EXT-ACC-FOREIGN-US-001,****4611,BANK-FOREIGN-US-DEMO,US,DEMO US COUNTERPARTY,COMPANY,NAME_ONLY,,0.176,2025-10-05T09:43:27Z,2025-12-27T17:24:08Z,PAYMENT_MESSAGE,PAYMENT_MESSAGE_ONLY
EXT-ACC-HR-001,****1434,BANK-FOREIGN-HR-88,CY,GLOBAL TRADE HOLDINGS DEMO,COMPANY,REGISTRATION_NUMBER,REG-DEMO-8911,0.92,2025-12-01T15:00:00Z,2025-12-24T16:15:00Z,PAYMENT_MESSAGE,PAYMENT_MESSAGE_ONLY
EXT-ACC-SETTLEMENT-001,****4257,BANK-VCB-EXT,VN,SHB INTERBANK SETTLEMENT COUNTERPARTY,COMPANY,BANK_DIRECTORY,BANK-VCB-EXT,0.1,2025-10-03T00:00:00Z,2025-12-29T02:46:23Z,PAYMENT_MESSAGE,PAYMENT_MESSAGE_ONLY
