id,name,aliases,birth_date,countries,source_name,related_entity_id
NK-BdMnyosyYZzMmNXkdNp5gk,Luong Cong Quyet,Hoa Thuong Thich Thanh Quyet;Thuong Toa Thich Thanh Quyet (Luong Cong Quyet),1962-06-15,vn,OPEN_SANCTIONS_PEP,
NK-LyhquynGtsDEpBciEZ7ZqZ,Vo Van Kim,Vo Van Kim (Vu Trong Kim);Vu Trong Kim,1953-03-23,vn,OPEN_SANCTIONS_PEP,
Q105069464,Dat Tran,,,vn,OPEN_SANCTIONS_PEP,
Q105079142,Tony Pham,,1973,vn,OPEN_SANCTIONS_PEP,
Q105149971,Pham Gia Tuc,,1965,vn,OPEN_SANCTIONS_PEP,
Q105200577,Quang Nguyen,"Nguyen, Q.;Q. Nguyen;Q.H. Nguyen;Quang H Nguyen;Quang H. Nguyen",,us;vn,OPEN_SANCTIONS_PEP,
Q105685009,Lam Vlog,,1990-02-22,vn,OPEN_SANCTIONS_PEP,
Q107016076,Tran Duc Thuan,,1968-09-20,vn,OPEN_SANCTIONS_PEP,
Q107265355,Tran Quoc Nam,,1971-12-27,vn,OPEN_SANCTIONS_PEP,
Q10733112,An-My Le,,1960,us;vn,OPEN_SANCTIONS_PEP,
Q10740406,Bo Bo Thi Yen,,1977,vn,OPEN_SANCTIONS_PEP,
Q10742147,Ban Duc Vinh,,1957,vn,OPEN_SANCTIONS_PEP,
Q10742772,Bui Hoang Danh,,1955-10-07,vn,OPEN_SANCTIONS_PEP,
Q10742786,Bui Minh Thu,,1947,vn,OPEN_SANCTIONS_PEP,
Q10742788,Bui Mau Quan,,1960-06-26,vn,OPEN_SANCTIONS_PEP,
Q10742797,Bui Quang Ben,,1955-03-15,vn,OPEN_SANCTIONS_PEP,
Q10742805,Bui Quang Vinh,Bui Quang Huy;裴光荣,1953-08-08,vn,OPEN_SANCTIONS_PEP,
Q10742815,Bui Thanh Quyen,,1956-08-01,vn,OPEN_SANCTIONS_PEP,
Q10742820,Bui Thi An,,1943-12-10,vn,OPEN_SANCTIONS_PEP,
Q10742844,Bui Tuyet Minh,,1962,vn,OPEN_SANCTIONS_PEP,
Q10742852,Bui Van Cuong,ブイ・ヴァン・クォン,1965-06-18,vn,OPEN_SANCTIONS_PEP,
Q10742863,Bui Van Thanh,,1958,vn,OPEN_SANCTIONS_PEP,
Q10742866,Bui Van Tinh,,1958-05-12,vn,OPEN_SANCTIONS_PEP,
Q10742876,Bui Dinh Phai,,1953,vn,OPEN_SANCTIONS_PEP,
Q10742882,Bui Duc Phu,,1956-07-06,vn,OPEN_SANCTIONS_PEP,
Q10743430,Be Xuan Truong,閉軒張,1957-12-19,vn,OPEN_SANCTIONS_PEP,
Q10744253,Cao Si Kiem,高士兼,1941-08-26,vn,OPEN_SANCTIONS_PEP,
Q10744273,Cao Thi Leng,,1959,vn,OPEN_SANCTIONS_PEP,
Q10744274,Cao Thi Xuan,,1969-09-18,vn,OPEN_SANCTIONS_PEP,
Q10744277,Cao Tien Thu,,1945,vn,OPEN_SANCTIONS_PEP,
Q10744282,Cao Tan Khong,,1958,vn,OPEN_SANCTIONS_PEP,
Q10744292,Cao Van Doan,,1944,vn,OPEN_SANCTIONS_PEP,
Q10744338,Cao Duc Phat,Цао Дык Фат,1956-05-25;1959-05-25,vn,OPEN_SANCTIONS_PEP,
Q10748026,Chu Son Ha,,1956-08-25,vn,OPEN_SANCTIONS_PEP,
Q10748042,Chu Van Dat,,1952,vn,OPEN_SANCTIONS_PEP,
Q10748267,Chau Thi Thu Nga,チャウ・ティ・トゥ・ガー,1965-04-29,vn,OPEN_SANCTIONS_PEP,
Q10748276,Chau Van Man,,1950-08-11,vn,OPEN_SANCTIONS_PEP,
Q10752077,Thi Hau Cu,Cu Thi Hau,1944-10-01,vn,OPEN_SANCTIONS_PEP,
Q10752322,Cam Xuan E,,1949,vn,OPEN_SANCTIONS_PEP,
Q10756757,Doan The Cuong,,1958-03-03,vn,OPEN_SANCTIONS_PEP,
Q10757548,Duong Anh Dien,,1955,vn,OPEN_SANCTIONS_PEP,
Q10757553,Duong Cong Da,,1943-05-21,vn,OPEN_SANCTIONS_PEP,
Q10757554,Duong Hien,,1955,vn,OPEN_SANCTIONS_PEP,
Q10757556,Duong Hoang Huong,,1970-11-05,vn,OPEN_SANCTIONS_PEP,
Q10757575,Duong Mac Thang,,1946,vn,OPEN_SANCTIONS_PEP,
Q10757600,Duong Thanh Binh,,1961-08-08,vn,OPEN_SANCTIONS_PEP,
Q10757616,Duong Trung Quoc,楊忠國,1947-06-02,vn,OPEN_SANCTIONS_PEP,
Q10757633,Duong Van Trang,,1961,vn,OPEN_SANCTIONS_PEP,
Q10761668,Giang Seo Phu,,1951-11-16,vn,OPEN_SANCTIONS_PEP,
Q10761670,Giang Van Quay,,1946,vn,OPEN_SANCTIONS_PEP,
Q10768892,Hoang Binh Quan,ホアン・ビン・クアン,1959-06-16,vn,OPEN_SANCTIONS_PEP,
Q10768939,Hoang Huu Phuoc,ホアン・フュ・フォック,1957-04-09,vn,OPEN_SANCTIONS_PEP,
Q10769041,Hoang Thi Tuan,,1965-05-13,vn,OPEN_SANCTIONS_PEP,
Q10769050,Hoang Trung Hai,Хоанг Чунг Хай;ホアン・チュン・ハイ;黃忠海;黄忠海;호앙쭝하이,1959-09-27,vn,OPEN_SANCTIONS_PEP,
Q10769061,Hoang Tuan Anh,,1952-11-18,vn,OPEN_SANCTIONS_PEP,
Q10769092,Hoang Van Nghien,,1941-01-18,vn,OPEN_SANCTIONS_PEP,
Q10769151,Hoang Dang Quang,,1961-08-15,vn,OPEN_SANCTIONS_PEP,
Q10769900,Huynh Minh Chac,,1955-07-30,vn,OPEN_SANCTIONS_PEP,
Q10769907,Huynh Ngoc Son,,1951-10-10,vn,OPEN_SANCTIONS_PEP,
Q10769929,Huynh Thanh Lap,,1956-05-25,vn,OPEN_SANCTIONS_PEP,
Q10769930,Huynh Thanh Dat,,1962-08-26,vn,OPEN_SANCTIONS_PEP,
Q10769949,Huynh Uy Dung,,1961-01-26,vn,OPEN_SANCTIONS_PEP,
Q10769951,Huynh Van Be,,1949,vn,OPEN_SANCTIONS_PEP,
Q10769958,Huynh Van Tiep,,1954-12-15,vn,OPEN_SANCTIONS_PEP,
Q10769962,Huynh Van Ti,,1956-10-12,vn,OPEN_SANCTIONS_PEP,
Q10769970,Huynh Duc Hoa,,1954,vn,OPEN_SANCTIONS_PEP,
Q10770525,Ha Hung Cuong,Ха Хунг Кыонг,1953-08-11,vn,OPEN_SANCTIONS_PEP,
Q10770554,Ha Manh Tri,,1942,vn,OPEN_SANCTIONS_PEP,
Q10770557,Ha Ngoc Chien,,1957-12-11,vn,OPEN_SANCTIONS_PEP,
Q10770572,Ha Quang Du,,1945-10-25,vn,OPEN_SANCTIONS_PEP,
Q10770579,Ha Son Nhin,A Nhin (Ha Son Nhin),1954-04-10,vn,OPEN_SANCTIONS_PEP,
Q10770580,Ha Sy Dong,,1964-01-18,vn,OPEN_SANCTIONS_PEP,
Q10770588,Ha Thanh Toan,,1963-01-15,vn,OPEN_SANCTIONS_PEP,
Q10770600,Ha Thi Khiet,Ha Thi Khich (Ha Thi Khiet),1950-07-27,vn,OPEN_SANCTIONS_PEP,
Q10770622,Ha Tri Dung,,1954,vn,OPEN_SANCTIONS_PEP,
Q10770638,Ha Van Hien,,1948,vn,OPEN_SANCTIONS_PEP,
Q10770639,Ha Van Khoat,,1955-01-20,vn,OPEN_SANCTIONS_PEP,
Q10771934,Ho Anh Dung,,1941,vn,OPEN_SANCTIONS_PEP,
Q10771978,Ho Nghia Dung,,1950-08-01,vn,OPEN_SANCTIONS_PEP,
Q10772012,Ho Thi Cam Dao,,1972-06-12,vn,OPEN_SANCTIONS_PEP,
Q10772043,Ho Viet Lam,,1950,vn,OPEN_SANCTIONS_PEP,
Q10772057,Ho Xuan Phuong,,1943,vn,OPEN_SANCTIONS_PEP,
Q10772448,Huu Thinh,,1942-02-15,vn,OPEN_SANCTIONS_PEP,
Q10772450,Huu Tho,,1932,vn,OPEN_SANCTIONS_PEP,
Q10779536,Khuat Huu Son,,1945,vn,OPEN_SANCTIONS_PEP,
Q10781878,Ksor Phuoc,Kpa Binh (Ksor Phuoc),1954-02-08,vn,OPEN_SANCTIONS_PEP,
Q10783847,La Ngoc Thoang,,1957-06-23,vn,OPEN_SANCTIONS_PEP,
Q10786312,Linh Thi Xuan,,1973,vn,OPEN_SANCTIONS_PEP,
Q10787265,Ly Kieu Van,,1976-01-20,vn,OPEN_SANCTIONS_PEP,
Q10787480,Lam Le Ha,,1965-10-20,vn,OPEN_SANCTIONS_PEP,
Q10787512,Lam Van Ky,,1948,vn,OPEN_SANCTIONS_PEP,
Q10787569,Le Ba Nguyen,,1955,vn,OPEN_SANCTIONS_PEP,
Q10787594,Le Cong Minh,,1947,vn,OPEN_SANCTIONS_PEP,
Q10787598,Le Cong Dinh,,1981-08-20,vn,OPEN_SANCTIONS_PEP,
Q10787606,Le Dien,,1960-04-16,vn,OPEN_SANCTIONS_PEP,
Q10787609,Le Doan Hop,,1951,vn,OPEN_SANCTIONS_PEP,
Q10787620,Le Dan Khiet,,1960-08-19,vn,OPEN_SANCTIONS_PEP,
Q10787622,Le Dung,,1961,vn,OPEN_SANCTIONS_PEP,
Q10787630,Le Hoai Trung,,1961-04-02;1961-04-27,vn,OPEN_SANCTIONS_PEP,
Q10787637,Le Hoang Minh,,1952,vn,OPEN_SANCTIONS_PEP,
Q10787642,Le Hoang Quan,,1953-02-10,vn,OPEN_SANCTIONS_PEP,
Q10787644,Le Huy Luyen,,1948,vn,OPEN_SANCTIONS_PEP,
Q10787645,Le Huy Ngo,,1938-05-25,vn,OPEN_SANCTIONS_PEP,
Q10787654,Le Hung,,1950,vn,OPEN_SANCTIONS_PEP,
Q10787655,Le Hung Truc,,1944,vn,OPEN_SANCTIONS_PEP,
Q10787669,Le Hong Phuong,,1954,vn,OPEN_SANCTIONS_PEP,
Q10787673,Le Hong Son,,1954,vn,OPEN_SANCTIONS_PEP,
Q10787674,Le Hong Tham,,1978,vn,OPEN_SANCTIONS_PEP,
Q10787675,Le Hong Tinh,,1961-06-12,vn,OPEN_SANCTIONS_PEP,
Q10787681,Le Huu Phuoc,,1960;1961-02-28,vn,OPEN_SANCTIONS_PEP,
Q10787682,Le Huu Sinh,,1949,vn,OPEN_SANCTIONS_PEP,
Q10787685,Le Huu Duc,,1955-02-14,vn,OPEN_SANCTIONS_PEP,
Q10787692,Le Khanh Nhung,,1982-08-01,vn,OPEN_SANCTIONS_PEP,
Q10787700,Le Kim Toan,,1965-05-05,vn,OPEN_SANCTIONS_PEP,
Q10787738,Le Minh Hong,,1949,vn,OPEN_SANCTIONS_PEP,
Q10787740,Le Minh Thong,,1957-12-26,vn,OPEN_SANCTIONS_PEP,
Q10787741,Le Minh Trong,,1955-03-14,vn,OPEN_SANCTIONS_PEP,
Q10787743,Le Manh Hung,,1950,vn,OPEN_SANCTIONS_PEP,
Q10787749,Le Nam Gioi,,1946,vn,OPEN_SANCTIONS_PEP,
Q10787757,Le Ngoc Hoan,Linh Muc Le Ngoc Hoan,1941-01-01,vn,OPEN_SANCTIONS_PEP,
Q10787769,Le Phuoc Thanh,,1956-10-10,vn,OPEN_SANCTIONS_PEP,
Q10787781,Le Quang Hiep,,1962-12-28,vn,OPEN_SANCTIONS_PEP,
Q10787782,Le Quang Huy,,1966-09-19,vn,OPEN_SANCTIONS_PEP,
Q10787799,Le Quoc Dung,,1950,vn,OPEN_SANCTIONS_PEP,
Q10787804,Le Quoc Trung,,1943,vn,OPEN_SANCTIONS_PEP,
Q10787808,Tho Binh Le,,1956,vn,OPEN_SANCTIONS_PEP,
Q10787809,Le Thanh Chau,,1950,vn,OPEN_SANCTIONS_PEP,
Q10787812,Le Thanh Liem,,1963,vn,OPEN_SANCTIONS_PEP,
Q10787813,Le Thanh Long,,1946,vn,OPEN_SANCTIONS_PEP,
Q10787816,Le Thanh Phong,,1950,vn,OPEN_SANCTIONS_PEP,
Q10787819,Le Thanh Van,,1964-12-23,vn,OPEN_SANCTIONS_PEP,
Q10787825,Le Thanh Nhon,,1956-06-21,vn,OPEN_SANCTIONS_PEP,
Q10787829,Le Thanh Tam,,1952,vn,OPEN_SANCTIONS_PEP,
Q10787832,Le Thuy Ha,,1964,vn,OPEN_SANCTIONS_PEP,
Q10787839,Le Thi Cong,,1964-03-08,vn,OPEN_SANCTIONS_PEP,
Q10787841,Le Thi Dung,,1957,vn,OPEN_SANCTIONS_PEP,
Q10787845,Le Thi Huong,,1980-09-22,vn,OPEN_SANCTIONS_PEP,
Q10787848,Le Thi Kim Lien,,1956,vn,OPEN_SANCTIONS_PEP,
Q10787849,Le Thi Kim Thanh,,1952,vn,OPEN_SANCTIONS_PEP,
Q10787850,Le Thi Mai,,1957,vn,OPEN_SANCTIONS_PEP,
Q10787852,Le Thi Nam,,1954,vn,OPEN_SANCTIONS_PEP,
Q10787854,Le Thi Nga,,1964-12-20,vn,OPEN_SANCTIONS_PEP,
Q10787860,Le Thi Thu Ba,,1956-03-10,vn,OPEN_SANCTIONS_PEP,
Q10787862,Le Thi Tam,,1964-08-10,vn,OPEN_SANCTIONS_PEP,
Q10787863,Van Le,,1951,vn,OPEN_SANCTIONS_PEP,
Q10787872,Le Trung Thanh,,1943,vn,OPEN_SANCTIONS_PEP,
Q10787880,Le Trong Sang,,1962-05-03,vn,OPEN_SANCTIONS_PEP,
Q10787887,Thi Duc Tu Le,Le Tuan Tu,1958-09-09,vn,OPEN_SANCTIONS_PEP,
Q10787900,Le Viet Truong,,1955-08-15,vn,OPEN_SANCTIONS_PEP,
Q10787906,Le Van Cuong,,1951,vn,OPEN_SANCTIONS_PEP,
Q10787909,Le Van Dung,,1945-01-25;1945-12-25,vn,OPEN_SANCTIONS_PEP,
Q10787913,Le Van Hoang,黎文黃;黎文黄,1959-10-20,vn,OPEN_SANCTIONS_PEP,
Q10787917,Le Van Hoc,,1955-07-02,vn,OPEN_SANCTIONS_PEP,
Q10787921,Le Van Lai,,1954-09-04,vn,OPEN_SANCTIONS_PEP,
Q10787927,Le Van Manh,,1948,vn,OPEN_SANCTIONS_PEP,
Q10787938,Le Van Thanh,,1947,vn,OPEN_SANCTIONS_PEP,
Q10787947,Le Van Tam,,1958,vn,OPEN_SANCTIONS_PEP,
Q10787948,Le Van Tan,,1957-02-16,vn,OPEN_SANCTIONS_PEP,
Q10787952,Le Van Diet,,1951,vn,OPEN_SANCTIONS_PEP,
Q10787953,Le Van Dong,,1961,vn,OPEN_SANCTIONS_PEP,
Q10787955,黎永新,,1958-07-02,fr;vn,OPEN_SANCTIONS_PEP,
Q10787962,Le Xuan Than,,1961-05-02,vn,OPEN_SANCTIONS_PEP,
Q10787976,Le Dinh Khanh,,1956-01-02,vn,OPEN_SANCTIONS_PEP,
Q10787981,Le Dinh Truong,,1954-10-18,vn,OPEN_SANCTIONS_PEP,
Q10787982,Le Dong Phong,,1960-10-15,vn,OPEN_SANCTIONS_PEP,
Q10787990,Le Dac Lam,,1958-01-10,vn,OPEN_SANCTIONS_PEP,
Q10787992,Le Du,,1962-05-10,vn,OPEN_SANCTIONS_PEP,
Q10787996,Le Duc Thuy,,1948-06-30,vn,OPEN_SANCTIONS_PEP,
Q10787997,Le Duc Tu,,1944,vn,OPEN_SANCTIONS_PEP,
Q10788001,Lo Hai Uoi,,1973-10-20,vn,OPEN_SANCTIONS_PEP,
Q10788005,Lo Thi Nu,,1957,vn,OPEN_SANCTIONS_PEP,
Q10788006,Lo Thi Phuong,,1979,vn,OPEN_SANCTIONS_PEP,
Q10788007,Lo Van Muon,,1961-04-03,vn,OPEN_SANCTIONS_PEP,
Q10788009,Lo Van Puon,,1940,vn,OPEN_SANCTIONS_PEP,
Q10788039,Lu Thi Phuong,,1951,vn,OPEN_SANCTIONS_PEP,
Q10788063,Ly A Po,,1964,vn,OPEN_SANCTIONS_PEP,
Q10788087,Ly Khanh Hong,,1957,vn,OPEN_SANCTIONS_PEP,
Q10788089,Ly Kim Khanh,,1976,vn,OPEN_SANCTIONS_PEP,
Q10788132,Ly Thi Phuong,,1961,vn,OPEN_SANCTIONS_PEP,
Q10788150,Ly Van Hanh,,1947,vn,OPEN_SANCTIONS_PEP,
Q10788229,Lu Thi Ngoc Anh,,1956,vn,OPEN_SANCTIONS_PEP,
Q10788231,Lu Van Dien,,1938,vn,OPEN_SANCTIONS_PEP,
Q10788284,Luu Thanh Cong,,1961-05-14,vn,OPEN_SANCTIONS_PEP,
Q10788287,Luu Thi Chi Lan,,1980,vn,OPEN_SANCTIONS_PEP,
Q10788288,Luu Thi Giang,,1961,vn,OPEN_SANCTIONS_PEP,
Q10788290,Luu Thi Huyen,,1971-03-08,vn,OPEN_SANCTIONS_PEP,
Q10788351,Luong Ngoc Binh,,1955-05-07,vn,OPEN_SANCTIONS_PEP,
Q10788360,Luong Phan Cu,,1950,vn,OPEN_SANCTIONS_PEP,
Q10788395,Luong Thi Hoa,,1977,vn,OPEN_SANCTIONS_PEP,
Q10788406,Luong Van Hai,,1960,vn,OPEN_SANCTIONS_PEP,
Q10788407,Luong Van Thanh,,1960-06-24,vn,OPEN_SANCTIONS_PEP,
Q10788492,Lau Chong Vu,,1958,vn,OPEN_SANCTIONS_PEP,
Q10788493,Lau Say Chu,,1958,vn,OPEN_SANCTIONS_PEP,
Q10788893,Lu Ngoc Cu,,1955-05-10,vn,OPEN_SANCTIONS_PEP,
Q10789945,Mai Huu Tin,,1969-08-27,vn,OPEN_SANCTIONS_PEP,
Q10789974,Mai The Duong,,1954,vn,OPEN_SANCTIONS_PEP,
Q10796270,Mua A Son,,1964,vn,OPEN_SANCTIONS_PEP,
Q10798689,Nghiem Vu Khai,,1953-09-20,vn,OPEN_SANCTIONS_PEP,
Q10798710,Nghe Nguyet Han,,1951,vn,OPEN_SANCTIONS_PEP,
Q10798954,Nguyen An Vinh,,1940,vn,OPEN_SANCTIONS_PEP,
Q10798955,Quoc Dung Nguyen,Nguyen Anh Dung;阮安棟,1959-10-21,vn,OPEN_SANCTIONS_PEP,
Q10798957,Nguyen Anh Son,,1957-05-31,vn,OPEN_SANCTIONS_PEP,
Q10798976,Nguyen Ba Thanh,阮伯清,1953-04-08,vn,OPEN_SANCTIONS_PEP,
Q10798977,Nguyen Ba Thuyen,,1955-02-03,vn,OPEN_SANCTIONS_PEP,
Q10798983,Nguyen Bac Son,,1953-08-22,vn,OPEN_SANCTIONS_PEP,
Q10798984,Nguyen Bac Viet,,1961-02-22,vn,OPEN_SANCTIONS_PEP,
Q10798990,Nguyen Cao Phuc,,1970-07-02,vn,OPEN_SANCTIONS_PEP,
Q10798991,Nguyen Cao Son,Nguyen Cao Son Dit Nhau,1969-05-09,vn,OPEN_SANCTIONS_PEP,
Q10799005,Nguyen Chi Dung,,1960-08-05,vn,OPEN_SANCTIONS_PEP,
Q10799008,Nguyen Chi Vinh,,1957-05-15,vn,OPEN_SANCTIONS_PEP,
Q10799018,Nguyen Cong Hong,,1961-08-15,vn,OPEN_SANCTIONS_PEP,
Q10799033,Nguyen Canh Dinh,,1934,vn,OPEN_SANCTIONS_PEP,
Q10799048,Nguyen Danh,,1952,vn,OPEN_SANCTIONS_PEP,
Q10799054,Nguyen Danh Trinh,,1950,vn,OPEN_SANCTIONS_PEP,
Q10799057,Nguyen Doan Khanh,,1956-08-15,vn,OPEN_SANCTIONS_PEP,
Q10799068,Nguyen Duy Hoang,,1958,vn,OPEN_SANCTIONS_PEP,
Q10799070,Nguyen Duy Hung,,1953,vn,OPEN_SANCTIONS_PEP,
Q10799073,Nguyen Duy Huu,,1963,vn,OPEN_SANCTIONS_PEP,
Q10799074,Nguyen Duy Lu,,1945,vn,OPEN_SANCTIONS_PEP,
Q10799099,Nguyen Hoai Phuong,,1964-07-07,vn,OPEN_SANCTIONS_PEP,
Q10799105,Nguyen Hoang Viet,,1966-08-25,vn,OPEN_SANCTIONS_PEP,
Q10799107,Nguyen Huy Can,,1953-04-04,vn,OPEN_SANCTIONS_PEP,
Q10799108,Nguyen Huy Hieu,,1947,vn,OPEN_SANCTIONS_PEP,
Q10799132,Nguyen Hoa Binh,,1958-05-24,vn,OPEN_SANCTIONS_PEP,
Q10799135,Nguyen Hanh Phuc,,1959-05-12,vn,OPEN_SANCTIONS_PEP,
Q10799140,Nguyen Hong Dien,,1958,vn,OPEN_SANCTIONS_PEP,
Q10799141,Nguyen Hong Linh,,1964,vn,OPEN_SANCTIONS_PEP,
Q10799144,Nguyen Hong Quan,,1949,vn,OPEN_SANCTIONS_PEP,
Q10799145,Nguyen Hong Son,,1960-12-04,vn,OPEN_SANCTIONS_PEP,
Q10799149,Nguyen Hong Tra,,1967;1968,vn,OPEN_SANCTIONS_PEP,
Q10799154,Nguyen Huu Chi,,1957,vn,OPEN_SANCTIONS_PEP,
Q10799158,Nguyen Huu Cuong,,1954,vn,OPEN_SANCTIONS_PEP,
Q10799168,Nguyen Huu Khanh,,1942,vn,OPEN_SANCTIONS_PEP,
Q10799171,Nguyen Huu Luat,,1947,vn,OPEN_SANCTIONS_PEP,
Q10799174,Nguyen Huu Nhon,,1952,vn,OPEN_SANCTIONS_PEP,
Q10799175,Nguyen Huu Nhi,,1958,vn,OPEN_SANCTIONS_PEP,
Q10799177,Nguyen Huu Phuoc,,1957,vn,OPEN_SANCTIONS_PEP,
Q10799181,Nguyen Huu Thuan (Thuan Huu),Nguyen Huu Thuan,1958-09-12,vn,OPEN_SANCTIONS_PEP,
Q10799196,Nguyen Huu Tinh,,1956,vn,OPEN_SANCTIONS_PEP,
Q10799197,Nguyen Huu Tuoc,,1953,vn,OPEN_SANCTIONS_PEP,
Q10799206,Nguyen Huu Duc,,1966-02-20;1971-08-28,vn,OPEN_SANCTIONS_PEP,
Q10799213,Nguyen Khoa Diem,,1943-04-15,vn,OPEN_SANCTIONS_PEP,
Q10799223,Nguyen Khanh Toan,,1945-07-15,vn,OPEN_SANCTIONS_PEP,
Q10799239,Nguyen Kim Cuc,,1952,vn,OPEN_SANCTIONS_PEP,
Q10799242,Nguyen Kim Khanh,,1946,vn,OPEN_SANCTIONS_PEP,
Q10799243,Nguyen Kim Khoa,,1955-03-07,vn,OPEN_SANCTIONS_PEP,
Q10799246,Nguyen Kim Son,,1951,vn,OPEN_SANCTIONS_PEP,
Q10799259,Nguyen Lao,,1935,vn,OPEN_SANCTIONS_PEP,
Q10799262,Nguyen Lam Thanh,,1964-07-07,vn,OPEN_SANCTIONS_PEP,
Q10799265,Lan Dung Nguyen,,1938,vn,OPEN_SANCTIONS_PEP,
Q10799274,Duc Chu Nguyen,,1946,vn,OPEN_SANCTIONS_PEP,
Q10799278,Nguyen Minh Ha,,1957,vn,OPEN_SANCTIONS_PEP,
Q10799283,Nguyen Minh Lam,,1972-10-15,vn,OPEN_SANCTIONS_PEP,
Q10799285,Nguyen Minh Quang,,1953-10-15;1960-02-23,vn,OPEN_SANCTIONS_PEP,
Q10799286,Nguyen Minh Quang,,1960,vn,OPEN_SANCTIONS_PEP,
Q10799296,Nguyen Manh Cam,,1929-09-15,vn,OPEN_SANCTIONS_PEP,
Q10799303,Nguyen Manh Tien,,1966-05-21,vn,OPEN_SANCTIONS_PEP,
Q10799306,Nguyen Manh Duc,,1945,vn,OPEN_SANCTIONS_PEP,
Q10799333,Nguyen Ngoc Hai,,1962,vn,OPEN_SANCTIONS_PEP,
Q10799334,Nguyen Ngoc Hien,,1944,vn,OPEN_SANCTIONS_PEP,
Q10799338,Nguyen Ngoc Hoa,,1965-06-26,vn,OPEN_SANCTIONS_PEP,
Q10799341,Nguyen Ngoc Hai,,1965-12-03,vn,OPEN_SANCTIONS_PEP,
Q10799343,Dinh Lam Nguyen,,1954,vn,OPEN_SANCTIONS_PEP,
Q10799344,Nguyen Ngoc Minh,,1950,vn,OPEN_SANCTIONS_PEP,
Q10799349,Nguyen Ngoc Phi,,1954,vn,OPEN_SANCTIONS_PEP,
Q10799351,Nguyen Ngoc Phuong,,1959-08-16,vn,OPEN_SANCTIONS_PEP,
Q10799354,Nguyen Ngoc Tran,,1940,vn,OPEN_SANCTIONS_PEP,
Q10799361,Nguyen Ngoc Dao,,1954,vn,OPEN_SANCTIONS_PEP,
Q10799364,Nguyen Nhu Hoat,,1950,vn,OPEN_SANCTIONS_PEP,
Q10799365,Nguyen Nhu Vi,,1944,vn,OPEN_SANCTIONS_PEP,
Q10799373,Nguyen Nang An,,1931,vn,OPEN_SANCTIONS_PEP,
Q10799378,Nguyen Oanh Liet,,1956,vn,OPEN_SANCTIONS_PEP,
Q10799382,Nguyen Phi Thuong,,1971-05-07,vn,OPEN_SANCTIONS_PEP,
Q10799399,Nguyen Phuc Dinh,,1941,vn,OPEN_SANCTIONS_PEP,
Q10799404,Nguyen Phuoc Loc,,1970-01-31,vn,OPEN_SANCTIONS_PEP,
Q10799407,Nguyen Pham Y Nhi,,1959-11-30,vn,OPEN_SANCTIONS_PEP,
Q10799410,Nguyen Phu Dong,,1952,vn,OPEN_SANCTIONS_PEP,
Q10799417,Nguyen Quang Cuong,,1965-01-26,vn,OPEN_SANCTIONS_PEP,
Q10799426,Nguyen Quy Nhon,,1955,vn,OPEN_SANCTIONS_PEP,
Q10799427,Nguyen Quyet,,1922-08-20,vn,OPEN_SANCTIONS_PEP,
Q10799433,Quan Nguyen,,1955-06-12,vn,OPEN_SANCTIONS_PEP,
Q10799439,Nguyen Quoc Binh,,1959-06-22,vn,OPEN_SANCTIONS_PEP,
Q10799447,Nguyen Quoc Thuoc,,1926-02-03,vn,OPEN_SANCTIONS_PEP,
Q10799450,Nguyen Quoc Trieu,,1951-06-22,vn,OPEN_SANCTIONS_PEP,
Q10799458,Nguyen Sang Vang,,1957-08-18,vn,OPEN_SANCTIONS_PEP,
Q10799463,Nguyen Si Lam,,1963,vn,OPEN_SANCTIONS_PEP,
Q10799470,Nguyen Son Tung,,1949,vn,OPEN_SANCTIONS_PEP,
Q10799475,Nguyen Sy Cuong,,1961-11-03,vn,OPEN_SANCTIONS_PEP,
Q10799476,Nguyen Sy Hoi,,1960-05-19,vn,OPEN_SANCTIONS_PEP,
Q10799479,Nguyen Thanh Binh,,1987-08-11,vn,OPEN_SANCTIONS_PEP,
Q10799484,Nguyen Thanh Hung,,1961-04-27,vn,OPEN_SANCTIONS_PEP,
Q10799486,Nguyen Thanh Hai,,1970-10-02,vn,OPEN_SANCTIONS_PEP,
Q10799489,Nguyen Thanh Hong,,1960-06-08,vn,OPEN_SANCTIONS_PEP,
Q10799490,Nguyen Thanh Nam,,1958-03-02,vn,OPEN_SANCTIONS_PEP,
Q10799491,Nguyen Thanh Nghi,,1976-08-12,vn,OPEN_SANCTIONS_PEP,
Q10799494,Nguyen Thanh Phuong,,1965-04-03,vn,OPEN_SANCTIONS_PEP,
Q10799497,Nguyen Thanh Son,,1960-10-15,vn,OPEN_SANCTIONS_PEP,
Q10799501,Nguyen Thanh Thao,,1974-07-12,vn,OPEN_SANCTIONS_PEP,
Q10799502,Nguyen Thanh Thuy,,1962-07-09,vn,OPEN_SANCTIONS_PEP,
Q10799504,Nguyen Thanh Toan,,1952,vn,OPEN_SANCTIONS_PEP,
Q10799505,Nguyen Thanh Tan,,1955,vn,OPEN_SANCTIONS_PEP,
Q10799507,Nguyen Thanh Tung,,1959-08-07;1960-06-15,vn,OPEN_SANCTIONS_PEP,
Q10799508,Nguyen Thanh Tung,,1960,vn,OPEN_SANCTIONS_PEP,
Q10799510,Nguyen Thanh Yen,,1951,vn,OPEN_SANCTIONS_PEP,
Q10799515,Nguyen Thiet Hung,,1940,vn,OPEN_SANCTIONS_PEP,
Q10799525,Nguyen Thu Anh,,1974-08-28,vn,OPEN_SANCTIONS_PEP,
Q10799539,Nguyen Thanh Phong,,1962-07-23,vn,OPEN_SANCTIONS_PEP,
Q10799543,Nguyen Thanh Tam,,1936,vn,OPEN_SANCTIONS_PEP,
Q10799548,Nguyen Thai Binh,Nguyen Thai Binh (Thai Binh),1954-10-13,vn,OPEN_SANCTIONS_PEP,
Q10799551,Nguyen Thai Binh,,1953,vn,OPEN_SANCTIONS_PEP,
Q10799554,Nguyen Thai Hung,,1952,vn,OPEN_SANCTIONS_PEP,
Q10799555,Nguyen Thai Hoc,,1972-02-07,vn,OPEN_SANCTIONS_PEP,
Q10799564,Nguyen Thuc Khang,,1953,vn,OPEN_SANCTIONS_PEP,
Q10799565,Nguyen Thuy Anh,,1963-12-07,vn,OPEN_SANCTIONS_PEP,
Q10799568,Trong Hoan Nguyen,Nguyen Thuy Hoan,1963-07-04,vn,OPEN_SANCTIONS_PEP,
Q10799572,Nguyen Thac Nhuong,,1948-04-27,vn,OPEN_SANCTIONS_PEP,
Q10799579,Nguyen The Hiep,,1945,vn,OPEN_SANCTIONS_PEP,
Q10799582,Nguyen The Thao,,1952-03-21,vn,OPEN_SANCTIONS_PEP,
Q10799583,Nguyen The Truong,,1959;1960-04-01,vn,OPEN_SANCTIONS_PEP,
Q10799586,Nguyen The Tuy,,1956-12-11,vn,OPEN_SANCTIONS_PEP,
Q10799587,Nguyen Thi Anh Nhan,,1938,vn,OPEN_SANCTIONS_PEP,
Q10799591,Nguyen Thi Bich Ngoc,,1961-04-04,vn,OPEN_SANCTIONS_PEP,
Q10799592,Nguyen Thi Bich Nhiem,,1973-06-06,vn,OPEN_SANCTIONS_PEP,
Q10799593,Nguyen Thi Bich Thuy,,1955,vn,OPEN_SANCTIONS_PEP,
Q10799594,Nguyen Thi Bang Thanh,,1969,vn,OPEN_SANCTIONS_PEP,
Q10799596,Nguyen Thi Bach Ngan,,1964-02-10,vn,OPEN_SANCTIONS_PEP,
Q10799598,Nguyen Thi Bac,,1953,vn,OPEN_SANCTIONS_PEP,
Q10799602,Nguyen Thi Chat,,1947,vn,OPEN_SANCTIONS_PEP,
Q10799608,Nguyen Thi Hoa,,1958,vn,OPEN_SANCTIONS_PEP,
Q10799609,Nguyen Thi Hoai Thu,,1943,vn,OPEN_SANCTIONS_PEP,
Q10799613,Nguyen Thi Hue,,1967-06-21,vn,OPEN_SANCTIONS_PEP,
Q10799614,Nguyen Thi Hoa Binh,,1954,vn,OPEN_SANCTIONS_PEP,
Q10799616,Nguyen Thi Huong Thao,,1984-01-23,vn,OPEN_SANCTIONS_PEP,
Q10799617,Nguyen Thi Huong,,1961,vn,OPEN_SANCTIONS_PEP,
Q10799618,Nguyen Thi Hai,,1973-01-09,vn,OPEN_SANCTIONS_PEP,
Q10799620,Nguyen Thi Hang Nga,,1948,vn,OPEN_SANCTIONS_PEP,
Q10799622,Nguyen Thi Hong,,1951,vn,OPEN_SANCTIONS_PEP,
Q10799623,Nguyen Thi Hong Ha,,1959-06-28,vn,OPEN_SANCTIONS_PEP,
Q10799624,Nguyen Thi Hong Khanh,,1964,vn,OPEN_SANCTIONS_PEP,
Q10799625,Nguyen Thi Hong Minh,,1951,vn,OPEN_SANCTIONS_PEP,
Q10799627,Nguyen Thi Hong Vy,,1962,vn,OPEN_SANCTIONS_PEP,
Q10799629,Nguyen Thi Hong Xinh,,1954,vn,OPEN_SANCTIONS_PEP,
Q10799631,Nguyen Thi Hong Dao,,1973,vn,OPEN_SANCTIONS_PEP,
Q10799632,Nguyen Thi Kha,Nguyen Thi Kha (Tam Kha),1955-07-16,vn,OPEN_SANCTIONS_PEP,
Q10799634,Nguyen Thi Kim Be,,1968-09-10,vn,OPEN_SANCTIONS_PEP,
Q10799636,Nguyen Thi Kim Loan,,1952,vn,OPEN_SANCTIONS_PEP,
Q10799637,Nguyen Thi Kim Ngan,Нгуен Тхи Ким Нган;グエン・ティ・キム・ガン;阮氏金銀;阮氏金银,1954-04-12,vn,OPEN_SANCTIONS_PEP,
Q10799640,Nguyen Thi Kim Oanh,,1966,vn,OPEN_SANCTIONS_PEP,
Q10799641,Nguyen Thi Kim Thoa,,1944,vn,OPEN_SANCTIONS_PEP,
Q10799642,Nguyen Thi Kim Thuy,,1967-09-11;1968,vn,OPEN_SANCTIONS_PEP,
Q10799643,Nguyen Thi Kim Tien,,1959-08-01,vn,OPEN_SANCTIONS_PEP,
Q10799644,Nguyen Thi Lan,,1959,vn,OPEN_SANCTIONS_PEP,
Q10799645,Nguyen Thi Lien,,1949,vn,OPEN_SANCTIONS_PEP,
Q10799646,Nguyen Thi Loan,,1950,vn,OPEN_SANCTIONS_PEP,
Q10799647,Nguyen Thi Luat,,1948,vn,OPEN_SANCTIONS_PEP,
Q10799649,Nguyen Thi Ly,,1958,vn,OPEN_SANCTIONS_PEP,
Q10799650,Nguyen Thi Linh,,1965,vn,OPEN_SANCTIONS_PEP,
Q10799651,Nguyen Thi Lap Quoc,,1951,vn,OPEN_SANCTIONS_PEP,
Q10799654,Nguyen Thi Mai,,1962,vn,OPEN_SANCTIONS_PEP,
Q10799656,Nguyen Thi Mai Hoa,,1967-04-22;1968,vn,OPEN_SANCTIONS_PEP,
Q10799658,Nguyen Thi Mai Loan,,1956,vn,OPEN_SANCTIONS_PEP,
Q10799662,Nguyen Thi Minh Loi,,1976,vn,OPEN_SANCTIONS_PEP,
Q10799663,Phan Viet,,1978,vn,OPEN_SANCTIONS_PEP,
Q10799666,Nguyen Thi Nghia,,1960-12-06,vn,OPEN_SANCTIONS_PEP,
Q10799667,Nguyen Thi Nguyet Huong,,1970-04-09,vn,OPEN_SANCTIONS_PEP,
Q10799668,Nguyen Thi Ngoc Anh,,1979,vn,OPEN_SANCTIONS_PEP,
Q10799672,Nguyen Thi Ngoc Phuong,,1944,vn,OPEN_SANCTIONS_PEP,
Q10799673,Nguyen Thi Ngoc Thanh,,1960-08-02,vn,OPEN_SANCTIONS_PEP,
Q10799675,Nguyen Thi Nhung,,1962-05-20,vn,OPEN_SANCTIONS_PEP,
Q10799676,Thanh Nhan Nguyen,,1954,vn,OPEN_SANCTIONS_PEP,
Q10799681,Nguyen Thi Nuong,,1955-07-22,vn,OPEN_SANCTIONS_PEP,
Q10799684,Nguyen Thi Phuc,,1965-05-19,vn,OPEN_SANCTIONS_PEP,
Q10799687,Nguyen Thi Phuong Dao,,1962-12-01,vn,OPEN_SANCTIONS_PEP,
Q10799692,Nguyen Thi Sang,,1967;1968,vn,OPEN_SANCTIONS_PEP,
Q10799694,Nguyen Thi Sau,,1959,vn,OPEN_SANCTIONS_PEP,
Q10799695,Nguyen Thi Thanh,,1967-02-10,vn,OPEN_SANCTIONS_PEP,
Q10799697,Nguyen Thi Thanh Binh,,1958,vn,OPEN_SANCTIONS_PEP,
Q10799700,Thi Thanh Huyen Nguyen,,1971,vn,OPEN_SANCTIONS_PEP,
Q10799701,Nguyen Thi Thanh Ha,,1954,vn,OPEN_SANCTIONS_PEP,
Q10799702,Nguyen Thi Thanh Hoa,,1954-11-03,vn,OPEN_SANCTIONS_PEP,
Q10799703,Nguyen Thi Thanh Hung,,1963,vn,OPEN_SANCTIONS_PEP,
Q10799704,Nguyen Thi Thanh Lich,,1961,vn,OPEN_SANCTIONS_PEP,
Q10799705,Hoang Son Nguyen,,1949,vn,OPEN_SANCTIONS_PEP,
Q10799708,Nguyen Thi Thu Ha,,1970-05-27,vn,OPEN_SANCTIONS_PEP,
Q10799710,Nguyen Thi Thu Hang,,1968-10-07,vn,OPEN_SANCTIONS_PEP,
Q10799711,Nguyen Thi Thu Hong,,1959,vn,OPEN_SANCTIONS_PEP,
Q10799712,Nguyen Thi Thu Thuy,,1957,vn,OPEN_SANCTIONS_PEP,
Q10799714,Nguyen Thi Than,,1937,vn,OPEN_SANCTIONS_PEP,
Q10799715,Nguyen Thi Thuy My,,1953,vn,OPEN_SANCTIONS_PEP,
Q10799716,Nguyen Thi Thuong,,1958,vn,OPEN_SANCTIONS_PEP,
Q10799717,Nguyen Thi Thanh,,1955,vn,OPEN_SANCTIONS_PEP,
Q10799722,Nguyen Thi Thuy Khiem,,1958,vn,OPEN_SANCTIONS_PEP,
Q10799724,Nguyen Thi Tuyen,,1971,vn,OPEN_SANCTIONS_PEP,
Q10799725,Nguyen Thi Tuyet,,1948,vn,OPEN_SANCTIONS_PEP,
Q10799726,Nguyen Thi Tuyet Nga,,1971-04-26,vn,OPEN_SANCTIONS_PEP,
Q10799728,Nguyen Thi Tuyet Thanh,,1978-11-15,vn,OPEN_SANCTIONS_PEP,
Q10799730,Nguyen Thi Viet Nhan,,1948,vn,OPEN_SANCTIONS_PEP,
Q10799732,Nguyen Thi Van,,1979,vn,OPEN_SANCTIONS_PEP,
Q10799733,Nguyen Thi Van Lan,,1950,vn,OPEN_SANCTIONS_PEP,
Q10799734,Thi Yen Nguyen,,1963,vn,OPEN_SANCTIONS_PEP,
Q10799735,Thanh Huong Nguyen,,1954,vn,OPEN_SANCTIONS_PEP,
Q10799736,Nguyen Thi Xuan My,,1940,vn,OPEN_SANCTIONS_PEP,
Q10799737,Nguyen Thi Anh Tuyet,,1953,vn,OPEN_SANCTIONS_PEP,
Q10799744,Nguyen Tien Dinh,,1954,vn,OPEN_SANCTIONS_PEP,
Q10799745,Nguyen Tien Hung,,1935-11-01,vn,OPEN_SANCTIONS_PEP,
Q10799749,Nguyen Tien Quan,,1951,vn,OPEN_SANCTIONS_PEP,
Q10799751,Nguyen Tien Sinh,,1968-11-12,vn,OPEN_SANCTIONS_PEP,
Q10799753,Nguyen Tien Thang,,1947,vn,OPEN_SANCTIONS_PEP,
Q10799764,Nguyen Trung Lap,,1953,vn,OPEN_SANCTIONS_PEP,
Q10799768,Nguyen Trung Thu,,1958-11-30,vn,OPEN_SANCTIONS_PEP,
Q10799769,Nguyen Trung Tri,,1963,vn,OPEN_SANCTIONS_PEP,
Q10799779,Nguyen Tri Thuc,,1942,vn,OPEN_SANCTIONS_PEP,
Q10799781,Nguyen Truong Xuan,,1946,vn,OPEN_SANCTIONS_PEP,
Q10799783,Dai Bang Nguyen,,1931-05-01,vn,OPEN_SANCTIONS_PEP,
Q10799793,Nguyen Trong Truong,,1975-06-30,vn,OPEN_SANCTIONS_PEP,
Q10799800,Nguyen Tuyet Lien,,1963-08-10,vn,OPEN_SANCTIONS_PEP,
Q10799801,Nguyen Tuyet Suong,,1951,vn,OPEN_SANCTIONS_PEP,
Q10799805,Nguyen Tuan Khanh,,1954-07-15,vn,OPEN_SANCTIONS_PEP,
Q10799806,Nguyen Tuan Minh,,1953,vn,OPEN_SANCTIONS_PEP,
Q10799811,Nguyen Ty,,1942,vn,OPEN_SANCTIONS_PEP,
Q10799814,Dinh Luong Nguyen,,1940,vn,OPEN_SANCTIONS_PEP,
Q10799826,Nguyen Tan Khoa,,1935,vn,OPEN_SANCTIONS_PEP,
Q10799829,Nguyen Tan Phat,,1944,vn,OPEN_SANCTIONS_PEP,
Q10799830,Nguyen Tan Quyen,,1953,vn,OPEN_SANCTIONS_PEP,
Q10799833,Nguyen Tan Tuan,,1964-06-01,vn,OPEN_SANCTIONS_PEP,
Q10799834,Nguyen Tan Van,,1959-12-22,vn,OPEN_SANCTIONS_PEP,
Q10799835,Nguyen Tan Dat,,1938;1949-07-06,vn,OPEN_SANCTIONS_PEP,
Q10799843,Nguyen Vinh Ha,,1960-08-01,vn,OPEN_SANCTIONS_PEP,
Q10799848,Nguyen Viet Chuc,,1950,vn,OPEN_SANCTIONS_PEP,
Q10799850,Nguyen Viet Lenh,,1953,vn,OPEN_SANCTIONS_PEP,
Q10799851,Nguyen Viet Nhien,,1957-03-26,vn,OPEN_SANCTIONS_PEP,
Q10799853,Nguyen Viet Thinh,,1951,vn,OPEN_SANCTIONS_PEP,
Q10799859,Nguyen Viet Dung,,1965,vn,OPEN_SANCTIONS_PEP,
Q10799862,Nguyen Van Ba,,1950,vn,OPEN_SANCTIONS_PEP,
Q10799864,Nguyen Van Bon,,1941,vn,OPEN_SANCTIONS_PEP,
Q10799869,Nguyen Van Benh,,1958,vn,OPEN_SANCTIONS_PEP,
Q10799870,Nguyen Van Binh,,1961-03-04,vn,OPEN_SANCTIONS_PEP,
Q10799872,Lan Binh Nguyen,,1952,vn,OPEN_SANCTIONS_PEP,
Q10799877,Nguyen Van Chi,,1945-07-28,vn,OPEN_SANCTIONS_PEP,
Q10799879,Nguyen Van Chien,,1957-03-02,vn,OPEN_SANCTIONS_PEP,
Q10799880,Nguyen Van Chien,,1949,vn,OPEN_SANCTIONS_PEP,
Q10799895,Nguyen Van Giau,阮文饶,1957-12-08,vn,OPEN_SANCTIONS_PEP,
Q10799902,Nguyen Van Hieu,,1959-06-23,vn,OPEN_SANCTIONS_PEP,
Q10799904,Nguyen Van Hien,,1954-05-19,vn,OPEN_SANCTIONS_PEP,
Q10799905,Nguyen Van Hieu,,1938-07-21,vn,OPEN_SANCTIONS_PEP,
Q10799911,Nguyen Van Hung,,1958-08-19,vn,OPEN_SANCTIONS_PEP,
Q10799919,Nguyen Van Hop,,1957,vn,OPEN_SANCTIONS_PEP,
Q10799923,Nguyen Van Khanh,,1956-10-14,vn,OPEN_SANCTIONS_PEP,
Q10799928,Nguyen Van Luat,,1960-02-25,vn,OPEN_SANCTIONS_PEP,
Q10799932,Nguyen Van Luu,,1951,vn,OPEN_SANCTIONS_PEP,
Q10799934,Van Luong Nguyen,,1949,vn,OPEN_SANCTIONS_PEP,
Q10799938,Nguyen Van Mao,,1951,vn,OPEN_SANCTIONS_PEP,
Q10799942,Nguyen Van Me,,1947,vn,OPEN_SANCTIONS_PEP,
Q10799945,Nguyen Van Nghinh,,1950,vn,OPEN_SANCTIONS_PEP,
Q10799946,Nguyen Van Nguyen,,1958,vn,OPEN_SANCTIONS_PEP,
Q10799949,Nguyen Van Ngang,,1956,vn,OPEN_SANCTIONS_PEP,
Q10799953,Nguyen Van Nhiem,,1948,vn,OPEN_SANCTIONS_PEP,
Q10799954,Nguyen Van Nhuong,,1950,vn,OPEN_SANCTIONS_PEP,
Q10799955,Nguyen Van Nen,,1957-07-14,vn,OPEN_SANCTIONS_PEP,
Q10799956,Nguyen Van Pha,,1961-10-24,vn,OPEN_SANCTIONS_PEP,
Q10799958,Nguyen Van Phan,,1952,vn,OPEN_SANCTIONS_PEP,
Q10799959,Nguyen Van Phat,,1961,vn,OPEN_SANCTIONS_PEP,
Q10799971,Van Rinh Nguyen,Nguyen Van Rinh,1942-07-29,vn,OPEN_SANCTIONS_PEP,
Q10799975,Nguyen Van Son,,1946,vn,OPEN_SANCTIONS_PEP,
Q10799978,Huu Son Nguyen,Nguyen Van Son,1959-08-07,vn,OPEN_SANCTIONS_PEP,
Q10799980,Nguyen Van Thanh,,1956-08-26,vn,OPEN_SANCTIONS_PEP,
Q10799983,Nguyen Van Thuan,,1952,vn,OPEN_SANCTIONS_PEP,
Q10799987,Nguyen Van Than,,1945,vn,OPEN_SANCTIONS_PEP,
Q10799990,Nguyen Van Thuong,,1943,vn,OPEN_SANCTIONS_PEP,
Q10799994,Nguyen Van The,,1966-11-27,vn,OPEN_SANCTIONS_PEP,
Q10799999,Nguyen Van Thong,,1960,vn,OPEN_SANCTIONS_PEP,
Q10800000,Nguyen Van Thoi,,1958,vn,OPEN_SANCTIONS_PEP,
Q10800002,Nguyen Van Tien,,1955-10-20,vn,OPEN_SANCTIONS_PEP,
Q10800003,Nguyen Van Tri,,1946,vn,OPEN_SANCTIONS_PEP,
Q10800006,Nguyen Van Tri,,1962,vn,OPEN_SANCTIONS_PEP,
Q10800025,Nguyen Van Tinh,,1961-03-15,vn,OPEN_SANCTIONS_PEP,
Q10800027,Tu Nguyen,,1936,vn,OPEN_SANCTIONS_PEP,
Q10800031,Nguyen Van Vong,,1947,vn,OPEN_SANCTIONS_PEP,
Q10800064,Nguyen Xuan Duong,,1948,vn,OPEN_SANCTIONS_PEP,
Q10800070,Nguyen Xuan Khoi,,1949,vn,OPEN_SANCTIONS_PEP,
Q10800073,Nguyen Xuan Phuc,Нгуен Суан Фук;نجوين شوان فوك;نگوین شوآن فوک;เหงียน ซวน ฟุก;グエン・スアン・フック;阮春福;응우옌쑤언푹,1954-07-20,vn,OPEN_SANCTIONS_PEP,
Q10800078,Nguyen Xuan Thuyet,,1955,vn,OPEN_SANCTIONS_PEP,
Q10800081,Nguyen Xuan Thuy,,1985-03-19,vn,OPEN_SANCTIONS_PEP,
Q10800082,Nguyen Xuan Truong,,1959-08-24,vn,OPEN_SANCTIONS_PEP,
Q10800083,Nguyen Xuan Ty,,1957-10-15,vn,OPEN_SANCTIONS_PEP,
Q10800085,Nguyen Xuan Vien,,1963,vn,OPEN_SANCTIONS_PEP,
Q10800104,Dinh Huong Nguyen,,1945-05-05,vn,OPEN_SANCTIONS_PEP,
Q10800106,Nguyen Dinh Lieu,,1943,vn,OPEN_SANCTIONS_PEP,
Q10800109,Nguyen Dinh Loc,,1935,vn,OPEN_SANCTIONS_PEP,
Q10800114,Nguyen Dinh Phach,,1954-10-06,vn,OPEN_SANCTIONS_PEP,
Q10800115,Nguyen Dinh Phung,,1959,vn,OPEN_SANCTIONS_PEP,
Q10800117,Nguyen Dinh Quyen,,1958-08-06,vn,OPEN_SANCTIONS_PEP,
Q10800128,Nguyen Dinh Xuan,,1971,vn,OPEN_SANCTIONS_PEP,
Q10800143,Nguyen Dang Kinh,,1939,vn,OPEN_SANCTIONS_PEP,
Q10800149,Nguyen Dang Tien,,1955-07-20,vn,OPEN_SANCTIONS_PEP,
Q10800151,Nguyen Dang Trung,,1942-05-22,vn,OPEN_SANCTIONS_PEP,
Q10800155,Nguyen Dang Vang,,1950,vn,OPEN_SANCTIONS_PEP,
Q10800157,Nguyen Dac Vinh,阮得榮;阮得荣,1972-11-25,vn,OPEN_SANCTIONS_PEP,
Q10800166,Nguyen Duc Chung,Нгуен Дук Тунг,1967-08-03,vn,OPEN_SANCTIONS_PEP,
Q10800167,Nguyen Duc Chinh,,1953,vn,OPEN_SANCTIONS_PEP,
Q10800170,Duc Dung Nguyen,,1949,vn,OPEN_SANCTIONS_PEP,
Q10800171,Nguyen Duc Hien,,1955-08-03,vn,OPEN_SANCTIONS_PEP,
Q10800176,Nguyen Duc Hai,,1961-07-29,vn,OPEN_SANCTIONS_PEP,
Q10800180,Nguyen Duc Kien,,1948,vn,OPEN_SANCTIONS_PEP,
Q10800181,Nguyen Duc Kien,,1960-08-21,vn,OPEN_SANCTIONS_PEP,
Q10800185,Nguyen Duc Nhanh,,1952,vn,OPEN_SANCTIONS_PEP,
Q10800188,Nguyen Duc Thanh,,1960-08-05;1962-07-03,vn,OPEN_SANCTIONS_PEP,
Q10800353,Ngo Minh Hong,,1957,vn,OPEN_SANCTIONS_PEP,
Q10800355,Ngo Minh Man,,1953,vn,OPEN_SANCTIONS_PEP,
Q10800356,Ngo Minh Tien,,1962-10-07,vn,OPEN_SANCTIONS_PEP,
Q10800364,Ngo Ngoc Binh,,1957-12-10,vn,OPEN_SANCTIONS_PEP,
Q10800372,Ngo Quang Xuan,,1951,vn,OPEN_SANCTIONS_PEP,
Q10800383,Ngo Sy Huong,,1948,vn,OPEN_SANCTIONS_PEP,
Q10800402,Ngo Thi Minh,,1964-01-26,vn,OPEN_SANCTIONS_PEP,
Q10800417,Ngo Tu Nam,,1956,vn,OPEN_SANCTIONS_PEP,
Q10800420,Ngo Van Hung,,1956-05-21,vn,OPEN_SANCTIONS_PEP,
Q10800421,Ngo Van Minh,,1959-09-05,vn,OPEN_SANCTIONS_PEP,
Q10800424,Ngo Xuan Lich,,1954-04-20,vn,OPEN_SANCTIONS_PEP,
Q10800439,Ngo Dinh Giao,,1941,vn,OPEN_SANCTIONS_PEP,
Q10800441,Ngo Dinh Loan,,1942-01-10,vn,OPEN_SANCTIONS_PEP,
Q10800447,Ngo Duc Manh,,1960-10-01,vn,OPEN_SANCTIONS_PEP,
Q10801467,Nie Thuat,,1956-05-08,vn,OPEN_SANCTIONS_PEP,
Q10801971,Neang Kim Cheng,,1954,vn,OPEN_SANCTIONS_PEP,
Q10801985,Nong Quoc Tuan,,1963-07-12,vn,OPEN_SANCTIONS_PEP,
Q10801989,Nong The Cu,,1947,vn,OPEN_SANCTIONS_PEP,
Q10801990,Nong Thi Bich Lien,,1978-04-28,vn,OPEN_SANCTIONS_PEP,
Q10801991,Nong Thi Lam,,1963-08-18,vn,OPEN_SANCTIONS_PEP,
Q10805009,Phan Anh Minh,,1959,vn,OPEN_SANCTIONS_PEP,
Q10805019,Phan Dien,,1937,vn,OPEN_SANCTIONS_PEP,
Q10805031,Phan Khac Tu,,1941,vn,OPEN_SANCTIONS_PEP,
Q10805042,Phan Le Hong,,1953,vn,OPEN_SANCTIONS_PEP,
Q10805046,Phan Ngoc Trinh,,1957,vn,OPEN_SANCTIONS_PEP,
Q10805049,Phan Nhu Hai,,1954,vn,OPEN_SANCTIONS_PEP,
Q10805072,Phan Thanh Binh,,1960,vn,OPEN_SANCTIONS_PEP,
Q10805088,Phan The Hung,,1942,vn,OPEN_SANCTIONS_PEP,
Q10805094,Phan Thi My Binh,,1974,vn,OPEN_SANCTIONS_PEP,
Q10805097,Phan Thi Thu Ha,,1958,vn,OPEN_SANCTIONS_PEP,
Q10805106,Phan Trung Ly,,1954-12-20,vn,OPEN_SANCTIONS_PEP,
Q10805110,Phan Trong Khanh,,1954,vn,OPEN_SANCTIONS_PEP,
Q10805114,Phan Tan Tai,,1942,vn,OPEN_SANCTIONS_PEP,
Q10805117,Phan Van Dien Phuong,,1965-12-16,vn,OPEN_SANCTIONS_PEP,
Q10805122,Phan Van Quy,,1954-01-20,vn,OPEN_SANCTIONS_PEP,
Q10805128,Phan Van Tuong,,1953;1960-07-02,vn,OPEN_SANCTIONS_PEP,
Q10805131,Phan Van Vinh,,1955,vn,OPEN_SANCTIONS_PEP,
Q10805139,Phan Xuan Dung,,1960-05-20,vn,OPEN_SANCTIONS_PEP,
Q10805156,Phan Dinh Trac,,1958-08-25,vn,OPEN_SANCTIONS_PEP,
Q10805159,Phan Duc Huong,,1951,vn,OPEN_SANCTIONS_PEP,
Q10805160,Phan Duc Nhan,,1955,vn,OPEN_SANCTIONS_PEP,
Q10805838,Phung Khac Dang,,1945-08-15,vn,OPEN_SANCTIONS_PEP,
Q10805845,Phung Quoc Hien,,1958-04-06,vn,OPEN_SANCTIONS_PEP,
Q10805846,Phung Thanh Kiem,,1958,vn,OPEN_SANCTIONS_PEP,
Q10805854,Phung Van Hung,,1960-04-06,vn,OPEN_SANCTIONS_PEP,
Q10805862,Phung Xuan Nha,,1963-06-03,vn,OPEN_SANCTIONS_PEP,
Q10805867,Duc Dinh Phung,,1958,vn,OPEN_SANCTIONS_PEP,
Q10805869,Phung Duc Tien,,1964-10-24,vn,OPEN_SANCTIONS_PEP,
Q10806303,Phuong Huu Viet,,1964-07-01,vn,OPEN_SANCTIONS_PEP,
Q10806890,Pham Bien Cuong,,1960-07-10,vn,OPEN_SANCTIONS_PEP,
Q10806892,Pham Binh Minh,Фам Бинь Минь;ファム・ビン・ミン;范平明,1959-03-26,vn,OPEN_SANCTIONS_PEP,
Q10806896,Pham Chuyen,,1943,vn,OPEN_SANCTIONS_PEP,
Q10806908,Pham Huy Chuong,,1944,vn,OPEN_SANCTIONS_PEP,
Q10806909,Pham Huy Hung,,1954-11-02,vn,OPEN_SANCTIONS_PEP,
Q10806918,Pham Hong Ha,,1958-01-20,vn,OPEN_SANCTIONS_PEP,
Q10806920,Pham Hong Huong,,1959-05-10,vn,OPEN_SANCTIONS_PEP,
Q10806921,Pham Hong Phong,,1962-04-22,vn,OPEN_SANCTIONS_PEP,
Q10806923,Pham Hong Tai,,1959,vn,OPEN_SANCTIONS_PEP,
Q10806932,Pham Khanh Phong Lan,,1970-05-17,vn,OPEN_SANCTIONS_PEP,
Q10806933,Pham Khoi Nguyen,,1950-07-07,vn,OPEN_SANCTIONS_PEP,
Q10806939,Pham Le Chi,,1953,vn,OPEN_SANCTIONS_PEP,
Q10806940,Pham Minh Chinh,,1958-12-10,vn,OPEN_SANCTIONS_PEP,
Q10806945,Pham Minh Toan,,1953,vn,OPEN_SANCTIONS_PEP,
Q10806946,Pham Minh Tuyen,,1949,vn,OPEN_SANCTIONS_PEP,
Q10806947,Pham Minh Tan,,1963-05-09,vn,OPEN_SANCTIONS_PEP,
Q10806950,Pham Manh Hung,,1958,vn,OPEN_SANCTIONS_PEP,
Q10806979,Pham Phuong Thao,,1952-09-15,vn,OPEN_SANCTIONS_PEP,
Q10806982,Pham Quang Du,,1944,vn,OPEN_SANCTIONS_PEP,
Q10806984,Pham Quang Hoi,,1953,vn,OPEN_SANCTIONS_PEP,
Q10806985,Pham Quang Khai,,1954-11-04,vn,OPEN_SANCTIONS_PEP,
Q10806990,Pham Quy Ty,,1953,vn,OPEN_SANCTIONS_PEP,
Q10806991,Pham Quoc Anh,,1940,vn,OPEN_SANCTIONS_PEP,
Q10806994,Pham Son Ha,,1955,vn,OPEN_SANCTIONS_PEP,
Q10807009,Pham The Duyet,,1936-08-10,vn,OPEN_SANCTIONS_PEP,
Q10807014,Pham Thi Hoa,,1959,vn,OPEN_SANCTIONS_PEP,
Q10807017,Pham Thi Huong,,1963,vn,OPEN_SANCTIONS_PEP,
Q10807018,Pham Thi Hai,,1959-12-12,vn,OPEN_SANCTIONS_PEP,
Q10807019,Pham Thi Hai Chuyen,,1952-08-19,vn,OPEN_SANCTIONS_PEP,
Q10807020,Pham Thi Hong Nga,,1961-01-29,vn,OPEN_SANCTIONS_PEP,
Q10807021,Pham Thi Hong Nga,,1962,vn,OPEN_SANCTIONS_PEP,
Q10807022,Pham Thi Minh Ha,,1966,vn,OPEN_SANCTIONS_PEP,
Q10807023,Pham Thi My Le,,1958-03-08,vn,OPEN_SANCTIONS_PEP,
Q10807024,Pham Thi My Ngoc,,1986-11-11,vn,OPEN_SANCTIONS_PEP,
Q10807028,Pham Thi Phuong,,1981-07-11,vn,OPEN_SANCTIONS_PEP,
Q10807030,Pham Thi Thanh Huong,,1965,vn,OPEN_SANCTIONS_PEP,
Q10807031,Pham Thi Thu Hoa,,1954,vn,OPEN_SANCTIONS_PEP,
Q10807032,Pham Thi Thu Hong,,1961-07-19,vn,OPEN_SANCTIONS_PEP,
Q10807034,Pham Thi Trung,,1978-05-03,vn,OPEN_SANCTIONS_PEP,
Q10807036,Pham Thi Tran Chau,,1938-07-29,vn,OPEN_SANCTIONS_PEP,
Q10807041,Pham Tri Thuc,,1959-08-02,vn,OPEN_SANCTIONS_PEP,
Q10807042,Pham Truong Dan,,1956-04-01,vn,OPEN_SANCTIONS_PEP,
Q10807048,Pham Trong Nhan,,1972-03-20,vn,OPEN_SANCTIONS_PEP,
Q10807051,Pham Tat Thang,,1970-09-09,vn,OPEN_SANCTIONS_PEP,
Q10807059,Pham Van Gon,,1956-04-20,vn,OPEN_SANCTIONS_PEP,
Q10807062,Pham Van Ha,,1960-09-01,vn,OPEN_SANCTIONS_PEP,
Q10807064,Pham Van Ho,,1963-02-25,vn,OPEN_SANCTIONS_PEP,
Q10807067,Viet Long Pham,,1946,vn,OPEN_SANCTIONS_PEP,
Q10807074,Pham Van Tam,,1957-12-28,vn,OPEN_SANCTIONS_PEP,
Q10807076,Pham Van Tho,,1945,vn,OPEN_SANCTIONS_PEP,
Q10807081,Pham Van Tich,,1947,vn,OPEN_SANCTIONS_PEP,
Q10807082,Pham Van Ty,,1951,vn,OPEN_SANCTIONS_PEP,
Q10807083,Pham Van Tan,,1957-08-28,vn,OPEN_SANCTIONS_PEP,
Q10807090,Pham Vu Luan,,1955-08-01,vn,OPEN_SANCTIONS_PEP,
Q10807094,Pham Xuan Thang,,1966-06-01,vn,OPEN_SANCTIONS_PEP,
Q10807096,Pham Xuan Thuong,,1956-05-16,vn,OPEN_SANCTIONS_PEP,
Q10807097,Pham Xuan Duong,範春當;范春當,1956-10-01,vn,OPEN_SANCTIONS_PEP,
Q10807100,Pham Dinh Phu,,1948-10-06,vn,OPEN_SANCTIONS_PEP,
Q10807108,Pham Duc Chau,,1959-01-04,vn,OPEN_SANCTIONS_PEP,
Q10809896,Po Hong Van,,1977-04-07,vn,OPEN_SANCTIONS_PEP,
Q10810236,Quach Dang Trieu,,1938,vn,OPEN_SANCTIONS_PEP,
Q108164910,Nguyen Tri Thuc,,1973-09-16,vn,OPEN_SANCTIONS_PEP,
Q10825452,Thuan Huu,,1958-09-12,vn,OPEN_SANCTIONS_PEP,
Q10825627,Thao Hong Son,,1965-06-27,vn,OPEN_SANCTIONS_PEP,
Q10825753,Thai Phung Ne,,1936,vn,OPEN_SANCTIONS_PEP,
Q10825772,Thai Thi An Chung,,1973-11-10,vn,OPEN_SANCTIONS_PEP,
Q10825872,Than Van Khoa,,1958-07-20,vn,OPEN_SANCTIONS_PEP,
Q10825873,Than Duc Nam,,1958-01-05,vn,OPEN_SANCTIONS_PEP,
Q10825888,Thich Bao Nghiem,Hoa Thuong Thich Bao Nghiem;Hoa Thuong Thich Bao Nghiem (Dang Minh Chau);Dang Minh Chau,1956-12-27,vn,OPEN_SANCTIONS_PEP,
Q10826145,Thach Du,,1957-08-25,vn,OPEN_SANCTIONS_PEP,
Q10826165,Thach Kim Seng,,1951,vn,OPEN_SANCTIONS_PEP,
Q10826209,Thach Thi Dan,,1970-06-12,vn,OPEN_SANCTIONS_PEP,
Q10826495,Thi Trai,,1981,vn,OPEN_SANCTIONS_PEP,
Q10827663,Touneh Drong Minh Tham,,1986-10-26,vn,OPEN_SANCTIONS_PEP,
Q10828159,Trieu La Pham,Trieu Tai Quoc (Trieu La Pham),1964-12-29,vn,OPEN_SANCTIONS_PEP,
Q10828165,Trieu Mui Nai,Trieu Mui Nai (Trieu Thi Nai);찌에우무이나이,1964-04-12,vn,OPEN_SANCTIONS_PEP,
Q10828179,Trieu Sy Lau,,1951,vn,OPEN_SANCTIONS_PEP,
Q10828186,Trieu Thi Binh,,1977,vn,OPEN_SANCTIONS_PEP,
Q10828190,Trieu Thi Lun,,1964,vn,OPEN_SANCTIONS_PEP,
Q10828192,Trieu Thi Thu Phuong,,1977-09-05,vn,OPEN_SANCTIONS_PEP,
Q10828201,Trieu Xuan Hoa,,1953,vn,OPEN_SANCTIONS_PEP,
Q10828203,Trieu Dinh Sinh,,1977,vn,OPEN_SANCTIONS_PEP,
Q10828686,Truong Cong Lap,,1946,vn,OPEN_SANCTIONS_PEP,
Q10828688,Truong Cong Dang,,1948,vn,OPEN_SANCTIONS_PEP,
Q10828701,Truong Huu Chi,,1952,vn,OPEN_SANCTIONS_PEP,
Q10828704,Truong Minh Hoang,,1962-06-12,vn,OPEN_SANCTIONS_PEP,
Q10828716,Truong Quang Hai,,1959,vn,OPEN_SANCTIONS_PEP,
Q10828717,Truong Quang Khanh,,1953-04-08,vn,OPEN_SANCTIONS_PEP,
Q10828733,Truong Thai Hien,,1958-05-15,vn,OPEN_SANCTIONS_PEP,
Q10828734,Truong Thi Hue,,1961-01-28,vn,OPEN_SANCTIONS_PEP,
Q10828735,Truong Thi Hai Le,,1973,vn,OPEN_SANCTIONS_PEP,
Q10828738,Truong Thi Mai,张氏梅;張氏梅,1958-01-23,vn,OPEN_SANCTIONS_PEP,
Q10828740,Truong Thi Thu Hang,,1961,vn,OPEN_SANCTIONS_PEP,
Q10828741,Truong Thi Thu Trang,,1984-09-15,vn,OPEN_SANCTIONS_PEP,
Q10828744,Truong Thi Van,,1964,vn,OPEN_SANCTIONS_PEP,
Q10828745,Truong Thi Xe,,1956,vn,OPEN_SANCTIONS_PEP,
Q10828747,Truong Thi Yen Linh,,1982-05-21,vn,OPEN_SANCTIONS_PEP,
Q10828748,Truong Thi Anh,,1959-03-13,vn,OPEN_SANCTIONS_PEP,
Q10828749,Truong Trong Nghia,,1953-02-28,vn,OPEN_SANCTIONS_PEP,
Q10828760,Truong Van Khoa,,1952,vn,OPEN_SANCTIONS_PEP,
Q10828761,Truong Van No,,1964,vn,OPEN_SANCTIONS_PEP,
Q10828762,Truong Van Sau,,1950,vn,OPEN_SANCTIONS_PEP,
Q10828764,Truong Van Vo,,1958-10-12,vn,OPEN_SANCTIONS_PEP,
Q10828767,Truong Xuan Quy,,1975,vn,OPEN_SANCTIONS_PEP,
Q10828770,Truong Dinh Tuyen,,1942-01-09,vn,OPEN_SANCTIONS_PEP,
Q10829234,Tran Thanh,,1987-02-05,vn,OPEN_SANCTIONS_PEP,
Q10829243,Tran Anh Viet,,1957,vn,OPEN_SANCTIONS_PEP,
Q10829245,Tran Ba Thieu,,1955,vn,OPEN_SANCTIONS_PEP,
Q10829246,Tran Binh Minh,,1958-03-28;1958-12-26,vn,OPEN_SANCTIONS_PEP,
Q10829268,Tran Cong Kich,,1945,vn,OPEN_SANCTIONS_PEP,
Q10829272,Tran Cong Thuat,,1961,vn,OPEN_SANCTIONS_PEP,
Q10829273,Tran Cong Thuc,,1948,vn,OPEN_SANCTIONS_PEP,
Q10829281,Tran Cam Tu,,1961-08-25,vn,OPEN_SANCTIONS_PEP,
Q10829289,Tran Du Lich,,1952-08-19,vn,OPEN_SANCTIONS_PEP,
Q10829295,Tran Duong Tuan,,1961-05-08,vn,OPEN_SANCTIONS_PEP,
Q10829301,Tran Hoang Ngan,,1964-10-26,vn,OPEN_SANCTIONS_PEP,
Q10829303,Tran Hoang Tham,,1953,vn,OPEN_SANCTIONS_PEP,
Q10829304,Tran Huy Hanh,,1932,vn,OPEN_SANCTIONS_PEP,
Q10829308,Tran Huynh Men,,1956,vn,OPEN_SANCTIONS_PEP,
Q10829324,Tran Hong Ha,,1963-04-19,vn,OPEN_SANCTIONS_PEP,
Q10829325,陳紅軍,,1937-02-15,vn,OPEN_SANCTIONS_PEP,
Q10829326,Tran Hong Tham,,1975-11-17,vn,OPEN_SANCTIONS_PEP,
Q10829329,陈红越,,1952,vn,OPEN_SANCTIONS_PEP,
Q10829332,Tran Huu Hau,,1960-10-09,vn,OPEN_SANCTIONS_PEP,
Q10829335,Huu The Tran,,1973,vn,OPEN_SANCTIONS_PEP,
Q10829338,Tran Huu Tuat,,1956-08-25,vn,OPEN_SANCTIONS_PEP,
Q10829345,Tran Khanh Chuong,,1943,vn,OPEN_SANCTIONS_PEP,
Q10829350,Tran Khac Tam,,1972-10-08,vn,OPEN_SANCTIONS_PEP,
Q10829352,Tran Kim Mai,,1960,vn,OPEN_SANCTIONS_PEP,
Q10829361,Tran Luan Kim,,1939,vn,OPEN_SANCTIONS_PEP,
Q10829370,Tran Luu Quang,,1967-08-30,vn,OPEN_SANCTIONS_PEP,
Q10829374,Mai Hanh Tran,,1943,vn,OPEN_SANCTIONS_PEP,
Q10829377,Tran Minh Dieu,,1958-10-07,vn,OPEN_SANCTIONS_PEP,
Q10829380,Tran Minh Man,,1962-07-23,vn,OPEN_SANCTIONS_PEP,
Q10829383,Tran Minh Thong,,1958-02-20,vn,OPEN_SANCTIONS_PEP,
Q10829387,Tran Manh Cuong,Linh Muc Tran Manh Cuong,1942-10-25,vn,OPEN_SANCTIONS_PEP,
Q10829390,Tran Manh Tien,,1956,vn,OPEN_SANCTIONS_PEP,
Q10829406,Tran Ngoc Thuan,,1960-11-26,vn,OPEN_SANCTIONS_PEP,
Q10829407,Tran Ngoc Tang,,1948-12-15,vn,OPEN_SANCTIONS_PEP,
Q10829408,Tran Ngoc Vinh,,1955-11-16,vn,OPEN_SANCTIONS_PEP,
Q10829433,Tran Phuong,,1927-07-01,vn,OPEN_SANCTIONS_PEP,
Q10829434,Tran Quang Chieu,,1958-12-29,vn,OPEN_SANCTIONS_PEP,
Q10829442,Tran Quang Khue,,1950-02-21,vn,OPEN_SANCTIONS_PEP,
Q10829462,Tran Quoc Vuong,陳國旺,1953-02-05,vn,OPEN_SANCTIONS_PEP,
Q10829469,Tran Sy Thanh,,1971-03-16,vn,OPEN_SANCTIONS_PEP,
Q10829470,Tran Thanh Hai,,1963-10-20,vn,OPEN_SANCTIONS_PEP,
Q10829471,Tran Thanh Hong,,1948,vn,OPEN_SANCTIONS_PEP,
Q10829474,Tran Thanh Man,,1962-08-12,vn,OPEN_SANCTIONS_PEP,
Q10829487,Tran Thanh Long,,1940;1948,vn,OPEN_SANCTIONS_PEP,
Q10829504,Tran Thi Dieu Thuy,Tran Thi Dieu Thuy (Tran Thi Dieu Thuy),1977-03-08,vn,OPEN_SANCTIONS_PEP,
Q10829505,Tran Thi Hien,,1965,vn,OPEN_SANCTIONS_PEP,
Q10829506,Tran Thi Hien,,1974-12-22,vn,OPEN_SANCTIONS_PEP,
Q10829507,Tran Thi Hoa Sinh,,1959-10-18,vn,OPEN_SANCTIONS_PEP,
Q10829508,Tran Thi Hang,,1962,vn,OPEN_SANCTIONS_PEP,
Q10829510,Tran Thi Kim Cuc,,1949,vn,OPEN_SANCTIONS_PEP,
Q10829511,Tran Thi Kim Phuong,,1964,vn,OPEN_SANCTIONS_PEP,
Q10829514,Tran Thi Loc,,1975,vn,OPEN_SANCTIONS_PEP,
Q10829515,Tran Thi Mai Phuong,,1955,vn,OPEN_SANCTIONS_PEP,
Q10829517,Tran Thi Minh Hoa,,1956,vn,OPEN_SANCTIONS_PEP,
Q10829523,Tran Thi Phuong Hoa,,1972-08-20,vn,OPEN_SANCTIONS_PEP,
Q10829524,Tran Thi Quoc Khanh,,1959-09-01,vn,OPEN_SANCTIONS_PEP,
Q10829526,Tran Thi Thanh Huyen,,1967;1968,vn,OPEN_SANCTIONS_PEP,
Q10829530,Tran Thi Thinh,,1947,vn,OPEN_SANCTIONS_PEP,
Q10829531,Tran Thi Trung Chien,,1946-01-16,vn,OPEN_SANCTIONS_PEP,
Q10829535,Tran Thi Tam Dan,,1939,vn,OPEN_SANCTIONS_PEP,
Q10829537,Tran Tho,,1956,vn,OPEN_SANCTIONS_PEP,
Q10829545,Tran Tien Canh,,1951,vn,OPEN_SANCTIONS_PEP,
Q10829546,Tran Tien Dung,,1954-08-25,vn,OPEN_SANCTIONS_PEP,
Q10829552,Tran Trung Nguyen,,1951,vn,OPEN_SANCTIONS_PEP,
Q10829553,Tran Tri Dung,,1959-03-20,vn,OPEN_SANCTIONS_PEP,
Q10829573,Tran Viet Hung,,1946,vn,OPEN_SANCTIONS_PEP,
Q10829576,Tran Van,,1957-05-26,vn,OPEN_SANCTIONS_PEP,
Q10829579,Tran Van Ban,,1950-10-10,vn,OPEN_SANCTIONS_PEP,
Q10829582,Tran Van Chau,,1964,vn,OPEN_SANCTIONS_PEP,
Q10829583,Tran Van Con,,1959,vn,OPEN_SANCTIONS_PEP,
Q10829589,Tran Van Huynh,,1952-01-10,vn,OPEN_SANCTIONS_PEP,
Q10829591,Tran Van Hung,,1955,vn,OPEN_SANCTIONS_PEP,
Q10829592,Tran Van Hanh,,1954,vn,OPEN_SANCTIONS_PEP,
Q10829594,Tran Van Hang,,1953-03-04,vn,OPEN_SANCTIONS_PEP,
Q10829598,Tran Van Ho,,1950,vn,OPEN_SANCTIONS_PEP,
Q10829600,Tran Van Kiet,,1953,vn,OPEN_SANCTIONS_PEP,
Q10829602,Tran Van Lan,,1958-10-12,vn,OPEN_SANCTIONS_PEP,
Q10829606,Tran Van Mai,,1967;1968,vn,OPEN_SANCTIONS_PEP,
Q10829608,Tran Van Mung,,1954,vn,OPEN_SANCTIONS_PEP,
Q10829609,Tran Van Nam,,1963,vn,OPEN_SANCTIONS_PEP,
Q10829619,Tran Van Thanh,,1953,vn,OPEN_SANCTIONS_PEP,
Q10829626,Tran Van Thuc,,1952,vn,OPEN_SANCTIONS_PEP,
Q10829628,Van Truyen Tran,,1950-10-20,vn,OPEN_SANCTIONS_PEP,
Q10829633,Tran Van Tuan,,1950-02-10,vn,OPEN_SANCTIONS_PEP,
Q10829634,Tran Van Tuy,,1957-07-20,vn,OPEN_SANCTIONS_PEP,
Q10829635,Tran Van Tu,,1958-09-15,vn,OPEN_SANCTIONS_PEP,
Q10829640,Tran Van Dang,,1933,vn,OPEN_SANCTIONS_PEP,
Q10829643,Tran Van Do,,1954,vn,OPEN_SANCTIONS_PEP,
Q10829649,Tran Xuan Gia,,1939-04-24,vn,OPEN_SANCTIONS_PEP,
Q10829651,Tran Xuan Hung,,1959-12-25,vn,OPEN_SANCTIONS_PEP,
Q10829652,Tran Xuan Hai,,1949,vn,OPEN_SANCTIONS_PEP,
Q10829656,Tran Xuan Vinh,,1969-03-03,vn,OPEN_SANCTIONS_PEP,
Q10829668,Tran Dinh Nha,,1955-01-18,vn,OPEN_SANCTIONS_PEP,
Q10829671,Tran Dinh Thu,,1959-08-19,vn,OPEN_SANCTIONS_PEP,
Q10829677,Tran Dinh Dan,,1951,vn,OPEN_SANCTIONS_PEP,
Q10829679,Tran Dong A,,1941,vn,OPEN_SANCTIONS_PEP,
Q10829693,Tran Dac Suu,,1949,vn,OPEN_SANCTIONS_PEP,
Q10829702,Tran Duc Viet,,1937,vn,OPEN_SANCTIONS_PEP,
Q10829864,Trinh Huy Quach,,1954,vn,OPEN_SANCTIONS_PEP,
Q10829870,Trinh Ngoc Phuong,,1970-08-07,vn,OPEN_SANCTIONS_PEP,
Q10829871,Trinh Ngoc Thach,,1957-09-14,vn,OPEN_SANCTIONS_PEP,
Q10829874,Trinh Thanh Van,,1934,vn,OPEN_SANCTIONS_PEP,
Q10829879,郑氏界,,1959,vn,OPEN_SANCTIONS_PEP,
Q10829881,Trinh Thi Nga,,1961,vn,OPEN_SANCTIONS_PEP,
Q10829885,Trinh Thi Thanh Binh,,1961-06-10,vn,OPEN_SANCTIONS_PEP,
Q10829895,Trinh Xuyen,,1958-12-07,vn,OPEN_SANCTIONS_PEP,
Q10829899,Trinh Dinh Dung,,1956-08-25,vn,OPEN_SANCTIONS_PEP,
Q10829901,Trinh Dinh Thach,,1965-09-10,vn,OPEN_SANCTIONS_PEP,
Q10831196,To Lam,,1957-07-10;1957-07-19,vn,OPEN_SANCTIONS_PEP,
Q10831198,To Minh Gioi,,1954,vn,OPEN_SANCTIONS_PEP,
Q10831202,To Quoc Trinh,,1946,vn,OPEN_SANCTIONS_PEP,
Q10831211,To Van Thuong,,1955,vn,OPEN_SANCTIONS_PEP,
Q10831212,To Van Tam,,1963-10-10,vn,OPEN_SANCTIONS_PEP,
Q10831239,Ton Nu Thi Ninh,,1947-10-30,vn,OPEN_SANCTIONS_PEP,
Q10831252,Ton Thi Ngoc Hanh,,1968-12-18,vn,OPEN_SANCTIONS_PEP,
Q10831364,Tang Van Pha,,1948,vn,OPEN_SANCTIONS_PEP,
Q10831492,Ngoc Tan Ta,,1954,vn,OPEN_SANCTIONS_PEP,
Q10831559,Tat Thanh Cang,,1971-02-05,vn,OPEN_SANCTIONS_PEP,
Q10831718,Tong Van Thoong,,1955,vn,OPEN_SANCTIONS_PEP,
Q10832258,Uong Chu Luu,ウォン・チュー・リュウ,1955-07-20,vn,OPEN_SANCTIONS_PEP,
Q10832555,Vi Trong Le,,1959,vn,OPEN_SANCTIONS_PEP,
Q10832558,Vi Van Man,,1949,vn,OPEN_SANCTIONS_PEP,
Q10833255,Vo Minh Chien,,1956-06-22,vn,OPEN_SANCTIONS_PEP,
Q10833264,Vo Quyet Chien,,1959,vn,OPEN_SANCTIONS_PEP,
Q10833266,Vo Quoc Thang,,1967;1968,vn,OPEN_SANCTIONS_PEP,
Q10833269,Vo Thanh Binh,,,vn,OPEN_SANCTIONS_PEP,
Q10833274,Vo Thi Dung,,1960-06-02,vn,OPEN_SANCTIONS_PEP,
Q10833284,Vo Tien Trung,,1954,vn,OPEN_SANCTIONS_PEP,
Q10833289,Vo Trong Viet,,1957-09-10,vn,OPEN_SANCTIONS_PEP,
Q10833299,Vo Van Liem,,1955,vn,OPEN_SANCTIONS_PEP,
Q10833302,Vo Van Thuong,,1970-12-13,vn,OPEN_SANCTIONS_PEP,
Q10833328,Vo Duc Huy,,1950,vn,OPEN_SANCTIONS_PEP,
Q10833777,Vu Chi Thuc,,1956-10-25,vn,OPEN_SANCTIONS_PEP,
Q10833804,Vu Huy Hoang,,1953-09-20,vn,OPEN_SANCTIONS_PEP,
Q10833883,Quan Phuong Vu,,1940,vn,OPEN_SANCTIONS_PEP,
Q10833904,Vu Thi Huong Sen,,1986-02-10,vn,OPEN_SANCTIONS_PEP,
Q10833913,Vu Tien Loc,,1960-01-01,vn,OPEN_SANCTIONS_PEP,
Q10833932,Vu Viet Ngoan,,1958-05-06,vn,OPEN_SANCTIONS_PEP,
Q10833941,Vu Xuan Hong,,1950-01-04,vn,OPEN_SANCTIONS_PEP,
Q10833970,Vu Duc Khien,,1940,vn,OPEN_SANCTIONS_PEP,
Q10833975,Vu Duc Dam,,1963-02-03,vn,OPEN_SANCTIONS_PEP,
Q10836760,Y Khut Nie,,1960-07-05,vn,OPEN_SANCTIONS_PEP,
Q10836761,Y Luyen Niek Dam,,1943-10-09,vn,OPEN_SANCTIONS_PEP,
Q10836762,Y Ly Nie Kdam,,1944,vn,OPEN_SANCTIONS_PEP,
Q10836763,Y Ly Trang,,1975,vn,OPEN_SANCTIONS_PEP,
Q10836765,Y Mui,Y Mui (Ro Cham H`Muih),1959-12-20,vn,OPEN_SANCTIONS_PEP,
Q10836768,Y Ngoc,,1977,vn,OPEN_SANCTIONS_PEP,
Q10836779,Ya Duck,,1940-05-05,vn,OPEN_SANCTIONS_PEP,
Q10839670,Dao Van Binh,,1956-11-11,vn,OPEN_SANCTIONS_PEP,
Q10840090,Dinh Cong Sy,,1979-11-25,vn,OPEN_SANCTIONS_PEP,
Q10840102,Dinh Hong De,A De (Dinh Hong De),1947-10-20,vn,OPEN_SANCTIONS_PEP,
Q10840140,丁先锋,Dinh Tien Phong,1956-12-21,vn,OPEN_SANCTIONS_PEP,
Q10840142,Dinh Tien Dung,,1961-05-10,vn,OPEN_SANCTIONS_PEP,
Q10840149,Dinh Trinh Hai,,1956-12-09,vn,OPEN_SANCTIONS_PEP,
Q10840160,Dinh Xuan Thao,,1954-03-15,vn,OPEN_SANCTIONS_PEP,
Q10840217,鸟格惹,,1968,vn,OPEN_SANCTIONS_PEP,
Q10840220,Dieu K` Ru,,1960-02-03,vn,OPEN_SANCTIONS_PEP,
Q10840342,Doan Van Thang,,1952,vn,OPEN_SANCTIONS_PEP,
Q10840429,Dam Dinh Trai,,1947,vn,OPEN_SANCTIONS_PEP,
Q10840462,Dao Ngoc Dung,,1962-06-06,vn,OPEN_SANCTIONS_PEP,
Q10840477,Dao Trong Thi,陶仲詩;陶仲诗,1951-03-23,vn,OPEN_SANCTIONS_PEP,
Q10840482,Dao Viet Trung,,1959-05-19,vn,OPEN_SANCTIONS_PEP,
Q10840501,陶庭平,,1945-02-06,vn,OPEN_SANCTIONS_PEP,
Q10841524,鄧友,,1930-01-02,vn,OPEN_SANCTIONS_PEP,
Q10841540,Dang Ngoc Nghia,,1959-07-11,vn,OPEN_SANCTIONS_PEP,
Q10841542,Ngoc Tung Dang,Dang Ngoc Tung;邓玉松,1952-08-28,vn,OPEN_SANCTIONS_PEP,
Q10841555,Dang Thanh Tam,,1964-04-15,vn,OPEN_SANCTIONS_PEP,
Q10841571,Dang Thi Ngoc Thinh,Данг Тхи Нгок Тхинь;Данг Тхі Нгок Тхинь;دانغ ثي نجوك ثينه;ดั่ง ถิ หง็อก ถิ่ญ;Დანგ Თჰი Ნგოკ Თჰინი;ダン・ティ・ゴック・ティン;邓氏玉盛;鄧氏玉盛;당티응옥틴,1959-12-25,vn,OPEN_SANCTIONS_PEP,
Q10841593,Dang Van Hieu,邓文孝;鄧文孝,1953-07-21,vn,OPEN_SANCTIONS_PEP,
Q10841610,Dang Vu Liem,,1942,vn,OPEN_SANCTIONS_PEP,
Q10841611,邓宇明,,1946,vn,OPEN_SANCTIONS_PEP,
Q10842107,Do Ba Ty,杜伯巳,1954-12-01,vn,OPEN_SANCTIONS_PEP,
Q10842113,Do Can,,1961,vn,OPEN_SANCTIONS_PEP,
Q10842120,Do Hoai Nam,,1949,vn,OPEN_SANCTIONS_PEP,
Q10842131,Do Kim Tuyen,,1958-01-19,vn,OPEN_SANCTIONS_PEP,
Q10842154,杜光中,,1946,vn,OPEN_SANCTIONS_PEP,
Q10842166,Do Thi Huyen Tam,До Тхи Хуен Там,1966-10-17,vn,OPEN_SANCTIONS_PEP,
Q10842176,杜中校,,1945,vn,OPEN_SANCTIONS_PEP,
Q10842188,Do Van Chien,,1962-11-10,vn,OPEN_SANCTIONS_PEP,
Q10842192,Do Van Duong,,1960-10-10,vn,OPEN_SANCTIONS_PEP,
Q10842194,Do Xuan Cong,,1943,vn,OPEN_SANCTIONS_PEP,
Q108732911,Nguyen Minh Quang,,1969-06-29,vn,OPEN_SANCTIONS_PEP,
Q108805658,Nguyen Thi Bich Thao,,1968-08-25,vn,OPEN_SANCTIONS_PEP,
Q109323898,Joseph Do Quang Khang,,1965-11-07,vn,OPEN_SANCTIONS_PEP,
Q109421964,Truong Quoc Huy,,1970-06-19,vn,OPEN_SANCTIONS_PEP,
Q109435466,Ngo Van Tuan,,1971-08-02,vn,OPEN_SANCTIONS_PEP,
Q109438997,Luong Quoc Doan,,1970-12-21,vn,OPEN_SANCTIONS_PEP,
Q109439382,Le Dao An Xuan,,1983-01-09,vn,OPEN_SANCTIONS_PEP,
Q109439518,Vu Hong Van,,1976-02-03,vn,OPEN_SANCTIONS_PEP,
Q109440061,Vu Hai Quan,,1974-08-01,vn,OPEN_SANCTIONS_PEP,
Q109441606,Le Quoc Chinh,,1968-12-01,vn,OPEN_SANCTIONS_PEP,
Q109441616,Chau Ngoc Tuan,,1970-12-28,vn,OPEN_SANCTIONS_PEP,
Q109442141,Truong Thi Ngoc Anh,,1966-10-10,vn,OPEN_SANCTIONS_PEP,
Q109452118,Tran Dinh Chung,,1967-08-25,vn,OPEN_SANCTIONS_PEP,
Q109570631,Chi Van Dang,,,vn,OPEN_SANCTIONS_PEP,
Q109672424,U Huan,,1980-01-22,vn,OPEN_SANCTIONS_PEP,
Q109679197,Y Vinh Tor,,1976-08-16,vn,OPEN_SANCTIONS_PEP,
Q11078491,Maija Vijaya,,,vn,OPEN_SANCTIONS_PEP,
Q11126310,Vikrantavarman Iii,,,vn,OPEN_SANCTIONS_PEP,
Q111533958,Virabhadravarman,,,vn,OPEN_SANCTIONS_PEP,
Q111909058,Dai Le,"Dai Trang Le;Le, Dai Trang",1968-04-01,au;vn,OPEN_SANCTIONS_PEP,
Q1140378,Kinh Duong Vuong,,,vn,OPEN_SANCTIONS_PEP,
Q114450229,黃文仲,,,vn,OPEN_SANCTIONS_PEP,
Q114633559,Nguyen Khac Ve,,,vn,OPEN_SANCTIONS_PEP,
Q114690286,Kieu Mong Thu,,1936,vn,OPEN_SANCTIONS_PEP,
Q1154890,An Tu,,,vn,OPEN_SANCTIONS_PEP,
Q115589649,Do Hung Viet,,,vn,OPEN_SANCTIONS_PEP,
Q115678040,Nguyen Huu Chau,,,vn,OPEN_SANCTIONS_PEP,
Q115678614,Huynh Huu Nghia,,1927-10-02,vn,OPEN_SANCTIONS_PEP,
Q115861569,Pham Duc An,,1970-02-01,vn,OPEN_SANCTIONS_PEP,
Q115863390,Pham Thuy Chinh,,1970-01-15,vn,OPEN_SANCTIONS_PEP,
Q116149098,Hoang Anh Cong,,1971-03-28,vn,OPEN_SANCTIONS_PEP,
Q116205526,Lam Van Doan,,1976-01-30,vn,OPEN_SANCTIONS_PEP,
Q116226109,Cha A Cua,,1974-11-14,vn,OPEN_SANCTIONS_PEP,
Q116250560,Nguyen Thi Phu Ha,,1972-03-17,vn,OPEN_SANCTIONS_PEP,
Q116691801,Dang Van Lam,,1968-10-18,vn,OPEN_SANCTIONS_PEP,
Q116693077,Dinh Viet Dung,,1972-09-10,vn,OPEN_SANCTIONS_PEP,
Q116700342,Nguyen Huu Dan,,1974-05-28,vn,OPEN_SANCTIONS_PEP,
Q116707263,Lai Van Hoan,,1974-01-08,vn,OPEN_SANCTIONS_PEP,
Q116728261,Vo Van Hoi,,1971-04-25,vn,OPEN_SANCTIONS_PEP,
Q116728517,Dang Ngoc Huy,,1975-12-25,vn,OPEN_SANCTIONS_PEP,
Q116729648,Nguyen Thi Thuy Ngan,,1972-01-20,vn,OPEN_SANCTIONS_PEP,
Q116730645,Lai The Nguyen,,1970-06-22,vn,OPEN_SANCTIONS_PEP,
Q116735172,Nguyen Thi Yen Nhi,,1980-06-07,vn,OPEN_SANCTIONS_PEP,
Q116738553,Nguyen Truc Son,,1971-06-08,vn,OPEN_SANCTIONS_PEP,
Q116748775,Lo Viet Phuong,,1973-06-17,vn,OPEN_SANCTIONS_PEP,
Q116755400,Phan Thi Thanh Phuong,,1984-02-29,vn,OPEN_SANCTIONS_PEP,
Q116767989,Vo Thi Minh Sinh,,1970-12-15,vn,OPEN_SANCTIONS_PEP,
Q116768511,Pham Truong Son,,1967-12-27,vn,OPEN_SANCTIONS_PEP,
Q116769696,Pham Hung Thai,,1970-10-14,vn,OPEN_SANCTIONS_PEP,
Q116770957,Ta Dinh Thi,,1973-09-24,vn,OPEN_SANCTIONS_PEP,
Q116775732,Pham Van Thinh,,1981-12-13,vn,OPEN_SANCTIONS_PEP,
Q116777857,Vi Duc Tho,,1976-11-22,vn,OPEN_SANCTIONS_PEP,
Q116779257,Chamalea Thi Thuy,,1983-04-20,vn,OPEN_SANCTIONS_PEP,
Q116783425,Nguyen Phuong Thuy,,1974-09-18,vn,OPEN_SANCTIONS_PEP,
Q116783514,Ha Quoc Tri,,1969-02-18,vn,OPEN_SANCTIONS_PEP,
Q116784170,Dao Hong Van,,1973-04-22,vn,OPEN_SANCTIONS_PEP,
Q116784303,Tran Dinh Van,,1966-06-17,vn,OPEN_SANCTIONS_PEP,
Q116784854,Nguyen Dinh Viet,,1977-07-09,vn,OPEN_SANCTIONS_PEP,
Q116787767,Dam Minh Dien,,1970-02-07,vn,OPEN_SANCTIONS_PEP,
Q116788781,Tong Van Bang,,1974-07-17,vn,OPEN_SANCTIONS_PEP,
Q116789010,Le Van Hieu,,1967-08-02,vn,OPEN_SANCTIONS_PEP,
Q116790160,Le Manh Hung,,1973-10-24,vn,OPEN_SANCTIONS_PEP,
Q116796525,Tran Thi Thanh Huong,,1971-01-19,vn,OPEN_SANCTIONS_PEP,
Q116796826,Nguyen Tam Hung,,1969-06-04,vn,OPEN_SANCTIONS_PEP,
Q116797548,Trung Luu,,,au;vn,OPEN_SANCTIONS_PEP,
Q116800224,Dang Hong Sy,,1976-01-20,vn,OPEN_SANCTIONS_PEP,
Q116806454,Ta Thi Yen,,1972-11-18,vn,OPEN_SANCTIONS_PEP,
Q116813880,Hoang Ngoc Dinh,,1973-12-22,vn,OPEN_SANCTIONS_PEP,
Q116813881,Le Nhat Thanh,,1975-08-07,vn,OPEN_SANCTIONS_PEP,
Q116813883,Dinh Van The,,1975-04-30,vn,OPEN_SANCTIONS_PEP,
Q116817945,Le Van Dung,,1966-10-20,vn,OPEN_SANCTIONS_PEP,
Q116822545,Nguyen Truc Anh,,1974-11-28,vn,OPEN_SANCTIONS_PEP,
Q116823004,Tran Thi Nhi Ha,,1973-11-25,vn,OPEN_SANCTIONS_PEP,
Q116825814,Tran Viet Anh,,1975-10-22,vn,OPEN_SANCTIONS_PEP,
Q116834094,Pham Thi Thanh Mai,,1975-11-03,vn,OPEN_SANCTIONS_PEP,
Q116844673,Do Duc Hien,,1977-09-14,vn,OPEN_SANCTIONS_PEP,
Q116844801,Ha Phuoc Thang,,1976-03-26,vn,OPEN_SANCTIONS_PEP,
Q116847060,Bui Hoai Son,,1975-10-24,vn,OPEN_SANCTIONS_PEP,
Q116847509,Nguyen Tran Phuong Tran,,1976-01-28,vn,OPEN_SANCTIONS_PEP,
Q116848857,Nguyen Duy Minh,,1982-07-26,vn,OPEN_SANCTIONS_PEP,
Q116850650,Nguyen Manh Hung,,1975-07-15,vn,OPEN_SANCTIONS_PEP,
Q116857347,Trinh Lam Sinh,,1972-01-01,vn,OPEN_SANCTIONS_PEP,
Q116857381,Huynh Thi Phuc,,1976-02-17,vn,OPEN_SANCTIONS_PEP,
Q116858893,Ha Sy Huan,,1978-06-16,vn,OPEN_SANCTIONS_PEP,
Q116859368,Do Thi Viet Ha,,1978-07-29,vn,OPEN_SANCTIONS_PEP,
Q116860552,Tran Thi Van,,1975-02-22,vn,OPEN_SANCTIONS_PEP,
Q116866289,Nguyen Thi Kim Anh,,1973-03-11,vn,OPEN_SANCTIONS_PEP,
Q116866378,Nguyen Thi Ngoc Xuan,,1985-09-29,vn,OPEN_SANCTIONS_PEP,
Q116867152,Le Van Kham,,1969-03-20,vn,OPEN_SANCTIONS_PEP,
Q116867624,Nguyen Thi Thu Thuy,,1976-08-07,vn,OPEN_SANCTIONS_PEP,
Q116868864,Dong Ngoc Ba,,1972-09-01,vn,OPEN_SANCTIONS_PEP,
Q116868950,Vu Ngoc Long,,1971-08-23,vn,OPEN_SANCTIONS_PEP,
Q116869155,Nguyen Huu Thong,,1981-11-25,vn,OPEN_SANCTIONS_PEP,
Q116872722,Pham Thi Hong Yen,,1975-08-07,vn,OPEN_SANCTIONS_PEP,
Q116874292,Nguyen Thi Thu Nguyet,,1972-09-25,vn,OPEN_SANCTIONS_PEP,
Q116875328,Phuc Binh Nie Kdam,,1983-09-08,vn,OPEN_SANCTIONS_PEP,
Q116880054,Duong Khac Mai,,1969-06-09,vn,OPEN_SANCTIONS_PEP,
Q116880055,Pham Nam Tien,,1968-11-01,vn,OPEN_SANCTIONS_PEP,
Q116883849,Trinh Xuan An,,1982-05-16,vn,OPEN_SANCTIONS_PEP,
Q116884417,Le Hoang Hai,,1970-08-02,vn,OPEN_SANCTIONS_PEP,
Q116884867,Nguyen Cong Long,,1970-04-05,vn,OPEN_SANCTIONS_PEP,
Q116890759,Tran Van Sau,,1966-05-21,vn,OPEN_SANCTIONS_PEP,
Q116890760,Nguyen Hai Anh,,1967-10-14,vn,OPEN_SANCTIONS_PEP,
Q116894193,Dinh Ngoc Quy,,1973-02-20,vn,OPEN_SANCTIONS_PEP,
Q116894412,Le Hoang Anh,,1973-07-30,vn,OPEN_SANCTIONS_PEP,
Q116896478,Trang A Duong,,1977-04-24,vn,OPEN_SANCTIONS_PEP,
Q116896480,Ly Thi Lan,,1974-09-12,vn,OPEN_SANCTIONS_PEP,
Q116909017,Tran Van Khai,,1975-09-15,vn,OPEN_SANCTIONS_PEP,
Q116909018,Pham Hung Thang,,1974-05-17,vn,OPEN_SANCTIONS_PEP,
Q116909726,Phan Thi Nguyet Thu,,1974-09-29,vn,OPEN_SANCTIONS_PEP,
Q116910303,Nguyen Thi Mai Thoa,,1974-07-05,vn,OPEN_SANCTIONS_PEP,
Q116921399,Nguyen Ngoc Son,,1975-05-25,vn,OPEN_SANCTIONS_PEP,
Q116921401,Bui Sy Hoan,,1975-08-08,vn,OPEN_SANCTIONS_PEP,
Q116921404,Hoang Duc Chinh,,1981-05-16,vn,OPEN_SANCTIONS_PEP,
Q116921405,Dang Bich Ngoc,,1980-09-29,vn,OPEN_SANCTIONS_PEP,
Q116922961,Nguyen Dai Thang,,1975-08-22,vn,OPEN_SANCTIONS_PEP,
Q116922962,Vu Hong Luyen,,1983-03-29,vn,OPEN_SANCTIONS_PEP,
Q116924371,Le Huu Tri,,1968-02-13,vn,OPEN_SANCTIONS_PEP,
Q116924372,Ha Hong Hanh,,1976-11-18,vn,OPEN_SANCTIONS_PEP,
Q116938007,Nguyen Danh Tu,,1981-10-16,vn,OPEN_SANCTIONS_PEP,
Q116941482,Pham Dinh Thanh,,1967-09-10,vn,OPEN_SANCTIONS_PEP,
Q116941512,Tran Thi Thu Phuoc,,1976-10-20,vn,OPEN_SANCTIONS_PEP,
Q116941732,Hoang Van Binh,,1970-11-30,vn,OPEN_SANCTIONS_PEP,
Q116941779,Hoang Quoc Khanh,,1974-09-30,vn,OPEN_SANCTIONS_PEP,
Q116941857,Trieu Quang Huy,,1973-07-12,vn,OPEN_SANCTIONS_PEP,
Q116941914,Pham Trong Nghia,,1978-11-14,vn,OPEN_SANCTIONS_PEP,
Q116946986,Ha Duc Minh,,1987-04-28,vn,OPEN_SANCTIONS_PEP,
Q116946987,Sung A Lenh,,1975-08-16,vn,OPEN_SANCTIONS_PEP,
Q116949045,Nguyen Hai Dung,,1967-11-11,vn,OPEN_SANCTIONS_PEP,
Q116949088,Hoang Minh Hieu,,1976-08-17,vn,OPEN_SANCTIONS_PEP,
Q116955663,Vi Van Son,,1973-09-15,vn,OPEN_SANCTIONS_PEP,
Q116955683,Tran Thi Hong Thanh,,1977-04-06,vn,OPEN_SANCTIONS_PEP,
Q116956044,Thai Van Thanh,,1969-01-10,vn,OPEN_SANCTIONS_PEP,
Q116956202,Pham Phu Binh,,1973-03-12,vn,OPEN_SANCTIONS_PEP,
Q116959524,Cam Ha Chung,,1975-10-23,vn,OPEN_SANCTIONS_PEP,
Q116959533,Nguyen Thanh Nam,,1966-08-13,vn,OPEN_SANCTIONS_PEP,
Q116959581,Vu Tuan Anh,,1969-11-08,vn,OPEN_SANCTIONS_PEP,
Q116970024,Do Chi Nghia,,1975-01-05,vn,OPEN_SANCTIONS_PEP,
Q116970144,Duong Binh Phu,,1969-08-25,vn,OPEN_SANCTIONS_PEP,
Q116970164,Le Van Thin,,1976-08-20,vn,OPEN_SANCTIONS_PEP,
Q116970186,Nguyen Tien Nam,,1967-10-26,vn,OPEN_SANCTIONS_PEP,
Q116970249,Nguyen Minh Tam,,1972-03-19,vn,OPEN_SANCTIONS_PEP,
Q116970319,Vuong Quoc Thang,,1975-05-14,vn,OPEN_SANCTIONS_PEP,
Q116970325,Duong Van Phuoc,,1967-05-29,vn,OPEN_SANCTIONS_PEP,
Q116976058,Ngo Hoang Ngan,,1966-05-25,vn,OPEN_SANCTIONS_PEP,
Q116976085,Nguyen Thi Thu Ha,,1978-02-04,vn,OPEN_SANCTIONS_PEP,
Q116976114,Tran Thi Kim Nhung,,1973-02-12,vn,OPEN_SANCTIONS_PEP,
Q116976150,Huynh Thi Anh Suong,,1976-06-16,vn,OPEN_SANCTIONS_PEP,
Q116976173,Tran Thi Hong An,,1971-12-11,vn,OPEN_SANCTIONS_PEP,
Q116976224,Pham Thi Minh Hue,,1984-03-02,vn,OPEN_SANCTIONS_PEP,
Q116976243,Trieu Thi Ngoc Diem,,1985-02-02,vn,OPEN_SANCTIONS_PEP,
Q116977314,Le Thi Ha,Le Thu Ha,1968-11-26,vn,OPEN_SANCTIONS_PEP,
Q116979918,Hoang Thi Doi,,1977-06-04,vn,OPEN_SANCTIONS_PEP,
Q116979920,Hoang Thi Thanh Thuy,,1984-09-02,vn,OPEN_SANCTIONS_PEP,
Q116982934,Nguyen Van Huy,,1979-01-02,vn,OPEN_SANCTIONS_PEP,
Q116982950,Nguyen Van An,,1968-11-30,vn,OPEN_SANCTIONS_PEP,
Q116982958,Phan Duc Hieu,,1974-05-19,vn,OPEN_SANCTIONS_PEP,
Q116982967,Nguyen Cong Hoang,,1974-11-26,vn,OPEN_SANCTIONS_PEP,
Q117000819,Bui Manh Khoa,,1972-06-02,vn,OPEN_SANCTIONS_PEP,
Q117000825,Tran Van Thuc,,1969-12-20,vn,OPEN_SANCTIONS_PEP,
Q117000832,Vo Manh Son,,1971-07-13,vn,OPEN_SANCTIONS_PEP,
Q117000838,Mai Van Hai,,1973-12-23,vn,OPEN_SANCTIONS_PEP,
Q117000843,Le Thanh Hoan,,1976-08-01,vn,OPEN_SANCTIONS_PEP,
Q117000848,Cao Manh Linh,,1982-01-23,vn,OPEN_SANCTIONS_PEP,
Q117001290,Nguyen Thi Suu,,1973-11-09,vn,OPEN_SANCTIONS_PEP,
Q117001301,Nguyen Hai Nam,,1977-10-02,vn,OPEN_SANCTIONS_PEP,
Q117007119,Nguyen Thanh Cam,,1975-08-11,vn,OPEN_SANCTIONS_PEP,
Q117007128,Nguyen Thi Uyen Trang,,1982-08-31,vn,OPEN_SANCTIONS_PEP,
Q117014363,Be Trung Anh,,1966-10-25,vn,OPEN_SANCTIONS_PEP,
Q117014367,Huynh Thi Hang Nga,,1982-08-28,vn,OPEN_SANCTIONS_PEP,
Q117021261,Lo Thi Viet Ha,,1977-11-15,vn,OPEN_SANCTIONS_PEP,
Q117023329,Nguyen Van Manh,,1978-04-15,vn,OPEN_SANCTIONS_PEP,
Q117023344,Thai Quynh Mai Dung,,1977-05-15,vn,OPEN_SANCTIONS_PEP,
Q117023362,Nguyen Thanh Trung,,1982-10-26,vn,OPEN_SANCTIONS_PEP,
Q117023369,Nguyen Quoc Luan,,1975-10-29,vn,OPEN_SANCTIONS_PEP,
Q118250009,Nguyen Van Han,,1971-08-19,vn,OPEN_SANCTIONS_PEP,
Q118250026,Quan Minh Cuong,,1969-06-26,vn,OPEN_SANCTIONS_PEP,
Q118250874,Le Thi Song An,,1977-10-11,vn,OPEN_SANCTIONS_PEP,
Q118251030,Dao Chi Nghia,,1982-06-12,vn,OPEN_SANCTIONS_PEP,
Q118251176,Do Van Yen,,1968-07-10,vn,OPEN_SANCTIONS_PEP,
Q118251322,Nguyen Sy Quang,,1970-02-01,vn,OPEN_SANCTIONS_PEP,
Q118341768,Tran Van Bang,,,vn,OPEN_SANCTIONS_PEP,
Q11839821,Chu Pham Ngoc Son,,1936,vn,OPEN_SANCTIONS_PEP,
Q118442472,Pham Quang Hieu,,1975-10-07,vn,OPEN_SANCTIONS_PEP,
Q120500636,Nguyen Tien Thien,Thuong Toa Thich Duc Thien,1966-04-05,vn,OPEN_SANCTIONS_PEP,
Q120751695,Hoang Trung Dung,,1971-05-21,vn,OPEN_SANCTIONS_PEP,
Q12415690,Satyavarman,,,vn,OPEN_SANCTIONS_PEP,
Q124293346,Doan Xuan Hung,,1957,vn,OPEN_SANCTIONS_PEP,
Q125415138,Nikki Tran,,,vn,OPEN_SANCTIONS_PEP,
Q126407637,Tran Thi Thu Dong,,1969-10-24,vn,OPEN_SANCTIONS_PEP,
Q126811570,Nguyen Ngoc Tuan,,1966-09-24,vn,OPEN_SANCTIONS_PEP,
Q127630941,Le Minh Nam,,1975-02-28,vn,OPEN_SANCTIONS_PEP,
Q129724084,Po Bait Lan,,,vn,OPEN_SANCTIONS_PEP,
Q129751115,Tuan Phu,,,vn,OPEN_SANCTIONS_PEP,
Q130214410,Bo Tri Tri,,,vn,OPEN_SANCTIONS_PEP,
Q130233029,Sha Gu Bu Luo,,,vn,OPEN_SANCTIONS_PEP,
Q130235480,Nguyen Chan,,1924,vn,OPEN_SANCTIONS_PEP,
Q130237183,Sha Ri Di Zhai,,,vn,OPEN_SANCTIONS_PEP,
Q131160713,Nguyen Hoang Long,,1976,vn,OPEN_SANCTIONS_PEP,
Q131344682,Tam Pham,,,vn,OPEN_SANCTIONS_PEP,
Q131384131,Nguyen Xuan,,1919,la;sy;vn,OPEN_SANCTIONS_PEP,
Q131389357,Bao Tranchi,,,vn,OPEN_SANCTIONS_PEP,
Q131987611,Trang A Tua,,1966-12-06,vn,OPEN_SANCTIONS_PEP,
Q1320050,Hung King,,,vn,OPEN_SANCTIONS_PEP,
Q1320534,Pham Van Tra,,1935-08-19,vn,OPEN_SANCTIONS_PEP,
Q132258871,Tran Van Huyen,,1971-03-01,vn,OPEN_SANCTIONS_PEP,
Q132531130,Thai Thu Xuong,,1975-12-31,vn,OPEN_SANCTIONS_PEP,
Q132600480,Le Thi Thanh Lam,,1974-11-30,vn,OPEN_SANCTIONS_PEP,
Q133776819,Nguyen Duc Dung,,1967-08-04,vn,OPEN_SANCTIONS_PEP,
Q133874602,Hoang Huu Chien,,1966-10-01,vn,OPEN_SANCTIONS_PEP,
Q134005960,Jaya Simhavarman Iv,,,vn,OPEN_SANCTIONS_PEP,
Q134309185,陳文福,,1918-08-23,vn,OPEN_SANCTIONS_PEP,
Q134314925,Nguyen Thanh Hai,,,vn,OPEN_SANCTIONS_PEP,
Q135004939,Nguyen Hoang Phuong Linh,,1999-04-05,vn,OPEN_SANCTIONS_PEP,
Q135684941,Abdul Halim Ali,,1943-07-01,my;vn,OPEN_SANCTIONS_PEP,
Q135825804,Vu Le Thai Hoang,,1975-08-12,vn,OPEN_SANCTIONS_PEP,
Q136868705,Holly Ham,,,vn,OPEN_SANCTIONS_PEP,
Q137101695,Nguyen Tam Chien,,1948-01-20,vn,OPEN_SANCTIONS_PEP,
Q138427325,Tran Quoc Tuan,,1971-01-05,vn,OPEN_SANCTIONS_PEP,
Q138793341,Nguyen Hoang Vi,,1987,vn,OPEN_SANCTIONS_PEP,
Q139159649,John Baptist Nguyen Quang Tuyen,,1969-05-26,vn,OPEN_SANCTIONS_PEP,
Q139324,Tran Duc Luong,,1937-05-05,vn,OPEN_SANCTIONS_PEP,
Q139738109,Hoang Minh Son,,1969-09-25,vn,OPEN_SANCTIONS_PEP,
Q140298700,Nurhaliza Mohamath,,,vn,OPEN_SANCTIONS_PEP,
Q14566608,Le Thanh Dao,,1944,vn,OPEN_SANCTIONS_PEP,
Q1464707,Le Luong Minh,,1952-09-01,vn,OPEN_SANCTIONS_PEP,
Q1527465,Pierre Nguyen Van Tot,,1949-04-15,vn,OPEN_SANCTIONS_PEP,
Q15539102,Bao An,,1951-11-03,vn,OPEN_SANCTIONS_PEP,
Q16062407,Tung Ngo,Tung The Ngo,1972-09-03,au;gb;vn,OPEN_SANCTIONS_PEP,
Q16157036,Doan Manh Giao,,1944,vn,OPEN_SANCTIONS_PEP,
Q16157211,Hoang Van Luong,,1949,vn,OPEN_SANCTIONS_PEP,
Q16157220,Xuan Cu Hoang,,1946,vn,OPEN_SANCTIONS_PEP,
Q16157242,Ho Duc Phoc,,1963-11-01,vn,OPEN_SANCTIONS_PEP,
Q16157285,Huynh Dam,,1948-12-30,vn,OPEN_SANCTIONS_PEP,
Q16157398,Le Bo Linh,,1958-09-10,vn,OPEN_SANCTIONS_PEP,
Q16157439,Le Minh Hoan,,1961-01-19,vn,OPEN_SANCTIONS_PEP,
Q16157478,Lu Thi Luu,,1975-07-02,vn,OPEN_SANCTIONS_PEP,
Q16157509,Mac Kim Ton,,1951,vn,OPEN_SANCTIONS_PEP,
Q16157625,Ngo Anh Dung,,1949,vn,OPEN_SANCTIONS_PEP,
Q16157731,Nguyen Hoai Bao,,1944,vn,OPEN_SANCTIONS_PEP,
Q16157745,Nguyen Hoang Anh,,1963,vn,OPEN_SANCTIONS_PEP,
Q16157797,Nguyen Huu Quang,,1962-05-01,vn,OPEN_SANCTIONS_PEP,
Q16157808,Nguyen Minh Kha,,1958-02-12,vn,OPEN_SANCTIONS_PEP,
Q16157896,Dong La,,1955-05-15,vn,OPEN_SANCTIONS_PEP,
Q16157912,Nguyen Tan Trinh,,1936,vn,OPEN_SANCTIONS_PEP,
Q16157926,Nguyen Tat Tao,,1941,vn,OPEN_SANCTIONS_PEP,
Q16157961,Nguyen Thanh Bo,,1956-12-20,vn,OPEN_SANCTIONS_PEP,
Q16157971,Nguyen Thanh Chuong,,1949,vn,OPEN_SANCTIONS_PEP,
Q16157998,Van Quang Nguyen,,1948,vn,OPEN_SANCTIONS_PEP,
Q16158008,Nguyen Thanh Thuy,,1965-03-10,vn,OPEN_SANCTIONS_PEP,
Q16158047,Nguyen Thi Hang,,1944,vn,OPEN_SANCTIONS_PEP,
Q16158080,Nguyen Thi Phuong,,1960,vn,OPEN_SANCTIONS_PEP,
Q16158102,Nguyen Thi Thu Cuc,,1962,vn,OPEN_SANCTIONS_PEP,
Q16158214,Nguyen Van Lan,,1950,vn,OPEN_SANCTIONS_PEP,
Q16158547,Phuong Thi Thanh,,1967-03-21;1968,vn,OPEN_SANCTIONS_PEP,
Q16158630,Sung A Hong,,1962-12-05,vn,OPEN_SANCTIONS_PEP,
Q16158847,Tran Dinh Son,,1958-02-14,vn,OPEN_SANCTIONS_PEP,
Q16158905,Tran Quoc To,,1962-01-28,vn,OPEN_SANCTIONS_PEP,
Q16158916,Tran Thi Hong,,1982,vn,OPEN_SANCTIONS_PEP,
Q16158938,Tran Viet Quoc,,1949,vn,OPEN_SANCTIONS_PEP,
Q16159022,Vo Kim Cu,,1957-05-19,vn,OPEN_SANCTIONS_PEP,
Q16186432,Phan Van Quy,,1954,vn,OPEN_SANCTIONS_PEP,
Q16480033,Le Hien Van,,1960-10-29,vn,OPEN_SANCTIONS_PEP,
Q16480107,Le Minh Tri,,1960-11-01,vn,OPEN_SANCTIONS_PEP,
Q16480252,Tran Dinh Thanh,,1955,vn,OPEN_SANCTIONS_PEP,
Q16480293,Tran Thi Kim Van,,1959,vn,OPEN_SANCTIONS_PEP,
Q16480319,Nguyen Thi Quyet Tam,,1958-12-20,vn,OPEN_SANCTIONS_PEP,
Q16480526,Chu Ngoc Anh,,1965-06-17,vn,OPEN_SANCTIONS_PEP,
Q16480852,Pham Van Cuong,,1957-01-10,vn,OPEN_SANCTIONS_PEP,
Q16481342,Le Thi Nguyet,,1963-06-02,vn,OPEN_SANCTIONS_PEP,
Q16481373,Nguyen Thai Phuc,,1955,vn,OPEN_SANCTIONS_PEP,
Q16481377,Nguyen Trung Nhan,,1965,vn,OPEN_SANCTIONS_PEP,
Q16934095,Tay Vu Vuong,,,vn,OPEN_SANCTIONS_PEP,
Q18459548,Luong Cuong,Luong Van Cuong,1957-08-15,vn,OPEN_SANCTIONS_PEP,
Q18459937,Nguyen Trong Nghia,,1962-03-06,vn,OPEN_SANCTIONS_PEP,
Q1975629,An Tran,,1952-07-29,vn,OPEN_SANCTIONS_PEP,
Q197941,Jane Luu,,1963,us;vn,OPEN_SANCTIONS_PEP,
Q20025821,Khuat Viet Dung,,1959-01-31,vn,OPEN_SANCTIONS_PEP,
Q20025905,Mai Tien Dung,,1959-01-08,vn,OPEN_SANCTIONS_PEP,
Q20025976,Nguyen Lan Hieu,,1972-09-14,vn,OPEN_SANCTIONS_PEP,
Q20025979,Nguyen Manh Hung,,1962-07-24,vn,OPEN_SANCTIONS_PEP,
Q20025996,Nguyen Tan Cuong,,1966-02-11;1966-02-12,vn,OPEN_SANCTIONS_PEP,
Q20026119,Phan Van Giang,,1960-10-14,vn,OPEN_SANCTIONS_PEP,
Q20026217,Tran Hong Minh,,1967-11-04,vn,OPEN_SANCTIONS_PEP,
Q20063543,Do Hong Quan,,1956-08-01,vn,OPEN_SANCTIONS_PEP,
Q22298582,Nguyen Nhan Chien,,1960-02-20,vn,OPEN_SANCTIONS_PEP,
Q2246954,Ho Ngoc Ha,,1984-11-25,vn,OPEN_SANCTIONS_PEP,
Q24254499,Le Minh Hung,,1970-12-11,vn,OPEN_SANCTIONS_PEP,
Q24953723,Nguyen Hong Dien,,1965-03-16,vn,OPEN_SANCTIONS_PEP,
Q24954814,Tran Tuan Anh,,1964-04-06,vn,OPEN_SANCTIONS_PEP,
Q24954947,Truong Quang Nghia,,1958,vn,OPEN_SANCTIONS_PEP,
Q24955865,Doan Hong Phong,,1963-01-02,vn,OPEN_SANCTIONS_PEP,
Q24956383,Pham Hoai Nam,,1967-02-21,vn,OPEN_SANCTIONS_PEP,
Q24956399,Tran Quang Phuong,,1961-05-06,vn,OPEN_SANCTIONS_PEP,
Q24957446,Nguyen Thanh Long,,1966-09-03,vn,OPEN_SANCTIONS_PEP,
Q24957799,Vo Thi Anh Xuan,,1970-01-08,vn,OPEN_SANCTIONS_PEP,
Q24957809,Nguyen Phu Cuong,,1967-06-19,vn,OPEN_SANCTIONS_PEP,
Q24957812,Hoang Thi Thuy Lan,,1966-05-06,vn,OPEN_SANCTIONS_PEP,
Q24957814,Do Tien Sy,,1965-11-02,vn,OPEN_SANCTIONS_PEP,
Q24957821,Le Minh Khai,,1964,vn,OPEN_SANCTIONS_PEP,
Q24957825,Le Truong Luu,,1963-01-23,vn,OPEN_SANCTIONS_PEP,
Q24957904,Nguyen Xuan Cuong,,1959-10-14,vn,OPEN_SANCTIONS_PEP,
Q24958378,Ngo Thi Thanh Hang,,1960-04-27,vn,OPEN_SANCTIONS_PEP,
Q24958645,Pham Thi Thanh Tra,,1964-01-21,vn,OPEN_SANCTIONS_PEP,
Q24958694,Phan Van Mai,,1973-02-25,vn,OPEN_SANCTIONS_PEP,
Q24958935,Po Krei Brei,,,vn,OPEN_SANCTIONS_PEP,
Q24958947,Le Thanh Long,,1963-09-23,vn,OPEN_SANCTIONS_PEP,
Q24959112,Nguyen Van Chi,,1966-09-17,vn,OPEN_SANCTIONS_PEP,
Q24959119,Duong Minh Anh,,1975-09-01,vn,OPEN_SANCTIONS_PEP,
Q24959158,Trieu Thi Huyen,,1992-03-23,vn,OPEN_SANCTIONS_PEP,
Q25417879,Nguyen Thi Hong,,1968,vn,OPEN_SANCTIONS_PEP,
Q25417887,Le Nam,,1956-05-19,vn,OPEN_SANCTIONS_PEP,
Q25417936,Nguyen Van Loi,,1961-08-23,vn,OPEN_SANCTIONS_PEP,
Q25417949,Nguyen Van Danh,,1962-05-15;1962-07-12,vn,OPEN_SANCTIONS_PEP,
Q25417952,Nguyen Van Hung,,1961-04-20,vn,OPEN_SANCTIONS_PEP,
Q25418008,Nguyen Ngoc Thien,,1959-03-27,vn,OPEN_SANCTIONS_PEP,
Q25418084,Dang Quoc Khanh,,1976-09-02,vn,OPEN_SANCTIONS_PEP,
Q25418498,Tran Van Son,,1961,vn,OPEN_SANCTIONS_PEP,
Q25418557,Bui Duc Hanh,,1960-11-03,vn,OPEN_SANCTIONS_PEP,
Q2595973,Vuong Dinh Hue,王庭惠;브엉딘후에,1957-03-15;1958,vn,OPEN_SANCTIONS_PEP,
Q26237024,Le Quoc Phong,,1978-05-03,vn,OPEN_SANCTIONS_PEP,
Q27087846,David Thai,,1956-01-30,vn,OPEN_SANCTIONS_PEP,
Q27830944,Jack Lee,,1970,vn,OPEN_SANCTIONS_PEP,
Q28949164,San Thang,,1954-08-28,au;vn,OPEN_SANCTIONS_PEP,
Q29578497,Nguyen Quoc Cuong,,1959-10-06,vn,OPEN_SANCTIONS_PEP,
Q2971491,Hoang Van Phong,,1948-10-06,vn,OPEN_SANCTIONS_PEP,
Q30453870,Stephanie Do,Mme Stephanie Do,1979-12-20,fr;vn,OPEN_SANCTIONS_PEP,
Q30919781,Nguyen Dinh Khang,,1967-05-23,vn,OPEN_SANCTIONS_PEP,
Q30919833,Hau A Lenh,,1973,vn,OPEN_SANCTIONS_PEP,
Q30920504,Nguyen Khac Dinh,,1964-01-03,vn,OPEN_SANCTIONS_PEP,
Q30920689,Tran Ngoc Khanh,,1964-11-14,vn,OPEN_SANCTIONS_PEP,
Q30920690,Huynh The Ky,,1956-06-01,vn,OPEN_SANCTIONS_PEP,
Q30920721,Nguyen Anh Tri,,1957-09-14,vn,OPEN_SANCTIONS_PEP,
Q30921238,Huynh Thanh Chung,,1968-08-21,vn,OPEN_SANCTIONS_PEP,
Q30921251,Thao Xuan Sung,,1958-11-29,vn,OPEN_SANCTIONS_PEP,
Q30921323,To Thi Bich Chau,,1969-06-01,vn,OPEN_SANCTIONS_PEP,
Q30921328,Tran Kim Yen,,1969-08-03,vn,OPEN_SANCTIONS_PEP,
Q30921330,Van Thi Bach Tuyet,,1976-06-16,vn,OPEN_SANCTIONS_PEP,
Q30921400,Vu Hong Thanh,,1962-04-19,vn,OPEN_SANCTIONS_PEP,
Q30921480,Do Duc Hong Ha,,1969-08-30,vn,OPEN_SANCTIONS_PEP,
Q30921502,Vu Thi Luu Mai,,1972-08-22,vn,OPEN_SANCTIONS_PEP,
Q30921582,Dang Thuan Phong,,1964-07-08,vn,OPEN_SANCTIONS_PEP,
Q30921638,La Thanh Tan,,1967-10-02,vn,OPEN_SANCTIONS_PEP,
Q30921665,Au Thi Mai,,1978-03-25,vn,OPEN_SANCTIONS_PEP,
Q30921673,Bui Sy Loi,,1959-08-23,vn,OPEN_SANCTIONS_PEP,
Q30921677,Vu Xuan Hung,,1967-05-06,vn,OPEN_SANCTIONS_PEP,
Q30921699,Nguyen Van Danh,,1966-11-11,vn,OPEN_SANCTIONS_PEP,
Q30921706,Nguyen Quoc Han,,1965-02-17,vn,OPEN_SANCTIONS_PEP,
Q30921711,Bui Ngoc Chuong,,1960-09-04,vn,OPEN_SANCTIONS_PEP,
Q30921717,Bui Van Xuyen,,1959-07-14,vn,OPEN_SANCTIONS_PEP,
Q30921725,Tran Dinh Gia,,1969-11-11,vn,OPEN_SANCTIONS_PEP,
Q30921730,Doan Thi Hao,,1966-12-28,vn,OPEN_SANCTIONS_PEP,
Q30921742,Don Tuan Phong,,1970-07-27,vn,OPEN_SANCTIONS_PEP,
Q30921745,Phan Huynh Son,,1963-01-01,vn,OPEN_SANCTIONS_PEP,
Q30921754,Mai Thi Anh Tuyet,,1960-12-01,vn,OPEN_SANCTIONS_PEP,
Q30921761,Hoang Duc Thang,,1964-11-12,vn,OPEN_SANCTIONS_PEP,
Q30921771,Nguyen Thi Nhu Y,,1973-11-02,vn,OPEN_SANCTIONS_PEP,
Q30921772,Do Thi Thu Hang,,1971-06-07,vn,OPEN_SANCTIONS_PEP,
Q30921773,Ho Van Nam,,1961-07-01,vn,OPEN_SANCTIONS_PEP,
Q30921776,Vu Hai Ha,,1969-03-01,vn,OPEN_SANCTIONS_PEP,
Q30921787,Bui Xuan Thong,,1976-04-17,vn,OPEN_SANCTIONS_PEP,
Q30921827,Nguyen Nhu So,,1957-08-23,vn,OPEN_SANCTIONS_PEP,
Q30921831,Hoang Duy Chinh,,1968-09-15,vn,OPEN_SANCTIONS_PEP,
Q30921834,Hoang Thi Hoa,,1962-09-25,vn,OPEN_SANCTIONS_PEP,
Q30921838,Ha Thi Lan,,1978-09-04,vn,OPEN_SANCTIONS_PEP,
Q30921843,Leo Thi Lich,,1969-09-23,vn,OPEN_SANCTIONS_PEP,
Q30921853,Bui Thanh Son,,1962-10-16,vn,OPEN_SANCTIONS_PEP,
Q30921859,Nguyen Huy Thai,,1968-03-13,vn,OPEN_SANCTIONS_PEP,
Q30921860,Le Tan Toi,,1969-04-04,vn,OPEN_SANCTIONS_PEP,
Q30921861,Ta Van Ha,,1970-01-24,vn,OPEN_SANCTIONS_PEP,
Q30921862,Lai Xuan Mon,,1963-11-29,vn,OPEN_SANCTIONS_PEP,
Q30921867,Nguyen Thi Le Thuy,,1968-01-31,vn,OPEN_SANCTIONS_PEP,
Q30921873,Ly Tiet Hanh,,1972-10-30,vn,OPEN_SANCTIONS_PEP,
Q30921892,Dieu Huynh Sang,,1980-12-25,vn,OPEN_SANCTIONS_PEP,
Q30921893,Bo Thi Xuan Linh,,1970-03-01,vn,OPEN_SANCTIONS_PEP,
Q30921901,Tran Hong Nguyen,,1969-05-26,vn,OPEN_SANCTIONS_PEP,
Q30921906,Do Quang Thanh,,1965-10-19,vn,OPEN_SANCTIONS_PEP,
Q30921917,Nguyen Thi Mai Phuong,,1970-08-10,vn,OPEN_SANCTIONS_PEP,
Q30921928,Do Ngoc Thinh,,1960-01-10,vn,OPEN_SANCTIONS_PEP,
Q30921952,Nguyen Thi Minh Trang,,1979-05-16,vn,OPEN_SANCTIONS_PEP,
Q30921956,Duong Van Thong,,1961-12-07,vn,OPEN_SANCTIONS_PEP,
Q30921957,Giang A Chu,,1959-11-26,vn,OPEN_SANCTIONS_PEP,
Q30921967,Ma Thi Thuy,,1978-10-03,vn,OPEN_SANCTIONS_PEP,
Q30921973,Chau Van Lam,,1967-04-16,vn,OPEN_SANCTIONS_PEP,
Q30921991,Do Duc Duy,,1970-05-20,vn,OPEN_SANCTIONS_PEP,
Q30922015,Ngo Chi Cuong,,1967-09-11,vn,OPEN_SANCTIONS_PEP,
Q30922023,Thach Phuoc Binh,,1978-09-28,vn,OPEN_SANCTIONS_PEP,
Q30922040,Pham Nhu Hiep,,1965-08-10,vn,OPEN_SANCTIONS_PEP,
Q30922041,Nguyen Minh Son,,1972-02-21,vn,OPEN_SANCTIONS_PEP,
Q30922047,Nguyen Kim Tuyen,,1977-12-10,vn,OPEN_SANCTIONS_PEP,
Q30922053,Nguyen Hoang Mai,,1965-05-03,vn,OPEN_SANCTIONS_PEP,
Q30922070,Dang Xuan Phuong,,1974-11-25,vn,OPEN_SANCTIONS_PEP,
Q30922071,Luu Van Duc,,1967-02-18,vn,OPEN_SANCTIONS_PEP,
Q30922077,Ngo Thanh Danh,,1965-10-20,vn,OPEN_SANCTIONS_PEP,
Q30922083,Dang The Vinh,,1963-06-27,vn,OPEN_SANCTIONS_PEP,
Q30922103,Nguyen Truong Giang,,1971-08-07,vn,OPEN_SANCTIONS_PEP,
Q30922152,Huynh Minh Tuan,,1980-10-10,vn,OPEN_SANCTIONS_PEP,
Q30923376,Nguyen Kim Son,,1966-11-18,vn,OPEN_SANCTIONS_PEP,
Q30923886,Duong Ngoc Hai,,1967-02-03,vn,OPEN_SANCTIONS_PEP,
Q30923901,Hoang Van Cuong,,1963-01-01,vn,OPEN_SANCTIONS_PEP,
Q30923902,Vi Thi Huong,,1970-02-22;1983-01-23,vn,OPEN_SANCTIONS_PEP,
Q30923915,Nguyen Van Canh,,1977-12-07,vn,OPEN_SANCTIONS_PEP,
Q30923934,Nguyen Thi Lan,,1974-05-10,vn,OPEN_SANCTIONS_PEP,
Q30923937,Nguyen Manh Cuong,,1967-01-14,vn,OPEN_SANCTIONS_PEP,
Q30923943,Nguyen Thi Yen,,1965-08-14,vn,OPEN_SANCTIONS_PEP,
Q30923952,Nguyen Minh Duc,,1969-07-19,vn,OPEN_SANCTIONS_PEP,
Q30923954,Nguyen Minh Hoang,,1960-05-16,vn,OPEN_SANCTIONS_PEP,
Q30923962,Nguyen Van Binh,,1957-04-18,vn,OPEN_SANCTIONS_PEP,
Q30923976,Nguyen Huu Chinh,,1963-11-07,vn,OPEN_SANCTIONS_PEP,
Q30923986,Tran Van Minh,,1961-12-07,vn,OPEN_SANCTIONS_PEP,
Q30924004,Le Anh Tuan,,1976-02-23,vn,OPEN_SANCTIONS_PEP,
Q30924005,Tran Hong Ha,,1966-08-02,vn,OPEN_SANCTIONS_PEP,
Q30924010,Nguyen Van Tuyet,,1960-11-25,vn,OPEN_SANCTIONS_PEP,
Q30924029,Nguyen Ngoc Bao,,1967-06-16,vn,OPEN_SANCTIONS_PEP,
Q30924035,Nguyen Ngoc Bao,,1959-09-01,vn,OPEN_SANCTIONS_PEP,
Q30924038,Nguyen Tuan Anh,,1964-08-23,vn,OPEN_SANCTIONS_PEP,
Q30924050,Bui Quang Huy,,1977-03-25,vn,OPEN_SANCTIONS_PEP,
Q30924053,Nguyen Anh Tuan,,1979-11-26,vn,OPEN_SANCTIONS_PEP,
Q30924063,Duong Van An,,1971-02-15,vn,OPEN_SANCTIONS_PEP,
Q30924068,Tran Thi Dung,,1961-10-21,vn,OPEN_SANCTIONS_PEP,
Q30924069,Ta Minh Tam,,1978-11-07,vn,OPEN_SANCTIONS_PEP,
Q318458,Nguyen Phu Trong,Нгуен Фу Чонг;Նգուեն Ֆու Չոնգ;נגויין פו טרונג;نگوین فو ترونگ;نگوین فو ٹرونگ;न्गुएन फु त्रोंग;เหงียน ฟู้ จ่อง;ᱝᱩᱭᱮᱱ ᱯᱷᱩ ᱛᱨᱚᱝ;グエン・フー・チョン;阮富仲;응우옌푸쫑,1944-04-14,vn,OPEN_SANCTIONS_PEP,
Q353687,Pham Tuan,,1947-02-14,vn,OPEN_SANCTIONS_PEP,
Q369596,Nong Duc Manh,,1940-09-11,vn,OPEN_SANCTIONS_PEP,
Q392709,Nguyen Van An,,1937-10-01,vn,OPEN_SANCTIONS_PEP,
Q39658283,Andrew Do,,,vn,OPEN_SANCTIONS_PEP,
Q4016762,Vo Hoang Yen,,1988-10-29,vn,OPEN_SANCTIONS_PEP,
Q4120045,Nguyen Sinh Hung,Нгуен Шинь Хунг;グエン・シン・フン;阮生雄,1946-01-18,vn,OPEN_SANCTIONS_PEP,
Q4120336,Linh Dinh,,1963,us;vn,OPEN_SANCTIONS_PEP,
Q4315336,Nguyen Duy Quy,,1932-04-06,vn,OPEN_SANCTIONS_PEP,
Q44479739,Eric Ly,,1969-01-15,vn,OPEN_SANCTIONS_PEP,
Q446909,Nguyen Thi Binh,,1927-05-26,vn,OPEN_SANCTIONS_PEP,
Q4507023,Tran Bach Thu Ha,,1949-11-12,vn,OPEN_SANCTIONS_PEP,
Q45608478,Zeng Gun,,,vn,OPEN_SANCTIONS_PEP,
Q47506274,Tran Anh Tuan,,1974-07-02,vn,OPEN_SANCTIONS_PEP,
Q47506280,Pham Van Hoa,,1962-10-02,vn,OPEN_SANCTIONS_PEP,
Q47506287,Dang Xuan Phong,,1972-07-08,vn,OPEN_SANCTIONS_PEP,
Q47506288,Nguyen Hai Hung,,1966-03-22,vn,OPEN_SANCTIONS_PEP,
Q47506289,Nguyen Thi Viet Nga,,1976-09-29,vn,OPEN_SANCTIONS_PEP,
Q47506293,Bach Thi Huong Thuy,,1976-08-29,vn,OPEN_SANCTIONS_PEP,
Q47506295,Le Thi Yen,,1962-12-01,vn,OPEN_SANCTIONS_PEP,
Q47506299,Nguyen Tuan Anh,,1975-08-11,vn,OPEN_SANCTIONS_PEP,
Q47506301,Doan Thi Thanh Mai,,1971-11-13,vn,OPEN_SANCTIONS_PEP,
Q47506302,Vu Thi Nguyet,,1983-12-11,vn,OPEN_SANCTIONS_PEP,
Q47506304,Pham Dinh Toan,,1966-05-26,vn,OPEN_SANCTIONS_PEP,
Q47506306,Bui Dang Dung,,1960-10-20,vn,OPEN_SANCTIONS_PEP,
Q47506307,Chau Quynh Dao,,1977-05-18,vn,OPEN_SANCTIONS_PEP,
Q47506313,Nguyen Huu Toan,,1968-10-30,vn,OPEN_SANCTIONS_PEP,
Q47506315,Giang Pao My,,1963-12-22,vn,OPEN_SANCTIONS_PEP,
Q47506321,Giang Thi Binh,,1965-01-27,vn,OPEN_SANCTIONS_PEP,
Q47506322,Trieu The Hung,,1971-08-14,vn,OPEN_SANCTIONS_PEP,
Q47506323,Nguyen Tao,,1963-06-16,vn,OPEN_SANCTIONS_PEP,
Q47506324,K` Nhieu,,1972-07-13,vn,OPEN_SANCTIONS_PEP,
Q47506327,Phan Thi My Dung,,1974-11-28,vn,OPEN_SANCTIONS_PEP,
Q47506328,Hoang Van Lien,,1965-08-19,vn,OPEN_SANCTIONS_PEP,
Q47506330,Mai Thi Phuong Hoa,,1971-11-25,vn,OPEN_SANCTIONS_PEP,
Q47506333,Nguyen Thanh Cong,,1984-07-10,vn,OPEN_SANCTIONS_PEP,
Q47506336,Nguyen Phuong Tuan,,1975-03-20,vn,OPEN_SANCTIONS_PEP,
Q47506337,Dang Thi My Huong,,1973-06-24,vn,OPEN_SANCTIONS_PEP,
Q47506344,Bui Minh Chau,,1961-10-25,vn,OPEN_SANCTIONS_PEP,
Q47506350,Dinh Van Nha,,1960-06-27,vn,OPEN_SANCTIONS_PEP,
Q47506357,Phan Thai Binh,,1974-08-12,vn,OPEN_SANCTIONS_PEP,
Q47506358,Le Ngoc Hai,,1970-02-07,vn,OPEN_SANCTIONS_PEP,
Q47506360,Dinh Thi Phuong Lan,,1976-06-05,vn,OPEN_SANCTIONS_PEP,
Q47506363,Le Minh Chuan,,1965-04-02,vn,OPEN_SANCTIONS_PEP,
Q47506364,Do Thi Lan,,1967-11-17,vn,OPEN_SANCTIONS_PEP,
Q47506365,To Ai Vang,,1975-05-29,vn,OPEN_SANCTIONS_PEP,
Q47506367,Quang Van Huong,,1969-07-03,vn,OPEN_SANCTIONS_PEP,
Q47506391,Le Quang Tung,,1971-10-30,vn,OPEN_SANCTIONS_PEP,
Q485476,Phung Quang Thanh,Фунг Куанг Тхань;ฝุ่ง กวาง ทัญ;フン・クアン・タイン;冯光青;馮光青;풍꽝타인,1949-02-02,vn,OPEN_SANCTIONS_PEP,
Q49054138,Ha Thi Nga,,1969-02-20,vn,OPEN_SANCTIONS_PEP,
Q49054159,Nguyen Van Hien,,1974-02-16,vn,OPEN_SANCTIONS_PEP,
Q49054233,Hoang Thanh Tung,,1966-12-25,vn,OPEN_SANCTIONS_PEP,
Q49054321,Le Van Thanh,,1962-10-20,vn,OPEN_SANCTIONS_PEP,
Q49054386,Lu Van Hung,,1963-01-01,vn,OPEN_SANCTIONS_PEP,
Q49054402,Ho Quoc Dung,,1966-08-15,vn,OPEN_SANCTIONS_PEP,
Q49054507,Lam Van Man,,1970-12-10,vn,OPEN_SANCTIONS_PEP,
Q49054637,Bui Thi Minh Hoai,,1965-01-12,vn,OPEN_SANCTIONS_PEP,
Q49054650,Nguyen Xuan Thang,,1957-02-18,vn,OPEN_SANCTIONS_PEP,
Q49054660,Nguyen Van Thang,,1973-09-12,vn,OPEN_SANCTIONS_PEP,
Q49054673,Ngo Dong Hai,,1970-10-25,vn,OPEN_SANCTIONS_PEP,
Q49054816,Nguyen Thanh Tam,,1974-11-20,vn,OPEN_SANCTIONS_PEP,
Q49054981,Dao Thi Xuan Lan,,1961-09-08,vn,OPEN_SANCTIONS_PEP,
Q49055020,Tran Cong Phan,,1960-07-13,vn,OPEN_SANCTIONS_PEP,
Q49055314,Nguyen Van Phung,,1960-10-16,vn,OPEN_SANCTIONS_PEP,
Q49055738,Trinh The Khiet,,1958-04-14,vn,OPEN_SANCTIONS_PEP,
Q49055741,Huynh Minh Thien,,1958-12-27,vn,OPEN_SANCTIONS_PEP,
Q49055754,Huynh Nghia,,1955-06-15,vn,OPEN_SANCTIONS_PEP,
Q49055762,Nguyen Van Hien,,1962-08-19,vn,OPEN_SANCTIONS_PEP,
Q49055771,Truong Minh Chien,,1955-05-15,vn,OPEN_SANCTIONS_PEP,
Q49055788,Nguyen Cong Binh,,1956-10-10,vn,OPEN_SANCTIONS_PEP,
Q49055790,Ho Thi Thuy,,1962-10-30,vn,OPEN_SANCTIONS_PEP,
Q49055792,Dang Thi Kim Lien,,1980-03-12,vn,OPEN_SANCTIONS_PEP,
Q49055794,Hoang Viet Phuong,,1965-10-04,vn,OPEN_SANCTIONS_PEP,
Q49055795,Nguyen Van Thanh,,1956-02-27,vn,OPEN_SANCTIONS_PEP,
Q49055798,Nguyen Huu Hung,,1954-11-28,vn,OPEN_SANCTIONS_PEP,
Q49055799,Tran Quoc Tuan,,1970-02-08,vn,OPEN_SANCTIONS_PEP,
Q49055800,Tran Van Tan,,1959-12-15,vn,OPEN_SANCTIONS_PEP,
Q49055802,Ha Thi Van,,1962-05-22,vn,OPEN_SANCTIONS_PEP,
Q49055804,Huynh Van Tinh,,1954-06-01,vn,OPEN_SANCTIONS_PEP,
Q49055806,Dong Huu Mao,,1954-03-01,vn,OPEN_SANCTIONS_PEP,
Q49055807,Ha Huy Thong,,1957-06-12,vn,OPEN_SANCTIONS_PEP,
Q49055810,Y Thong,,1966-11-11,vn,OPEN_SANCTIONS_PEP,
Q49055812,Nguyen Van Thinh,,1957-08-10,vn,OPEN_SANCTIONS_PEP,
Q49055813,Nguyen Van Phuc,,1955-02-23,vn,OPEN_SANCTIONS_PEP,
Q49055815,Nguyen Kim Hong,,1959-09-25,vn,OPEN_SANCTIONS_PEP,
Q49055821,Dang Cong Ly,,1960-05-15,vn,OPEN_SANCTIONS_PEP,
Q49055823,Bui Manh Hung,,1956-06-08,vn,OPEN_SANCTIONS_PEP,
Q49055825,Dang Xuan Huy,,1979-03-12,vn,OPEN_SANCTIONS_PEP,
Q49055829,Dao Tan Loc,,1953-03-03,vn,OPEN_SANCTIONS_PEP,
Q49055832,Dang Thi Kim Chi,,1963-05-23,vn,OPEN_SANCTIONS_PEP,
Q49055957,Vu Hai,,1959-08-18,vn,OPEN_SANCTIONS_PEP,
Q49055962,Ha Minh Hue,,1951-09-08,vn,OPEN_SANCTIONS_PEP,
Q49055968,Do Ngoc Nien,,1958-08-16,vn,OPEN_SANCTIONS_PEP,
Q49055970,Dinh Thi Mai Lan,,1979-02-22,vn,OPEN_SANCTIONS_PEP,
Q49055975,Hoang Van Thuong,,1948-07-24,vn,OPEN_SANCTIONS_PEP,
Q49055985,H`Yim Kdoh,,1973-01-01,vn,OPEN_SANCTIONS_PEP,
Q49055989,Tran Dinh Long,,1954-05-25,vn,OPEN_SANCTIONS_PEP,
Q49055991,K` Krah,,1966-02-20,vn,OPEN_SANCTIONS_PEP,
Q49055995,Duong Ngoc Nguu,,1954-07-14,vn,OPEN_SANCTIONS_PEP,
Q49056000,Dinh Huy Chien,,1966-04-08,vn,OPEN_SANCTIONS_PEP,
Q49056004,Do Manh Hung,,1958-05-20,vn,OPEN_SANCTIONS_PEP,
Q49056009,Vu Cong Tien,,1956-09-02,vn,OPEN_SANCTIONS_PEP,
Q49056021,Ha Cong Long,,1954-07-27,vn,OPEN_SANCTIONS_PEP,
Q49056026,Siu Huong,,1983-08-16,vn,OPEN_SANCTIONS_PEP,
Q49056032,Huynh Tuan Duong,,1962-01-27,vn,OPEN_SANCTIONS_PEP,
Q49056036,Mai Xuan Hung,,1955-04-08,vn,OPEN_SANCTIONS_PEP,
Q49056041,Dang Ngoc Quynh,,1963-11-09,vn,OPEN_SANCTIONS_PEP,
Q49056043,Dang Dinh Luyen,,1957-03-03,vn,OPEN_SANCTIONS_PEP,
Q49056047,Le Minh Hien,,1963-07-21,vn,OPEN_SANCTIONS_PEP,
Q49056048,Nguyen Minh Hong,,1944-03-03,vn,OPEN_SANCTIONS_PEP,
Q49056049,Luong Tam Quang,,1965-10-17,vn,OPEN_SANCTIONS_PEP,
Q49056301,Khuc Thi Duyen,,1961-05-28,vn,OPEN_SANCTIONS_PEP,
Q49056302,Do Van Ve,,1962-03-26,vn,OPEN_SANCTIONS_PEP,
Q49081097,Dao Hong Lan,,1971-07-23,vn,OPEN_SANCTIONS_PEP,
Q49081380,Pham Hong Thuy Van,,1993-10-06,vn,OPEN_SANCTIONS_PEP,
Q4986345,Bui Tien Dung,,1951,vn,OPEN_SANCTIONS_PEP,
Q5215946,Dang Thi Hoang Yen,,1959-06-01,vn,OPEN_SANCTIONS_PEP,
Q5278305,Dinh The Huynh,丁世兄,1953-05-15,vn,OPEN_SANCTIONS_PEP,
Q562168,Eugene H. Trinh,,1950-09-14,us;vn,OPEN_SANCTIONS_PEP,
Q57400,Nguyen Minh Triet,,1942-10-08,vn,OPEN_SANCTIONS_PEP,
Q57407,Truong Tan Sang,Sang Tan Truong;Cıonq Tan Sanq;Cions Ton Sans;Труонг Тан Санг;Чионг Тан Шанг;Чыонг Тан Шанг;Чьонг Тан Шанг;Չիոնգ Տան Շանգ;טרואונג טאן סאנג;טרואנג טאן סאנג;ترونغ تان سانغ;ترونگ تان سانگ;त्रुओन्ग तन्सन्ग्;ট্রুং তান সাং;துருஒங் டான் சாங்;เจือง เติ๊น ซาง;チュオン・タン・サン;张晋创;張晉創;쯔엉떤상,1949-01-21,vn,OPEN_SANCTIONS_PEP,
Q5753361,Hieu Van Le,,1954,au;fr;gb;vn,OPEN_SANCTIONS_PEP,
Q57600,Nguyen Tan Dung,Nguyen Tan Dung (Ba Dung),1949-11-17,vn,OPEN_SANCTIONS_PEP,
Q58170,Pham Gia Khiem,,1944-08-06,vn,OPEN_SANCTIONS_PEP,
Q58655702,Vu Hong Nam,,1963-05-02,vn,OPEN_SANCTIONS_PEP,
Q5874441,Hoang Tu Duy,,1971,vn,OPEN_SANCTIONS_PEP,
Q5875284,Hoc Phi,,,vn,OPEN_SANCTIONS_PEP,
Q5912794,Houen Houei,,,vn,OPEN_SANCTIONS_PEP,
Q60550872,Phraya Rachasetthi,,,kh;vn,OPEN_SANCTIONS_PEP,
Q6106666,Ngo Thi Doan Thanh,,1957-10-28,vn,OPEN_SANCTIONS_PEP,
Q61128613,Bui Duc Thu,,1958-03-08,vn,OPEN_SANCTIONS_PEP,
Q61128614,Danh Ut,,1956-03-19,vn,OPEN_SANCTIONS_PEP,
Q61128617,Vo Ngoc Thu,,1961-08-28,vn,OPEN_SANCTIONS_PEP,
Q61128619,Do Huu Lam,,1958-10-09,vn,OPEN_SANCTIONS_PEP,
Q61128620,Chu Duc Quang,,1981-10-25,vn,OPEN_SANCTIONS_PEP,
Q61128625,Dinh Thi Phuong Khanh,,1978-09-30,vn,OPEN_SANCTIONS_PEP,
Q61128626,Vu Xuan Truong,,1954-09-24,vn,OPEN_SANCTIONS_PEP,
Q61128630,Ma Dien Cu,,1954-01-25,vn,OPEN_SANCTIONS_PEP,
Q61128631,Hoang Thi To Nga,,1967-11-03,vn,OPEN_SANCTIONS_PEP,
Q61128632,Vo Tuan Nhan,,1963-03-06,vn,OPEN_SANCTIONS_PEP,
Q61128638,Tran Xuan Hoa,,1954-05-23,vn,OPEN_SANCTIONS_PEP,
Q61128639,Do Thi Hoang,,1958-08-24,vn,OPEN_SANCTIONS_PEP,
Q61128649,Le Nhu Tien,,1954-08-04,vn,OPEN_SANCTIONS_PEP,
Q61128656,Quang Thi Nguyen,,1984-01-19,vn,OPEN_SANCTIONS_PEP,
Q61128657,Bui Nguyen Suy,,1957-09-20,vn,OPEN_SANCTIONS_PEP,
Q61128959,Le Tien Chau,,1969-10-05,vn,OPEN_SANCTIONS_PEP,
Q61129021,Hoang Van Nghiem,,1968-09-02,vn,OPEN_SANCTIONS_PEP,
Q61129032,Do Xuan Tuyen,,,vn,OPEN_SANCTIONS_PEP,
Q61129337,Nguyen Xuan Dat,,1967-01-14,vn,OPEN_SANCTIONS_PEP,
Q61129687,Nguyen Van Quang,,1969-08-23,vn,OPEN_SANCTIONS_PEP,
Q61130245,Vu Dai Thang,,1975-10-04,vn,OPEN_SANCTIONS_PEP,
Q61130675,Le Tat Hieu,,1966-08-01,vn,OPEN_SANCTIONS_PEP,
Q61131145,Nguyen Hai Trung,,1968-10-06,vn,OPEN_SANCTIONS_PEP,
Q61131730,Thai Thanh Quy,,1976-04-19,vn,OPEN_SANCTIONS_PEP,
Q61131865,Ly Van Huan,,1971-10-13,vn,OPEN_SANCTIONS_PEP,
Q61131888,Nguyen Thanh Hai,,1972-05-21,vn,OPEN_SANCTIONS_PEP,
Q61132836,Pham Dai Duong,,1974-02-06,vn,OPEN_SANCTIONS_PEP,
Q6140549,Rudravarman I,,,vn,OPEN_SANCTIONS_PEP,
Q62140851,Plastique Tiara,,1997-04-11,us;vn,OPEN_SANCTIONS_PEP,
Q6252739,John Pham,,,vn,OPEN_SANCTIONS_PEP,
Q6507069,Le Hong Anh,له هونگ آن;لي هونغ آن;黎鸿英,1949-11-12,vn,OPEN_SANCTIONS_PEP,
Q6507746,Le Thanh Hai,,1950-02-20,vn,OPEN_SANCTIONS_PEP,
Q65163178,Le Thanh Phong,,1967-10-06,vn,OPEN_SANCTIONS_PEP,
Q65163337,Nguyen Quoc Duyet,,1968-04-08,vn,OPEN_SANCTIONS_PEP,
Q65164388,Duong Van Thang,,1969-03-08,vn,OPEN_SANCTIONS_PEP,
Q65171363,Le Quang Manh,,1974-04-14,vn,OPEN_SANCTIONS_PEP,
Q65172375,Y Thanh Ha Nie Kdam,,1973-12-23,vn,OPEN_SANCTIONS_PEP,
Q65174425,Bui Van Nghiem,,1966-11-18,vn,OPEN_SANCTIONS_PEP,
Q6720223,Mac Kinh Vu,,,vn,OPEN_SANCTIONS_PEP,
Q6782607,Ly Khue,,,vn,OPEN_SANCTIONS_PEP,
Q6860619,丁文雄,,1953-10-15,vn,OPEN_SANCTIONS_PEP,
Q6864880,Minh Quang Tran,,1951-05-30,vn,OPEN_SANCTIONS_PEP,
Q6962085,Namson Tran,"Tran, Hon. Namson",1968-12-03,sb;vn,OPEN_SANCTIONS_PEP,
Q7022460,Ngo Van Du,吳文諭,1947-12-21,vn,OPEN_SANCTIONS_PEP,
Q7022793,Nguyen Dan Que,,1942-04,vn,OPEN_SANCTIONS_PEP,
Q7022883,Nguyen Minh Thuyet,,1948,vn,OPEN_SANCTIONS_PEP,
Q7022896,Nguyen Ngoc Ngan,,1945-01-26,vn,OPEN_SANCTIONS_PEP,
Q7022933,Nguyen Quoc Cuong,,1952-05-06,vn,OPEN_SANCTIONS_PEP,
Q7022967,Nguyen Thi Doan,نغوين ثي دوان;เหงียน ถิ ซวาน;グエン・ティ・ゾアン;阮氏緣;응우옌티조안,1951-01-11;1951-11-08,vn,OPEN_SANCTIONS_PEP,
Q7022980,Nguyen Thien Nhan,Нгуен Тхиен Нян;阮善仁,1953-06-12,vn,OPEN_SANCTIONS_PEP,
Q7023019,Nguyen Van Hien,,1954-10-15,vn,OPEN_SANCTIONS_PEP,
Q7023062,Nguyen Xuan Minh,,1971-02-03,vn,OPEN_SANCTIONS_PEP,
Q7023131,Nguyen Van Minh Tien,,1974,vn,OPEN_SANCTIONS_PEP,
Q7180375,Pham Quang Nghi,ファム・クァン・ギー,1949-09-02,vn,OPEN_SANCTIONS_PEP,
Q7180379,Pham Thanh Ngan,,1939-04-18,vn,OPEN_SANCTIONS_PEP,
Q7188373,Phuong Ngo,,1958,vn,OPEN_SANCTIONS_PEP,
Q7212412,Mac Kinh Chi,,,vn,OPEN_SANCTIONS_PEP,
Q7268863,Quang X. Pham,,1964,us;vn,OPEN_SANCTIONS_PEP,
Q7417744,Sang Nguyen,,1960,au;vn,OPEN_SANCTIONS_PEP,
Q7682745,Tang Thanh Ha,,1986-10-24,vn,OPEN_SANCTIONS_PEP,
Q7783907,Thich Nhat Tu,,1969-04-01,vn,OPEN_SANCTIONS_PEP,
Q7810975,To Huy Rua,苏辉若;蘇輝若,1947-06-04,vn,OPEN_SANCTIONS_PEP,
Q7820947,Tong Thi Phong,丛氏放;叢氏放;똥티퐁,1954-02-10,vn,OPEN_SANCTIONS_PEP,
Q7831039,Tra Giang,,1941,vn,OPEN_SANCTIONS_PEP,
Q7833292,Tran Dai Quang,Can Day Kuanq;Чан Дай Куанг;تران داي كوانغ;تران دای کوانگ;تراى داى كوانج;ٹران ڈائی کوآنگ;เจิ่น ดั่ย กวาง;Ჩან Დაი Კუანგი;チャン・ダイ・クアン;陈大光;陳大光;쩐다이꽝,1956-10-12,vn,OPEN_SANCTIONS_PEP,
Q7833299,Tran Hanh,,1932-11-29,vn,OPEN_SANCTIONS_PEP,
Q7833321,Tran Thi Hoa Ry,,1976-04-11,vn,OPEN_SANCTIONS_PEP,
Q7833336,Tran Van Khiem,,,vn,OPEN_SANCTIONS_PEP,
Q7847999,Truong Hoa Binh,쯔엉호아빈,1955-04-13,vn,OPEN_SANCTIONS_PEP,
Q7848000,Truong My Hoa,,1945-05-08,vn,OPEN_SANCTIONS_PEP,
Q7848004,Truong Tri Truc Diem,,1987-05-24,vn,OPEN_SANCTIONS_PEP,
Q7925536,Vicky Nguyen,,1979,vn,OPEN_SANCTIONS_PEP,
Q7939147,Vo Hong Phuc,,1945-10-19,vn,OPEN_SANCTIONS_PEP,
Q7943276,Vu Khoan,,1937-10-07,vn,OPEN_SANCTIONS_PEP,
Q7943286,Vu Van Ninh,Ву Ван Нинь,1955-02-23,vn,OPEN_SANCTIONS_PEP,
Q8007606,Kanharpadharma,,,vn,OPEN_SANCTIONS_PEP,
Q8032000,Wong Kwok-Hing,王國興,1949-03-29,cn;hk;vn,OPEN_SANCTIONS_PEP,
Q80629391,Matt Nguyen,,1989-03-25,vn,OPEN_SANCTIONS_PEP,
Q85866746,Nguyen Van Thang,,,vn,OPEN_SANCTIONS_PEP,
Q86004459,Anh Thu,,1982-04-26,vn,OPEN_SANCTIONS_PEP,
Q86006845,Duong Van Thai,,1970-07-22,vn,OPEN_SANCTIONS_PEP,
Q86010400,Nguyen Huu Dong,,1972-09-20,vn,OPEN_SANCTIONS_PEP,
Q86010491,Nguyen Quoc Dung,,1964,vn,OPEN_SANCTIONS_PEP,
Q86010581,Nguyen Van Thuan,,1965-12-08,vn,OPEN_SANCTIONS_PEP,
Q86012870,Vu Thanh Chuong,,1968-05-09,vn,OPEN_SANCTIONS_PEP,
Q92331925,Nguyen Van Thao,,1964,vn,OPEN_SANCTIONS_PEP,
Q94392,Dinh La Thang,ディン・ラ・タン;丁罗升;丁羅升;黄忠海,1960-09-10,vn,OPEN_SANCTIONS_PEP,
Q952839,Cung Le,,1972-05-25,us;vn,OPEN_SANCTIONS_PEP,
Q97162445,Do Thanh Binh,,1967-03-15,vn,OPEN_SANCTIONS_PEP,
Q97166858,Hoang Van Huu,,1966-05-25,vn,OPEN_SANCTIONS_PEP,
Q97927041,Le Khanh Hai,,1966-05-27,vn,OPEN_SANCTIONS_PEP,
Q98132926,Le Quang Dao,,1971-03-23,vn,OPEN_SANCTIONS_PEP,
Q98748545,Le Quoc Minh,,1969,vn,OPEN_SANCTIONS_PEP,
ca-forreps-705caeacc7c133220ce910850ac8264436760169,Vinh Quang Pham,,,ca;vn,OPEN_SANCTIONS_PEP,
ca-forreps-e57f45cb9c89e99a24510b87f46d62ee4042f680,Thi Nguyet Nga Nguyen,,,ca;vn,OPEN_SANCTIONS_PEP,
evpo-04760127-896f-4da3-87b3-705cc75b03e9,Doan Nguyen Thuy Trang,,1972-08-12,vn,OPEN_SANCTIONS_PEP,
evpo-109a9a0b-68ca-45fe-8e6e-42fd34f779ea,Huynh Minh Hoang,,1963-02-05,vn,OPEN_SANCTIONS_PEP,
evpo-13915b9b-876b-4c9d-a354-3e464fe3e039,Huynh Ngoc Anh,,1962-03-20,vn,OPEN_SANCTIONS_PEP,
evpo-1604bab0-ca88-4719-bf51-46d034a982b0,Nguyen Van Minh,,1964-02-02,vn,OPEN_SANCTIONS_PEP,
evpo-28d2f7df-56e5-4f8e-b789-b72a67a219f4,Le Thanh Hai (Hai Nhut),,1950-02-20,vn,OPEN_SANCTIONS_PEP,
evpo-3eb98d62-bc4b-45f3-955c-2f4c9c6b3404,Nguyen Hoi (Hoa Thuong Thich Chon Thien),,1942-12-01,vn,OPEN_SANCTIONS_PEP,
evpo-402aef18-c12a-4f67-98e7-448839ad65ba,Duong Quang Son,,1963-10-14,vn,OPEN_SANCTIONS_PEP,
evpo-473f7849-b538-4ad6-a5cb-8491b538bf85,Hoang Ngoc Dung,,1961-07-01,vn,OPEN_SANCTIONS_PEP,
evpo-50e50585-1858-4a5c-96d6-ae1c4a54020f,Mai The Trung,,1954-09-27,vn,OPEN_SANCTIONS_PEP,
evpo-5f4d6262-38a8-45a8-bf52-61cdea49a01a,Nguyen Thanh Binh,,1955-08-06,vn,OPEN_SANCTIONS_PEP,
evpo-7b23f27d-d820-449c-95d5-5ff09f204abc,Huynh Ngoc Dang,,1958-04-26,vn,OPEN_SANCTIONS_PEP,
evpo-87d79382-3280-4034-a918-d40be97d5dea,Vo Thi Hong Thoai,,1958-11-26,vn,OPEN_SANCTIONS_PEP,
evpo-88602cbf-f862-49ca-90dd-37eefc1e891d,Nguyen Van Minh,,1960-06-21,vn,OPEN_SANCTIONS_PEP,
evpo-a7049d24-eee7-40eb-9acc-a5d71e74fefb,Hoang Duc Tham,,1957-08-15,vn,OPEN_SANCTIONS_PEP,
evpo-a79237c6-b84d-46e0-a5b5-73d46203f6bc,Ho Trong Ngu (Hoang Trong),,1958-01-12,vn,OPEN_SANCTIONS_PEP,
evpo-aba97790-e236-422e-a718-7cd2598d6d91,Chu Le Chu (Chu Le Chinh),,1966-05-04,vn,OPEN_SANCTIONS_PEP,
evpo-c1c0442d-54ca-40f6-a1de-1040f739f802,Huynh Thanh,,1957-01-20,vn,OPEN_SANCTIONS_PEP,
evpo-d108961d-156e-40e1-93d4-e365a7714d71,Bui Tri Dung,,1957-05-20,vn,OPEN_SANCTIONS_PEP,
evpo-d711f245-e34d-424e-a3ac-3805c425d4e1,Tran Van Do (Tran Tho Do),,1954-10-20,vn,OPEN_SANCTIONS_PEP,
evpo-de82d25d-f1e4-4cc8-be66-3de7cf372b13,Dinh Thi Bach Mai,,1960-11-22,vn,OPEN_SANCTIONS_PEP,
evpo-ee5dfa2c-8702-4c45-a9b3-4ae23f22f692,Dao Xuan Yen,,1972-04-15,vn,OPEN_SANCTIONS_PEP,
evpo-f92aead8-c45a-4ba6-ab40-9464dbc0f0e5,Bui Van Phuong (Bui Viet Phuong),,1961-01-05,vn,OPEN_SANCTIONS_PEP,
evpo-fb042608-62f0-4937-a417-627515a737cd,Hoa Thuong Thach Huon (Hoa Thuong Thach Hol),,1944-10-04,vn,OPEN_SANCTIONS_PEP,
evpo-fdc73f2f-ca09-4581-a497-3e9a430c8922,Nguyen Minh Phuong,,1974-02-22,vn,OPEN_SANCTIONS_PEP,
vn-na-13-2244,Dinh Ngoc Minh,,1967-05-03,vn,OPEN_SANCTIONS_PEP,
vn-na-13-5439,Le Thi Ngoc Linh,,1982-07-22,vn,OPEN_SANCTIONS_PEP,
vn-na-13-5669,Nguyen Duy Thanh,,1983-03-12,vn,OPEN_SANCTIONS_PEP,
vn-na-14-5246,Nguyen Van Quan,,1980-03-08,vn,OPEN_SANCTIONS_PEP,
vn-na-14-5631,Ly Duc,Thuong Toa Ly Minh Duc,1970-04-24,vn,OPEN_SANCTIONS_PEP,
vn-na-15-4859,Be Minh Duc,,1974-02-15,vn,OPEN_SANCTIONS_PEP,
vn-na-15-4865,Doan Thi Le An,,1979-02-26,vn,OPEN_SANCTIONS_PEP,
vn-na-16-4836,Tran Chi Cuong,,1973-02-15,vn,OPEN_SANCTIONS_PEP,
vn-na-16-5411,Dang Thi Bao Trinh,,1986-03-28,vn,OPEN_SANCTIONS_PEP,
vn-na-17-2154,Ngo Trung Thanh,,1975-01-29,vn,OPEN_SANCTIONS_PEP,
vn-na-17-2251,Nguyen Thi Xuan,,1967-10-25,vn,OPEN_SANCTIONS_PEP,
vn-na-17-5710,Le Thi Thanh Xuan,,1977-12-15,vn,OPEN_SANCTIONS_PEP,
vn-na-18-2250,Phan Viet Luong,,1967-02-01,vn,OPEN_SANCTIONS_PEP,
vn-na-18-2281,Tho Ut,,1970-04-26,vn,OPEN_SANCTIONS_PEP,
vn-na-18-5650,Do Huy Khanh,,1977-05-30,vn,OPEN_SANCTIONS_PEP,
vn-na-19-5788,Nguyen Van Duong,,1967-12-03,vn,OPEN_SANCTIONS_PEP,
vn-na-2-4961,Chau Chac,,1971-05-06,vn,OPEN_SANCTIONS_PEP,
vn-na-2-4973,Nguyen Van Thanh,,1972-08-20,vn,OPEN_SANCTIONS_PEP,
vn-na-2-5484,Nguyen Viet Thang,,1972-03-13,vn,OPEN_SANCTIONS_PEP,
vn-na-2-5486,Ly Anh Thu,,1976-05-05,vn,OPEN_SANCTIONS_PEP,
vn-na-20-5234,Ro Cham H′Phik,,1979-02-15,vn,OPEN_SANCTIONS_PEP,
vn-na-21-2231,Nguyen Van Than,,1955-02-02,vn,OPEN_SANCTIONS_PEP,
vn-na-21-5599,Nguyen Thi Thu Dung,,1969-08-04,vn,OPEN_SANCTIONS_PEP,
vn-na-21-5607,Tran Khanh Thu,,1982-11-26,vn,OPEN_SANCTIONS_PEP,
vn-na-23-2198,Truong Xuan Cu,,1960-10-05,vn,OPEN_SANCTIONS_PEP,
vn-na-23-5363,Bui Huyen Mai,,1975-09-03,vn,OPEN_SANCTIONS_PEP,
vn-na-23-5378,Nguyen Tuan Thinh,,1971-04-22,vn,OPEN_SANCTIONS_PEP,
vn-na-23-5666,Le Quan,,1974-08-13,vn,OPEN_SANCTIONS_PEP,
vn-na-26-2192,Bui Thi Quynh Tho,,1976-08-28,vn,OPEN_SANCTIONS_PEP,
vn-na-26-4870,Ha Tho Binh,,1968-12-04,vn,OPEN_SANCTIONS_PEP,
vn-na-28-2197,Nguyen Chu Hoi,,1952-05-15,vn,OPEN_SANCTIONS_PEP,
vn-na-28-4950,Do Van Hien,Do Manh Hien,1969-11-10,vn,OPEN_SANCTIONS_PEP,
vn-na-28-5185,Dinh Thi Ngoc Dung,,1985-11-26,vn,OPEN_SANCTIONS_PEP,
vn-na-29-2233,Vu Huy Khanh,,1974-07-02,vn,OPEN_SANCTIONS_PEP,
vn-na-29-2254,Nguyen Van Rien,Linh Muc Nguyen Van Rien,1955-12-20,vn,OPEN_SANCTIONS_PEP,
vn-na-29-2325,Nguyen Quang Huan,,1964-12-20,vn,OPEN_SANCTIONS_PEP,
vn-na-29-5037,Nguyen Hoang Bao Tran,,1975-06-22,vn,OPEN_SANCTIONS_PEP,
vn-na-29-5090,Duong Tan Quan,,1985-10-21,vn,OPEN_SANCTIONS_PEP,
vn-na-29-5496,Nguyen Thi Hong Hanh,,1974-01-11,vn,OPEN_SANCTIONS_PEP,
vn-na-29-5506,Nguyen Thi Le,,1967-09-26,vn,OPEN_SANCTIONS_PEP,
vn-na-29-5522,Nguyen Thanh Sang,,1969-10-09,vn,OPEN_SANCTIONS_PEP,
vn-na-29-5536,Phan Van Xung,,1967-03-07,vn,OPEN_SANCTIONS_PEP,
vn-na-31-5782,Nguyen Van Thuan,,1958-01-15,vn,OPEN_SANCTIONS_PEP,
vn-na-34-5307,Pham Thi Kieu,,1981-10-20,vn,OPEN_SANCTIONS_PEP,
vn-na-34-5310,Tran Thi Thu Hang,,1982-03-11,vn,OPEN_SANCTIONS_PEP,
vn-na-34-5686,Trinh Thi Tu Anh,,1980-08-17,vn,OPEN_SANCTIONS_PEP,
vn-na-35-5213,Nguyen Thi Lan Anh,,1981-05-18,vn,OPEN_SANCTIONS_PEP,
vn-na-35-5420,Khang Thi Mao,,1986-09-05,vn,OPEN_SANCTIONS_PEP,
vn-na-36-4990,Chu Thi Hong Thai,,1984-11-21,vn,OPEN_SANCTIONS_PEP,
vn-na-36-4994,Luu Ba Mac,,1980-10-21,vn,OPEN_SANCTIONS_PEP,
vn-na-37-5612,Tao Van Giot,,1990-08-16,vn,OPEN_SANCTIONS_PEP,
vn-na-40-5282,Hoang Thi Thu Hien,,1975-11-10,vn,OPEN_SANCTIONS_PEP,
vn-na-40-5291,Tran Nhat Minh,,1970-04-09,vn,OPEN_SANCTIONS_PEP,
vn-na-41-4980,Khuong Thi Mai,,1966-09-08,vn,OPEN_SANCTIONS_PEP,
vn-na-41-4981,Nguyen Thi Thuy Ngoc,,1982-07-22,vn,OPEN_SANCTIONS_PEP,
vn-na-41-4983,Tran Thi Quynh,,1993-01-23,vn,OPEN_SANCTIONS_PEP,
vn-na-41-5041,Mai Khanh,,1975-10-22,vn,OPEN_SANCTIONS_PEP,
vn-na-41-5577,Nguyen Quoc Hung,,1969-04-19,vn,OPEN_SANCTIONS_PEP,
vn-na-43-2313,Nguyen Dang Khai,,1966-09-02,vn,OPEN_SANCTIONS_PEP,
vn-na-43-5160,Ha Anh Phuong,,1991-11-03,vn,OPEN_SANCTIONS_PEP,
vn-na-43-5817,Tran Van Tien,,1962-05-05,vn,OPEN_SANCTIONS_PEP,
vn-na-47-4894,Luong Van Hung,,1976-06-10,vn,OPEN_SANCTIONS_PEP,
vn-na-47-4895,Vu Thi Lien Huong,,1972-06-01,vn,OPEN_SANCTIONS_PEP,
vn-na-47-5563,Nang Xo Vi,,1996-02-11,vn,OPEN_SANCTIONS_PEP,
vn-na-49-2332,Ho Thi Minh,,1976-09-23,vn,OPEN_SANCTIONS_PEP,
vn-na-49-5194,Tran Quang Minh,,1976-11-25,vn,OPEN_SANCTIONS_PEP,
vn-na-52-5128,Nguyen Thanh Hai,,1972-11-30,vn,OPEN_SANCTIONS_PEP,
vn-na-52-5133,Tran Quoc Quan,,1987-10-02,vn,OPEN_SANCTIONS_PEP,
vn-na-52-5138,Nguyen Hoang Uyen,,1976-06-24,vn,OPEN_SANCTIONS_PEP,
vn-na-52-5679,Huynh Thanh Phuong,,1978-05-04,vn,OPEN_SANCTIONS_PEP,
vn-na-54-2159,Nguyen Thi Thuy,,1977-12-15,vn,OPEN_SANCTIONS_PEP,
vn-na-54-4910,Nguyen Thi Hue,,1984-01-04,vn,OPEN_SANCTIONS_PEP,
vn-na-54-4914,Ho Thi Kim Ngan,,1978-03-02,vn,OPEN_SANCTIONS_PEP,
vn-na-56-5097,Cam Thi Man,,1970-11-12,vn,OPEN_SANCTIONS_PEP,
vn-na-56-5105,Pham Thi Xuan,,1991-10-11,vn,OPEN_SANCTIONS_PEP,
vn-na-56-5109,Le Van Cuong,,1978-08-28,vn,OPEN_SANCTIONS_PEP,
vn-na-59-5009,Nguyen Viet Ha,,1985-12-03,vn,OPEN_SANCTIONS_PEP,
vn-na-59-5053,Vuong Thi Huong,,1988-09-28,vn,OPEN_SANCTIONS_PEP,
vn-na-60-2351,Tran Thi Thanh Lam,,1979-09-29,vn,OPEN_SANCTIONS_PEP,
vn-na-60-5002,Pham Thi Hong Diem,,1979-01-01,vn,OPEN_SANCTIONS_PEP,
vn-na-60-5802,Nguyen Thanh Phong,,1976-05-21,vn,OPEN_SANCTIONS_PEP,
vn-na-60-5803,Trinh Minh Binh,,1977-08-22,vn,OPEN_SANCTIONS_PEP,
vn-na-60-5804,Nguyen Thi Quyen Thanh,,1978-10-19,vn,OPEN_SANCTIONS_PEP,
vn-na-64-5165,Quang Thi Nguyet,,1997-11-01,vn,OPEN_SANCTIONS_PEP,
vn-na-64-5170,Lo Thi Luyen,,1974-02-02,vn,OPEN_SANCTIONS_PEP,
vn-na-7-2191,Tran Van Lam,,1970-01-27,vn,OPEN_SANCTIONS_PEP,
vn-na-7-4921,Nguyen Thi Ha,,1990-12-29,vn,OPEN_SANCTIONS_PEP,
vn-na-7-5584,Tran Van Tuan,,1970-06-03,vn,OPEN_SANCTIONS_PEP,
vn-na-7-5585,Nguyen Van Thi,,1968-04-11,vn,OPEN_SANCTIONS_PEP,
SYNTH-PEP-CUST-000040,Vu Hanh Khanh,,1967-05-15,jp,SYNTHETIC_CUSTOMER_INJECTION,CUST-000040
SYNTH-PEP-CUST-000071,Tran Hoa Phuong,,1991-08-11,us,SYNTHETIC_CUSTOMER_INJECTION,CUST-000071
SYNTH-PEP-CUST-000077,Pham Hung Xuan,,1972-04-20,kr,SYNTHETIC_CUSTOMER_INJECTION,CUST-000077
SYNTH-PEP-CUST-000083,Pham Giang Dung,,1957-12-03,vn,SYNTHETIC_CUSTOMER_INJECTION,CUST-000083
SYNTH-PEP-CUST-000105,Duong Van Hung,,1972-01-17,us,SYNTHETIC_CUSTOMER_INJECTION,CUST-000105
SYNTH-PEP-CUST-000150,Tran Hung Hanh,,1999-07-24,vn,SYNTHETIC_CUSTOMER_INJECTION,CUST-000150
SYNTH-PEP-CUST-000152,Vo Giang Uy,,1979-12-07,us,SYNTHETIC_CUSTOMER_INJECTION,CUST-000152
SYNTH-PEP-CUST-000188,Phan Thao Thao,,2002-08-18,vn,SYNTHETIC_CUSTOMER_INJECTION,CUST-000188
SYNTH-PEP-CUST-000194,Ly Cuong Phuong,,1993-10-23,kr,SYNTHETIC_CUSTOMER_INJECTION,CUST-000194
SYNTH-PEP-CUST-000247,Cao Phong Uy,,1991-02-11,sg,SYNTHETIC_CUSTOMER_INJECTION,CUST-000247
SYNTH-PEP-CUST-000254,Duong Bao Phong,,1960-04-11,vn,SYNTHETIC_CUSTOMER_INJECTION,CUST-000254
SYNTH-PEP-CUST-000256,Pham Hai Khanh,,1971-10-25,vn,SYNTHETIC_CUSTOMER_INJECTION,CUST-000256
SYNTH-PEP-CUST-000281,Do Viet Nga,,1999-03-12,vn,SYNTHETIC_CUSTOMER_INJECTION,CUST-000281
SYNTH-PEP-CUST-000301,Do Diep Chi,,1964-04-20,vn,SYNTHETIC_CUSTOMER_INJECTION,CUST-000301
SYNTH-PEP-CUST-000357,Huynh Giang Nhi,,1999-05-03,kr,SYNTHETIC_CUSTOMER_INJECTION,CUST-000357
SYNTH-PEP-CUST-000415,Doan Dung Hoa,,1994-09-16,vn,SYNTHETIC_CUSTOMER_INJECTION,CUST-000415
SYNTH-PEP-CUST-000421,Hoang Tuan Yen,,1950-07-04,jp,SYNTHETIC_CUSTOMER_INJECTION,CUST-000421
SYNTH-PEP-CUST-000430,Duong Dao Chi,,1956-03-09,kr,SYNTHETIC_CUSTOMER_INJECTION,CUST-000430
SYNTH-PEP-CUST-000441,Hoang Dao Chi,,1975-02-17,jp,SYNTHETIC_CUSTOMER_INJECTION,CUST-000441
SYNTH-PEP-CUST-000445,Doan Minh Linh,,1957-05-25,kr,SYNTHETIC_CUSTOMER_INJECTION,CUST-000445
SYNTH-PEP-CUST-000534,Vu Nam Dao,,1954-10-03,us,SYNTHETIC_CUSTOMER_INJECTION,CUST-000534
SYNTH-PEP-CUST-000542,Bui Hieu Van,,1995-01-18,us,SYNTHETIC_CUSTOMER_INJECTION,CUST-000542
SYNTH-PEP-CUST-000568,Doan Quang Yen,,1988-01-18,kr,SYNTHETIC_CUSTOMER_INJECTION,CUST-000568
SYNTH-PEP-CUST-000593,Cao Phuong Nhi,,1974-03-05,vn,SYNTHETIC_CUSTOMER_INJECTION,CUST-000593
SYNTH-PEP-CUST-000598,Nguyen Hieu Son,,1974-08-06,us,SYNTHETIC_CUSTOMER_INJECTION,CUST-000598
SYNTH-PEP-CUST-000609,Ngo Hoa Binh,,1958-09-08,kr,SYNTHETIC_CUSTOMER_INJECTION,CUST-000609
SYNTH-PEP-CUST-000637,Huynh Em Bao,,2002-10-02,vn,SYNTHETIC_CUSTOMER_INJECTION,CUST-000637
SYNTH-PEP-CUST-000658,Huynh Trang Nhi,,1987-07-01,sg,SYNTHETIC_CUSTOMER_INJECTION,CUST-000658
SYNTH-PEP-CUST-000672,Le Thao Nga,,1957-12-19,vn,SYNTHETIC_CUSTOMER_INJECTION,CUST-000672
SYNTH-PEP-CUST-000695,Le Kiet Hieu,,1988-01-26,jp,SYNTHETIC_CUSTOMER_INJECTION,CUST-000695
SYNTH-PEP-CUST-000713,Ngo Tuan Son,,1962-08-02,kr,SYNTHETIC_CUSTOMER_INJECTION,CUST-000713
SYNTH-PEP-CUST-000730,Vu My Quynh,,1996-02-17,vn,SYNTHETIC_CUSTOMER_INJECTION,CUST-000730
SYNTH-PEP-CUST-000754,Nguyen Son Giang,,1957-05-15,au,SYNTHETIC_CUSTOMER_INJECTION,CUST-000754
SYNTH-PEP-CUST-000756,Bui Hung Trang,,2003-11-09,vn,SYNTHETIC_CUSTOMER_INJECTION,CUST-000756
SYNTH-PEP-CUST-000759,Bui Khanh My,,1981-04-14,kr,SYNTHETIC_CUSTOMER_INJECTION,CUST-000759
SYNTH-PEP-CUST-000763,Do Phong Hieu,,1966-07-20,vn,SYNTHETIC_CUSTOMER_INJECTION,CUST-000763
SYNTH-PEP-CUST-000798,Pham My Hai,,2004-08-18,au,SYNTHETIC_CUSTOMER_INJECTION,CUST-000798
SYNTH-PEP-CUST-000806,Nguyen Phong Xuan,,1956-03-11,kr,SYNTHETIC_CUSTOMER_INJECTION,CUST-000806
SYNTH-PEP-CUST-000816,Vo Tuan Dung,,1955-01-05,us,SYNTHETIC_CUSTOMER_INJECTION,CUST-000816
SYNTH-PEP-CUST-000824,Ngo Quang Phuong,,1956-07-11,us,SYNTHETIC_CUSTOMER_INJECTION,CUST-000824
SYNTH-PEP-CUST-000839,Vo Nam Phuong,,1978-07-14,au,SYNTHETIC_CUSTOMER_INJECTION,CUST-000839
SYNTH-PEP-CUST-000840,Do Lan Xuan,,1995-10-12,au,SYNTHETIC_CUSTOMER_INJECTION,CUST-000840
SYNTH-PEP-CUST-000842,Tran Giang Quang,,1994-02-01,vn,SYNTHETIC_CUSTOMER_INJECTION,CUST-000842
SYNTH-PEP-CUST-000862,Ho Nhi Dao,,2004-01-17,vn,SYNTHETIC_CUSTOMER_INJECTION,CUST-000862
SYNTH-PEP-CUST-000883,Ho Chi Hanh,,1998-07-04,vn,SYNTHETIC_CUSTOMER_INJECTION,CUST-000883
SYNTH-PEP-CUST-000927,Do Giang Uy,,1998-10-02,sg,SYNTHETIC_CUSTOMER_INJECTION,CUST-000927
SYNTH-PEP-CUST-000974,Phan Tuan Binh,,1998-09-07,us,SYNTHETIC_CUSTOMER_INJECTION,CUST-000974
SYNTH-PEP-CUST-001045,Cao Oanh Uy,,1968-02-23,sg,SYNTHETIC_CUSTOMER_INJECTION,CUST-001045
SYNTH-PEP-CUST-001048,Le Phuong Dung,,1987-01-02,vn,SYNTHETIC_CUSTOMER_INJECTION,CUST-001048
SYNTH-PEP-CUST-001063,Ho An Hieu,,2003-01-14,vn,SYNTHETIC_CUSTOMER_INJECTION,CUST-001063
SYNTH-PEP-CUST-001077,Duong Nam Hanh,,2006-09-15,vn,SYNTHETIC_CUSTOMER_INJECTION,CUST-001077
SYNTH-PEP-CUST-001081,Vo Lan Em,,1994-10-25,vn,SYNTHETIC_CUSTOMER_INJECTION,CUST-001081
SYNTH-PEP-CUST-001089,Duong Quynh Lan,,1998-11-27,kr,SYNTHETIC_CUSTOMER_INJECTION,CUST-001089
SYNTH-PEP-CUST-001124,Duong Em Em,,1966-02-28,us,SYNTHETIC_CUSTOMER_INJECTION,CUST-001124
SYNTH-PEP-CUST-001139,Cao Son Trang,,1957-07-19,sg,SYNTHETIC_CUSTOMER_INJECTION,CUST-001139
SYNTH-PEP-CUST-001150,Mai Viet Quynh,,1995-12-13,jp,SYNTHETIC_CUSTOMER_INJECTION,CUST-001150
SYNTH-PEP-CUST-001156,Dang Van Hai,,1998-07-08,us,SYNTHETIC_CUSTOMER_INJECTION,CUST-001156
SYNTH-PEP-CUST-001184,Phan Quynh Em,,2003-02-01,sg,SYNTHETIC_CUSTOMER_INJECTION,CUST-001184
SYNTH-PEP-CUST-001192,Duong An Tam,,1960-04-13,sg,SYNTHETIC_CUSTOMER_INJECTION,CUST-001192
SYNTH-PEP-CUST-001206,Pham Hung Hanh,,2004-06-21,vn,SYNTHETIC_CUSTOMER_INJECTION,CUST-001206
SYNTH-PEP-CUST-001222,Dang Hoa Viet,,2000-03-16,vn,SYNTHETIC_CUSTOMER_INJECTION,CUST-001222
SYNTH-PEP-CUST-001297,Phan Diep Nam,,1959-04-01,kr,SYNTHETIC_CUSTOMER_INJECTION,CUST-001297
SYNTH-PEP-CUST-001316,Nguyen Dung Son,,1957-06-14,vn,SYNTHETIC_CUSTOMER_INJECTION,CUST-001316
SYNTH-PEP-CUST-001368,Bui Minh Xuan,,1956-07-11,au,SYNTHETIC_CUSTOMER_INJECTION,CUST-001368
SYNTH-PEP-CUST-001402,Huynh Binh Phong,,1975-07-12,us,SYNTHETIC_CUSTOMER_INJECTION,CUST-001402
SYNTH-PEP-CUST-001455,Duong Diep Hieu,,2002-09-01,vn,SYNTHETIC_CUSTOMER_INJECTION,CUST-001455
SYNTH-PEP-CUST-001457,Vu Cuong Trang,,1986-01-20,vn,SYNTHETIC_CUSTOMER_INJECTION,CUST-001457
SYNTH-PEP-CUST-001462,Cao Hanh Uy,,1995-09-01,sg,SYNTHETIC_CUSTOMER_INJECTION,CUST-001462
SYNTH-PEP-CUST-001467,Dang Phong Viet,,2004-05-15,vn,SYNTHETIC_CUSTOMER_INJECTION,CUST-001467
SYNTH-PEP-CUST-001493,Nguyen Yen Hanh,,1995-04-17,vn,SYNTHETIC_CUSTOMER_INJECTION,CUST-001493
SYNTH-PEP-CUST-001496,Ngo Uy Van,,1965-06-22,vn,SYNTHETIC_CUSTOMER_INJECTION,CUST-001496
SYNTH-PEP-CUST-001499,Dang Khoa Linh,,2002-11-01,us,SYNTHETIC_CUSTOMER_INJECTION,CUST-001499
SYNTH-PEP-CUST-001509,Vo Hieu Yen,,2001-02-20,au,SYNTHETIC_CUSTOMER_INJECTION,CUST-001509
SYNTH-PEP-CUST-001518,Dang Linh Quynh,,2003-02-25,vn,SYNTHETIC_CUSTOMER_INJECTION,CUST-001518
SYNTH-PEP-CUST-001535,Cao Chi Yen,,2004-09-06,kr,SYNTHETIC_CUSTOMER_INJECTION,CUST-001535
SYNTH-PEP-CUST-001569,Ho Nga Nga,,2003-04-26,kr,SYNTHETIC_CUSTOMER_INJECTION,CUST-001569
SYNTH-PEP-CUST-001590,Huynh Giang Phuong,,1966-11-08,vn,SYNTHETIC_CUSTOMER_INJECTION,CUST-001590
SYNTH-PEP-CUST-001606,Phan An Oanh,,1959-02-25,us,SYNTHETIC_CUSTOMER_INJECTION,CUST-001606
SYNTH-PEP-CUST-001610,Le Em Xuan,,1994-08-21,vn,SYNTHETIC_CUSTOMER_INJECTION,CUST-001610
SYNTH-PEP-CUST-001627,Ho Phong Trang,,1978-02-17,vn,SYNTHETIC_CUSTOMER_INJECTION,CUST-001627
SYNTH-PEP-CUST-001685,Phan Hanh Son,,1968-07-01,sg,SYNTHETIC_CUSTOMER_INJECTION,CUST-001685
SYNTH-PEP-CUST-001695,Tran An Em,,1959-04-23,vn,SYNTHETIC_CUSTOMER_INJECTION,CUST-001695
SYNTH-PEP-CUST-001720,Vu Viet Quang,,1962-08-13,vn,SYNTHETIC_CUSTOMER_INJECTION,CUST-001720
SYNTH-PEP-CUST-001729,Mai My Diep,,1958-03-07,us,SYNTHETIC_CUSTOMER_INJECTION,CUST-001729
SYNTH-PEP-CUST-001745,Dang My Quang,,1998-03-20,au,SYNTHETIC_CUSTOMER_INJECTION,CUST-001745
SYNTH-PEP-CUST-001775,Bui Lan Tuan,,1963-09-18,us,SYNTHETIC_CUSTOMER_INJECTION,CUST-001775
SYNTH-PEP-CUST-001809,Tran Oanh Van,,1969-09-28,jp,SYNTHETIC_CUSTOMER_INJECTION,CUST-001809
SYNTH-PEP-CUST-001815,Do Son Viet,,1950-03-24,jp,SYNTHETIC_CUSTOMER_INJECTION,CUST-001815
SYNTH-PEP-CUST-001820,Tran Van Oanh,,2002-12-17,us,SYNTHETIC_CUSTOMER_INJECTION,CUST-001820
SYNTH-PEP-CUST-001836,Do Minh Trang,,2001-09-27,au,SYNTHETIC_CUSTOMER_INJECTION,CUST-001836
SYNTH-PEP-CUST-001840,Ngo Lan Nam,,1983-12-25,jp,SYNTHETIC_CUSTOMER_INJECTION,CUST-001840
SYNTH-PEP-CUST-001874,Pham Dao Bao,,1999-06-04,vn,SYNTHETIC_CUSTOMER_INJECTION,CUST-001874
SYNTH-PEP-CUST-001879,Nguyen Tuan Giang,,2001-05-03,vn,SYNTHETIC_CUSTOMER_INJECTION,CUST-001879
SYNTH-PEP-CUST-001884,Do Phuong Tuan,,1981-01-18,vn,SYNTHETIC_CUSTOMER_INJECTION,CUST-001884
SYNTH-PEP-CUST-001932,Nguyen Binh Dung,,2003-05-03,sg,SYNTHETIC_CUSTOMER_INJECTION,CUST-001932
SYNTH-PEP-CUST-001941,Do My Quynh,,1970-04-05,kr,SYNTHETIC_CUSTOMER_INJECTION,CUST-001941
SYNTH-PEP-CUST-001946,Dang Phong Lan,,1982-09-10,us,SYNTHETIC_CUSTOMER_INJECTION,CUST-001946
SYNTH-PEP-CUST-001947,Huynh Em Nhi,,1982-06-20,au,SYNTHETIC_CUSTOMER_INJECTION,CUST-001947
SYNTH-PEP-CUST-001963,Pham Uy Diep,,1962-06-21,us,SYNTHETIC_CUSTOMER_INJECTION,CUST-001963
SYNTH-PEP-CUST-001978,Nguyen Dung My,,1973-06-06,sg,SYNTHETIC_CUSTOMER_INJECTION,CUST-001978
